I0,I1,I2,I3,I4,I5,I6
0.000000,-3.754235,1.304728,-0.004935,0.000000,0.000000,0.000000
0.000000,-3.754270,1.304728,-0.004935,0.000000,0.000000,0.000000
0.000000,-3.754270,1.304728,-0.004935,0.000000,0.000000,0.000000
0.000000,-3.754270,1.304728,-0.004935,0.000000,0.000000,0.000000
0.000000,-3.754270,1.304728,-0.004935,0.000000,0.000000,0.000000
0.000000,-3.754298,1.304728,-0.004935,0.000000,0.000000,0.000000
0.000000,-3.754298,1.304728,-0.004935,0.000000,0.000000,0.000000
0.000000,-3.754298,1.304728,-0.004935,0.000000,0.000000,0.000000
0.000000,-3.754322,1.304728,-0.004935,0.000000,0.000000,0.000000
0.000000,-3.754322,1.304728,-0.004935,0.000000,0.000000,0.000000
0.000000,-3.754322,1.304728,-0.004935,0.000000,0.000000,0.000000
0.000000,-3.754346,1.304728,-0.004935,0.000000,0.000000,0.000000
0.000000,-3.754346,1.304728,-0.004935,0.000000,0.000000,0.000000
0.000000,-3.754346,1.304728,-0.004935,0.000000,0.000000,0.000000
0.000000,-3.754346,1.304728,-0.004935,0.000000,0.000000,0.000000
0.000000,-3.754339,1.304728,-0.004935,0.000000,0.000000,0.000000
0.000000,-3.754339,1.304728,-0.004935,0.000000,0.000000,0.000000
0.000000,-3.754339,1.304728,-0.004935,0.000000,0.000000,0.000000
0.000000,-3.754313,1.304728,-0.004935,0.000000,0.000000,0.000000
0.000000,-3.754313,1.304728,-0.004935,0.000000,0.000000,0.000000
0.000000,-3.754313,1.304728,-0.004935,0.000000,0.000000,0.000000
0.000000,-3.754271,1.304728,-0.004935,0.000000,0.000000,0.000000
0.000000,-3.754271,1.304728,-0.004935,0.000000,0.000000,0.000000
0.000000,-3.754271,1.304728,-0.004935,0.000000,0.000000,0.000000
0.000000,-3.754271,1.304728,-0.004935,0.000000,0.000000,0.000000
0.000000,-3.754243,1.304728,-0.004935,0.000000,0.000000,0.000000
0.000000,-3.754243,1.304728,-0.004935,0.000000,0.000000,0.000000
0.000000,-3.754243,1.304728,-0.004935,0.000000,0.000000,0.000000
0.000000,-3.754204,1.304728,-0.004935,0.000000,0.000000,0.000000
0.000000,-3.754204,1.304728,-0.004935,0.000000,0.000000,0.000000
0.000000,-3.754204,1.304728,-0.004935,0.000000,0.000000,0.000000
0.000000,-3.754142,1.304728,-0.004935,0.000000,0.000000,0.000000
0.000000,-3.754142,1.304728,-0.004935,0.000000,0.000000,0.000000
0.000000,-3.754142,1.304728,-0.004935,0.000000,0.000000,0.000000
0.000000,-3.754142,1.304728,-0.004935,0.000000,0.000000,0.000000
0.000000,-3.754125,1.304728,-0.004935,0.000000,0.000000,0.000000
0.000000,-3.754125,1.304728,-0.004935,0.000000,0.000000,0.000000
0.000000,-3.754125,1.304728,-0.004935,0.000000,0.000000,0.000000
0.000000,-3.754114,1.304728,-0.004935,0.000000,0.000000,0.000000
0.000000,-3.754114,1.304728,-0.004935,0.000000,0.000000,0.000000
0.000000,-3.754114,1.304728,-0.004935,0.000000,0.000000,0.000000
0.000000,-3.754137,1.304728,-0.004935,0.000000,0.000000,0.000000
0.000000,-3.754137,1.304728,-0.004935,0.000000,0.000000,0.000000
0.000000,-3.754137,1.304728,-0.004935,0.000000,0.000000,0.000000
0.000000,-3.754137,1.304728,-0.004935,0.000000,0.000000,0.000000
0.000000,-3.754202,1.304728,-0.004935,0.000000,0.000000,0.000000
0.000000,-3.754202,1.304728,-0.004935,0.000000,0.000000,0.000000
0.000000,-3.754202,1.304728,-0.004935,0.000000,0.000000,0.000000
0.000000,-3.754243,1.304728,-0.004935,0.000000,0.000000,0.000000
0.000000,-3.754243,1.304728,-0.004935,0.000000,0.000000,0.000000
0.000000,-3.754243,1.304728,-0.004935,0.000000,0.000000,0.000000
0.000000,-3.754281,1.304728,-0.004935,0.000000,0.000000,0.000000
0.000000,-3.754281,1.304728,-0.004935,0.000000,0.000000,0.000000
0.000000,-3.754281,1.304728,-0.004935,0.000000,0.000000,0.000000
0.000000,-3.754281,1.304728,-0.004935,0.000000,0.000000,0.000000
0.000000,-3.754328,1.304728,-0.004935,0.000000,0.000000,0.000000
0.000000,-3.754328,1.304728,-0.004935,0.000000,0.000000,0.000000
0.000000,-3.754328,1.304728,-0.004935,0.000000,0.000000,0.000000
0.000000,-3.754397,1.304728,-0.004935,0.000000,0.000000,0.000000
0.000000,-3.754397,1.304728,-0.004935,0.000000,0.000000,0.000000
0.000000,-3.754397,1.304728,-0.004935,0.000000,0.000000,0.000000
0.000000,-3.754480,1.304728,-0.004935,0.000000,0.000000,0.000000
0.000000,-3.754480,1.304728,-0.004935,0.000000,0.000000,0.000000
0.000000,-3.754480,1.304728,-0.004935,0.000000,0.000000,0.000000
0.000000,-3.754480,1.304728,-0.004935,0.000000,0.000000,0.000000
0.000000,-3.754546,1.304728,-0.004935,0.000000,0.000000,0.000000
0.000000,-3.754546,1.304728,-0.004935,0.000000,0.000000,0.000000
0.000000,-3.754546,1.304728,-0.004935,0.000000,0.000000,0.000000
0.000000,-3.754595,1.304728,-0.004935,0.000000,0.000000,0.000000
0.000000,-3.754595,1.304728,-0.004935,0.000000,0.000000,0.000000
0.000000,-3.754595,1.304728,-0.004935,0.000000,0.000000,0.000000
0.000000,-3.754645,1.304728,-0.004935,0.000000,0.000000,0.000000
0.000000,-3.754645,1.304728,-0.004935,0.000000,0.000000,0.000000
0.000000,-3.754645,1.304728,-0.004935,0.000000,0.000000,0.000000
0.000000,-3.754645,1.304728,-0.004935,0.000000,0.000000,0.000000
0.000000,-3.754712,1.304728,-0.004935,0.000000,0.000000,0.000000
0.000000,-3.754712,1.304728,-0.004935,0.000000,0.000000,0.000000
0.000000,-3.754712,1.304728,-0.004935,0.000000,0.000000,0.000000
0.000000,-3.754747,1.304728,-0.004935,0.000000,0.000000,0.000000
0.000000,-3.754747,1.304728,-0.004935,0.000000,0.000000,0.000000
0.000000,-3.754747,1.304728,-0.004935,0.000000,0.000000,0.000000
0.000000,-3.754784,1.304728,-0.004935,0.000000,0.000000,0.000000
0.000000,-3.754784,1.304728,-0.004935,0.000000,0.000000,0.000000
0.000000,-3.754784,1.304728,-0.004935,0.000000,0.000000,0.000000
0.000000,-3.754784,1.304728,-0.004935,0.000000,0.000000,0.000000
0.000000,-3.754803,1.304728,-0.004935,0.000000,0.000000,0.000000
0.000000,-3.754803,1.304728,-0.004935,0.000000,0.000000,0.000000
0.000000,-3.754803,1.304728,-0.004935,0.000000,0.000000,0.000000
0.000000,-3.754802,1.304728,-0.004935,0.000000,0.000000,0.000000
0.000000,-3.754802,1.304728,-0.004935,0.000000,0.000000,0.000000
0.000000,-3.754802,1.304728,-0.004935,0.000000,0.000000,0.000000
0.000000,-3.754780,1.304728,-0.004935,0.000000,0.000000,0.000000
0.000000,-3.754780,1.304728,-0.004935,0.000000,0.000000,0.000000
0.000000,-3.754780,1.304728,-0.004935,0.000000,0.000000,0.000000
0.000000,-3.754780,1.304728,-0.004935,0.000000,0.000000,0.000000
0.000000,-3.754754,1.304728,-0.004935,0.000000,0.000000,0.000000
0.000000,-3.754754,1.304728,-0.004935,0.000000,0.000000,0.000000
0.000000,-3.754754,1.304728,-0.004935,0.000000,0.000000,0.000000
0.000000,-3.754752,1.304728,-0.004935,0.000000,0.000000,0.000000
0.000000,-3.754752,1.304728,-0.004935,0.000000,0.000000,0.000000
0.000000,-3.754752,1.304728,-0.004935,0.000000,0.000000,0.000000
0.000000,-3.754768,1.304728,-0.004935,0.000000,0.000000,0.000000
0.000000,-3.754768,1.304728,-0.004935,0.000000,0.000000,0.000000
0.000000,-3.754768,1.304728,-0.004935,0.000000,0.000000,0.000000
0.000000,-3.754768,1.304728,-0.004935,0.000000,0.000000,0.000000
0.000000,-3.754765,1.304728,-0.004935,0.000000,0.000000,0.000000
0.000000,-3.754765,1.304728,-0.004935,0.000000,0.000000,0.000000
0.000000,-3.754765,1.304728,-0.004935,0.000000,0.000000,0.000000
0.000000,-3.754773,1.304728,-0.004935,0.000000,0.000000,0.000000
0.000000,-3.754773,1.304728,-0.004935,0.000000,0.000000,0.000000
0.000000,-3.754773,1.304728,-0.004935,0.000000,0.000000,0.000000
0.000000,-3.754758,1.304728,-0.004935,0.000000,0.000000,0.000000
0.000000,-3.754758,1.304728,-0.004935,0.000000,0.000000,0.000000
0.000000,-3.754758,1.304728,-0.004935,0.000000,0.000000,0.000000
0.000000,-3.754758,1.304728,-0.004935,0.000000,0.000000,0.000000
0.000000,-3.754728,1.304728,-0.004935,0.000000,0.000000,0.000000
0.000000,-3.754728,1.304728,-0.004935,0.000000,0.000000,0.000000
0.000000,-3.754728,1.304728,-0.004935,0.000000,0.000000,0.000000
0.000000,-3.754663,1.304728,-0.004935,0.000000,0.000000,0.000000
0.000000,-3.754663,1.304728,-0.004935,0.000000,0.000000,0.000000
0.000000,-3.754663,1.304728,-0.004935,0.000000,0.000000,0.000000
0.000000,-3.754748,1.304728,-0.004935,0.000000,0.000000,0.000000
0.000000,-3.754748,1.304728,-0.004935,0.000000,0.000000,0.000000
0.000000,-3.754748,1.304728,-0.004935,0.000000,0.000000,0.000000
0.000000,-3.754748,1.304728,-0.004935,0.000000,0.000000,0.000000
0.000000,-3.754705,1.304728,-0.004935,0.000000,0.000000,0.000000
0.000000,-3.754705,1.304728,-0.004935,0.000000,0.000000,0.000000
0.000000,-3.754705,1.304728,-0.004935,0.000000,0.000000,0.000000
0.000000,-3.754658,1.304728,-0.004935,0.000000,0.000000,0.000000
0.000000,-3.754658,1.304728,-0.004935,0.000000,0.000000,0.000000
0.000000,-3.754658,1.304728,-0.004935,0.000000,0.000000,0.000000
0.000000,-3.754625,1.304728,-0.004935,0.000000,0.000000,0.000000
0.000000,-3.754625,1.304728,-0.004935,0.000000,0.000000,0.000000
0.000000,-3.754625,1.304728,-0.004935,0.000000,0.000000,0.000000
0.000000,-3.754625,1.304728,-0.004935,0.000000,0.000000,0.000000
0.000000,-3.754572,1.304728,-0.004935,0.000000,0.000000,0.000000
0.000000,-3.754572,1.304728,-0.004935,0.000000,0.000000,0.000000
0.000000,-3.754572,1.304728,-0.004935,0.000000,0.000000,0.000000
0.000000,-3.754523,1.304728,-0.004935,0.000000,0.000000,0.000000
0.000000,-3.754523,1.304728,-0.004935,0.000000,0.000000,0.000000
0.000000,-3.754523,1.304728,-0.004935,0.000000,0.000000,0.000000
0.000000,-3.754486,1.304728,-0.004935,0.000000,0.000000,0.000000
0.000000,-3.754486,1.304728,-0.004935,0.000000,0.000000,0.000000
0.000000,-3.754486,1.304728,-0.004935,0.000000,0.000000,0.000000
0.000000,-3.754486,1.304728,-0.004935,0.000000,0.000000,0.000000
0.000000,-3.754488,1.304728,-0.004935,0.000000,0.000000,0.000000
0.000000,-3.754488,1.304728,-0.004935,0.000000,0.000000,0.000000
0.000000,-3.754488,1.304728,-0.004935,0.000000,0.000000,0.000000
0.000000,-3.754493,1.304728,-0.004935,0.000000,0.000000,0.000000
0.000000,-3.754493,1.304728,-0.004935,0.000000,0.000000,0.000000
0.000000,-3.754493,1.304728,-0.004935,0.000000,0.000000,0.000000
0.000000,-3.754504,1.304728,-0.004935,0.000000,0.000000,0.000000
0.000000,-3.754504,1.304728,-0.004935,0.000000,0.000000,0.000000
0.000000,-3.754504,1.304728,-0.004935,0.000000,0.000000,0.000000
0.000000,-3.754504,1.304728,-0.004935,0.000000,0.000000,0.000000
0.000000,-3.754478,1.304728,-0.004935,0.000000,0.000000,0.000000
0.000000,-3.754478,1.304728,-0.004935,0.000000,0.000000,0.000000
0.000000,-3.754478,1.304728,-0.004935,0.000000,0.000000,0.000000
0.000000,-3.754441,1.304728,-0.004935,0.000000,0.000000,0.000000
0.000000,-3.754441,1.304728,-0.004935,0.000000,0.000000,0.000000
0.000000,-3.754441,1.304728,-0.004935,0.000000,0.000000,0.000000
0.000000,-3.754414,1.304728,-0.004935,0.000000,0.000000,0.000000
0.000000,-3.754414,1.304728,-0.004935,0.000000,0.000000,0.000000
0.000000,-3.754414,1.304728,-0.004935,0.000000,0.000000,0.000000
0.000000,-3.754414,1.304728,-0.004935,0.000000,0.000000,0.000000
0.000000,-3.754364,1.304728,-0.004935,0.000000,0.000000,0.000000
0.000000,-3.754364,1.304728,-0.004935,0.000000,0.000000,0.000000
0.000000,-3.754364,1.304728,-0.004935,0.000000,0.000000,0.000000
0.000000,-3.754325,1.304728,-0.004935,0.000000,0.000000,0.000000
0.000000,-3.754325,1.304728,-0.004935,0.000000,0.000000,0.000000
0.000000,-3.754325,1.304728,-0.004935,0.000000,0.000000,0.000000
0.000000,-3.754265,1.304728,-0.004935,0.000000,0.000000,0.000000
0.000000,-3.754265,1.304728,-0.004935,0.000000,0.000000,0.000000
0.000000,-3.754265,1.304728,-0.004935,0.000000,0.000000,0.000000
0.000000,-3.754265,1.304728,-0.004935,0.000000,0.000000,0.000000
0.000000,-3.754245,1.304728,-0.004935,0.000000,0.000000,0.000000
0.000000,-3.754245,1.304728,-0.004935,0.000000,0.000000,0.000000
0.000000,-3.754245,1.304728,-0.004935,0.000000,0.000000,0.000000
0.000000,-3.754262,1.304728,-0.004935,0.000000,0.000000,0.000000
0.000000,-3.754262,1.304728,-0.004935,0.000000,0.000000,0.000000
0.000000,-3.754262,1.304728,-0.004935,0.000000,0.000000,0.000000
0.000000,-3.754254,1.304728,-0.004935,0.000000,0.000000,0.000000
0.000000,-3.754254,1.304728,-0.004935,0.000000,0.000000,0.000000
0.000000,-3.754254,1.304728,-0.004935,0.000000,0.000000,0.000000
0.000000,-3.754254,1.304728,-0.004935,0.000000,0.000000,0.000000
0.000000,-3.754291,1.304728,-0.004935,0.000000,0.000000,0.000000
0.000000,-3.754291,1.304728,-0.004935,0.000000,0.000000,0.000000
0.000000,-3.754291,1.304728,-0.004935,0.000000,0.000000,0.000000
0.000000,-3.754337,1.304728,-0.004935,0.000000,0.000000,0.000000
0.000000,-3.754337,1.304728,-0.004935,0.000000,0.000000,0.000000
0.000000,-3.754337,1.304728,-0.004935,0.000000,0.000000,0.000000
0.000000,-3.754389,1.304728,-0.004935,0.000000,0.000000,0.000000
0.000000,-3.754389,1.304728,-0.004935,0.000000,0.000000,0.000000
0.000000,-3.754389,1.304728,-0.004935,0.000000,0.000000,0.000000
0.000000,-3.754389,1.304728,-0.004935,0.000000,0.000000,0.000000
0.000000,-3.754430,1.304728,-0.004935,0.000000,0.000000,0.000000
0.000000,-3.754430,1.304728,-0.004935,0.000000,0.000000,0.000000
0.000000,-3.754430,1.304728,-0.004935,0.000000,0.000000,0.000000
0.000000,-3.754461,1.304728,-0.004935,0.000000,0.000000,0.000000
0.000000,-3.754461,1.304728,-0.004935,0.000000,0.000000,0.000000
0.000000,-3.754461,1.304728,-0.004935,0.000000,0.000000,0.000000
0.000000,-3.754438,1.304728,-0.004935,0.000000,0.000000,0.000000
0.000000,-3.754438,1.304728,-0.004935,0.000000,0.000000,0.000000
0.000000,-3.754438,1.304728,-0.004935,0.000000,0.000000,0.000000
0.000000,-3.754438,1.304728,-0.004935,0.000000,0.000000,0.000000
0.000000,-3.754437,1.304728,-0.004935,0.000000,0.000000,0.000000
0.000000,-3.754437,1.304728,-0.004935,0.000000,0.000000,0.000000
0.000000,-3.754437,1.304728,-0.004935,0.000000,0.000000,0.000000
0.000000,-3.754412,1.304728,-0.004935,0.000000,0.000000,0.000000
0.000000,-3.754412,1.304728,-0.004935,0.000000,0.000000,0.000000
0.000000,-3.754412,1.304728,-0.004935,0.000000,0.000000,0.000000
0.000000,-3.754391,1.304728,-0.004935,0.000000,0.000000,0.000000
0.000000,-3.754391,1.304728,-0.004935,0.000000,0.000000,0.000000
0.000000,-3.754391,1.304728,-0.004935,0.000000,0.000000,0.000000
0.000000,-3.754391,1.304728,-0.004935,0.000000,0.000000,0.000000
0.000000,-3.754371,1.304728,-0.004935,0.000000,0.000000,0.000000
0.000000,-3.754371,1.304728,-0.004935,0.000000,0.000000,0.000000
0.000000,-3.754371,1.304728,-0.004935,0.000000,0.000000,0.000000
0.000000,-3.754365,1.304728,-0.004935,0.000000,0.000000,0.000000
0.000000,-3.754365,1.304728,-0.004935,0.000000,0.000000,0.000000
0.000000,-3.754365,1.304728,-0.004935,0.000000,0.000000,0.000000
0.000000,-3.754389,1.304728,-0.004935,0.000000,0.000000,0.000000
0.000000,-3.754389,1.304728,-0.004935,0.000000,0.000000,0.000000
0.000000,-3.754389,1.304728,-0.004935,0.000000,0.000000,0.000000
0.000000,-3.754389,1.304728,-0.004935,0.000000,0.000000,0.000000
0.000000,-3.754447,1.304728,-0.004935,0.000000,0.000000,0.000000
0.000000,-3.754447,1.304728,-0.004935,0.000000,0.000000,0.000000
0.000000,-3.754447,1.304728,-0.004935,0.000000,0.000000,0.000000
0.000000,-3.754529,1.304728,-0.004935,0.000000,0.000000,0.000000
0.000000,-3.754529,1.304728,-0.004935,0.000000,0.000000,0.000000
0.000000,-3.754529,1.304728,-0.004935,0.000000,0.000000,0.000000
0.000000,-3.754579,1.304728,-0.004935,0.000000,0.000000,0.000000
0.000000,-3.754579,1.304728,-0.004935,0.000000,0.000000,0.000000
0.000000,-3.754579,1.304728,-0.004935,0.000000,0.000000,0.000000
0.000000,-3.754579,1.304728,-0.004935,0.000000,0.000000,0.000000
0.000000,-3.754626,1.304728,-0.004935,0.000000,0.000000,0.000000
0.000000,-3.754626,1.304728,-0.004935,0.000000,0.000000,0.000000
0.000000,-3.754626,1.304728,-0.004935,0.000000,0.000000,0.000000
0.000000,-3.754657,1.304728,-0.004935,0.000000,0.000000,0.000000
0.000000,-3.754657,1.304728,-0.004935,0.000000,0.000000,0.000000
0.000000,-3.754657,1.304728,-0.004935,0.000000,0.000000,0.000000
0.000000,-3.754665,1.304728,-0.004935,0.000000,0.000000,0.000000
0.000000,-3.754665,1.304728,-0.004935,0.000000,0.000000,0.000000
0.000000,-3.754665,1.304728,-0.004935,0.000000,0.000000,0.000000
0.000000,-3.754665,1.304728,-0.004935,0.000000,0.000000,0.000000
0.000000,-3.754652,1.304728,-0.004935,0.000000,0.000000,0.000000
0.000000,-3.754652,1.304728,-0.004935,0.000000,0.000000,0.000000
0.000000,-3.754652,1.304728,-0.004935,0.000000,0.000000,0.000000
0.000000,-3.754620,1.304728,-0.004935,0.000000,0.000000,0.000000
0.000000,-3.754620,1.304728,-0.004935,0.000000,0.000000,0.000000
0.000000,-3.754620,1.304728,-0.004935,0.000000,0.000000,0.000000
0.000000,-3.754598,1.304728,-0.004935,0.000000,0.000000,0.000000
0.000000,-3.754598,1.304728,-0.004935,0.000000,0.000000,0.000000
0.000000,-3.754598,1.304728,-0.004935,0.000000,0.000000,0.000000
0.000000,-3.754598,1.304728,-0.004935,0.000000,0.000000,0.000000
0.000000,-3.754613,1.304728,-0.004935,0.000000,0.000000,0.000000
0.000000,-3.754613,1.304728,-0.004935,0.000000,0.000000,0.000000
0.000000,-3.754613,1.304728,-0.004935,0.000000,0.000000,0.000000
0.000000,-3.754646,1.304728,-0.004935,0.000000,0.000000,0.000000
0.000000,-3.754646,1.304728,-0.004935,0.000000,0.000000,0.000000
0.000000,-3.754646,1.304728,-0.004935,0.000000,0.000000,0.000000
0.000000,-3.754672,1.304728,-0.004935,0.000000,0.000000,0.000000
0.000000,-3.754672,1.304728,-0.004935,0.000000,0.000000,0.000000
0.000000,-3.754672,1.304728,-0.004935,0.000000,0.000000,0.000000
0.000000,-3.754672,1.304728,-0.004935,0.000000,0.000000,0.000000
0.000000,-3.754704,1.304728,-0.004935,0.000000,0.000000,0.000000
0.000000,-3.754704,1.304728,-0.004935,0.000000,0.000000,0.000000
0.000000,-3.754704,1.304728,-0.004935,0.000000,0.000000,0.000000
0.000000,-3.754745,1.304728,-0.004935,0.000000,0.000000,0.000000
0.000000,-3.754745,1.304728,-0.004935,0.000000,0.000000,0.000000
0.000000,-3.754745,1.304728,-0.004935,0.000000,0.000000,0.000000
0.000000,-3.754782,1.304728,-0.004935,0.000000,0.000000,0.000000
0.000000,-3.754782,1.304728,-0.004935,0.000000,0.000000,0.000000
0.000000,-3.754782,1.304728,-0.004935,0.000000,0.000000,0.000000
0.000000,-3.754782,1.304728,-0.004935,0.000000,0.000000,0.000000
0.000000,-3.754788,1.304728,-0.004935,0.000000,0.000000,0.000000
0.000000,-3.754788,1.304728,-0.004935,0.000000,0.000000,0.000000
0.000000,-3.754788,1.304728,-0.004935,0.000000,0.000000,0.000000
0.000000,-3.754789,1.304728,-0.004935,0.000000,0.000000,0.000000
0.000000,-3.754789,1.304728,-0.004935,0.000000,0.000000,0.000000
0.000000,-3.754789,1.304728,-0.004935,0.000000,0.000000,0.000000
0.000000,-3.754804,1.304728,-0.004935,0.000000,0.000000,0.000000
0.000000,-3.754804,1.304728,-0.004935,0.000000,0.000000,0.000000
0.000000,-3.754804,1.304728,-0.004935,0.000000,0.000000,0.000000
0.000000,-3.754804,1.304728,-0.004935,0.000000,0.000000,0.000000
0.000000,-3.754844,1.304728,-0.004935,0.000000,0.000000,0.000000
0.000000,-3.754844,1.304728,-0.004935,0.000000,0.000000,0.000000
0.000000,-3.754844,1.304728,-0.004935,0.000000,0.000000,0.000000
0.000000,-3.754884,1.304728,-0.004935,0.000000,0.000000,0.000000
0.000000,-3.754884,1.304728,-0.004935,0.000000,0.000000,0.000000
0.000000,-3.754884,1.304728,-0.004935,0.000000,0.000000,0.000000
0.000000,-3.754925,1.304728,-0.004935,0.000000,0.000000,0.000000
0.000000,-3.754925,1.304728,-0.004935,0.000000,0.000000,0.000000
0.000000,-3.754925,1.304728,-0.004935,0.000000,0.000000,0.000000
0.000000,-3.754925,1.304728,-0.004935,0.000000,0.000000,0.000000
0.000000,-3.754947,1.304728,-0.004935,0.000000,0.000000,0.000000
0.000000,-3.754947,1.304728,-0.004935,0.000000,0.000000,0.000000
0.000000,-3.754947,1.304728,-0.004935,0.000000,0.000000,0.000000
0.000000,-3.754949,1.304728,-0.004935,0.000000,0.000000,0.000000
0.000000,-3.754949,1.304728,-0.004935,0.000000,0.000000,0.000000
0.000000,-3.754949,1.304728,-0.004935,0.000000,0.000000,0.000000
0.000000,-3.754938,1.304728,-0.004935,0.000000,0.000000,0.000000
0.000000,-3.754938,1.304728,-0.004935,0.000000,0.000000,0.000000
0.000000,-3.754938,1.304728,-0.004935,0.000000,0.000000,0.000000
0.000000,-3.754938,1.304728,-0.004935,0.000000,0.000000,0.000000
0.000000,-3.754907,1.304728,-0.004935,0.000000,0.000000,0.000000
0.000000,-3.754907,1.304728,-0.004935,0.000000,0.000000,0.000000
0.000000,-3.754907,1.304728,-0.004935,0.000000,0.000000,0.000000
0.000000,-3.754880,1.304728,-0.004935,0.000000,0.000000,0.000000
0.000000,-3.754880,1.304728,-0.004935,0.000000,0.000000,0.000000
0.000000,-3.754880,1.304728,-0.004935,0.000000,0.000000,0.000000
0.000000,-3.754839,1.304728,-0.004935,0.000000,0.000000,0.000000
0.000000,-3.754839,1.304728,-0.004935,0.000000,0.000000,0.000000
0.000000,-3.754839,1.304728,-0.004935,0.000000,0.000000,0.000000
0.000000,-3.754839,1.304728,-0.004935,0.000000,0.000000,0.000000
0.000000,-3.754786,1.304728,-0.004935,0.000000,0.000000,0.000000
0.000000,-3.754786,1.304728,-0.004935,0.000000,0.000000,0.000000
0.000000,-3.754786,1.304728,-0.004935,0.000000,0.000000,0.000000
0.000000,-3.754731,1.304728,-0.004935,0.000000,0.000000,0.000000
0.000000,-3.754731,1.304728,-0.004935,0.000000,0.000000,0.000000
0.000000,-3.754731,1.304728,-0.004935,0.000000,0.000000,0.000000
0.000000,-3.754716,1.304728,-0.004935,0.000000,0.000000,0.000000
0.000000,-3.754716,1.304728,-0.004935,0.000000,0.000000,0.000000
0.000000,-3.754716,1.304728,-0.004935,0.000000,0.000000,0.000000
0.000000,-3.754716,1.304728,-0.004935,0.000000,0.000000,0.000000
0.000000,-3.754695,1.304728,-0.004935,0.000000,0.000000,0.000000
0.000000,-3.754695,1.304728,-0.004935,0.000000,0.000000,0.000000
0.000000,-3.754695,1.304728,-0.004935,0.000000,0.000000,0.000000
0.000000,-3.754680,1.304728,-0.004935,0.000000,0.000000,0.000000
0.000000,-3.754680,1.304728,-0.004935,0.000000,0.000000,0.000000
0.000000,-3.754680,1.304728,-0.004935,0.000000,0.000000,0.000000
0.000000,-3.754695,1.304728,-0.004935,0.000000,0.000000,0.000000
0.000000,-3.754695,1.304728,-0.004935,0.000000,0.000000,0.000000
0.000000,-3.754695,1.304728,-0.004935,0.000000,0.000000,0.000000
0.000000,-3.754695,1.304728,-0.004935,0.000000,0.000000,0.000000
0.000000,-3.754711,1.304728,-0.004935,0.000000,0.000000,0.000000
0.000000,-3.754711,1.304728,-0.004935,0.000000,0.000000,0.000000
0.000000,-3.754711,1.304728,-0.004935,0.000000,0.000000,0.000000
0.000000,-3.754738,1.304728,-0.004935,0.000000,0.000000,0.000000
0.000000,-3.754738,1.304728,-0.004935,0.000000,0.000000,0.000000
0.000000,-3.754738,1.304728,-0.004935,0.000000,0.000000,0.000000
0.000000,-3.754763,1.304728,-0.004935,0.000000,0.000000,0.000000
0.000000,-3.754763,1.304728,-0.004935,0.000000,0.000000,0.000000
0.000000,-3.754763,1.304728,-0.004935,0.000000,0.000000,0.000000
0.000000,-3.754763,1.304728,-0.004935,0.000000,0.000000,0.000000
0.000000,-3.754781,1.304728,-0.004935,0.000000,0.000000,0.000000
0.000000,-3.754781,1.304728,-0.004935,0.000000,0.000000,0.000000
0.000000,-3.754781,1.304728,-0.004935,0.000000,0.000000,0.000000
0.000000,-3.754839,1.304728,-0.004935,0.000000,0.000000,0.000000
0.000000,-3.754839,1.304728,-0.004935,0.000000,0.000000,0.000000
0.000000,-3.754839,1.304728,-0.004935,0.000000,0.000000,0.000000
0.000000,-3.754894,1.304728,-0.004935,0.000000,0.000000,0.000000
0.000000,-3.754894,1.304728,-0.004935,0.000000,0.000000,0.000000
0.000000,-3.754894,1.304728,-0.004935,0.000000,0.000000,0.000000
0.000000,-3.754894,1.304728,-0.004935,0.000000,0.000000,0.000000
0.000000,-3.754931,1.304728,-0.004935,0.000000,0.000000,0.000000
0.000000,-3.754931,1.304728,-0.004935,0.000000,0.000000,0.000000
0.000000,-3.754931,1.304728,-0.004935,0.000000,0.000000,0.000000
0.000000,-3.754971,1.304728,-0.004935,0.000000,0.000000,0.000000
0.000000,-3.754971,1.304728,-0.004935,0.000000,0.000000,0.000000
0.000000,-3.754971,1.304728,-0.004935,0.000000,0.000000,0.000000
0.000000,-3.754997,1.304728,-0.004935,0.000000,0.000000,0.000000
0.000000,-3.754997,1.304728,-0.004935,0.000000,0.000000,0.000000
0.000000,-3.754997,1.304728,-0.004935,0.000000,0.000000,0.000000
0.000000,-3.754997,1.304728,-0.004935,0.000000,0.000000,0.000000
0.000000,-3.755023,1.304728,-0.004935,0.000000,0.000000,0.000000
0.000000,-3.755023,1.304728,-0.004935,0.000000,0.000000,0.000000
0.000000,-3.755023,1.304728,-0.004935,0.000000,0.000000,0.000000
0.000000,-3.755057,1.304728,-0.004935,0.000000,0.000000,0.000000
0.000000,-3.755057,1.304728,-0.004935,0.000000,0.000000,0.000000
0.000000,-3.755057,1.304728,-0.004935,0.000000,0.000000,0.000000
0.000000,-3.755072,1.304728,-0.004935,0.000000,0.000000,0.000000
0.000000,-3.755072,1.304728,-0.004935,0.000000,0.000000,0.000000
0.000000,-3.755072,1.304728,-0.004935,0.000000,0.000000,0.000000
0.000000,-3.755072,1.304728,-0.004935,0.000000,0.000000,0.000000
0.000000,-3.755040,1.304728,-0.004935,0.000000,0.000000,0.000000
0.000000,-3.755040,1.304728,-0.004935,0.000000,0.000000,0.000000
0.000000,-3.755040,1.304728,-0.004935,0.000000,0.000000,0.000000
0.000000,-3.755028,1.304728,-0.004935,0.000000,0.000000,0.000000
0.000000,-3.755028,1.304728,-0.004935,0.000000,0.000000,0.000000
0.000000,-3.755028,1.304728,-0.004935,0.000000,0.000000,0.000000
0.000000,-3.755036,1.304728,-0.004935,0.000000,0.000000,0.000000
0.000000,-3.755036,1.304728,-0.004935,0.000000,0.000000,0.000000
0.000000,-3.755036,1.304728,-0.004935,0.000000,0.000000,0.000000
0.000000,-3.755036,1.304728,-0.004935,0.000000,0.000000,0.000000
0.000000,-3.755055,1.304728,-0.004935,0.000000,0.000000,0.000000
0.000000,-3.755055,1.304728,-0.004935,0.000000,0.000000,0.000000
0.000000,-3.755055,1.304728,-0.004935,0.000000,0.000000,0.000000
0.000000,-3.755055,1.304728,-0.004935,0.000000,0.000000,0.000000
0.000000,-3.755055,1.304728,-0.004935,0.000000,0.000000,0.000000
0.000000,-3.755055,1.304728,-0.004935,0.000000,0.000000,0.000000
0.000000,-3.755064,1.304728,-0.004935,0.000000,0.000000,0.000000
0.000000,-3.755064,1.304728,-0.004935,0.000000,0.000000,0.000000
0.000000,-3.755064,1.304728,-0.004935,0.000000,0.000000,0.000000
0.000000,-3.755064,1.304728,-0.004935,0.000000,0.000000,0.000000
0.000000,-3.755082,1.304728,-0.004935,0.000000,0.000000,0.000000
0.000000,-3.755082,1.304728,-0.004935,0.000000,0.000000,0.000000
0.000000,-3.755082,1.304728,-0.004935,0.000000,0.000000,0.000000
0.000000,-3.755092,1.304728,-0.004935,0.000000,0.000000,0.000000
0.000000,-3.755092,1.304728,-0.004935,0.000000,0.000000,0.000000
0.000000,-3.755092,1.304728,-0.004935,0.000000,0.000000,0.000000
0.000000,-3.755117,1.304728,-0.004935,0.000000,0.000000,0.000000
0.000000,-3.755117,1.304728,-0.004935,0.000000,0.000000,0.000000
0.000000,-3.755117,1.304728,-0.004935,0.000000,0.000000,0.000000
0.000000,-3.755117,1.304728,-0.004935,0.000000,0.000000,0.000000
0.000000,-3.755145,1.304728,-0.004935,0.000000,0.000000,0.000000
0.000000,-3.755145,1.304728,-0.004935,0.000000,0.000000,0.000000
0.000000,-3.755145,1.304728,-0.004935,0.000000,0.000000,0.000000
0.000000,-3.755183,1.304728,-0.004935,0.000000,0.000000,0.000000
0.000000,-3.755183,1.304728,-0.004935,0.000000,0.000000,0.000000
0.000000,-3.755183,1.304728,-0.004935,0.000000,0.000000,0.000000
0.000000,-3.755230,1.304728,-0.004935,0.000000,0.000000,0.000000
0.000000,-3.755230,1.304728,-0.004935,0.000000,0.000000,0.000000
0.000000,-3.755230,1.304728,-0.004935,0.000000,0.000000,0.000000
0.000000,-3.755230,1.304728,-0.004935,0.000000,0.000000,0.000000
0.000000,-3.755303,1.304728,-0.004935,0.000000,0.000000,0.000000
0.000000,-3.755303,1.304728,-0.004935,0.000000,0.000000,0.000000
0.000000,-3.755303,1.304728,-0.004935,0.000000,0.000000,0.000000
0.000000,-3.755358,1.304728,-0.004935,0.000000,0.000000,0.000000
0.000000,-3.755358,1.304728,-0.004935,0.000000,0.000000,0.000000
0.000000,-3.755358,1.304728,-0.004935,0.000000,0.000000,0.000000
0.000000,-3.755406,1.304728,-0.004935,0.000000,0.000000,0.000000
0.000000,-3.755406,1.304728,-0.004935,0.000000,0.000000,0.000000
0.000000,-3.755406,1.304728,-0.004935,0.000000,0.000000,0.000000
0.000000,-3.755406,1.304728,-0.004935,0.000000,0.000000,0.000000
0.000000,-3.755435,1.304728,-0.004935,0.000000,0.000000,0.000000
0.000000,-3.755435,1.304728,-0.004935,0.000000,0.000000,0.000000
0.000000,-3.755435,1.304728,-0.004935,0.000000,0.000000,0.000000
0.000000,-3.755451,1.304728,-0.004935,0.000000,0.000000,0.000000
0.000000,-3.755451,1.304728,-0.004935,0.000000,0.000000,0.000000
0.000000,-3.755451,1.304728,-0.004935,0.000000,0.000000,0.000000
0.000000,-3.755455,1.304728,-0.004935,0.000000,0.000000,0.000000
0.000000,-3.755455,1.304728,-0.004935,0.000000,0.000000,0.000000
0.000000,-3.755455,1.304728,-0.004935,0.000000,0.000000,0.000000
0.000000,-3.755455,1.304728,-0.004935,0.000000,0.000000,0.000000
0.000000,-3.755453,1.304728,-0.004935,0.000000,0.000000,0.000000
0.000000,-3.755453,1.304728,-0.004935,0.000000,0.000000,0.000000
0.000000,-3.755453,1.304728,-0.004935,0.000000,0.000000,0.000000
0.000000,-3.755436,1.304728,-0.004935,0.000000,0.000000,0.000000
0.000000,-3.755436,1.304728,-0.004935,0.000000,0.000000,0.000000
0.000000,-3.755436,1.304728,-0.004935,0.000000,0.000000,0.000000
0.000000,-3.755428,1.304728,-0.004935,0.000000,0.000000,0.000000
0.000000,-3.755428,1.304728,-0.004935,0.000000,0.000000,0.000000
0.000000,-3.755428,1.304728,-0.004935,0.000000,0.000000,0.000000
0.000000,-3.755428,1.304728,-0.004935,0.000000,0.000000,0.000000
0.000000,-3.755414,1.304728,-0.004935,0.000000,0.000000,0.000000
0.000000,-3.755414,1.304728,-0.004935,0.000000,0.000000,0.000000
0.000000,-3.755414,1.304728,-0.004935,0.000000,0.000000,0.000000
0.000000,-3.755399,1.304728,-0.004935,0.000000,0.000000,0.000000
0.000000,-3.755399,1.304728,-0.004935,0.000000,0.000000,0.000000
0.000000,-3.755399,1.304728,-0.004935,0.000000,0.000000,0.000000
0.000000,-3.755371,1.304728,-0.004935,0.000000,0.000000,0.000000
0.000000,-3.755371,1.304728,-0.004935,0.000000,0.000000,0.000000
0.000000,-3.755371,1.304728,-0.004935,0.000000,0.000000,0.000000
0.000000,-3.755371,1.304728,-0.004935,0.000000,0.000000,0.000000
0.000000,-3.755314,1.304728,-0.004935,0.000000,0.000000,0.000000
0.000000,-3.755314,1.304728,-0.004935,0.000000,0.000000,0.000000
0.000000,-3.755314,1.304728,-0.004935,0.000000,0.000000,0.000000
0.000000,-3.755276,1.304728,-0.004935,0.000000,0.000000,0.000000
0.000000,-3.755276,1.304728,-0.004935,0.000000,0.000000,0.000000
0.000000,-3.755276,1.304728,-0.004935,0.000000,0.000000,0.000000
0.000000,-3.755259,1.304728,-0.004935,0.000000,0.000000,0.000000
0.000000,-3.755259,1.304728,-0.004935,0.000000,0.000000,0.000000
0.000000,-3.755259,1.304728,-0.004935,0.000000,0.000000,0.000000
0.000000,-3.755259,1.304728,-0.004935,0.000000,0.000000,0.000000
0.000000,-3.755257,1.304728,-0.004935,0.000000,0.000000,0.000000
0.000000,-3.755257,1.304728,-0.004935,0.000000,0.000000,0.000000
0.000000,-3.755257,1.304728,-0.004935,0.000000,0.000000,0.000000
0.000000,-3.755254,1.304728,-0.004935,0.000000,0.000000,0.000000
0.000000,-3.755254,1.304728,-0.004935,0.000000,0.000000,0.000000
0.000000,-3.755254,1.304728,-0.004935,0.000000,0.000000,0.000000
0.000000,-3.755302,1.304728,-0.004935,0.000000,0.000000,0.000000
0.000000,-3.755302,1.304728,-0.004935,0.000000,0.000000,0.000000
0.000000,-3.755302,1.304728,-0.004935,0.000000,0.000000,0.000000
0.000000,-3.755302,1.304728,-0.004935,0.000000,0.000000,0.000000
0.000000,-3.755338,1.304728,-0.004935,0.000000,0.000000,0.000000
0.000000,-3.755338,1.304728,-0.004935,0.000000,0.000000,0.000000
0.000000,-3.755338,1.304728,-0.004935,0.000000,0.000000,0.000000
0.000000,-3.755369,1.304728,-0.004935,0.000000,0.000000,0.000000
0.000000,-3.755369,1.304728,-0.004935,0.000000,0.000000,0.000000
0.000000,-3.755369,1.304728,-0.004935,0.000000,0.000000,0.000000
0.000000,-3.755369,1.304728,-0.004935,0.000000,0.000000,0.000000
0.000000,-3.755369,1.304728,-0.004935,0.000000,0.000000,0.000000
0.000000,-3.755369,1.304728,-0.004935,0.000000,0.000000,0.000000
0.000000,-3.755369,1.304728,-0.004935,0.000000,0.000000,0.000000
0.000000,-3.755399,1.304728,-0.004935,0.000000,0.000000,0.000000
0.000000,-3.755399,1.304728,-0.004935,0.000000,0.000000,0.000000
0.000000,-3.755399,1.304728,-0.004935,0.000000,0.000000,0.000000
0.000000,-3.755446,1.304728,-0.004935,0.000000,0.000000,0.000000
0.000000,-3.755446,1.304728,-0.004935,0.000000,0.000000,0.000000
0.000000,-3.755446,1.304728,-0.004935,0.000000,0.000000,0.000000
0.000000,-3.755468,1.304728,-0.004935,0.000000,0.000000,0.000000
0.000000,-3.755468,1.304728,-0.004935,0.000000,0.000000,0.000000
0.000000,-3.755468,1.304728,-0.004935,0.000000,0.000000,0.000000
0.000000,-3.755468,1.304728,-0.004935,0.000000,0.000000,0.000000
0.000000,-3.755480,1.304728,-0.004935,0.000000,0.000000,0.000000
0.000000,-3.755480,1.304728,-0.004935,0.000000,0.000000,0.000000
0.000000,-3.755480,1.304728,-0.004935,0.000000,0.000000,0.000000
0.000000,-3.755488,1.304728,-0.004935,0.000000,0.000000,0.000000
0.000000,-3.755488,1.304728,-0.004935,0.000000,0.000000,0.000000
0.000000,-3.755488,1.304728,-0.004935,0.000000,0.000000,0.000000
0.000000,-3.755496,1.304728,-0.004935,0.000000,0.000000,0.000000
0.000000,-3.755496,1.304728,-0.004935,0.000000,0.000000,0.000000
0.000000,-3.755496,1.304728,-0.004935,0.000000,0.000000,0.000000
0.000000,-3.755496,1.304728,-0.004935,0.000000,0.000000,0.000000
0.000000,-3.755507,1.304728,-0.004935,0.000000,0.000000,0.000000
0.000000,-3.755507,1.304728,-0.004935,0.000000,0.000000,0.000000
0.000000,-3.755507,1.304728,-0.004935,0.000000,0.000000,0.000000
0.000000,-3.755500,1.304728,-0.004935,0.000000,0.000000,0.000000
0.000000,-3.755500,1.304728,-0.004935,0.000000,0.000000,0.000000
0.000000,-3.755500,1.304728,-0.004935,0.000000,0.000000,0.000000
0.000000,-3.755464,1.304728,-0.004935,0.000000,0.000000,0.000000
0.000000,-3.755464,1.304728,-0.004935,0.000000,0.000000,0.000000
0.000000,-3.755464,1.304728,-0.004935,0.000000,0.000000,0.000000
0.000000,-3.755464,1.304728,-0.004935,0.000000,0.000000,0.000000
0.000000,-3.755423,1.304728,-0.004935,0.000000,0.000000,0.000000
0.000000,-3.755423,1.304728,-0.004935,0.000000,0.000000,0.000000
0.000000,-3.755423,1.304728,-0.004935,0.000000,0.000000,0.000000
0.000000,-3.755387,1.304728,-0.004935,0.000000,0.000000,0.000000
0.000000,-3.755387,1.304728,-0.004935,0.000000,0.000000,0.000000
0.000000,-3.755387,1.304728,-0.004935,0.000000,0.000000,0.000000
0.000000,-3.755378,1.304728,-0.004935,0.000000,0.000000,0.000000
0.000000,-3.755378,1.304728,-0.004935,0.000000,0.000000,0.000000
0.000000,-3.755378,1.304728,-0.004935,0.000000,0.000000,0.000000
0.000000,-3.755378,1.304728,-0.004935,0.000000,0.000000,0.000000
0.000000,-3.755394,1.304728,-0.004935,0.000000,0.000000,0.000000
0.000000,-3.755394,1.304728,-0.004935,0.000000,0.000000,0.000000
0.000000,-3.755394,1.304728,-0.004935,0.000000,0.000000,0.000000
0.000000,-3.755413,1.304728,-0.004935,0.000000,0.000000,0.000000
0.000000,-3.755413,1.304728,-0.004935,0.000000,0.000000,0.000000
0.000000,-3.755413,1.304728,-0.004935,0.000000,0.000000,0.000000
0.000000,-3.755429,1.304728,-0.004935,0.000000,0.000000,0.000000
0.000000,-3.755429,1.304728,-0.004935,0.000000,0.000000,0.000000
0.000000,-3.755429,1.304728,-0.004935,0.000000,0.000000,0.000000
0.000000,-3.755429,1.304728,-0.004935,0.000000,0.000000,0.000000
0.000000,-3.755419,1.304728,-0.004935,0.000000,0.000000,0.000000
0.000000,-3.755419,1.304728,-0.004935,0.000000,0.000000,0.000000
0.000000,-3.755419,1.304728,-0.004935,0.000000,0.000000,0.000000
0.000000,-3.755394,1.304728,-0.004935,0.000000,0.000000,0.000000
0.000000,-3.755394,1.304728,-0.004935,0.000000,0.000000,0.000000
0.000000,-3.755394,1.304728,-0.004935,0.000000,0.000000,0.000000
0.000000,-3.755342,1.304728,-0.004935,0.000000,0.000000,0.000000
0.000000,-3.755342,1.304728,-0.004935,0.000000,0.000000,0.000000
0.000000,-3.755342,1.304728,-0.004935,0.000000,0.000000,0.000000
0.000000,-3.755342,1.304728,-0.004935,0.000000,0.000000,0.000000
0.000000,-3.755294,1.304728,-0.004935,0.000000,0.000000,0.000000
0.000000,-3.755294,1.304728,-0.004935,0.000000,0.000000,0.000000
0.000000,-3.755294,1.304728,-0.004935,0.000000,0.000000,0.000000
0.000000,-3.755267,1.304728,-0.004935,0.000000,0.000000,0.000000
0.000000,-3.755267,1.304728,-0.004935,0.000000,0.000000,0.000000
0.000000,-3.755267,1.304728,-0.004935,0.000000,0.000000,0.000000
0.000000,-3.755256,1.304728,-0.004935,0.000000,0.000000,0.000000
0.000000,-3.755256,1.304728,-0.004935,0.000000,0.000000,0.000000
0.000000,-3.755256,1.304728,-0.004935,0.000000,0.000000,0.000000
0.000000,-3.755256,1.304728,-0.004935,0.000000,0.000000,0.000000
0.000000,-3.755219,1.304728,-0.004935,0.000000,0.000000,0.000000
0.000000,-3.755219,1.304728,-0.004935,0.000000,0.000000,0.000000
0.000000,-3.755219,1.304728,-0.004935,0.000000,0.000000,0.000000
0.000000,-3.755214,1.304728,-0.004935,0.000000,0.000000,0.000000
0.000000,-3.755214,1.304728,-0.004935,0.000000,0.000000,0.000000
0.000000,-3.755214,1.304728,-0.004935,0.000000,0.000000,0.000000
0.000000,-3.755206,1.304728,-0.004935,0.000000,0.000000,0.000000
0.000000,-3.755206,1.304728,-0.004935,0.000000,0.000000,0.000000
0.000000,-3.755206,1.304728,-0.004935,0.000000,0.000000,0.000000
0.000000,-3.755206,1.304728,-0.004935,0.000000,0.000000,0.000000
0.000000,-3.755225,1.304728,-0.004935,0.000000,0.000000,0.000000
0.000000,-3.755225,1.304728,-0.004935,0.000000,0.000000,0.000000
0.000000,-3.755225,1.304728,-0.004935,0.000000,0.000000,0.000000
0.000000,-3.755238,1.304728,-0.004935,0.000000,0.000000,0.000000
0.000000,-3.755238,1.304728,-0.004935,0.000000,0.000000,0.000000
0.000000,-3.755238,1.304728,-0.004935,0.000000,0.000000,0.000000
0.000000,-3.755259,1.304728,-0.004935,0.000000,0.000000,0.000000
0.000000,-3.755259,1.304728,-0.004935,0.000000,0.000000,0.000000
0.000000,-3.755259,1.304728,-0.004935,0.000000,0.000000,0.000000
0.000000,-3.755259,1.304728,-0.004935,0.000000,0.000000,0.000000
0.000000,-3.755304,1.304728,-0.004935,0.000000,0.000000,0.000000
0.000000,-3.755304,1.304728,-0.004935,0.000000,0.000000,0.000000
0.000000,-3.755304,1.304728,-0.004935,0.000000,0.000000,0.000000
0.000000,-3.755358,1.304728,-0.004935,0.000000,0.000000,0.000000
0.000000,-3.755358,1.304728,-0.004935,0.000000,0.000000,0.000000
0.000000,-3.755358,1.304728,-0.004935,0.000000,0.000000,0.000000
0.000000,-3.755459,1.304728,-0.004935,0.000000,0.000000,0.000000
0.000000,-3.755459,1.304728,-0.004935,0.000000,0.000000,0.000000
0.000000,-3.755459,1.304728,-0.004935,0.000000,0.000000,0.000000
0.000000,-3.755459,1.304728,-0.004935,0.000000,0.000000,0.000000
0.000000,-3.755571,1.304728,-0.004935,0.000000,0.000000,0.000000
0.000000,-3.755571,1.304728,-0.004935,0.000000,0.000000,0.000000
0.000000,-3.755571,1.304728,-0.004935,0.000000,0.000000,0.000000
0.000000,-3.755681,1.304728,-0.004935,0.000000,0.000000,0.000000
0.000000,-3.755681,1.304728,-0.004935,0.000000,0.000000,0.000000
0.000000,-3.755681,1.304728,-0.004935,0.000000,0.000000,0.000000
0.000000,-3.755779,1.304728,-0.004935,0.000000,0.000000,0.000000
0.000000,-3.755779,1.304728,-0.004935,0.000000,0.000000,0.000000
0.000000,-3.755779,1.304728,-0.004935,0.000000,0.000000,0.000000
0.000000,-3.755779,1.304728,-0.004935,0.000000,0.000000,0.000000
0.000000,-3.755827,1.304728,-0.004935,0.000000,0.000000,0.000000
0.000000,-3.755827,1.304728,-0.004935,0.000000,0.000000,0.000000
0.000000,-3.755827,1.304728,-0.004935,0.000000,0.000000,0.000000
0.000000,-3.755838,1.304728,-0.004935,0.000000,0.000000,0.000000
0.000000,-3.755838,1.304728,-0.004935,0.000000,0.000000,0.000000
0.000000,-3.755838,1.304728,-0.004935,0.000000,0.000000,0.000000
0.000000,-3.755820,1.304728,-0.004935,0.000000,0.000000,0.000000
0.000000,-3.755820,1.304728,-0.004935,0.000000,0.000000,0.000000
0.000000,-3.755820,1.304728,-0.004935,0.000000,0.000000,0.000000
0.000000,-3.755820,1.304728,-0.004935,0.000000,0.000000,0.000000
0.000000,-3.755764,1.304728,-0.004935,0.000000,0.000000,0.000000
0.000000,-3.755764,1.304728,-0.004935,0.000000,0.000000,0.000000
0.000000,-3.755764,1.304728,-0.004935,0.000000,0.000000,0.000000
0.000000,-3.755635,1.304728,-0.004935,0.000000,0.000000,0.000000
0.000000,-3.755635,1.304728,-0.004935,0.000000,0.000000,0.000000
0.000000,-3.755635,1.304728,-0.004935,0.000000,0.000000,0.000000
0.000000,-3.755454,1.304728,-0.004935,0.000000,0.000000,0.000000
0.000000,-3.755454,1.304728,-0.004935,0.000000,0.000000,0.000000
0.000000,-3.755454,1.304728,-0.004935,0.000000,0.000000,0.000000
0.000000,-3.755454,1.304728,-0.004935,0.000000,0.000000,0.000000
0.000000,-3.755237,1.304728,-0.004935,0.000000,0.000000,0.000000
0.000000,-3.755237,1.304728,-0.004935,0.000000,0.000000,0.000000
0.000000,-3.755237,1.304728,-0.004935,0.000000,0.000000,0.000000
0.000000,-3.755021,1.304728,-0.004935,0.000000,0.000000,0.000000
0.000000,-3.755021,1.304728,-0.004935,0.000000,0.000000,0.000000
0.000000,-3.755021,1.304728,-0.004935,0.000000,0.000000,0.000000
0.000000,-3.754821,1.304728,-0.004935,0.000000,0.000000,0.000000
0.000000,-3.754821,1.304728,-0.004935,0.000000,0.000000,0.000000
0.000000,-3.754821,1.304728,-0.004935,0.000000,0.000000,0.000000
0.000000,-3.754821,1.304728,-0.004935,0.000000,0.000000,0.000000
0.000000,-3.754672,1.304728,-0.004935,0.000000,0.000000,0.000000
0.000000,-3.754672,1.304728,-0.004935,0.000000,0.000000,0.000000
0.000000,-3.754672,1.304728,-0.004935,0.000000,0.000000,0.000000
0.000000,-3.754623,1.304728,-0.004935,0.000000,0.000000,0.000000
0.000000,-3.754623,1.304728,-0.004935,0.000000,0.000000,0.000000
0.000000,-3.754623,1.304728,-0.004935,0.000000,0.000000,0.000000
0.000000,-3.754675,1.304728,-0.004935,0.000000,0.000000,0.000000
0.000000,-3.754675,1.304728,-0.004935,0.000000,0.000000,0.000000
0.000000,-3.754729,1.304728,-0.004935,0.000000,0.000000,0.000000
0.000000,-3.754729,1.304728,-0.004935,0.000000,0.000000,0.000000
0.000000,-3.755171,1.304728,-0.004935,0.000000,0.000000,0.000000
0.000000,-3.755069,1.304728,-0.004935,0.000000,0.000000,0.000000
0.000000,-3.755069,1.304728,-0.004935,0.000000,0.000000,0.000000
0.000000,-3.754674,1.304728,-0.004935,0.000000,0.000000,0.000000
0.000000,-3.754674,1.304728,-0.004935,0.000000,0.000000,0.000000
0.000000,-3.754144,1.304728,-0.004935,0.000000,0.000000,0.000000
0.000000,-3.754049,1.304728,-0.004935,0.000000,0.000000,0.000000
0.000000,-3.754049,1.304728,-0.004935,0.000000,0.000000,0.000000
0.000000,-3.754282,1.304728,-0.004935,0.000000,0.000000,0.000000
0.000000,-3.754282,1.304728,-0.004935,0.000000,0.000000,0.000000
0.000000,-3.754361,1.304728,-0.004935,0.000000,0.000000,0.000000
0.000000,-3.754322,1.304728,-0.004935,0.000000,0.000000,0.000000
0.000000,-3.754322,1.304728,-0.004935,0.000000,0.000000,0.000000
0.000000,-3.754255,1.304728,-0.004935,0.000000,0.000000,0.000000
0.000000,-3.754255,1.304728,-0.004935,0.000000,0.000000,0.000000
0.000000,-3.753731,1.304728,-0.004935,0.000000,0.000000,0.000000
0.000000,-3.753257,1.304728,-0.004935,0.000000,0.000000,0.000000
0.000000,-3.753257,1.304728,-0.004935,0.000000,0.000000,0.000000
0.000000,-3.752732,1.304728,-0.004935,0.000000,0.000000,0.000000
0.000000,-3.752732,1.304728,-0.004935,0.000000,0.000000,0.000000
0.000000,-3.752434,1.304728,-0.004935,0.000000,0.000000,0.000000
0.000000,-3.752517,1.304728,-0.004935,0.000000,0.000000,0.000000
0.000000,-3.752517,1.304728,-0.004935,0.000000,0.000000,0.000000
0.000000,-3.752122,1.304728,-0.004935,0.000000,0.000000,0.000000
0.000000,-3.752122,1.304728,-0.004935,0.000000,0.000000,0.000000
0.000000,-3.751506,1.304728,-0.004935,0.000000,0.000000,0.000000
0.000000,-3.750842,1.304728,-0.004935,0.000000,0.000000,0.000000
0.000000,-3.750842,1.304728,-0.004935,0.000000,0.000000,0.000000
0.000000,-3.750410,1.304728,-0.004935,0.000000,0.000000,0.000000
0.000000,-3.750410,1.304728,-0.004935,0.000000,0.000000,0.000000
0.000000,-3.749212,1.304728,-0.004935,0.000000,0.000000,0.000000
0.000000,-3.748415,1.304728,-0.004935,0.000000,0.000000,0.000000
0.000000,-3.748415,1.304728,-0.004935,0.000000,0.000000,0.000000
0.000000,-3.747376,1.304728,-0.004935,0.000000,0.000000,0.000000
0.000000,-3.747376,1.304728,-0.004935,0.000000,0.000000,0.000000
0.000000,-3.746793,1.304728,-0.004935,0.000000,0.000000,0.000000
0.000000,-3.745814,1.304728,-0.004935,0.000000,0.000000,0.000000
0.000000,-3.745814,1.304728,-0.004935,0.000000,0.000000,0.000000
0.000000,-3.745475,1.304728,-0.004935,0.000000,0.000000,0.000000
0.000000,-3.745475,1.304728,-0.004935,0.000000,0.000000,0.000000
0.000000,-3.745156,1.304728,-0.004935,0.000000,0.000000,0.000000
0.000000,-3.745456,1.304728,-0.004935,0.000000,0.000000,0.000000
0.000000,-3.745456,1.304728,-0.004935,0.000000,0.000000,0.000000
0.000000,-3.745679,1.304728,-0.004935,0.000000,0.000000,0.000000
0.000000,-3.745679,1.304728,-0.004935,0.000000,0.000000,0.000000
0.000000,-3.745887,1.304728,-0.004935,0.000000,0.000000,0.000000
0.000000,-3.746142,1.304728,-0.004935,0.000000,0.000000,0.000000
0.000000,-3.746142,1.304728,-0.004935,0.000000,0.000000,0.000000
0.000000,-3.746500,1.304728,-0.004935,0.000000,0.000000,0.000000
0.000000,-3.746500,1.304728,-0.004935,0.000000,0.000000,0.000000
0.000000,-3.746824,1.304728,-0.004935,0.000000,0.000000,0.000000
0.000000,-3.747210,1.304728,-0.004935,0.000000,0.000000,0.000000
0.000000,-3.747210,1.304728,-0.004935,0.000000,0.000000,0.000000
0.000000,-3.747464,1.304728,-0.004935,0.000000,0.000000,0.000000
0.000000,-3.747464,1.304728,-0.004935,0.000000,0.000000,0.000000
0.000000,-3.747027,1.304728,-0.004935,0.000000,0.000000,0.000000
0.000000,-3.746154,1.304728,-0.004935,0.000000,0.000000,0.000000
0.000000,-3.746154,1.304728,-0.004935,0.000000,0.000000,0.000000
0.000000,-3.745840,1.304728,-0.004935,0.000000,0.000000,0.000000
0.000000,-3.745840,1.304728,-0.004935,0.000000,0.000000,0.000000
0.000000,-3.745840,1.304728,-0.004935,0.000000,0.000000,0.000000
0.000000,-3.745709,1.304728,-0.004935,0.000000,0.000000,0.000000
0.000000,-3.745709,1.304728,-0.004935,0.000000,0.000000,0.000000
0.000000,-3.745218,1.304728,-0.004935,0.000000,0.000000,0.000000
0.000000,-3.745218,1.304728,-0.004935,0.000000,0.000000,0.000000
0.000000,-3.744844,1.304728,-0.004935,0.000000,0.000000,0.000000
0.000000,-3.745204,1.304728,-0.004935,0.000000,0.000000,0.000000
0.000000,-3.745204,1.304728,-0.004935,0.000000,0.000000,0.000000
0.000000,-3.745589,1.304728,-0.004935,0.000000,0.000000,0.000000
0.000000,-3.745589,1.304728,-0.004935,0.000000,0.000000,0.000000
0.000000,-3.746427,1.304728,-0.004935,0.000000,0.000000,0.000000
0.000000,-3.746567,1.304728,-0.004935,0.000000,0.000000,0.000000
0.000000,-3.746567,1.304728,-0.004935,0.000000,0.000000,0.000000
0.000000,-3.746742,1.304728,-0.004935,0.000000,0.000000,0.000000
0.000000,-3.746742,1.304728,-0.004935,0.000000,0.000000,0.000000
0.000000,-3.746609,1.304728,-0.004935,0.000000,0.000000,0.000000
0.000000,-3.747479,1.304728,-0.004935,0.000000,0.000000,0.000000
0.000000,-3.747479,1.304728,-0.004935,0.000000,0.000000,0.000000
0.000000,-3.747500,1.304728,-0.004935,0.000000,0.000000,0.000000
0.000000,-3.747500,1.304728,-0.004935,0.000000,0.000000,0.000000
0.000000,-3.747570,1.304728,-0.004935,0.000000,0.000000,0.000000
0.000000,-3.747314,1.304728,-0.004935,0.000000,0.000000,0.000000
0.000000,-3.747314,1.304728,-0.004935,0.000000,0.000000,0.000000
0.000000,-3.747382,1.304728,-0.004935,0.000000,0.000000,0.000000
0.000000,-3.747382,1.304728,-0.004935,0.000000,0.000000,0.000000
0.000000,-3.747369,1.304728,-0.004935,0.000000,0.000000,0.000000
0.000000,-3.748482,1.304728,-0.004935,0.000000,0.000000,0.000000
0.000000,-3.748482,1.304728,-0.004935,0.000000,0.000000,0.000000
0.000000,-3.748771,1.304728,-0.004935,0.000000,0.000000,0.000000
0.000000,-3.748771,1.304728,-0.004935,0.000000,0.000000,0.000000
0.000000,-3.749405,1.304728,-0.004935,0.000000,0.000000,0.000000
0.000000,-3.749938,1.304728,-0.004935,0.000000,0.000000,0.000000
0.000000,-3.749938,1.304728,-0.004935,0.000000,0.000000,0.000000
0.000000,-3.751169,1.304728,-0.004935,0.000000,0.000000,0.000000
0.000000,-3.751169,1.304728,-0.004935,0.000000,0.000000,0.000000
0.000000,-3.751760,1.304728,-0.004935,0.000000,0.000000,0.000000
0.000000,-3.752863,1.304728,-0.004935,0.000000,0.000000,0.000000
0.000000,-3.752863,1.304728,-0.004935,0.000000,0.000000,0.000000
0.000000,-3.752997,1.304728,-0.004935,0.000000,0.000000,0.000000
0.000000,-3.752997,1.304728,-0.004935,0.000000,0.000000,0.000000
0.000000,-3.753857,1.304728,-0.004935,0.000000,0.000000,0.000000
0.000000,-3.754751,1.304728,-0.004935,0.000000,0.000000,0.000000
0.000000,-3.754751,1.304728,-0.004935,0.000000,0.000000,0.000000
0.000000,-3.756793,1.304728,-0.004935,0.000000,0.000000,0.000000
0.000000,-3.756793,1.304728,-0.004935,0.000000,0.000000,0.000000
0.000000,-3.757690,1.304728,-0.004935,0.000000,0.000000,0.000000
0.000000,-3.759052,1.304728,-0.004935,0.000000,0.000000,0.000000
0.000000,-3.759052,1.304728,-0.004935,0.000000,0.000000,0.000000
0.000000,-3.759767,1.304728,-0.004935,0.000000,0.000000,0.000000
0.000000,-3.759767,1.304728,-0.004935,0.000000,0.000000,0.000000
0.000000,-3.760363,1.304728,-0.004935,0.000000,0.000000,0.000000
0.000000,-3.759923,1.304728,-0.004935,0.000000,0.000000,0.000000
0.000000,-3.759923,1.304728,-0.004935,0.000000,0.000000,0.000000
0.000000,-3.757921,1.304728,-0.004935,0.000000,0.000000,0.000000
0.000000,-3.757921,1.304728,-0.004935,0.000000,0.000000,0.000000
0.000000,-3.755781,1.304728,-0.004935,0.000000,0.000000,0.000000
0.000000,-3.751760,1.304728,-0.004935,0.000000,0.000000,0.000000
0.000000,-3.751760,1.304728,-0.004935,0.000000,0.000000,0.000000
0.000000,-3.748681,1.304728,-0.004935,0.000000,0.000000,0.000000
0.000000,-3.748681,1.304728,-0.004935,0.000000,0.000000,0.000000
0.000000,-3.744044,1.304728,-0.004935,0.000000,0.000000,0.000000
0.000000,-3.741519,1.304728,-0.004935,0.000000,0.000000,0.000000
0.000000,-3.741519,1.304728,-0.004935,0.000000,0.000000,0.000000
0.000000,-3.738672,1.304728,-0.004935,0.000000,0.000000,0.000000
0.000000,-3.738672,1.304728,-0.004935,0.000000,0.000000,0.000000
0.000000,-3.738309,1.304728,-0.004935,0.000000,0.000000,0.000000
0.000000,-3.738585,1.304728,-0.004935,0.000000,0.000000,0.000000
0.000000,-3.738585,1.304728,-0.004935,0.000000,0.000000,0.000000
0.000000,-3.740445,1.304728,-0.004935,0.000000,0.000000,0.000000
0.000000,-3.740445,1.304728,-0.004935,0.000000,0.000000,0.000000
0.000000,-3.743947,1.304728,-0.004935,0.000000,0.000000,0.000000
0.000000,-3.747329,1.304728,-0.004935,0.000000,0.000000,0.000000
0.000000,-3.747329,1.304728,-0.004935,0.000000,0.000000,0.000000
0.000000,-3.751706,1.304728,-0.004935,0.000000,0.000000,0.000000
0.000000,-3.751706,1.304728,-0.004935,0.000000,0.000000,0.000000
0.000000,-3.754723,1.304728,-0.004935,0.000000,0.000000,0.000000
0.000000,-3.757975,1.304728,-0.004935,0.000000,0.000000,0.000000
0.000000,-3.757975,1.304728,-0.004935,0.000000,0.000000,0.000000
0.000000,-3.759620,1.304728,-0.004935,0.000000,0.000000,0.000000
0.000000,-3.759620,1.304728,-0.004935,0.000000,0.000000,0.000000
0.000000,-3.760405,1.304728,-0.004935,0.000000,0.000000,0.000000
0.000000,-3.760251,1.304728,-0.004935,0.000000,0.000000,0.000000
0.000000,-3.760251,1.304728,-0.004935,0.000000,0.000000,0.000000
0.000000,-3.758947,1.304728,-0.004935,0.000000,0.000000,0.000000
0.000000,-3.758947,1.304728,-0.004935,0.000000,0.000000,0.000000
0.000000,-3.757571,1.304728,-0.004935,0.000000,0.000000,0.000000
0.000000,-3.754651,1.304728,-0.004935,0.000000,0.000000,0.000000
0.000000,-3.754651,1.304728,-0.004935,0.000000,0.000000,0.000000
0.000000,-3.752662,1.304728,-0.004935,0.000000,0.000000,0.000000
0.000000,-3.752662,1.304728,-0.004935,0.000000,0.000000,0.000000
0.000000,-3.750001,1.304728,-0.004935,0.000000,0.000000,0.000000
0.000000,-3.748925,1.304728,-0.004935,0.000000,0.000000,0.000000
0.000000,-3.748925,1.304728,-0.004935,0.000000,0.000000,0.000000
0.000000,-3.748581,1.304728,-0.004935,0.000000,0.000000,0.000000
0.000000,-3.748581,1.304728,-0.004935,0.000000,0.000000,0.000000
0.000000,-3.749208,1.304728,-0.004935,0.000000,0.000000,0.000000
0.000000,-3.751279,1.304728,-0.004935,0.000000,0.000000,0.000000
0.000000,-3.751279,1.304728,-0.004935,0.000000,0.000000,0.000000
0.000000,-3.753433,1.304728,-0.004935,0.000000,0.000000,0.000000
0.000000,-3.753433,1.304728,-0.004935,0.000000,0.000000,0.000000
0.000000,-3.757035,1.304728,-0.004935,0.000000,0.000000,0.000000
0.000000,-3.759494,1.304728,-0.004935,0.000000,0.000000,0.000000
0.000000,-3.759494,1.304728,-0.004935,0.000000,0.000000,0.000000
0.000000,-3.762781,1.304728,-0.004935,0.000000,0.000000,0.000000
0.000000,-3.762781,1.304728,-0.004935,0.000000,0.000000,0.000000
0.000000,-3.764055,1.304728,-0.004935,0.000000,0.000000,0.000000
0.000000,-3.764892,1.304728,-0.004935,0.000000,0.000000,0.000000
0.000000,-3.764892,1.304728,-0.004935,0.000000,0.000000,0.000000
0.000000,-3.764644,1.304728,-0.004935,0.000000,0.000000,0.000000
0.000000,-3.764644,1.304728,-0.004935,0.000000,0.000000,0.000000
0.000000,-3.763824,1.304728,-0.004935,0.000000,0.000000,0.000000
0.000000,-3.762359,1.304728,-0.004935,0.000000,0.000000,0.000000
0.000000,-3.762359,1.304728,-0.004935,0.000000,0.000000,0.000000
0.000000,-3.759923,1.304728,-0.004935,0.000000,0.000000,0.000000
0.000000,-3.759923,1.304728,-0.004935,0.000000,0.000000,0.000000
0.000000,-3.757999,1.304728,-0.004935,0.000000,0.000000,0.000000
0.000000,-3.755278,1.304728,-0.004935,0.000000,0.000000,0.000000
0.000000,-3.755278,1.304728,-0.004935,0.000000,0.000000,0.000000
0.000000,-3.753444,1.304728,-0.004935,0.000000,0.000000,0.000000
0.000000,-3.753444,1.304728,-0.004935,0.000000,0.000000,0.000000
0.000000,-3.751197,1.304728,-0.004935,0.000000,0.000000,0.000000
0.000000,-3.750061,1.304728,-0.004935,0.000000,0.000000,0.000000
0.000000,-3.750061,1.304728,-0.004935,0.000000,0.000000,0.000000
0.000000,-3.749380,1.304728,-0.004935,0.000000,0.000000,0.000000
0.000000,-3.749380,1.304728,-0.004935,0.000000,0.000000,0.000000
0.000000,-3.749676,1.304728,-0.004935,0.000000,0.000000,0.000000
0.000000,-3.750914,1.304728,-0.004935,0.000000,0.000000,0.000000
0.000000,-3.750914,1.304728,-0.004935,0.000000,0.000000,0.000000
0.000000,-3.752186,1.304728,-0.004935,0.000000,0.000000,0.000000
0.000000,-3.752186,1.304728,-0.004935,0.000000,0.000000,0.000000
0.000000,-3.754255,1.304728,-0.004935,0.000000,0.000000,0.000000
0.000000,-3.755466,1.304728,-0.004935,0.000000,0.000000,0.000000
0.000000,-3.755466,1.304728,-0.004935,0.000000,0.000000,0.000000
0.000000,-3.756496,1.304728,-0.004935,0.000000,0.000000,0.000000
0.000000,-3.756496,1.304728,-0.004935,0.000000,0.000000,0.000000
0.000000,-3.756796,1.304728,-0.004935,0.000000,0.000000,0.000000
0.000000,-3.756782,1.304728,-0.004935,0.000000,0.000000,0.000000
0.000000,-3.756782,1.304728,-0.004935,0.000000,0.000000,0.000000
0.000000,-3.756079,1.304728,-0.004935,0.000000,0.000000,0.000000
0.000000,-3.756079,1.304728,-0.004935,0.000000,0.000000,0.000000
0.000000,-3.753828,1.304728,-0.004935,0.000000,0.000000,0.000000
0.000000,-3.752030,1.304728,-0.004935,0.000000,0.000000,0.000000
0.000000,-3.752030,1.304728,-0.004935,0.000000,0.000000,0.000000
0.000000,-3.750094,1.304728,-0.004935,0.000000,0.000000,0.000000
0.000000,-3.750094,1.304728,-0.004935,0.000000,0.000000,0.000000
0.000000,-3.748936,1.304728,-0.004935,0.000000,0.000000,0.000000
0.000000,-3.747335,1.304728,-0.004935,0.000000,0.000000,0.000000
0.000000,-3.747335,1.304728,-0.004935,0.000000,0.000000,0.000000
0.000000,-3.746875,1.304728,-0.004935,0.000000,0.000000,0.000000
0.000000,-3.746875,1.304728,-0.004935,0.000000,0.000000,0.000000
0.000000,-3.746964,1.304728,-0.004935,0.000000,0.000000,0.000000
0.000000,-3.747782,1.304728,-0.004935,0.000000,0.000000,0.000000
0.000000,-3.747782,1.304728,-0.004935,0.000000,0.000000,0.000000
0.000000,-3.749113,1.304728,-0.004935,0.000000,0.000000,0.000000
0.000000,-3.749113,1.304728,-0.004935,0.000000,0.000000,0.000000
0.000000,-3.750568,1.304728,-0.004935,0.000000,0.000000,0.000000
0.000000,-3.752445,1.304728,-0.004935,0.000000,0.000000,0.000000
0.000000,-3.752445,1.304728,-0.004935,0.000000,0.000000,0.000000
0.000000,-3.753412,1.304728,-0.004935,0.000000,0.000000,0.000000
0.000000,-3.753412,1.304728,-0.004935,0.000000,0.000000,0.000000
0.000000,-3.754853,1.304728,-0.004935,0.000000,0.000000,0.000000
0.000000,-3.756154,1.304728,-0.004935,0.000000,0.000000,0.000000
0.000000,-3.756154,1.304728,-0.004935,0.000000,0.000000,0.000000
0.000000,-3.757385,1.304728,-0.004935,0.000000,0.000000,0.000000
0.000000,-3.757385,1.304728,-0.004935,0.000000,0.000000,0.000000
0.000000,-3.757225,1.304728,-0.004935,0.000000,0.000000,0.000000
0.000000,-3.756427,1.304728,-0.004935,0.000000,0.000000,0.000000
0.000000,-3.756427,1.304728,-0.004935,0.000000,0.000000,0.000000
0.000000,-3.755841,1.304728,-0.004935,0.000000,0.000000,0.000000
0.000000,-3.755841,1.304728,-0.004935,0.000000,0.000000,0.000000
0.000000,-3.754911,1.304728,-0.004935,0.000000,0.000000,0.000000
0.000000,-3.754236,1.304728,-0.004935,0.000000,0.000000,0.000000
0.000000,-3.754236,1.304728,-0.004935,0.000000,0.000000,0.000000
0.000000,-3.753595,1.304728,-0.004935,0.000000,0.000000,0.000000
0.000000,-3.753595,1.304728,-0.004935,0.000000,0.000000,0.000000
0.000000,-3.753041,1.304728,-0.004935,0.000000,0.000000,0.000000
0.000000,-3.752390,1.304728,-0.004935,0.000000,0.000000,0.000000
0.000000,-3.752390,1.304728,-0.004935,0.000000,0.000000,0.000000
0.000000,-3.752568,1.304728,-0.004935,0.000000,0.000000,0.000000
0.000000,-3.752568,1.304728,-0.004935,0.000000,0.000000,0.000000
0.000000,-3.753290,1.304728,-0.004935,0.000000,0.000000,0.000000
0.000000,-3.753588,1.304728,-0.004935,0.000000,0.000000,0.000000
0.000000,-3.753588,1.304728,-0.004935,0.000000,0.000000,0.000000
0.000000,-3.754147,1.304728,-0.004935,0.000000,0.000000,0.000000
0.000000,-3.754147,1.304728,-0.004935,0.000000,0.000000,0.000000
0.000000,-3.754233,1.304728,-0.004935,0.000000,0.000000,0.000000
0.000000,-3.754058,1.304728,-0.004935,0.000000,0.000000,0.000000
0.000000,-3.754058,1.304728,-0.004935,0.000000,0.000000,0.000000
0.000000,-3.753961,1.304728,-0.004935,0.000000,0.000000,0.000000
0.000000,-3.753961,1.304728,-0.004935,0.000000,0.000000,0.000000
0.000000,-3.753507,1.304728,-0.004935,0.000000,0.000000,0.000000
0.000000,-3.752923,1.304728,-0.004935,0.000000,0.000000,0.000000
0.000000,-3.752923,1.304728,-0.004935,0.000000,0.000000,0.000000
0.000000,-3.751974,1.304728,-0.004935,0.000000,0.000000,0.000000
0.000000,-3.751974,1.304728,-0.004935,0.000000,0.000000,0.000000
0.000000,-3.751178,1.304728,-0.004935,0.000000,0.000000,0.000000
0.000000,-3.749784,1.304728,-0.004935,0.000000,0.000000,0.000000
0.000000,-3.749784,1.304728,-0.004935,0.000000,0.000000,0.000000
0.000000,-3.749292,1.304728,-0.004935,0.000000,0.000000,0.000000
0.000000,-3.749292,1.304728,-0.004935,0.000000,0.000000,0.000000
0.000000,-3.748745,1.304728,-0.004935,0.000000,0.000000,0.000000
0.000000,-3.748588,1.304728,-0.004935,0.000000,0.000000,0.000000
0.000000,-3.748588,1.304728,-0.004935,0.000000,0.000000,0.000000
0.000000,-3.748880,1.304728,-0.004935,0.000000,0.000000,0.000000
0.000000,-3.748880,1.304728,-0.004935,0.000000,0.000000,0.000000
0.000000,-3.749425,1.304728,-0.004935,0.000000,0.000000,0.000000
0.000000,-3.750053,1.304728,-0.004935,0.000000,0.000000,0.000000
0.000000,-3.750053,1.304728,-0.004935,0.000000,0.000000,0.000000
0.000000,-3.750383,1.304728,-0.004935,0.000000,0.000000,0.000000
0.000000,-3.750383,1.304728,-0.004935,0.000000,0.000000,0.000000
0.000000,-3.750749,1.304728,-0.004935,0.000000,0.000000,0.000000
0.000000,-3.751292,1.304728,-0.004935,0.000000,0.000000,0.000000
0.000000,-3.751292,1.304728,-0.004935,0.000000,0.000000,0.000000
0.000000,-3.752073,1.304728,-0.004935,0.000000,0.000000,0.000000
0.000000,-3.752073,1.304728,-0.004935,0.000000,0.000000,0.000000
0.000000,-3.752311,1.304728,-0.004935,0.000000,0.000000,0.000000
0.000000,-3.752241,1.304728,-0.004935,0.000000,0.000000,0.000000
0.000000,-3.752241,1.304728,-0.004935,0.000000,0.000000,0.000000
0.000000,-3.752235,1.304728,-0.004935,0.000000,0.000000,0.000000
0.000000,-3.752235,1.304728,-0.004935,0.000000,0.000000,0.000000
0.000000,-3.751730,1.304728,-0.004935,0.000000,0.000000,0.000000
0.000000,-3.751510,1.304728,-0.004935,0.000000,0.000000,0.000000
0.000000,-3.751510,1.304728,-0.004935,0.000000,0.000000,0.000000
0.000000,-3.751333,1.304728,-0.004935,0.000000,0.000000,0.000000
0.000000,-3.751333,1.304728,-0.004935,0.000000,0.000000,0.000000
0.000000,-3.751449,1.304728,-0.004935,0.000000,0.000000,0.000000
0.000000,-3.751702,1.304728,-0.004935,0.000000,0.000000,0.000000
0.000000,-3.751702,1.304728,-0.004935,0.000000,0.000000,0.000000
0.000000,-3.751908,1.304728,-0.004935,0.000000,0.000000,0.000000
0.000000,-3.751908,1.304728,-0.004935,0.000000,0.000000,0.000000
0.000000,-3.751984,1.304728,-0.004935,0.000000,0.000000,0.000000
0.000000,-3.752100,1.304728,-0.004935,0.000000,0.000000,0.000000
0.000000,-3.752100,1.304728,-0.004935,0.000000,0.000000,0.000000
0.000000,-3.752278,1.304728,-0.004935,0.000000,0.000000,0.000000
0.000000,-3.752278,1.304728,-0.004935,0.000000,0.000000,0.000000
0.000000,-3.752241,1.304728,-0.004935,0.000000,0.000000,0.000000
0.000000,-3.752028,1.304728,-0.004935,0.000000,0.000000,0.000000
0.000000,-3.752028,1.304728,-0.004935,0.000000,0.000000,0.000000
0.000000,-3.751687,1.304728,-0.004935,0.000000,0.000000,0.000000
0.000000,-3.751687,1.304728,-0.004935,0.000000,0.000000,0.000000
0.000000,-3.751190,1.304728,-0.004935,0.000000,0.000000,0.000000
0.000000,-3.750972,1.304728,-0.004935,0.000000,0.000000,0.000000
0.000000,-3.750972,1.304728,-0.004935,0.000000,0.000000,0.000000
0.000000,-3.750523,1.304728,-0.004935,0.000000,0.000000,0.000000
0.000000,-3.750523,1.304728,-0.004935,0.000000,0.000000,0.000000
0.000000,-3.750184,1.304728,-0.004935,0.000000,0.000000,0.000000
0.000000,-3.749642,1.304728,-0.004935,0.000000,0.000000,0.000000
0.000000,-3.749642,1.304728,-0.004935,0.000000,0.000000,0.000000
0.000000,-3.749332,1.304728,-0.004935,0.000000,0.000000,0.000000
0.000000,-3.749332,1.304728,-0.004935,0.000000,0.000000,0.000000
0.000000,-3.749326,1.304728,-0.004935,0.000000,0.000000,0.000000
0.000000,-3.749566,1.304728,-0.004935,0.000000,0.000000,0.000000
0.000000,-3.749566,1.304728,-0.004935,0.000000,0.000000,0.000000
0.000000,-3.749960,1.304728,-0.004935,0.000000,0.000000,0.000000
0.000000,-3.749960,1.304728,-0.004935,0.000000,0.000000,0.000000
0.000000,-3.750229,1.304728,-0.004935,0.000000,0.000000,0.000000
0.000000,-3.750390,1.304728,-0.004935,0.000000,0.000000,0.000000
0.000000,-3.750390,1.304728,-0.004935,0.000000,0.000000,0.000000
0.000000,-3.750690,1.304728,-0.004935,0.000000,0.000000,0.000000
0.000000,-3.750690,1.304728,-0.004935,0.000000,0.000000,0.000000
0.000000,-3.751491,1.304728,-0.004935,0.000000,0.000000,0.000000
0.000000,-3.751730,1.304728,-0.004935,0.000000,0.000000,0.000000
0.000000,-3.751730,1.304728,-0.004935,0.000000,0.000000,0.000000
0.000000,-3.751847,1.304728,-0.004935,0.000000,0.000000,0.000000
0.000000,-3.751847,1.304728,-0.004935,0.000000,0.000000,0.000000
0.000000,-3.751810,1.304728,-0.004935,0.000000,0.000000,0.000000
0.000000,-3.751765,1.304728,-0.004935,0.000000,0.000000,0.000000
0.000000,-3.751765,1.304728,-0.004935,0.000000,0.000000,0.000000
0.000000,-3.751486,1.304728,-0.004935,0.000000,0.000000,0.000000
0.000000,-3.751486,1.304728,-0.004935,0.000000,0.000000,0.000000
0.000000,-3.750854,1.304728,-0.004935,0.000000,0.000000,0.000000
0.000000,-3.750665,1.304728,-0.004935,0.000000,0.000000,0.000000
0.000000,-3.750665,1.304728,-0.004935,0.000000,0.000000,0.000000
0.000000,-3.751033,1.304728,-0.004935,0.000000,0.000000,0.000000
0.000000,-3.751033,1.304728,-0.004935,0.000000,0.000000,0.000000
0.000000,-3.751180,1.304728,-0.004935,0.000000,0.000000,0.000000
0.000000,-3.751235,1.304728,-0.004935,0.000000,0.000000,0.000000
0.000000,-3.751235,1.304728,-0.004935,0.000000,0.000000,0.000000
0.000000,-3.751199,1.304728,-0.004935,0.000000,0.000000,0.000000
0.000000,-3.751199,1.304728,-0.004935,0.000000,0.000000,0.000000
0.000000,-3.751392,1.304728,-0.004935,0.000000,0.000000,0.000000
0.000000,-3.751813,1.304728,-0.004935,0.000000,0.000000,0.000000
0.000000,-3.751813,1.304728,-0.004935,0.000000,0.000000,0.000000
0.000000,-3.752344,1.304728,-0.004935,0.000000,0.000000,0.000000
0.000000,-3.752344,1.304728,-0.004935,0.000000,0.000000,0.000000
0.000000,-3.752582,1.304728,-0.004935,0.000000,0.000000,0.000000
0.000000,-3.752766,1.304728,-0.004935,0.000000,0.000000,0.000000
0.000000,-3.752766,1.304728,-0.004935,0.000000,0.000000,0.000000
0.000000,-3.752883,1.304728,-0.004935,0.000000,0.000000,0.000000
0.000000,-3.752883,1.304728,-0.004935,0.000000,0.000000,0.000000
0.000000,-3.752816,1.304728,-0.004935,0.000000,0.000000,0.000000
0.000000,-3.752415,1.304728,-0.004935,0.000000,0.000000,0.000000
0.000000,-3.752415,1.304728,-0.004935,0.000000,0.000000,0.000000
0.000000,-3.752000,1.304728,-0.004935,0.000000,0.000000,0.000000
0.000000,-3.752000,1.304728,-0.004935,0.000000,0.000000,0.000000
0.000000,-3.751751,1.304728,-0.004935,0.000000,0.000000,0.000000
0.000000,-3.751307,1.304728,-0.004935,0.000000,0.000000,0.000000
0.000000,-3.751307,1.304728,-0.004935,0.000000,0.000000,0.000000
0.000000,-3.751179,1.304728,-0.004935,0.000000,0.000000,0.000000
0.000000,-3.751179,1.304728,-0.004935,0.000000,0.000000,0.000000
0.000000,-3.751009,1.304728,-0.004935,0.000000,0.000000,0.000000
0.000000,-3.750913,1.304728,-0.004935,0.000000,0.000000,0.000000
0.000000,-3.750913,1.304728,-0.004935,0.000000,0.000000,0.000000
0.000000,-3.751053,1.304728,-0.004935,0.000000,0.000000,0.000000
0.000000,-3.751053,1.304728,-0.004935,0.000000,0.000000,0.000000
0.000000,-3.751261,1.304728,-0.004935,0.000000,0.000000,0.000000
0.000000,-3.751504,1.304728,-0.004935,0.000000,0.000000,0.000000
0.000000,-3.751504,1.304728,-0.004935,0.000000,0.000000,0.000000
0.000000,-3.751651,1.304728,-0.004935,0.000000,0.000000,0.000000
0.000000,-3.751651,1.304728,-0.004935,0.000000,0.000000,0.000000
0.000000,-3.751952,1.304728,-0.004935,0.000000,0.000000,0.000000
0.000000,-3.752008,1.304728,-0.004935,0.000000,0.000000,0.000000
0.000000,-3.752008,1.304728,-0.004935,0.000000,0.000000,0.000000
0.000000,-3.751982,1.304728,-0.004935,0.000000,0.000000,0.000000
0.000000,-3.751982,1.304728,-0.004935,0.000000,0.000000,0.000000
0.000000,-3.751916,1.304728,-0.004935,0.000000,0.000000,0.000000
0.000000,-3.751756,1.304728,-0.004935,0.000000,0.000000,0.000000
0.000000,-3.751756,1.304728,-0.004935,0.000000,0.000000,0.000000
0.000000,-3.751660,1.304728,-0.004935,0.000000,0.000000,0.000000
0.000000,-3.751660,1.304728,-0.004935,0.000000,0.000000,0.000000
0.000000,-3.751590,1.304728,-0.004935,0.000000,0.000000,0.000000
0.000000,-3.751400,1.304728,-0.004935,0.000000,0.000000,0.000000
0.000000,-3.751400,1.304728,-0.004935,0.000000,0.000000,0.000000
0.000000,-3.751122,1.304728,-0.004935,0.000000,0.000000,0.000000
0.000000,-3.751122,1.304728,-0.004935,0.000000,0.000000,0.000000
0.000000,-3.750445,1.304728,-0.004935,0.000000,0.000000,0.000000
0.000000,-3.749598,1.304728,-0.004935,0.000000,0.000000,0.000000
0.000000,-3.749598,1.304728,-0.004935,0.000000,0.000000,0.000000
0.000000,-3.749135,1.304728,-0.004935,0.000000,0.000000,0.000000
0.000000,-3.749135,1.304728,-0.004935,0.000000,0.000000,0.000000
0.000000,-3.748888,1.304728,-0.004935,0.000000,0.000000,0.000000
0.000000,-3.748549,1.304728,-0.004935,0.000000,0.000000,0.000000
0.000000,-3.748549,1.304728,-0.004935,0.000000,0.000000,0.000000
0.000000,-3.748321,1.304728,-0.004935,0.000000,0.000000,0.000000
0.000000,-3.748321,1.304728,-0.004935,0.000000,0.000000,0.000000
0.000000,-3.747921,1.304728,-0.004935,0.000000,0.000000,0.000000
0.000000,-3.747441,1.304728,-0.004935,0.000000,0.000000,0.000000
0.000000,-3.747441,1.304728,-0.004935,0.000000,0.000000,0.000000
0.000000,-3.747010,1.304728,-0.004935,0.000000,0.000000,0.000000
0.000000,-3.747010,1.304728,-0.004935,0.000000,0.000000,0.000000
0.000000,-3.745833,1.304728,-0.004935,0.000000,0.000000,0.000000
0.000000,-3.744641,1.304728,-0.004935,0.000000,0.000000,0.000000
0.000000,-3.744641,1.304728,-0.004935,0.000000,0.000000,0.000000
0.000000,-3.742892,1.304728,-0.004935,0.000000,0.000000,0.000000
0.000000,-3.742892,1.304728,-0.004935,0.000000,0.000000,0.000000
0.000000,-3.741819,1.304728,-0.004935,0.000000,0.000000,0.000000
0.000000,-3.739870,1.304728,-0.004935,0.000000,0.000000,0.000000
0.000000,-3.739870,1.304728,-0.004935,0.000000,0.000000,0.000000
0.000000,-3.738464,1.304728,-0.004935,0.000000,0.000000,0.000000
0.000000,-3.738464,1.304728,-0.004935,0.000000,0.000000,0.000000
0.000000,-3.736382,1.304728,-0.004935,0.000000,0.000000,0.000000
0.000000,-3.734825,1.304728,-0.004935,0.000000,0.000000,0.000000
0.000000,-3.734825,1.304728,-0.004935,0.000000,0.000000,0.000000
0.000000,-3.732813,1.304728,-0.004935,0.000000,0.000000,0.000000
0.000000,-3.732813,1.304728,-0.004935,0.000000,0.000000,0.000000
0.000000,-3.732290,1.304728,-0.004935,0.000000,0.000000,0.000000
0.000000,-3.731067,1.304728,-0.004935,0.000000,0.000000,0.000000
0.000000,-3.731067,1.304728,-0.004935,0.000000,0.000000,0.000000
0.000000,-3.730666,1.304728,-0.004935,0.000000,0.000000,0.000000
0.000000,-3.730666,1.304728,-0.004935,0.000000,0.000000,0.000000
0.000000,-3.730147,1.304728,-0.004935,0.000000,0.000000,0.000000
0.000000,-3.730751,1.304728,-0.004935,0.000000,0.000000,0.000000
0.000000,-3.730751,1.304728,-0.004935,0.000000,0.000000,0.000000
0.000000,-3.731414,1.304728,-0.004935,0.000000,0.000000,0.000000
0.000000,-3.731414,1.304728,-0.004935,0.000000,0.000000,0.000000
0.000000,-3.732107,1.304728,-0.004935,0.000000,0.000000,0.000000
0.000000,-3.732221,1.304728,-0.004935,0.000000,0.000000,0.000000
0.000000,-3.732221,1.304728,-0.004935,0.000000,0.000000,0.000000
0.000000,-3.731939,1.304728,-0.004935,0.000000,0.000000,0.000000
0.000000,-3.731939,1.304728,-0.004935,0.000000,0.000000,0.000000
0.000000,-3.731056,1.304728,-0.004935,0.000000,0.000000,0.000000
0.000000,-3.730405,1.304728,-0.004935,0.000000,0.000000,0.000000
0.000000,-3.730405,1.304728,-0.004935,0.000000,0.000000,0.000000
0.000000,-3.729059,1.304728,-0.004935,0.000000,0.000000,0.000000
0.000000,-3.729059,1.304728,-0.004935,0.000000,0.000000,0.000000
0.000000,-3.727705,1.304728,-0.004935,0.000000,0.000000,0.000000
0.000000,-3.725780,1.304728,-0.004935,0.000000,0.000000,0.000000
0.000000,-3.725780,1.304728,-0.004935,0.000000,0.000000,0.000000
0.000000,-3.724545,1.304632,-0.004935,0.000000,0.000000,0.000000
0.000000,-3.724545,1.304632,-0.004935,0.000000,0.000000,0.000000
0.000000,-3.722945,1.304632,-0.004935,0.000000,0.000000,0.000000
0.000000,-3.722255,1.304632,-0.004935,0.000000,0.000000,0.000000
0.000000,-3.722255,1.304632,-0.004935,0.000000,0.000000,0.000000
0.000000,-3.721271,1.304632,-0.004935,0.000000,0.000000,0.000000
0.000000,-3.721271,1.304632,-0.004935,0.000000,0.000000,0.000000
0.000000,-3.720458,1.304632,-0.004935,0.000000,0.000000,0.000000
0.000000,-3.719010,1.304632,-0.004935,0.000000,0.000000,0.000000
0.000000,-3.719010,1.304632,-0.004935,0.000000,0.000000,0.000000
0.000000,-3.717591,1.304632,-0.004935,0.000000,0.000000,0.000000
0.000000,-3.717591,1.304632,-0.004935,0.000000,0.000000,0.000000
0.000000,-3.715219,1.304632,-0.004935,0.000000,0.000000,0.000000
0.000000,-3.712861,1.304632,-0.004935,0.000000,0.000000,0.000000
0.000000,-3.712861,1.304632,-0.004935,0.000000,0.000000,0.000000
0.000000,-3.709575,1.304632,-0.004935,0.000000,0.000000,0.000000
0.000000,-3.709575,1.304536,-0.004935,0.000000,0.000000,0.000000
0.000000,-3.707009,1.304536,-0.004935,0.000000,0.000000,0.000000
0.000000,-3.703368,1.304536,-0.004935,0.000000,0.000000,0.000000
0.000000,-3.703368,1.304536,-0.004935,0.000000,0.000000,0.000000
0.000000,-3.700596,1.304536,-0.004935,0.000000,0.000000,0.000000
0.000000,-3.700596,1.304536,-0.004935,0.000000,0.000000,0.000000
0.000000,-3.697461,1.304536,-0.004935,0.000000,0.000000,0.000000
0.000000,-3.695882,1.304536,-0.004935,0.000000,0.000000,0.000000
0.000000,-3.695882,1.304536,-0.004935,0.000000,0.000000,0.000000
0.000000,-3.694327,1.304536,-0.004935,0.000000,0.000000,0.000000
0.000000,-3.694327,1.304536,-0.004935,0.000000,0.000000,0.000000
0.000000,-3.693452,1.304536,-0.004935,0.000000,0.000000,0.000000
0.000000,-3.692065,1.304536,-0.004935,0.000000,0.000000,0.000000
0.000000,-3.692065,1.304536,-0.004935,0.000000,0.000000,0.000000
0.000000,-3.691012,1.304536,-0.004935,0.000000,0.000000,0.000000
0.000000,-3.691012,1.304536,-0.004935,0.000000,0.000000,0.000000
0.000000,-3.689883,1.304536,-0.004935,0.000000,0.000000,0.000000
0.000000,-3.688862,1.304536,-0.004935,0.000000,0.000000,0.000000
0.000000,-3.688862,1.304536,-0.004935,0.000000,0.000000,0.000000
0.000000,-3.687417,1.304536,-0.004935,0.000000,0.000000,0.000000
0.000000,-3.687417,1.304536,-0.004935,0.000000,0.000000,0.000000
0.000000,-3.686670,1.304536,-0.004935,0.000000,0.000000,0.000000
0.000000,-3.685733,1.304536,-0.004935,0.000000,0.000000,0.000000
0.000000,-3.685733,1.304536,-0.004935,0.000000,0.000000,0.000000
0.000000,-3.684772,1.304536,-0.004935,0.000000,0.000000,0.000000
0.000000,-3.684772,1.304536,-0.004935,0.000000,0.000000,0.000000
0.000000,-3.682787,1.304536,-0.004935,0.000000,0.000000,0.000000
0.000000,-3.681823,1.304536,-0.004935,0.000000,0.000000,0.000000
0.000000,-3.681823,1.304536,-0.004935,0.000000,0.000000,0.000000
0.000000,-3.680941,1.304536,-0.004935,0.000000,0.000000,0.000000
0.000000,-3.680941,1.304536,-0.004935,0.000000,0.000000,0.000000
0.000000,-3.680160,1.304536,-0.004935,0.000000,0.000000,0.000000
0.000000,-3.678098,1.304536,-0.004935,0.000000,0.000000,0.000000
0.000000,-3.678098,1.304536,-0.004935,0.000000,0.000000,0.000000
0.000000,-3.676583,1.304536,-0.004935,0.000000,0.000000,0.000000
0.000000,-3.676583,1.304536,-0.004935,0.000000,0.000000,0.000000
0.000000,-3.674113,1.304440,-0.004935,0.000000,0.000000,0.000000
0.000000,-3.672230,1.304440,-0.004935,0.000000,0.000000,0.000000
0.000000,-3.672230,1.304440,-0.004935,0.000000,0.000000,0.000000
0.000000,-3.669094,1.304440,-0.004935,0.000000,0.000000,0.000000
0.000000,-3.669094,1.304440,-0.004935,0.000000,0.000000,0.000000
0.000000,-3.666723,1.304440,-0.004935,0.000000,0.000000,0.000000
0.000000,-3.662696,1.304440,-0.004935,0.000000,0.000000,0.000000
0.000000,-3.662696,1.304440,-0.004935,0.000000,0.000000,0.000000
0.000000,-3.659262,1.304344,-0.004935,0.000000,0.000000,0.000000
0.000000,-3.659262,1.304344,-0.004935,0.000000,0.000000,0.000000
0.000000,-3.654317,1.304344,-0.004935,0.000000,0.000000,0.000000
0.000000,-3.650338,1.304249,-0.004935,0.000000,0.000000,0.000000
0.000000,-3.650338,1.304249,-0.004935,0.000000,0.000000,0.000000
0.000000,-3.644369,1.304249,-0.004839,0.000000,0.000000,0.000000
0.000000,-3.644369,1.304249,-0.004839,0.000000,0.000000,0.000000
0.000000,-3.640760,1.304249,-0.004839,0.000000,0.000000,0.000000
0.000000,-3.636028,1.304249,-0.004839,0.000000,0.000000,0.000000
0.000000,-3.636028,1.304249,-0.004839,0.000000,0.000000,0.000000
0.000000,-3.633457,1.304249,-0.004839,0.000000,0.000000,0.000000
0.000000,-3.633457,1.304249,-0.004839,0.000000,0.000000,0.000000
0.000000,-3.631216,1.304249,-0.004839,0.000000,0.000000,0.000000
0.000000,-3.631052,1.304249,-0.004839,0.000000,0.000000,0.000000
0.000000,-3.631052,1.304249,-0.004839,0.000000,0.000000,0.000000
0.000000,-3.631550,1.304249,-0.004839,0.000000,0.000000,0.000000
0.000000,-3.631550,1.304249,-0.004839,0.000000,0.000000,0.000000
0.000000,-3.632205,1.304249,-0.004839,0.000000,0.000000,0.000000
0.000000,-3.633391,1.304249,-0.004839,0.000000,0.000000,0.000000
0.000000,-3.633391,1.304249,-0.004839,0.000000,0.000000,0.000000
0.000000,-3.634859,1.304249,-0.004839,0.000000,0.000000,0.000000
0.000000,-3.634859,1.304249,-0.004839,0.000000,0.000000,0.000000
0.000000,-3.637057,1.304249,-0.004839,0.000000,0.000000,0.000000
0.000000,-3.638636,1.304249,-0.004839,0.000000,0.000000,0.000000
0.000000,-3.638636,1.304249,-0.004839,0.000000,0.000000,0.000000
0.000000,-3.639785,1.304249,-0.004839,0.000000,0.000000,0.000000
0.000000,-3.639785,1.304249,-0.004839,0.000000,0.000000,0.000000
0.000000,-3.640349,1.304249,-0.004839,0.000000,0.000000,0.000000
0.000000,-3.640567,1.304249,-0.004839,0.000000,0.000000,0.000000
0.000000,-3.640567,1.304249,-0.004839,0.000000,0.000000,0.000000
0.000000,-3.640514,1.304249,-0.004839,0.000000,0.000000,0.000000
0.000000,-3.640514,1.304249,-0.004839,0.000000,0.000000,0.000000
0.000000,-3.639692,1.304249,-0.004839,0.000000,0.000000,0.000000
0.000000,-3.639571,1.304249,-0.004839,0.000000,0.000000,0.000000
0.000000,-3.639571,1.304249,-0.004839,0.000000,0.000000,0.000000
0.000000,-3.639959,1.304249,-0.004839,0.000000,0.000000,0.000000
0.000000,-3.639959,1.304249,-0.004839,0.000000,0.000000,0.000000
0.000000,-3.640840,1.304249,-0.004839,0.000000,0.000000,0.000000
0.000000,-3.642034,1.304249,-0.004839,0.000000,0.000000,0.000000
0.000000,-3.642034,1.304249,-0.004839,0.000000,0.000000,0.000000
0.000000,-3.643704,1.304249,-0.004839,0.000000,0.000000,0.000000
0.000000,-3.643704,1.304249,-0.004839,0.000000,0.000000,0.000000
0.000000,-3.647276,1.304249,-0.004839,0.000000,0.000000,0.000000
0.000000,-3.650561,1.304249,-0.004839,0.000000,0.000000,0.000000
0.000000,-3.650561,1.304249,-0.004839,0.000000,0.000000,0.000000
0.000000,-3.655117,1.304249,-0.004839,0.000000,0.000000,0.000000
0.000000,-3.655117,1.304249,-0.004839,0.000000,0.000000,0.000000
0.000000,-3.657858,1.304249,-0.004839,0.000000,0.000000,0.000000
0.000000,-3.661875,1.304249,-0.004839,0.000000,0.000000,0.000000
0.000000,-3.661875,1.304249,-0.004839,0.000000,0.000000,0.000000
0.000000,-3.664953,1.304249,-0.004839,0.000000,0.000000,0.000000
0.000000,-3.664953,1.304249,-0.004839,0.000000,0.000000,0.000000
0.000000,-3.668733,1.304249,-0.004839,0.000000,0.000000,0.000000
0.000000,-3.670565,1.304249,-0.004839,0.000000,0.000000,0.000000
0.000000,-3.670565,1.304249,-0.004839,0.000000,0.000000,0.000000
0.000000,-3.672854,1.304249,-0.004839,0.000000,0.000000,0.000000
0.000000,-3.672854,1.304249,-0.004839,0.000000,0.000000,0.000000
0.000000,-3.673958,1.304249,-0.004839,0.000000,0.000000,0.000000
0.000000,-3.675146,1.304249,-0.004839,0.000000,0.000000,0.000000
0.000000,-3.675146,1.304249,-0.004839,0.000000,0.000000,0.000000
0.000000,-3.675764,1.304249,-0.004839,0.000000,0.000000,0.000000
0.000000,-3.675764,1.304249,-0.004839,0.000000,0.000000,0.000000
0.000000,-3.676601,1.304249,-0.004839,0.000000,0.000000,0.000000
0.000000,-3.677039,1.304249,-0.004839,0.000000,0.000000,0.000000
0.000000,-3.677039,1.304249,-0.004839,0.000000,0.000000,0.000000
0.000000,-3.677672,1.304249,-0.004839,0.000000,0.000000,0.000000
0.000000,-3.677672,1.304249,-0.004839,0.000000,0.000000,0.000000
0.000000,-3.677899,1.304249,-0.004839,0.000000,0.000000,0.000000
0.000000,-3.678259,1.304249,-0.004839,0.000000,0.000000,0.000000
0.000000,-3.678259,1.304249,-0.004839,0.000000,0.000000,0.000000
0.000000,-3.678644,1.304249,-0.004839,0.000000,0.000000,0.000000
0.000000,-3.678644,1.304249,-0.004839,0.000000,0.000000,0.000000
0.000000,-3.679394,1.304249,-0.004839,0.000000,0.000000,0.000000
0.000000,-3.679357,1.304249,-0.004839,0.000000,0.000000,0.000000
0.000000,-3.679357,1.304249,-0.004839,0.000000,0.000000,0.000000
0.000000,-3.679754,1.304249,-0.004839,0.000000,0.000000,0.000000
0.000000,-3.679754,1.304249,-0.004839,0.000000,0.000000,0.000000
0.000000,-3.679966,1.304249,-0.004839,0.000000,0.000000,0.000000
0.000000,-3.680039,1.304249,-0.004839,0.000000,0.000000,0.000000
0.000000,-3.680039,1.304249,-0.004839,0.000000,0.000000,0.000000
0.000000,-3.679283,1.304249,-0.004839,0.000000,0.000000,0.000000
0.000000,-3.679283,1.304249,-0.004839,0.000000,0.000000,0.000000
0.000000,-3.677650,1.304249,-0.004839,0.000000,0.000000,0.000000
0.000000,-3.675983,1.304249,-0.004839,0.000000,0.000000,0.000000
0.000000,-3.675983,1.304249,-0.004839,0.000000,0.000000,0.000000
0.000000,-3.672839,1.304249,-0.004839,0.000000,0.000000,0.000000
0.000000,-3.672839,1.304249,-0.004839,0.000000,0.000000,0.000000
0.000000,-3.669924,1.304249,-0.004839,0.000000,0.000000,0.000000
0.000000,-3.666411,1.304249,-0.004839,0.000000,0.000000,0.000000
0.000000,-3.666411,1.304249,-0.004839,0.000000,0.000000,0.000000
0.000000,-3.664254,1.304249,-0.004839,0.000000,0.000000,0.000000
0.000000,-3.664254,1.304249,-0.004839,0.000000,0.000000,0.000000
0.000000,-3.660994,1.304249,-0.004839,0.000000,0.000000,0.000000
0.000000,-3.658526,1.304249,-0.004839,0.000000,0.000000,0.000000
0.000000,-3.658526,1.304249,-0.004839,0.000000,0.000000,0.000000
0.000000,-3.656130,1.304249,-0.004839,0.000000,0.000000,0.000000
0.000000,-3.656130,1.304249,-0.004839,0.000000,0.000000,0.000000
0.000000,-3.655056,1.304249,-0.004839,0.000000,0.000000,0.000000
0.000000,-3.654101,1.304249,-0.004839,0.000000,0.000000,0.000000
0.000000,-3.654101,1.304249,-0.004839,0.000000,0.000000,0.000000
0.000000,-3.654053,1.304249,-0.004839,0.000000,0.000000,0.000000
0.000000,-3.654053,1.304249,-0.004839,0.000000,0.000000,0.000000
0.000000,-3.654202,1.304249,-0.004839,0.000000,0.000000,0.000000
0.000000,-3.654115,1.304249,-0.004839,0.000000,0.000000,0.000000
0.000000,-3.654115,1.304249,-0.004839,0.000000,0.000000,0.000000
0.000000,-3.653534,1.304249,-0.004839,0.000000,0.000000,0.000000
0.000000,-3.653534,1.304249,-0.004839,0.000000,0.000000,0.000000
0.000000,-3.653197,1.304249,-0.004839,0.000000,0.000000,0.000000
0.000000,-3.652334,1.304249,-0.004839,0.000000,0.000000,0.000000
0.000000,-3.652334,1.304249,-0.004839,0.000000,0.000000,0.000000
0.000000,-3.651387,1.304249,-0.004839,0.000000,0.000000,0.000000
0.000000,-3.651387,1.304249,-0.004839,0.000000,0.000000,0.000000
0.000000,-3.649053,1.304249,-0.004839,0.000000,0.000000,0.000000
0.000000,-3.647129,1.304249,-0.004839,0.000000,0.000000,0.000000
0.000000,-3.647129,1.304249,-0.004839,0.000000,0.000000,0.000000
0.000000,-3.643515,1.304249,-0.004839,0.000000,0.000000,0.000000
0.000000,-3.643515,1.304249,-0.004839,0.000000,0.000000,0.000000
0.000000,-3.640952,1.304249,-0.004839,0.000000,0.000000,0.000000
0.000000,-3.637848,1.304249,-0.004839,0.000000,0.000000,0.000000
0.000000,-3.637848,1.304249,-0.004839,0.000000,0.000000,0.000000
0.000000,-3.636868,1.304249,-0.004839,0.000000,0.000000,0.000000
0.000000,-3.636868,1.304249,-0.004839,0.000000,0.000000,0.000000
0.000000,-3.635828,1.304249,-0.004839,0.000000,0.000000,0.000000
0.000000,-3.635065,1.304249,-0.004839,0.000000,0.000000,0.000000
0.000000,-3.635065,1.304249,-0.004839,0.000000,0.000000,0.000000
0.000000,-3.633382,1.304249,-0.004839,0.000000,0.000000,0.000000
0.000000,-3.633382,1.304153,-0.004839,0.000000,0.000000,0.000000
0.000000,-3.631920,1.304153,-0.004839,0.000000,0.000000,0.000000
0.000000,-3.628689,1.304153,-0.004839,0.000000,0.000000,0.000000
0.000000,-3.628689,1.304153,-0.004839,0.000000,0.000000,0.000000
0.000000,-3.626198,1.304153,-0.004839,0.000000,0.000000,0.000000
0.000000,-3.626198,1.304057,-0.004839,0.000000,0.000000,0.000000
0.000000,-3.622305,1.304057,-0.004839,0.000000,0.000000,0.000000
0.000000,-3.619517,1.304057,-0.004839,0.000000,0.000000,0.000000
0.000000,-3.619517,1.303961,-0.004839,0.000000,0.000000,0.000000
0.000000,-3.614949,1.303961,-0.004839,0.000000,0.000000,0.000000
0.000000,-3.614949,1.303865,-0.004839,0.000000,0.000000,0.000000
0.000000,-3.611345,1.303865,-0.004839,0.000000,0.000000,0.000000
0.000000,-3.605299,1.303769,-0.004839,0.000000,0.000000,0.000000
0.000000,-3.605299,1.303769,-0.004839,0.000000,0.000000,0.000000
0.000000,-3.600787,1.303578,-0.004839,0.000000,0.000000,0.000000
0.000000,-3.600787,1.303578,-0.004839,0.000000,0.000000,0.000000
0.000000,-3.594058,1.303386,-0.004839,0.000000,0.000000,0.000000
0.000000,-3.589127,1.303291,-0.004743,0.000000,0.000000,0.000000
0.000000,-3.589127,1.303099,-0.004743,0.000000,0.000000,0.000000
0.000000,-3.580541,1.302907,-0.004743,0.000000,0.000000,0.000000
0.000000,-3.580541,1.302620,-0.004743,0.000000,0.000000,0.000000
0.000000,-3.571869,1.302428,-0.004743,0.000000,0.000000,0.000000
0.000000,-3.555032,1.302045,-0.004743,0.000000,0.000000,0.000000
0.000000,-3.555032,1.301853,-0.004743,0.000000,0.000000,0.000000
0.000000,-3.540304,1.301470,-0.004743,0.000000,0.000000,0.000000
0.000000,-3.540304,1.301374,-0.004743,0.000000,0.000000,0.000000
0.000000,-3.513679,1.301087,-0.004743,0.000000,0.000000,0.000000
0.000000,-3.490827,1.300991,-0.004743,0.000000,0.000000,0.000000
0.000000,-3.490827,1.300512,-0.004743,0.000000,0.000000,0.000000
0.000000,-3.453364,1.300224,-0.004743,0.000000,0.000000,0.000000
0.000000,-3.453364,1.299649,-0.004743,0.000000,0.000000,0.000000
0.000000,-3.426279,1.299266,-0.004743,0.000000,0.000000,0.000000
0.000000,-3.383559,1.298786,-0.004743,0.000000,0.000000,0.000000
0.000000,-3.383559,1.298595,-0.004743,0.000000,0.000000,0.000000
0.000000,-3.350698,1.298212,-0.004743,0.000000,0.000000,0.000000
0.000000,-3.350698,1.298020,-0.004743,0.000000,0.000000,0.000000
0.000000,-3.297522,1.297541,-0.004743,0.000000,0.000000,0.000000
0.000000,-3.261590,1.297253,-0.004743,0.000000,0.000000,0.000000
0.000000,-3.261590,1.296678,-0.004743,0.000000,0.000000,0.000000
0.000000,-3.211835,1.296391,-0.004743,0.000000,0.000000,0.000000
0.000000,-3.211835,1.296008,-0.004743,0.000000,0.000000,0.000000
0.000000,-3.179161,1.295912,-0.004743,0.000000,0.000000,0.000000
0.000000,-3.130370,1.295624,-0.004743,0.000000,0.000000,0.000000
0.000000,-3.130370,1.295433,-0.004743,0.000000,0.000000,0.000000
0.000000,-3.099006,1.295145,-0.004743,0.000000,0.000000,0.000000
0.000000,-3.099006,1.294954,-0.004743,0.000000,0.000000,0.000000
0.000000,-3.058264,1.294474,-0.004743,0.000000,0.000000,0.000000
0.000000,-3.034509,1.294187,-0.004743,0.000000,0.000000,0.000000
0.000000,-3.034509,1.293708,-0.004743,0.000000,0.000000,0.000000
0.000000,-3.001371,1.293612,-0.004743,0.000000,0.000000,0.000000
0.000000,-3.001371,1.293325,-0.004743,0.000000,0.000000,0.000000
0.000000,-2.978495,1.293229,-0.004743,0.000000,0.000000,0.000000
0.000000,-2.942836,1.293037,-0.004743,0.000000,0.000000,0.000000
0.000000,-2.942836,1.292941,-0.004743,0.000000,0.000000,0.000000
0.000000,-2.919952,1.292750,-0.004743,0.000000,0.000000,0.000000
0.000000,-2.919952,1.292558,-0.004743,0.000000,0.000000,0.000000
0.000000,-2.888987,1.292270,-0.004743,0.000000,0.000000,0.000000
0.000000,-2.869960,1.292079,-0.004743,0.000000,0.000000,0.000000
0.000000,-2.869960,1.291695,-0.004743,0.000000,0.000000,0.000000
0.000000,-2.842626,1.291504,-0.004743,0.000000,0.000000,0.000000
0.000000,-2.842626,1.291121,-0.004743,0.000000,0.000000,0.000000
0.000000,-2.824656,1.290929,-0.004743,0.000000,0.000000,0.000000
0.000000,-2.796383,1.290737,-0.004743,0.000000,0.000000,0.000000
0.000000,-2.796383,1.290642,-0.004743,0.000000,0.000000,0.000000
0.000000,-2.776608,1.290546,-0.004743,0.000000,0.000000,0.000000
0.000000,-2.776608,1.290450,-0.004743,0.000000,0.000000,0.000000
0.000000,-2.747504,1.290258,-0.004743,0.000000,0.000000,0.000000
0.000000,-2.729395,1.290162,-0.004743,0.000000,0.000000,0.000000
0.000000,-2.729395,1.289875,-0.004743,0.000000,0.000000,0.000000
0.000000,-2.704854,1.289779,-0.004743,0.000000,0.000000,0.000000
0.000000,-2.704854,1.289491,-0.004743,0.000000,0.000000,0.000000
0.000000,-2.690484,1.289300,-0.004743,0.000000,0.000000,0.000000
0.000000,-2.670133,1.289013,-0.004743,0.000000,0.000000,0.000000
0.000000,-2.670133,1.288821,-0.004743,0.000000,0.000000,0.000000
0.000000,-2.657310,1.288438,-0.004743,0.000000,0.000000,0.000000
0.000000,-2.657310,1.288246,-0.004743,0.000000,0.000000,0.000000
0.000000,-2.637149,1.287958,-0.004743,0.000000,0.000000,0.000000
0.000000,-2.622617,1.287863,-0.004743,0.000000,0.000000,0.000000
0.000000,-2.622617,1.287671,-0.004743,0.000000,0.000000,0.000000
0.000000,-2.598767,1.287575,-0.004743,0.000000,0.000000,0.000000
0.000000,-2.598767,1.287287,-0.004743,0.000000,0.000000,0.000000
0.000000,-2.582433,1.287192,-0.004743,0.000000,0.000000,0.000000
0.000000,-2.558259,1.286904,-0.004743,0.000000,0.000000,0.000000
0.000000,-2.558259,1.286713,-0.004743,0.000000,0.000000,0.000000
0.000000,-2.542802,1.286330,-0.004743,0.000000,0.000000,0.000000
0.000000,-2.542802,1.286138,-0.004743,0.000000,0.000000,0.000000
0.000000,-2.520226,1.285659,-0.004743,0.000000,0.000000,0.000000
0.000000,-2.505430,1.285467,-0.004743,0.000000,0.000000,0.000000
0.000000,-2.505430,1.285179,-0.004743,0.000000,0.000000,0.000000
0.000000,-2.481092,1.285084,-0.004743,0.000000,0.000000,0.000000
0.000000,-2.481092,1.284892,-0.004743,0.000000,0.000000,0.000000
0.000000,-2.463368,1.284700,-0.004743,0.000000,0.000000,0.000000
0.000000,-2.436018,1.284508,-0.004743,0.000000,0.000000,0.000000
0.000000,-2.436018,1.284413,-0.004743,0.000000,0.000000,0.000000
0.000000,-2.418595,1.284030,-0.004743,0.000000,0.000000,0.000000
0.000000,-2.418595,1.283838,-0.004743,0.000000,0.000000,0.000000
0.000000,-2.394142,1.283359,-0.004743,0.000000,0.000000,0.000000
0.000000,-2.378790,1.283167,-0.004743,0.000000,0.000000,0.000000
0.000000,-2.378790,1.282688,-0.004743,0.000000,0.000000,0.000000
0.000000,-2.355079,1.282496,-0.004743,0.000000,0.000000,0.000000
0.000000,-2.355079,1.282209,-0.004743,0.000000,0.000000,0.000000
0.000000,-2.337902,1.282209,-0.004743,0.000000,0.000000,0.000000
0.000000,-2.309792,1.282017,-0.004743,0.000000,0.000000,0.000000
0.000000,-2.309792,1.281922,-0.004743,0.000000,0.000000,0.000000
0.000000,-2.290461,1.281729,-0.004743,0.000000,0.000000,0.000000
0.000000,-2.290461,1.281634,-0.004743,0.000000,0.000000,0.000000
0.000000,-2.263295,1.281346,-0.004743,0.000000,0.000000,0.000000
0.000000,-2.246924,1.281250,-0.004743,0.000000,0.000000,0.000000
0.000000,-2.246924,1.280963,-0.004743,0.000000,0.000000,0.000000
0.000000,-2.224724,1.280867,-0.004743,0.000000,0.000000,0.000000
0.000000,-2.224724,1.280579,-0.004743,0.000000,0.000000,0.000000
0.000000,-2.211067,1.280483,-0.004743,0.000000,0.000000,0.000000
0.000000,-2.192404,1.280292,-0.004743,0.000000,0.000000,0.000000
0.000000,-2.192404,1.280196,-0.004743,0.000000,0.000000,0.000000
0.000000,-2.181186,1.280100,-0.004743,0.000000,0.000000,0.000000
0.000000,-2.181186,1.280004,-0.004743,0.000000,0.000000,0.000000
0.000000,-2.165975,1.280004,-0.004743,0.000000,0.000000,0.000000
0.000000,-2.157500,1.279908,-0.004743,0.000000,0.000000,0.000000
0.000000,-2.157500,1.279908,-0.004743,0.000000,0.000000,0.000000
0.000000,-2.147631,1.279908,-0.004743,0.000000,0.000000,0.000000
0.000000,-2.147631,1.279908,-0.004743,0.000000,0.000000,0.000000
0.000000,-2.143418,1.279908,-0.004743,0.000000,0.000000,0.000000
0.000000,-2.140179,1.279908,-0.004743,0.000000,0.000000,0.000000
0.000000,-2.140179,1.279908,-0.004743,0.000000,0.000000,0.000000
0.000000,-2.141077,1.279908,-0.004743,0.000000,0.000000,0.000000
0.000000,-2.141077,1.279908,-0.004743,0.000000,0.000000,0.000000
0.000000,-2.144488,1.279908,-0.004743,0.000000,0.000000,0.000000
0.000000,-2.147268,1.279908,-0.004743,0.000000,0.000000,0.000000
0.000000,-2.147268,1.279908,-0.004743,0.000000,0.000000,0.000000
0.000000,-2.150524,1.279908,-0.004743,0.000000,0.000000,0.000000
0.000000,-2.150524,1.279908,-0.004743,0.000000,0.000000,0.000000
0.000000,-2.152387,1.279908,-0.004743,0.000000,0.000000,0.000000
0.000000,-2.154137,1.279908,-0.004743,0.000000,0.000000,0.000000
0.000000,-2.154137,1.279908,-0.004743,0.000000,0.000000,0.000000
0.000000,-2.155420,1.279908,-0.004743,0.000000,0.000000,0.000000
0.000000,-2.155420,1.279908,-0.004743,0.000000,0.000000,0.000000
0.000000,-2.157831,1.279908,-0.004743,0.000000,0.000000,0.000000
0.000000,-2.160667,1.279908,-0.004743,0.000000,0.000000,0.000000
0.000000,-2.160667,1.279908,-0.004743,0.000000,0.000000,0.000000
0.000000,-2.165991,1.279908,-0.004743,0.000000,0.000000,0.000000
0.000000,-2.165991,1.279908,-0.004743,0.000000,0.000000,0.000000
0.000000,-2.170349,1.279908,-0.004743,0.000000,0.000000,0.000000
0.000000,-2.176768,1.279908,-0.004743,0.000000,0.000000,0.000000
0.000000,-2.176768,1.279908,-0.004743,0.000000,0.000000,0.000000
0.000000,-2.180273,1.279908,-0.004743,0.000000,0.000000,0.000000
0.000000,-2.180273,1.279908,-0.004743,0.000000,0.000000,0.000000
0.000000,-2.183944,1.279908,-0.004743,0.000000,0.000000,0.000000
0.000000,-2.185871,1.279908,-0.004743,0.000000,0.000000,0.000000
0.000000,-2.185871,1.279908,-0.004743,0.000000,0.000000,0.000000
0.000000,-2.187339,1.279908,-0.004743,0.000000,0.000000,0.000000
0.000000,-2.187339,1.279908,-0.004743,0.000000,0.000000,0.000000
0.000000,-2.187751,1.279908,-0.004743,0.000000,0.000000,0.000000
0.000000,-2.188138,1.279908,-0.004743,0.000000,0.000000,0.000000
0.000000,-2.188138,1.279908,-0.004743,0.000000,0.000000,0.000000
0.000000,-2.188259,1.279908,-0.004743,0.000000,0.000000,0.000000
0.000000,-2.188259,1.279908,-0.004743,0.000000,0.000000,0.000000
0.000000,-2.189550,1.279908,-0.004743,0.000000,0.000000,0.000000
0.000000,-2.190720,1.279908,-0.004743,0.000000,0.000000,0.000000
0.000000,-2.190720,1.279908,-0.004743,0.000000,0.000000,0.000000
0.000000,-2.193054,1.279908,-0.004743,0.000000,0.000000,0.000000
0.000000,-2.193054,1.279908,-0.004743,0.000000,0.000000,0.000000
0.000000,-2.195088,1.279908,-0.004743,0.000000,0.000000,0.000000
0.000000,-2.199649,1.279908,-0.004743,0.000000,0.000000,0.000000
0.000000,-2.199649,1.279908,-0.004743,0.000000,0.000000,0.000000
0.000000,-2.203305,1.279908,-0.004743,0.000000,0.000000,0.000000
0.000000,-2.203305,1.279908,-0.004743,0.000000,0.000000,0.000000
0.000000,-2.208415,1.279908,-0.004743,0.000000,0.000000,0.000000
0.000000,-2.211982,1.279908,-0.004743,0.000000,0.000000,0.000000
0.000000,-2.211982,1.279908,-0.004743,0.000000,0.000000,0.000000
0.000000,-2.217042,1.279908,-0.004743,0.000000,0.000000,0.000000
0.000000,-2.217042,1.279908,-0.004743,0.000000,0.000000,0.000000
0.000000,-2.219843,1.279908,-0.004743,0.000000,0.000000,0.000000
0.000000,-2.223451,1.279908,-0.004743,0.000000,0.000000,0.000000
0.000000,-2.223451,1.279908,-0.004743,0.000000,0.000000,0.000000
0.000000,-2.225636,1.279908,-0.004743,0.000000,0.000000,0.000000
0.000000,-2.225636,1.279908,-0.004743,0.000000,0.000000,0.000000
0.000000,-2.227847,1.279908,-0.004743,0.000000,0.000000,0.000000
0.000000,-2.227923,1.279908,-0.004743,0.000000,0.000000,0.000000
0.000000,-2.227923,1.279908,-0.004743,0.000000,0.000000,0.000000
0.000000,-2.225794,1.279908,-0.004743,0.000000,0.000000,0.000000
0.000000,-2.225794,1.279908,-0.004743,0.000000,0.000000,0.000000
0.000000,-2.223369,1.279908,-0.004743,0.000000,0.000000,0.000000
0.000000,-2.219452,1.279908,-0.004743,0.000000,0.000000,0.000000
0.000000,-2.219452,1.279908,-0.004743,0.000000,0.000000,0.000000
0.000000,-2.216628,1.279908,-0.004743,0.000000,0.000000,0.000000
0.000000,-2.216628,1.279908,-0.004743,0.000000,0.000000,0.000000
0.000000,-2.212692,1.279908,-0.004743,0.000000,0.000000,0.000000
0.000000,-2.209953,1.279908,-0.004743,0.000000,0.000000,0.000000
0.000000,-2.209953,1.279908,-0.004743,0.000000,0.000000,0.000000
0.000000,-2.206297,1.279908,-0.004743,0.000000,0.000000,0.000000
0.000000,-2.206297,1.279908,-0.004743,0.000000,0.000000,0.000000
0.000000,-2.204306,1.279908,-0.004743,0.000000,0.000000,0.000000
0.000000,-2.203394,1.279908,-0.004743,0.000000,0.000000,0.000000
0.000000,-2.203394,1.279908,-0.004743,0.000000,0.000000,0.000000
0.000000,-2.204713,1.279908,-0.004743,0.000000,0.000000,0.000000
0.000000,-2.204713,1.279908,-0.004743,0.000000,0.000000,0.000000
0.000000,-2.209403,1.279908,-0.004743,0.000000,0.000000,0.000000
0.000000,-2.213277,1.279908,-0.004743,0.000000,0.000000,0.000000
0.000000,-2.213277,1.279908,-0.004743,0.000000,0.000000,0.000000
0.000000,-2.219160,1.279908,-0.004743,0.000000,0.000000,0.000000
0.000000,-2.219160,1.279908,-0.004743,0.000000,0.000000,0.000000
0.000000,-2.222579,1.279908,-0.004743,0.000000,0.000000,0.000000
0.000000,-2.225100,1.279908,-0.004743,0.000000,0.000000,0.000000
0.000000,-2.225100,1.279908,-0.004743,0.000000,0.000000,0.000000
0.000000,-2.224593,1.279908,-0.004743,0.000000,0.000000,0.000000
0.000000,-2.224593,1.279908,-0.004743,0.000000,0.000000,0.000000
0.000000,-2.221393,1.279908,-0.004743,0.000000,0.000000,0.000000
0.000000,-2.218026,1.279908,-0.004743,0.000000,0.000000,0.000000
0.000000,-2.218026,1.279908,-0.004743,0.000000,0.000000,0.000000
0.000000,-2.211948,1.279908,-0.004743,0.000000,0.000000,0.000000
0.000000,-2.211948,1.279908,-0.004743,0.000000,0.000000,0.000000
0.000000,-2.207554,1.279908,-0.004743,0.000000,0.000000,0.000000
0.000000,-2.202040,1.279908,-0.004743,0.000000,0.000000,0.000000
0.000000,-2.202040,1.279813,-0.004743,0.000000,0.000000,0.000000
0.000000,-2.198264,1.279813,-0.004743,0.000000,0.000000,0.000000
0.000000,-2.198264,1.279813,-0.004743,0.000000,0.000000,0.000000
0.000000,-2.192437,1.279717,-0.004743,0.000000,0.000000,0.000000
0.000000,-2.188786,1.279717,-0.004743,0.000000,0.000000,0.000000
0.000000,-2.188786,1.279717,-0.004743,0.000000,0.000000,0.000000
0.000000,-2.184439,1.279717,-0.004743,0.000000,0.000000,0.000000
0.000000,-2.184439,1.279717,-0.004743,0.000000,0.000000,0.000000
0.000000,-2.181965,1.279717,-0.004743,0.000000,0.000000,0.000000
0.000000,-2.179284,1.279717,-0.004743,0.000000,0.000000,0.000000
0.000000,-2.179284,1.279717,-0.004743,0.000000,0.000000,0.000000
0.000000,-2.178412,1.279717,-0.004743,0.000000,0.000000,0.000000
0.000000,-2.178412,1.279717,-0.004743,0.000000,0.000000,0.000000
0.000000,-2.179341,1.279717,-0.004743,0.000000,0.000000,0.000000
0.000000,-2.181007,1.279717,-0.004743,0.000000,0.000000,0.000000
0.000000,-2.181007,1.279717,-0.004743,0.000000,0.000000,0.000000
0.000000,-2.184261,1.279717,-0.004743,0.000000,0.000000,0.000000
0.000000,-2.184261,1.279717,-0.004743,0.000000,0.000000,0.000000
0.000000,-2.186492,1.279717,-0.004743,0.000000,0.000000,0.000000
0.000000,-2.189403,1.279717,-0.004743,0.000000,0.000000,0.000000
0.000000,-2.189403,1.279717,-0.004743,0.000000,0.000000,0.000000
0.000000,-2.190674,1.279717,-0.004743,0.000000,0.000000,0.000000
0.000000,-2.190674,1.279717,-0.004743,0.000000,0.000000,0.000000
0.000000,-2.191349,1.279717,-0.004743,0.000000,0.000000,0.000000
0.000000,-2.190984,1.279717,-0.004743,0.000000,0.000000,0.000000
0.000000,-2.190984,1.279717,-0.004743,0.000000,0.000000,0.000000
0.000000,-2.189928,1.279717,-0.004743,0.000000,0.000000,0.000000
0.000000,-2.189928,1.279717,-0.004743,0.000000,0.000000,0.000000
0.000000,-2.188683,1.279717,-0.004743,0.000000,0.000000,0.000000
0.000000,-2.186109,1.279621,-0.004743,0.000000,0.000000,0.000000
0.000000,-2.186109,1.279621,-0.004743,0.000000,0.000000,0.000000
0.000000,-2.183620,1.279621,-0.004743,0.000000,0.000000,0.000000
0.000000,-2.183620,1.279621,-0.004743,0.000000,0.000000,0.000000
0.000000,-2.179656,1.279621,-0.004743,0.000000,0.000000,0.000000
0.000000,-2.176915,1.279621,-0.004743,0.000000,0.000000,0.000000
0.000000,-2.176915,1.279621,-0.004743,0.000000,0.000000,0.000000
0.000000,-2.173040,1.279621,-0.004743,0.000000,0.000000,0.000000
0.000000,-2.173040,1.279526,-0.004743,0.000000,0.000000,0.000000
0.000000,-2.170443,1.279526,-0.004743,0.000000,0.000000,0.000000
0.000000,-2.166869,1.279526,-0.004743,0.000000,0.000000,0.000000
0.000000,-2.166869,1.279526,-0.004743,0.000000,0.000000,0.000000
0.000000,-2.165059,1.279526,-0.004743,0.000000,0.000000,0.000000
0.000000,-2.165059,1.279526,-0.004743,0.000000,0.000000,0.000000
0.000000,-2.164177,1.279526,-0.004743,0.000000,0.000000,0.000000
0.000000,-2.164169,1.279526,-0.004743,0.000000,0.000000,0.000000
0.000000,-2.164169,1.279526,-0.004743,0.000000,0.000000,0.000000
0.000000,-2.164459,1.279526,-0.004743,0.000000,0.000000,0.000000
0.000000,-2.164459,1.279526,-0.004743,0.000000,0.000000,0.000000
0.000000,-2.164766,1.279430,-0.004743,0.000000,0.000000,0.000000
0.000000,-2.164656,1.279430,-0.004743,0.000000,0.000000,0.000000
0.000000,-2.164656,1.279430,-0.004743,0.000000,0.000000,0.000000
0.000000,-2.164001,1.279430,-0.004743,0.000000,0.000000,0.000000
0.000000,-2.164001,1.279430,-0.004743,0.000000,0.000000,0.000000
0.000000,-2.161387,1.279334,-0.004743,0.000000,0.000000,0.000000
0.000000,-2.158803,1.279334,-0.004743,0.000000,0.000000,0.000000
0.000000,-2.158803,1.279334,-0.004743,0.000000,0.000000,0.000000
0.000000,-2.155499,1.279238,-0.004743,0.000000,0.000000,0.000000
0.000000,-2.155499,1.279238,-0.004743,0.000000,0.000000,0.000000
0.000000,-2.154242,1.279142,-0.004743,0.000000,0.000000,0.000000
0.000000,-2.152672,1.279142,-0.004743,0.000000,0.000000,0.000000
0.000000,-2.152672,1.279046,-0.004743,0.000000,0.000000,0.000000
0.000000,-2.151930,1.279046,-0.004743,0.000000,0.000000,0.000000
0.000000,-2.151930,1.278950,-0.004743,0.000000,0.000000,0.000000
0.000000,-2.150561,1.278950,-0.004743,0.000000,0.000000,0.000000
0.000000,-2.148907,1.278855,-0.004743,0.000000,0.000000,0.000000
0.000000,-2.148907,1.278855,-0.004743,0.000000,0.000000,0.000000
0.000000,-2.144880,1.278759,-0.004743,0.000000,0.000000,0.000000
0.000000,-2.144880,1.278663,-0.004743,0.000000,0.000000,0.000000
0.000000,-2.141150,1.278567,-0.004743,0.000000,0.000000,0.000000
0.000000,-2.134603,1.278471,-0.004743,0.000000,0.000000,0.000000
0.000000,-2.134603,1.278375,-0.004743,0.000000,0.000000,0.000000
0.000000,-2.129774,1.278280,-0.004743,0.000000,0.000000,0.000000
0.000000,-2.129774,1.278184,-0.004743,0.000000,0.000000,0.000000
0.000000,-2.121426,1.277992,-0.004743,0.000000,0.000000,0.000000
0.000000,-2.115748,1.277896,-0.004743,0.000000,0.000000,0.000000
0.000000,-2.115748,1.277704,-0.004743,0.000000,0.000000,0.000000
0.000000,-2.107338,1.277513,-0.004743,0.000000,0.000000,0.000000
0.000000,-2.107338,1.277417,-0.004743,0.000000,0.000000,0.000000
0.000000,-2.101541,1.277321,-0.004743,0.000000,0.000000,0.000000
0.000000,-2.092171,1.277225,-0.004743,0.000000,0.000000,0.000000
0.000000,-2.092171,1.277130,-0.004743,0.000000,0.000000,0.000000
0.000000,-2.085640,1.277034,-0.004743,0.000000,0.000000,0.000000
0.000000,-2.085640,1.277034,-0.004743,0.000000,0.000000,0.000000
0.000000,-2.076800,1.276938,-0.004743,0.000000,0.000000,0.000000
0.000000,-2.072231,1.276938,-0.004743,0.000000,0.000000,0.000000
0.000000,-2.072231,1.276938,-0.004743,0.000000,0.000000,0.000000
0.000000,-2.066626,1.276842,-0.004743,0.000000,0.000000,0.000000
0.000000,-2.066626,1.276842,-0.004743,0.000000,0.000000,0.000000
0.000000,-2.063838,1.276842,-0.004743,0.000000,0.000000,0.000000
0.000000,-2.061232,1.276842,-0.004743,0.000000,0.000000,0.000000
0.000000,-2.061232,1.276842,-0.004743,0.000000,0.000000,0.000000
0.000000,-2.060360,1.276842,-0.004743,0.000000,0.000000,0.000000
0.000000,-2.060360,1.276842,-0.004743,0.000000,0.000000,0.000000
0.000000,-2.059068,1.276842,-0.004743,0.000000,0.000000,0.000000
0.000000,-2.058108,1.276842,-0.004743,0.000000,0.000000,0.000000
0.000000,-2.058108,1.276842,-0.004743,0.000000,0.000000,0.000000
0.000000,-2.055798,1.276747,-0.004743,0.000000,0.000000,0.000000
0.000000,-2.055798,1.276747,-0.004743,0.000000,0.000000,0.000000
0.000000,-2.053524,1.276651,-0.004743,0.000000,0.000000,0.000000
0.000000,-2.048797,1.276651,-0.004743,0.000000,0.000000,0.000000
0.000000,-2.048797,1.276555,-0.004743,0.000000,0.000000,0.000000
0.000000,-2.045149,1.276459,-0.004743,0.000000,0.000000,0.000000
0.000000,-2.045149,1.276459,-0.004743,0.000000,0.000000,0.000000
0.000000,-2.040351,1.276363,-0.004743,0.000000,0.000000,0.000000
0.000000,-2.037306,1.276363,-0.004743,0.000000,0.000000,0.000000
0.000000,-2.037306,1.276267,-0.004743,0.000000,0.000000,0.000000
0.000000,-2.032027,1.276267,-0.004743,0.000000,0.000000,0.000000
0.000000,-2.032027,1.276076,-0.004743,0.000000,0.000000,0.000000
0.000000,-2.027190,1.276076,-0.004743,0.000000,0.000000,0.000000
0.000000,-2.018042,1.275884,-0.004743,0.000000,0.000000,0.000000
0.000000,-2.018042,1.275788,-0.004743,0.000000,0.000000,0.000000
0.000000,-2.010503,1.275596,-0.004743,0.000000,0.000000,0.000000
0.000000,-2.010503,1.275501,-0.004743,0.000000,0.000000,0.000000
0.000000,-1.997949,1.275309,-0.004743,0.000000,0.000000,0.000000
0.000000,-1.988673,1.275213,-0.004743,0.000000,0.000000,0.000000
0.000000,-1.988673,1.275021,-0.004743,0.000000,0.000000,0.000000
0.000000,-1.974392,1.274830,-0.004743,0.000000,0.000000,0.000000
0.000000,-1.974392,1.274734,-0.004743,0.000000,0.000000,0.000000
0.000000,-1.965347,1.274638,-0.004743,0.000000,0.000000,0.000000
0.000000,-1.953496,1.274543,-0.004743,0.000000,0.000000,0.000000
0.000000,-1.953496,1.274447,-0.004743,0.000000,0.000000,0.000000
0.000000,-1.947269,1.274447,-0.004743,0.000000,0.000000,0.000000
0.000000,-1.947269,1.274447,-0.004743,0.000000,0.000000,0.000000
0.000000,-1.940442,1.274447,-0.004743,0.000000,0.000000,0.000000
0.000000,-1.937328,1.274351,-0.004743,0.000000,0.000000,0.000000
0.000000,-1.937328,1.274351,-0.004743,0.000000,0.000000,0.000000
0.000000,-1.934011,1.274351,-0.004743,0.000000,0.000000,0.000000
0.000000,-1.934011,1.274351,-0.004743,0.000000,0.000000,0.000000
0.000000,-1.933484,1.274351,-0.004743,0.000000,0.000000,0.000000
0.000000,-1.934513,1.274351,-0.004743,0.000000,0.000000,0.000000
0.000000,-1.934513,1.274351,-0.004743,0.000000,0.000000,0.000000
0.000000,-1.936526,1.274351,-0.004743,0.000000,0.000000,0.000000
0.000000,-1.936526,1.274351,-0.004743,0.000000,0.000000,0.000000
0.000000,-1.939184,1.274351,-0.004743,0.000000,0.000000,0.000000
0.000000,-1.940231,1.274351,-0.004743,0.000000,0.000000,0.000000
0.000000,-1.940231,1.274351,-0.004743,0.000000,0.000000,0.000000
0.000000,-1.941287,1.274351,-0.004743,0.000000,0.000000,0.000000
0.000000,-1.941287,1.274351,-0.004743,0.000000,0.000000,0.000000
0.000000,-1.941807,1.274351,-0.004743,0.000000,0.000000,0.000000
0.000000,-1.942810,1.274351,-0.004743,0.000000,0.000000,0.000000
0.000000,-1.942810,1.274351,-0.004743,0.000000,0.000000,0.000000
0.000000,-1.945148,1.274351,-0.004743,0.000000,0.000000,0.000000
0.000000,-1.945148,1.274351,-0.004743,0.000000,0.000000,0.000000
0.000000,-1.952419,1.274447,-0.004743,0.000000,0.000000,0.000000
0.000000,-1.959180,1.274447,-0.004743,0.000000,0.000000,0.000000
0.000000,-1.959180,1.274543,-0.004743,0.000000,0.000000,0.000000
0.000000,-1.966932,1.274543,-0.004743,0.000000,0.000000,0.000000
0.000000,-1.966932,1.274543,-0.004743,0.000000,0.000000,0.000000
0.000000,-1.973053,1.274543,-0.004743,0.000000,0.000000,0.000000
0.000000,-1.988917,1.274543,-0.004743,0.000000,0.000000,0.000000
0.000000,-1.988917,1.274543,-0.004743,0.000000,0.000000,0.000000
0.000000,-2.005226,1.274543,-0.004743,0.000000,0.000000,0.000000
0.000000,-2.005226,1.274543,-0.004743,0.000000,0.000000,0.000000
0.000000,-2.032328,1.274543,-0.004743,0.000000,0.000000,0.000000
0.000000,-2.049806,1.274543,-0.004743,0.000000,0.000000,0.000000
0.000000,-2.049806,1.274543,-0.004743,0.000000,0.000000,0.000000
0.000000,-2.073008,1.274543,-0.004743,0.000000,0.000000,0.000000
0.000000,-2.073008,1.274543,-0.004743,0.000000,0.000000,0.000000
0.000000,-2.086113,1.274543,-0.004743,0.000000,0.000000,0.000000
0.000000,-2.104037,1.274543,-0.004743,0.000000,0.000000,0.000000
0.000000,-2.104037,1.274543,-0.004743,0.000000,0.000000,0.000000
0.000000,-2.117349,1.274543,-0.004743,0.000000,0.000000,0.000000
0.000000,-2.117349,1.274543,-0.004743,0.000000,0.000000,0.000000
0.000000,-2.139316,1.274543,-0.004743,0.000000,0.000000,0.000000
0.000000,-2.152597,1.274543,-0.004743,0.000000,0.000000,0.000000
0.000000,-2.152597,1.274543,-0.004743,0.000000,0.000000,0.000000
0.000000,-2.170824,1.274543,-0.004743,0.000000,0.000000,0.000000
0.000000,-2.170824,1.274543,-0.004743,0.000000,0.000000,0.000000
0.000000,-2.181770,1.274543,-0.004743,0.000000,0.000000,0.000000
0.000000,-2.195665,1.274543,-0.004743,0.000000,0.000000,0.000000
0.000000,-2.195665,1.274543,-0.004743,0.000000,0.000000,0.000000
0.000000,-2.201444,1.274543,-0.004743,0.000000,0.000000,0.000000
0.000000,-2.201444,1.274543,-0.004743,0.000000,0.000000,0.000000
0.000000,-2.206714,1.274543,-0.004743,0.000000,0.000000,0.000000
0.000000,-2.207098,1.274543,-0.004743,0.000000,0.000000,0.000000
0.000000,-2.207098,1.274543,-0.004743,0.000000,0.000000,0.000000
0.000000,-2.203861,1.274543,-0.004743,0.000000,0.000000,0.000000
0.000000,-2.203861,1.274543,-0.004743,0.000000,0.000000,0.000000
0.000000,-2.199409,1.274543,-0.004743,0.000000,0.000000,0.000000
0.000000,-2.192471,1.274543,-0.004743,0.000000,0.000000,0.000000
0.000000,-2.192471,1.274543,-0.004743,0.000000,0.000000,0.000000
0.000000,-2.186749,1.274543,-0.004743,0.000000,0.000000,0.000000
0.000000,-2.186749,1.274543,-0.004743,0.000000,0.000000,0.000000
0.000000,-2.176336,1.274543,-0.004743,0.000000,0.000000,0.000000
0.000000,-2.168226,1.274543,-0.004743,0.000000,0.000000,0.000000
0.000000,-2.168226,1.274543,-0.004743,0.000000,0.000000,0.000000
0.000000,-2.156902,1.274543,-0.004743,0.000000,0.000000,0.000000
0.000000,-2.156902,1.274543,-0.004743,0.000000,0.000000,0.000000
0.000000,-2.150416,1.274543,-0.004743,0.000000,0.000000,0.000000
0.000000,-2.141721,1.274543,-0.004743,0.000000,0.000000,0.000000
0.000000,-2.141721,1.274543,-0.004743,0.000000,0.000000,0.000000
0.000000,-2.136671,1.274543,-0.004743,0.000000,0.000000,0.000000
0.000000,-2.136671,1.274543,-0.004743,0.000000,0.000000,0.000000
0.000000,-2.129968,1.274543,-0.004743,0.000000,0.000000,0.000000
0.000000,-2.125559,1.274543,-0.004743,0.000000,0.000000,0.000000
0.000000,-2.125559,1.274543,-0.004743,0.000000,0.000000,0.000000
0.000000,-2.118976,1.274543,-0.004743,0.000000,0.000000,0.000000
0.000000,-2.118976,1.274543,-0.004743,0.000000,0.000000,0.000000
0.000000,-2.114269,1.274543,-0.004743,0.000000,0.000000,0.000000
0.000000,-2.107928,1.274543,-0.004743,0.000000,0.000000,0.000000
0.000000,-2.107928,1.274543,-0.004743,0.000000,0.000000,0.000000
0.000000,-2.104227,1.274543,-0.004743,0.000000,0.000000,0.000000
0.000000,-2.104227,1.274543,-0.004743,0.000000,0.000000,0.000000
0.000000,-2.099699,1.274543,-0.004743,0.000000,0.000000,0.000000
0.000000,-2.096560,1.274543,-0.004743,0.000000,0.000000,0.000000
0.000000,-2.096560,1.274543,-0.004743,0.000000,0.000000,0.000000
0.000000,-2.091030,1.274543,-0.004743,0.000000,0.000000,0.000000
0.000000,-2.091030,1.274543,-0.004743,0.000000,0.000000,0.000000
0.000000,-2.086955,1.274543,-0.004743,0.000000,0.000000,0.000000
0.000000,-2.081247,1.274543,-0.004743,0.000000,0.000000,0.000000
0.000000,-2.081247,1.274543,-0.004743,0.000000,0.000000,0.000000
0.000000,-2.077134,1.274543,-0.004743,0.000000,0.000000,0.000000
0.000000,-2.077134,1.274543,-0.004743,0.000000,0.000000,0.000000
0.000000,-2.071025,1.274543,-0.004743,0.000000,0.000000,0.000000
0.000000,-2.066488,1.274543,-0.004743,0.000000,0.000000,0.000000
0.000000,-2.066488,1.274543,-0.004743,0.000000,0.000000,0.000000
0.000000,-2.058827,1.274543,-0.004743,0.000000,0.000000,0.000000
0.000000,-2.058827,1.274543,-0.004743,0.000000,0.000000,0.000000
0.000000,-2.052064,1.274543,-0.004743,0.000000,0.000000,0.000000
0.000000,-2.040513,1.274543,-0.004743,0.000000,0.000000,0.000000
0.000000,-2.040513,1.274543,-0.004743,0.000000,0.000000,0.000000
0.000000,-2.032585,1.274447,-0.004743,0.000000,0.000000,0.000000
0.000000,-2.032585,1.274447,-0.004743,0.000000,0.000000,0.000000
0.000000,-2.021686,1.274447,-0.004743,0.000000,0.000000,0.000000
0.000000,-2.015532,1.274447,-0.004743,0.000000,0.000000,0.000000
0.000000,-2.015532,1.274447,-0.004743,0.000000,0.000000,0.000000
0.000000,-2.008276,1.274447,-0.004743,0.000000,0.000000,0.000000
0.000000,-2.008276,1.274447,-0.004743,0.000000,0.000000,0.000000
0.000000,-2.005752,1.274447,-0.004743,0.000000,0.000000,0.000000
0.000000,-2.004541,1.274447,-0.004743,0.000000,0.000000,0.000000
0.000000,-2.004541,1.274447,-0.004743,0.000000,0.000000,0.000000
0.000000,-2.005643,1.274447,-0.004743,0.000000,0.000000,0.000000
0.000000,-2.005643,1.274447,-0.004743,0.000000,0.000000,0.000000
0.000000,-2.008534,1.274447,-0.004743,0.000000,0.000000,0.000000
0.000000,-2.011523,1.274447,-0.004743,0.000000,0.000000,0.000000
0.000000,-2.011523,1.274447,-0.004743,0.000000,0.000000,0.000000
0.000000,-2.016571,1.274351,-0.004743,0.000000,0.000000,0.000000
0.000000,-2.016571,1.274351,-0.004743,0.000000,0.000000,0.000000
0.000000,-2.020287,1.274351,-0.004743,0.000000,0.000000,0.000000
0.000000,-2.026175,1.274351,-0.004743,0.000000,0.000000,0.000000
0.000000,-2.026175,1.274351,-0.004743,0.000000,0.000000,0.000000
0.000000,-2.030376,1.274351,-0.004743,0.000000,0.000000,0.000000
0.000000,-2.030376,1.274351,-0.004743,0.000000,0.000000,0.000000
0.000000,-2.036661,1.274255,-0.004743,0.000000,0.000000,0.000000
0.000000,-2.041164,1.274255,-0.004743,0.000000,0.000000,0.000000
0.000000,-2.041164,1.274255,-0.004743,0.000000,0.000000,0.000000
0.000000,-2.048116,1.274159,-0.004743,0.000000,0.000000,0.000000
0.000000,-2.048116,1.274159,-0.004743,0.000000,0.000000,0.000000
0.000000,-2.052135,1.274159,-0.004743,0.000000,0.000000,0.000000
0.000000,-2.056427,1.274063,-0.004743,0.000000,0.000000,0.000000
0.000000,-2.056427,1.274063,-0.004743,0.000000,0.000000,0.000000
0.000000,-2.057721,1.273968,-0.004743,0.000000,0.000000,0.000000
0.000000,-2.057721,1.273968,-0.004743,0.000000,0.000000,0.000000
0.000000,-2.062887,1.273872,-0.004743,0.000000,0.000000,0.000000
0.000000,-2.067645,1.273872,-0.004743,0.000000,0.000000,0.000000
0.000000,-2.067645,1.273680,-0.004743,0.000000,0.000000,0.000000
0.000000,-2.075279,1.273680,-0.004743,0.000000,0.000000,0.000000
0.000000,-2.075279,1.273488,-0.004743,0.000000,0.000000,0.000000
0.000000,-2.080649,1.273488,-0.004743,0.000000,0.000000,0.000000
0.000000,-2.087389,1.273297,-0.004743,0.000000,0.000000,0.000000
0.000000,-2.087389,1.273201,-0.004743,0.000000,0.000000,0.000000
0.000000,-2.089940,1.272913,-0.004743,0.000000,0.000000,0.000000
0.000000,-2.089940,1.272817,-0.004743,0.000000,0.000000,0.000000
0.000000,-2.091395,1.272434,-0.004743,0.000000,0.000000,0.000000
0.000000,-2.091152,1.272147,-0.004743,0.000000,0.000000,0.000000
0.000000,-2.091152,1.271572,-0.004743,0.000000,0.000000,0.000000
0.000000,-2.086765,1.271380,-0.004743,0.000000,0.000000,0.000000
0.000000,-2.086765,1.270997,-0.004743,0.000000,0.000000,0.000000
0.000000,-2.079377,1.270901,-0.004743,0.000000,0.000000,0.000000
0.000000,-2.063758,1.270613,-0.004743,0.000000,0.000000,0.000000
0.000000,-2.063758,1.270518,-0.004743,0.000000,0.000000,0.000000
0.000000,-2.052752,1.270038,-0.004743,0.000000,0.000000,0.000000
0.000000,-2.052752,1.269847,-0.004743,0.000000,0.000000,0.000000
0.000000,-2.037682,1.269272,-0.004743,0.000000,0.000000,0.000000
0.000000,-2.028443,1.268889,-0.004743,0.000000,0.000000,0.000000
0.000000,-2.028443,1.268505,-0.004743,0.000000,0.000000,0.000000
0.000000,-2.012889,1.268409,-0.004743,0.000000,0.000000,0.000000
0.000000,-2.012889,1.268122,-0.004743,0.000000,0.000000,0.000000
0.000000,-2.000856,1.268122,-0.004743,0.000000,0.000000,0.000000
0.000000,-1.983467,1.267834,-0.004743,0.000000,0.000000,0.000000
0.000000,-1.983467,1.267739,-0.004743,0.000000,0.000000,0.000000
0.000000,-1.973922,1.267356,-0.004743,0.000000,0.000000,0.000000
0.000000,-1.973922,1.267164,-0.004743,0.000000,0.000000,0.000000
0.000000,-1.960755,1.266493,-0.004743,0.000000,0.000000,0.000000
0.000000,-1.951993,1.266206,-0.004743,0.000000,0.000000,0.000000
0.000000,-1.951993,1.265726,-0.004743,0.000000,0.000000,0.000000
0.000000,-1.935075,1.265439,-0.004743,0.000000,0.000000,0.000000
0.000000,-1.935075,1.265152,-0.004743,0.000000,0.000000,0.000000
0.000000,-1.918590,1.264960,-0.004743,0.000000,0.000000,0.000000
0.000000,-1.890775,1.264577,-0.004743,0.000000,0.000000,0.000000
0.000000,-1.890775,1.264385,-0.004743,0.000000,0.000000,0.000000
0.000000,-1.873409,1.263906,-0.004743,0.000000,0.000000,0.000000
0.000000,-1.873409,1.263714,-0.004743,0.000000,0.000000,0.000000
0.000000,-1.849878,1.263139,-0.004743,0.000000,0.000000,0.000000
0.000000,-1.834071,1.262947,-0.004743,0.000000,0.000000,0.000000
0.000000,-1.834071,1.262660,-0.004743,0.000000,0.000000,0.000000
0.000000,-1.807818,1.262564,-0.004743,0.000000,0.000000,0.000000
0.000000,-1.807818,1.262277,-0.004743,0.000000,0.000000,0.000000
0.000000,-1.788692,1.262181,-0.004743,0.000000,0.000000,0.000000
0.000000,-1.761285,1.261798,-0.004743,0.000000,0.000000,0.000000
0.000000,-1.761285,1.261606,-0.004743,0.000000,0.000000,0.000000
0.000000,-1.743778,1.260935,-0.004743,0.000000,0.000000,0.000000
0.000000,-1.743778,1.260648,-0.004743,0.000000,0.000000,0.000000
0.000000,-1.716869,1.260169,-0.004743,0.000000,0.000000,0.000000
0.000000,-1.695874,1.259977,-0.004743,0.000000,0.000000,0.000000
0.000000,-1.695874,1.259690,-0.004743,0.000000,0.000000,0.000000
0.000000,-1.658124,1.259498,-0.004743,0.000000,0.000000,0.000000
0.000000,-1.658124,1.259115,-0.004743,0.000000,0.000000,0.000000
0.000000,-1.632504,1.258923,-0.004743,0.000000,0.000000,0.000000
0.000000,-1.596856,1.258252,-0.004743,0.000000,0.000000,0.000000
0.000000,-1.596856,1.257965,-0.004743,0.000000,0.000000,0.000000
0.000000,-1.573014,1.257390,-0.004743,0.000000,0.000000,0.000000
0.000000,-1.573014,1.257198,-0.004743,0.000000,0.000000,0.000000
0.000000,-1.533321,1.256815,-0.004743,0.000000,0.000000,0.000000
0.000000,-1.503912,1.256623,-0.004743,0.000000,0.000000,0.000000
0.000000,-1.503912,1.256240,-0.004743,0.000000,0.000000,0.000000
0.000000,-1.459373,1.255952,-0.004743,0.000000,0.000000,0.000000
0.000000,-1.459373,1.255186,-0.004743,0.000000,0.000000,0.000000
0.000000,-1.430944,1.254802,-0.004743,0.000000,0.000000,0.000000
0.000000,-1.388285,1.254227,-0.004743,0.000000,0.000000,0.000000
0.000000,-1.388285,1.254036,-0.004743,0.000000,0.000000,0.000000
0.000000,-1.358633,1.253748,-0.004743,0.000000,0.000000,0.000000
0.000000,-1.358633,1.253556,-0.004743,0.000000,0.000000,0.000000
0.000000,-1.314047,1.253174,-0.004743,0.000000,0.000000,0.000000
0.000000,-1.286986,1.252982,-0.004743,0.000000,0.000000,0.000000
0.000000,-1.286986,1.252311,-0.004743,0.000000,0.000000,0.000000
0.000000,-1.251752,1.251928,-0.004743,0.000000,0.000000,0.000000
0.000000,-1.251752,1.251353,-0.004743,0.000000,0.000000,0.000000
0.000000,-1.229604,1.251161,-0.004743,0.000000,0.000000,0.000000
0.000000,-1.193213,1.250586,-0.004743,0.000000,0.000000,0.000000
0.000000,-1.193213,1.250298,-0.004743,0.000000,0.000000,0.000000
0.000000,-1.166685,1.249532,-0.004743,0.000000,0.000000,0.000000
0.000000,-1.166685,1.249052,-0.004743,0.000000,0.000000,0.000000
0.000000,-1.125602,1.248286,-0.004743,0.000000,0.000000,0.000000
0.000000,-1.094469,1.247903,-0.004743,0.000000,0.000000,0.000000
0.000000,-1.094469,1.247136,-0.004743,0.000000,0.000000,0.000000
0.000000,-1.038525,1.246657,-0.004743,0.000000,0.000000,0.000000
0.000000,-1.038525,1.245986,-0.004743,0.000000,0.000000,0.000000
0.000000,-0.996521,1.245603,-0.004743,0.000000,0.000000,0.000000
0.000000,-0.928770,1.244836,-0.004743,0.000000,0.000000,0.000000
0.000000,-0.928770,1.244453,-0.004743,0.000000,0.000000,0.000000
0.000000,-0.881630,1.243686,-0.004743,0.000000,0.000000,0.000000
0.000000,-0.881630,1.243399,-0.004743,0.000000,0.000000,0.000000
0.000000,-0.810655,1.242728,-0.004743,0.000000,0.000000,0.000000
0.000000,-0.762645,1.242440,-0.004743,0.000000,0.000000,0.000000
0.000000,-0.762645,1.241865,-0.004743,0.000000,0.000000,0.000000
0.000000,-0.691311,1.241482,-0.004743,0.000000,0.000000,0.000000
0.000000,-0.691311,1.240812,-0.004743,0.000000,0.000000,0.000000
0.000000,-0.645559,1.240428,-0.004743,0.000000,0.000000,0.000000
0.000000,-0.578445,1.239757,-0.004743,0.000000,0.000000,0.000000
0.000000,-0.578445,1.239470,-0.004743,0.000000,0.000000,0.000000
0.000000,-0.532894,1.238703,-0.004743,0.000000,0.000000,0.000000
0.000000,-0.532894,1.238224,-0.004743,0.000000,0.000000,0.000000
0.000000,-0.463428,1.237362,-0.004743,0.000000,0.000000,0.000000
0.000000,-0.417216,1.237074,-0.004743,0.000000,0.000000,0.000000
0.000000,-0.417216,1.236212,-0.004743,0.000000,0.000000,0.000000
0.000000,-0.343748,1.235733,-0.004743,0.000000,0.000000,0.000000
0.000000,-0.343748,1.234870,-0.004743,0.000000,0.000000,0.000000
0.000000,-0.292742,1.234487,-0.004743,0.000000,0.000000,0.000000
0.000000,-0.216972,1.233625,-0.004743,0.000000,0.000000,0.000000
0.000000,-0.216972,1.233145,-0.004743,0.000000,0.000000,0.000000
0.000000,-0.166725,1.232187,-0.004743,0.000000,0.000000,0.000000
0.000000,-0.166725,1.231708,-0.004743,0.000000,0.000000,0.000000
0.000000,-0.092969,1.230846,-0.004743,0.000000,0.000000,0.000000
0.000000,-0.042476,1.230271,-0.004743,0.000000,0.000000,0.000000
0.000000,-0.042476,1.229312,-0.004743,0.000000,0.000000,0.000000
0.000000,0.036963,1.228929,-0.004743,0.000000,0.000000,0.000000
0.000000,0.036963,1.228067,-0.004743,0.000000,0.000000,0.000000
0.000000,0.092540,1.227587,-0.004743,0.000000,0.000000,0.000000
0.000000,0.180804,1.226534,-0.004743,0.000000,0.000000,0.000000
0.000000,0.180804,1.225959,-0.004743,0.000000,0.000000,0.000000
0.000000,0.242273,1.224904,-0.004743,0.000000,0.000000,0.000000
0.000000,0.242273,1.224426,-0.004743,0.000000,0.000000,0.000000
0.000000,0.343599,1.223467,-0.004743,0.000000,0.000000,0.000000
0.000000,0.416361,1.222988,-0.004647,0.000000,0.000000,0.000000
0.000000,0.416361,1.221934,-0.004647,0.000000,0.000000,0.000000
0.000000,0.528686,1.221359,-0.004647,0.000000,0.000000,0.000000
0.000000,0.528686,1.220209,-0.004647,0.000000,0.000000,0.000000
0.000000,0.606951,1.219634,-0.004647,0.000000,0.000000,0.000000
0.000000,0.726403,1.218292,-0.004647,0.000000,0.000000,0.000000
0.000000,0.726403,1.217621,-0.004552,0.000000,0.000000,0.000000
0.000000,0.809693,1.216280,-0.004552,0.000000,0.000000,0.000000
0.000000,0.809693,1.215513,-0.004552,0.000000,0.000000,0.000000
0.000000,0.936906,1.214076,-0.004552,0.000000,0.000000,0.000000
0.000000,1.024261,1.213309,-0.004552,0.000000,0.000000,0.000000
0.000000,1.024261,1.211968,-0.004456,0.000000,0.000000,0.000000
0.000000,1.157825,1.211297,-0.004456,0.000000,0.000000,0.000000
0.000000,1.157825,1.209764,-0.004456,0.000000,0.000000,0.000000
0.000000,1.247715,1.209093,-0.004264,0.000000,0.000000,0.000000
0.000000,1.380079,1.207656,-0.004264,0.000000,0.000000,0.000000
0.000000,1.380079,1.206889,-0.004168,0.000000,0.000000,0.000000
0.000000,1.467483,1.205451,-0.004168,0.000000,0.000000,0.000000
0.000000,1.467483,1.204685,-0.004073,0.000000,0.000000,0.000000
0.000000,1.597947,1.203151,-0.003977,0.000000,0.000000,0.000000
0.000000,1.687427,1.202385,-0.003785,0.000000,0.000000,0.000000
0.000000,1.687427,1.200756,-0.003689,0.000000,0.000000,0.000000
0.000000,1.826573,1.200085,-0.003306,0.000000,0.000000,0.000000
0.000000,1.826573,1.198360,-0.003114,0.000000,0.000000,0.000000
0.000000,1.923568,1.197498,-0.002539,0.000000,0.000000,0.000000
0.000000,2.074141,1.195773,-0.002252,0.000000,0.000000,0.000000
0.000000,2.074141,1.195007,-0.001868,0.000000,0.000000,0.000000
0.000000,2.179128,1.193377,-0.001773,0.000000,0.000000,0.000000
0.000000,2.179128,1.192515,-0.001677,0.000000,0.000000,0.000000
0.000000,2.341217,1.190790,-0.001581,0.000000,0.000000,0.000000
0.000000,2.450678,1.190024,-0.001581,0.000000,0.000000,0.000000
0.000000,2.450678,1.188395,-0.001485,0.000000,0.000000,0.000000
0.000000,2.613044,1.187532,-0.001485,0.000000,0.000000,0.000000
0.000000,2.613044,1.185807,-0.001485,0.000000,0.000000,0.000000
0.000000,2.719518,1.184944,-0.001390,0.000000,0.000000,0.000000
0.000000,2.874530,1.183220,-0.001294,0.000000,0.000000,0.000000
0.000000,2.874530,1.182357,-0.001198,0.000000,0.000000,0.000000
0.000000,2.977664,1.180632,-0.001102,0.000000,0.000000,0.000000
0.000000,2.977664,1.179770,-0.000814,0.000000,0.000000,0.000000
0.000000,3.130937,1.178237,-0.000623,0.000000,0.000000,0.000000
0.000000,3.234110,1.177374,-0.000240,0.000000,0.000000,0.000000
0.000000,3.234110,1.175649,0.000048,0.000000,0.000000,0.000000
0.000000,3.388352,1.174883,0.000527,0.000000,0.000000,0.000000
0.000000,3.388352,1.173158,0.000719,0.000000,0.000000,0.000000
0.000000,3.490047,1.172391,0.000910,0.000000,0.000000,0.000000
0.000000,3.642909,1.170571,0.001006,0.000000,0.000000,0.000000
0.000000,3.642909,1.169708,0.001006,0.000000,0.000000,0.000000
0.000000,3.747094,1.167792,0.001006,0.000000,0.000000,0.000000
0.000000,3.747094,1.166834,0.001102,0.000000,0.000000,0.000000
0.000000,3.906720,1.164821,0.001102,0.000000,0.000000,0.000000
0.000000,4.017513,1.163863,0.001198,0.000000,0.000000,0.000000
0.000000,4.017513,1.162042,0.001198,0.000000,0.000000,0.000000
0.000000,4.186941,1.161276,0.001390,0.000000,0.000000,0.000000
0.000000,4.186941,1.159455,0.001485,0.000000,0.000000,0.000000
0.000000,4.301541,1.158592,0.001868,0.000000,0.000000,0.000000
0.000000,4.470400,1.156771,0.002156,0.000000,0.000000,0.000000
0.000000,4.470400,1.156005,0.002923,0.000000,0.000000,0.000000
0.000000,4.581773,1.154184,0.003402,0.000000,0.000000,0.000000
0.000000,4.581773,1.153322,0.004264,0.000000,0.000000,0.000000
0.000000,4.743991,1.151597,0.004647,0.000000,0.000000,0.000000
0.000000,4.848053,1.150830,0.005797,0.000000,0.000000,0.000000
0.000000,4.848053,1.149009,0.006468,0.000000,0.000000,0.000000
0.000000,4.998537,1.148147,0.007618,0.000000,0.000000,0.000000
0.000000,4.998537,1.146422,0.008385,0.000000,0.000000,0.000000
0.000000,5.096627,1.145655,0.009918,0.000000,0.000000,0.000000
0.000000,5.240080,1.144122,0.010589,0.000000,0.000000,0.000000
0.000000,5.240080,1.143451,0.012122,0.000000,0.000000,0.000000
0.000000,5.333996,1.141918,0.012793,0.000000,0.000000,0.000000
0.000000,5.333996,1.141152,0.014039,0.000000,0.000000,0.000000
0.000000,5.468061,1.139714,0.014709,0.000000,0.000000,0.000000
0.000000,5.554763,1.138852,0.015764,0.000000,0.000000,0.000000
0.000000,5.554763,1.137319,0.016338,0.000000,0.000000,0.000000
0.000000,5.681339,1.136552,0.017488,0.000000,0.000000,0.000000
0.000000,5.681339,1.135019,0.018063,0.000000,0.000000,0.000000
0.000000,5.764817,1.134252,0.019022,0.000000,0.000000,0.000000
0.000000,5.891426,1.132623,0.019597,0.000000,0.000000,0.000000
0.000000,5.891426,1.131857,0.020842,0.000000,0.000000,0.000000
0.000000,5.977802,1.130228,0.021321,0.000000,0.000000,0.000000
0.000000,5.977802,1.129461,0.022663,0.000000,0.000000,0.000000
0.000000,6.111018,1.127928,0.023429,0.000000,0.000000,0.000000
0.000000,6.202817,1.127161,0.024867,0.000000,0.000000,0.000000
0.000000,6.202817,1.125820,0.025730,0.000000,0.000000,0.000000
0.000000,6.341971,1.125053,0.027263,0.000000,0.000000,0.000000
0.000000,6.341971,1.123711,0.028029,0.000000,0.000000,0.000000
0.000000,6.434685,1.123040,0.029467,0.000000,0.000000,0.000000
0.000000,6.569268,1.121603,0.030138,0.000000,0.000000,0.000000
0.000000,6.569268,1.120932,0.031479,0.000000,0.000000,0.000000
0.000000,6.655255,1.119495,0.032054,0.000000,0.000000,0.000000
0.000000,6.655255,1.118824,0.033108,0.000000,0.000000,0.000000
0.000000,6.776225,1.117482,0.033779,0.000000,0.000000,0.000000
0.000000,6.854208,1.116812,0.034929,0.000000,0.000000,0.000000
0.000000,6.854208,1.115374,0.035408,0.000000,0.000000,0.000000
0.000000,6.968667,1.114703,0.036749,0.000000,0.000000,0.000000
0.000000,6.968667,1.113266,0.037324,0.000000,0.000000,0.000000
0.000000,7.044793,1.112595,0.038570,0.000000,0.000000,0.000000
0.000000,7.159516,1.111350,0.039241,0.000000,0.000000,0.000000
0.000000,7.159516,1.110679,0.040583,0.000000,0.000000,0.000000
0.000000,7.236127,1.109338,0.041254,0.000000,0.000000,0.000000
0.000000,7.236127,1.108667,0.042787,0.000000,0.000000,0.000000
0.000000,7.347935,1.107421,0.043553,0.000000,0.000000,0.000000
0.000000,7.421800,1.106846,0.045086,0.000000,0.000000,0.000000
0.000000,7.421800,1.105600,0.045757,0.000000,0.000000,0.000000
0.000000,7.534218,1.104929,0.047003,0.000000,0.000000,0.000000
0.000000,7.534218,1.103684,0.047674,0.000000,0.000000,0.000000
0.000000,7.609785,1.103013,0.048919,0.000000,0.000000,0.000000
0.000000,7.721630,1.101671,0.049495,0.000000,0.000000,0.000000
0.000000,7.721630,1.101096,0.050644,0.000000,0.000000,0.000000
0.000000,7.796013,1.099755,0.051219,0.000000,0.000000,0.000000
0.000000,7.796013,1.099084,0.052082,0.000000,0.000000,0.000000
0.000000,7.907743,1.097838,0.052657,0.000000,0.000000,0.000000
0.000000,7.981795,1.097168,0.053902,0.000000,0.000000,0.000000
0.000000,7.981795,1.096018,0.054477,0.000000,0.000000,0.000000
0.000000,8.092051,1.095443,0.055723,0.000000,0.000000,0.000000
0.000000,8.092051,1.094101,0.056394,0.000000,0.000000,0.000000
0.000000,8.164274,1.093526,0.057832,0.000000,0.000000,0.000000
0.000000,8.268974,1.092376,0.058598,0.000000,0.000000,0.000000
0.000000,8.268974,1.091705,0.059940,0.000000,0.000000,0.000000
0.000000,8.336633,1.090651,0.060610,0.000000,0.000000,0.000000
0.000000,8.336633,1.090076,0.061856,0.000000,0.000000,0.000000
0.000000,8.437444,1.088830,0.062431,0.000000,0.000000,0.000000
0.000000,8.504431,1.088255,0.063485,0.000000,0.000000,0.000000
0.000000,8.504431,1.087201,0.064060,0.000000,0.000000,0.000000
0.000000,8.604540,1.086530,0.065210,0.000000,0.000000,0.000000
0.000000,8.604540,1.085381,0.065689,0.000000,0.000000,0.000000
0.000000,8.671734,1.084806,0.066743,0.000000,0.000000,0.000000
0.000000,8.773021,1.083560,0.067414,0.000000,0.000000,0.000000
0.000000,8.773021,1.082889,0.068468,0.000000,0.000000,0.000000
0.000000,8.841613,1.081643,0.069043,0.000000,0.000000,0.000000
0.000000,8.841613,1.081068,0.070289,0.000000,0.000000,0.000000
0.000000,8.946389,1.079823,0.070864,0.000000,0.000000,0.000000
0.000000,9.018420,1.079344,0.072014,0.000000,0.000000,0.000000
0.000000,9.018420,1.078194,0.072685,0.000000,0.000000,0.000000
0.000000,9.127871,1.077619,0.074026,0.000000,0.000000,0.000000
0.000000,9.127871,1.076469,0.074601,0.000000,0.000000,0.000000
0.000000,9.199964,1.075894,0.076134,0.000000,0.000000,0.000000
0.000000,9.304495,1.074648,0.076805,0.000000,0.000000,0.000000
0.000000,9.304495,1.074169,0.078147,0.000000,0.000000,0.000000
0.000000,9.372907,1.073019,0.078722,0.000000,0.000000,0.000000
0.000000,9.372907,1.072444,0.079776,0.000000,0.000000,0.000000
0.000000,9.474377,1.071294,0.080351,0.000000,0.000000,0.000000
0.000000,9.540326,1.070719,0.081405,0.000000,0.000000,0.000000
0.000000,9.540326,1.069378,0.081980,0.000000,0.000000,0.000000
0.000000,9.636878,1.068803,0.082842,0.000000,0.000000,0.000000
0.000000,9.636878,1.067653,0.083417,0.000000,0.000000,0.000000
0.000000,9.701916,1.067078,0.084471,0.000000,0.000000,0.000000
0.000000,9.800878,1.065832,0.084950,0.000000,0.000000,0.000000
0.000000,9.800878,1.065257,0.086004,0.000000,0.000000,0.000000
0.000000,9.867349,1.063915,0.086675,0.000000,0.000000,0.000000
0.000000,9.867349,1.063341,0.087921,0.000000,0.000000,0.000000
0.000000,9.968839,1.062190,0.088592,0.000000,0.000000,0.000000
0.000000,10.038386,1.061519,0.090029,0.000000,0.000000,0.000000
0.000000,10.038386,1.060274,0.090604,0.000000,0.000000,0.000000
0.000000,10.144971,1.059699,0.092137,0.000000,0.000000,0.000000
0.000000,10.144971,1.058357,0.092808,0.000000,0.000000,0.000000
0.000000,10.217410,1.057782,0.094150,0.000000,0.000000,0.000000
0.000000,10.328115,1.056633,0.094725,0.000000,0.000000,0.000000
0.000000,10.328115,1.055962,0.095875,0.000000,0.000000,0.000000
0.000000,10.402594,1.054620,0.096450,0.000000,0.000000,0.000000
0.000000,10.402594,1.054045,0.097600,0.000000,0.000000,0.000000
0.000000,10.513951,1.052608,0.098174,0.000000,0.000000,0.000000
0.000000,10.588156,1.051937,0.099037,0.000000,0.000000,0.000000
0.000000,10.588156,1.050691,0.099516,0.000000,0.000000,0.000000
0.000000,10.699413,1.050020,0.100762,0.000000,0.000000,0.000000
0.000000,10.699413,1.048775,0.101241,0.000000,0.000000,0.000000
0.000000,10.773164,1.048200,0.102391,0.000000,0.000000,0.000000
0.000000,10.880874,1.047050,0.102966,0.000000,0.000000,0.000000
0.000000,10.880874,1.046571,0.104212,0.000000,0.000000,0.000000
0.000000,10.950542,1.045517,0.104787,0.000000,0.000000,0.000000
0.000000,10.950542,1.044942,0.106128,0.000000,0.000000,0.000000
0.000000,11.049557,1.043888,0.106799,0.000000,0.000000,0.000000
0.000000,11.112190,1.043409,0.108236,0.000000,0.000000,0.000000
0.000000,11.112190,1.042354,0.108907,0.000000,0.000000,0.000000
0.000000,11.202141,1.041780,0.110249,0.000000,0.000000,0.000000
0.000000,11.202141,1.040821,0.110824,0.000000,0.000000,0.000000
0.000000,11.261208,1.040342,0.112069,0.000000,0.000000,0.000000
0.000000,11.348597,1.039192,0.112548,0.000000,0.000000,0.000000
0.000000,11.348597,1.038617,0.113507,0.000000,0.000000,0.000000
0.000000,11.406590,1.037468,0.114082,0.000000,0.000000,0.000000
0.000000,11.406590,1.036797,0.115040,0.000000,0.000000,0.000000
0.000000,11.495491,1.035551,0.115423,0.000000,0.000000,0.000000
0.000000,11.559152,1.034976,0.116381,0.000000,0.000000,0.000000
0.000000,11.559152,1.033730,0.116860,0.000000,0.000000,0.000000
0.000000,11.661126,1.033059,0.117819,0.000000,0.000000,0.000000
0.000000,11.661126,1.031813,0.118298,0.000000,0.000000,0.000000
0.000000,11.732792,1.031142,0.119352,0.000000,0.000000,0.000000
0.000000,11.841675,1.029993,0.119927,0.000000,0.000000,0.000000
0.000000,11.841675,1.029514,0.121173,0.000000,0.000000,0.000000
0.000000,11.916206,1.028268,0.121844,0.000000,0.000000,0.000000
0.000000,11.916206,1.027693,0.123281,0.000000,0.000000,0.000000
0.000000,12.026592,1.026543,0.124048,0.000000,0.000000,0.000000
0.000000,12.098445,1.025968,0.125581,0.000000,0.000000,0.000000
0.000000,12.098445,1.024818,0.126348,0.000000,0.000000,0.000000
0.000000,12.203789,1.024339,0.127689,0.000000,0.000000,0.000000
0.000000,12.203789,1.023189,0.128360,0.000000,0.000000,0.000000
0.000000,12.272899,1.022614,0.129414,0.000000,0.000000,0.000000
0.000000,12.374476,1.021368,0.129893,0.000000,0.000000,0.000000
0.000000,12.374476,1.020793,0.130947,0.000000,0.000000,0.000000
0.000000,12.440810,1.019452,0.131426,0.000000,0.000000,0.000000
0.000000,12.440810,1.018781,0.132289,0.000000,0.000000,0.000000
0.000000,12.541122,1.017535,0.132768,0.000000,0.000000,0.000000
0.000000,12.609192,1.016769,0.133918,0.000000,0.000000,0.000000
0.000000,12.609192,1.015523,0.134397,0.000000,0.000000,0.000000
0.000000,12.712657,1.014948,0.135451,0.000000,0.000000,0.000000
0.000000,12.712657,1.013606,0.136026,0.000000,0.000000,0.000000
0.000000,12.782857,1.013128,0.137272,0.000000,0.000000,0.000000
0.000000,12.889757,1.011977,0.137751,0.000000,0.000000,0.000000
0.000000,12.889757,1.011307,0.139092,0.000000,0.000000,0.000000
0.000000,12.960839,1.010253,0.139763,0.000000,0.000000,0.000000
0.000000,12.960839,1.009773,0.141105,0.000000,0.000000,0.000000
0.000000,13.064366,1.008624,0.141871,0.000000,0.000000,0.000000
0.000000,13.132708,1.008049,0.143309,0.000000,0.000000,0.000000
0.000000,13.132708,1.007090,0.143980,0.000000,0.000000,0.000000
0.000000,13.233323,1.006515,0.145417,0.000000,0.000000,0.000000
0.000000,13.233323,1.005366,0.145992,0.000000,0.000000,0.000000
0.000000,13.299445,1.004791,0.147142,0.000000,0.000000,0.000000
0.000000,13.396018,1.003641,0.147717,0.000000,0.000000,0.000000
0.000000,13.396018,1.002970,0.148579,0.000000,0.000000,0.000000
0.000000,13.460432,1.001916,0.148962,0.000000,0.000000,0.000000
0.000000,13.460432,1.001341,0.149825,0.000000,0.000000,0.000000
0.000000,13.557662,0.999999,0.150400,0.000000,0.000000,0.000000
0.000000,13.623870,0.999424,0.151263,0.000000,0.000000,0.000000
0.000000,13.623870,0.998178,0.151646,0.000000,0.000000,0.000000
0.000000,13.723456,0.997507,0.152796,0.000000,0.000000,0.000000
0.000000,13.723456,0.996454,0.153371,0.000000,0.000000,0.000000
0.000000,13.790942,0.995878,0.154521,0.000000,0.000000,0.000000
0.000000,13.891531,0.994632,0.155191,0.000000,0.000000,0.000000
0.000000,13.891531,0.994058,0.156533,0.000000,0.000000,0.000000
0.000000,13.957888,0.992908,0.157204,0.000000,0.000000,0.000000
0.000000,13.957888,0.992333,0.158641,0.000000,0.000000,0.000000
0.000000,14.056215,0.991279,0.159408,0.000000,0.000000,0.000000
0.000000,14.123052,0.990800,0.160749,0.000000,0.000000,0.000000
0.000000,14.123052,0.989745,0.161420,0.000000,0.000000,0.000000
0.000000,14.223405,0.989267,0.162474,0.000000,0.000000,0.000000
0.000000,14.223405,0.988117,0.162953,0.000000,0.000000,0.000000
0.000000,14.288743,0.987541,0.164199,0.000000,0.000000,0.000000
0.000000,14.382712,0.986392,0.164774,0.000000,0.000000,0.000000
0.000000,14.382712,0.985913,0.165637,0.000000,0.000000,0.000000
0.000000,14.444949,0.984858,0.166211,0.000000,0.000000,0.000000
0.000000,14.444949,0.984284,0.167170,0.000000,0.000000,0.000000
0.000000,14.536917,0.983134,0.167649,0.000000,0.000000,0.000000
0.000000,14.597202,0.982654,0.168415,0.000000,0.000000,0.000000
0.000000,14.597202,0.981601,0.168799,0.000000,0.000000,0.000000
0.000000,14.685078,0.981025,0.169949,0.000000,0.000000,0.000000
0.000000,14.685078,0.980067,0.170524,0.000000,0.000000,0.000000
0.000000,14.744212,0.979588,0.171482,0.000000,0.000000,0.000000
0.000000,14.831756,0.978534,0.171961,0.000000,0.000000,0.000000
0.000000,14.831756,0.978055,0.173111,0.000000,0.000000,0.000000
0.000000,14.888488,0.977097,0.173686,0.000000,0.000000,0.000000
0.000000,14.888488,0.976618,0.174932,0.000000,0.000000,0.000000
0.000000,14.971514,0.975563,0.175602,0.000000,0.000000,0.000000
0.000000,15.027966,0.975085,0.176752,0.000000,0.000000,0.000000
0.000000,15.027966,0.974222,0.177327,0.000000,0.000000,0.000000
0.000000,15.112789,0.973743,0.178477,0.000000,0.000000,0.000000
0.000000,15.112789,0.972593,0.178956,0.000000,0.000000,0.000000
0.000000,15.169854,0.972114,0.179819,0.000000,0.000000,0.000000
0.000000,15.256805,0.971060,0.180394,0.000000,0.000000,0.000000
0.000000,15.256805,0.970484,0.181352,0.000000,0.000000,0.000000
0.000000,15.317072,0.969334,0.181735,0.000000,0.000000,0.000000
0.000000,15.317072,0.968855,0.182598,0.000000,0.000000,0.000000
0.000000,15.410517,0.967705,0.183173,0.000000,0.000000,0.000000
0.000000,15.473893,0.967035,0.184131,0.000000,0.000000,0.000000
0.000000,15.473893,0.965980,0.184610,0.000000,0.000000,0.000000
0.000000,15.569798,0.965406,0.185568,0.000000,0.000000,0.000000
0.000000,15.569798,0.964160,0.186143,0.000000,0.000000,0.000000
0.000000,15.634031,0.963681,0.187293,0.000000,0.000000,0.000000
0.000000,15.731337,0.962627,0.187772,0.000000,0.000000,0.000000
0.000000,15.731337,0.962052,0.189018,0.000000,0.000000,0.000000
0.000000,15.796850,0.960901,0.189689,0.000000,0.000000,0.000000
0.000000,15.796850,0.960327,0.190935,0.000000,0.000000,0.000000
0.000000,15.894178,0.959081,0.191605,0.000000,0.000000,0.000000
0.000000,15.958935,0.958506,0.192947,0.000000,0.000000,0.000000
0.000000,15.958935,0.957644,0.193522,0.000000,0.000000,0.000000
0.000000,16.057072,0.957069,0.194767,0.000000,0.000000,0.000000
0.000000,16.057072,0.955919,0.195247,0.000000,0.000000,0.000000
0.000000,16.122505,0.955344,0.196109,0.000000,0.000000,0.000000
0.000000,16.217566,0.954098,0.196493,0.000000,0.000000,0.000000
0.000000,16.217566,0.953428,0.197643,0.000000,0.000000,0.000000
0.000000,16.280226,0.952373,0.198122,0.000000,0.000000,0.000000
0.000000,16.280226,0.951894,0.198984,0.000000,0.000000,0.000000
0.000000,16.376337,0.950744,0.199559,0.000000,0.000000,0.000000
0.000000,16.441381,0.950169,0.200709,0.000000,0.000000,0.000000
0.000000,16.441381,0.949019,0.201188,0.000000,0.000000,0.000000
0.000000,16.537977,0.948445,0.202242,0.000000,0.000000,0.000000
0.000000,16.537977,0.947390,0.202913,0.000000,0.000000,0.000000
0.000000,16.602654,0.946911,0.204159,0.000000,0.000000,0.000000
0.000000,16.700056,0.945857,0.204734,0.000000,0.000000,0.000000
0.000000,16.700056,0.945282,0.206075,0.000000,0.000000,0.000000
0.000000,16.764893,0.944228,0.206650,0.000000,0.000000,0.000000
0.000000,16.764893,0.943749,0.207800,0.000000,0.000000,0.000000
0.000000,16.859163,0.942695,0.208567,0.000000,0.000000,0.000000
0.000000,16.920527,0.942120,0.209812,0.000000,0.000000,0.000000
0.000000,16.920527,0.941162,0.210387,0.000000,0.000000,0.000000
0.000000,17.011431,0.940683,0.211537,0.000000,0.000000,0.000000
0.000000,17.011431,0.939628,0.212112,0.000000,0.000000,0.000000
0.000000,17.071180,0.939054,0.212975,0.000000,0.000000,0.000000
0.000000,17.159695,0.937903,0.213454,0.000000,0.000000,0.000000
0.000000,17.159695,0.937424,0.214508,0.000000,0.000000,0.000000
0.000000,17.219076,0.936274,0.214796,0.000000,0.000000,0.000000
0.000000,17.219076,0.935795,0.215466,0.000000,0.000000,0.000000
0.000000,17.310131,0.934645,0.215945,0.000000,0.000000,0.000000
0.000000,17.370729,0.934070,0.216904,0.000000,0.000000,0.000000
0.000000,17.370729,0.933016,0.217383,0.000000,0.000000,0.000000
0.000000,17.462397,0.932537,0.218149,0.000000,0.000000,0.000000
0.000000,17.462397,0.931483,0.218724,0.000000,0.000000,0.000000
0.000000,17.524233,0.930908,0.219874,0.000000,0.000000,0.000000
0.000000,17.617828,0.930045,0.220449,0.000000,0.000000,0.000000
0.000000,17.617828,0.929567,0.221599,0.000000,0.000000,0.000000
0.000000,17.679607,0.928416,0.222270,0.000000,0.000000,0.000000
0.000000,17.679607,0.927937,0.223611,0.000000,0.000000,0.000000
0.000000,17.771086,0.926979,0.224282,0.000000,0.000000,0.000000
0.000000,17.831278,0.926404,0.225720,0.000000,0.000000,0.000000
0.000000,17.831278,0.925350,0.226295,0.000000,0.000000,0.000000
0.000000,17.922245,0.924871,0.227445,0.000000,0.000000,0.000000
0.000000,17.922245,0.923913,0.228020,0.000000,0.000000,0.000000
0.000000,17.983318,0.923434,0.228882,0.000000,0.000000,0.000000
0.000000,18.075609,0.922284,0.229265,0.000000,0.000000,0.000000
0.000000,18.075609,0.921709,0.230128,0.000000,0.000000,0.000000
0.000000,18.136135,0.920559,0.230607,0.000000,0.000000,0.000000
0.000000,18.136135,0.919984,0.231469,0.000000,0.000000,0.000000
0.000000,18.226519,0.918930,0.231853,0.000000,0.000000,0.000000
0.000000,18.286894,0.918451,0.232811,0.000000,0.000000,0.000000
0.000000,18.286894,0.917301,0.233290,0.000000,0.000000,0.000000
0.000000,18.376488,0.916726,0.234153,0.000000,0.000000,0.000000
0.000000,18.376488,0.915672,0.234536,0.000000,0.000000,0.000000
0.000000,18.435217,0.915097,0.235494,0.000000,0.000000,0.000000
0.000000,18.523207,0.914139,0.236069,0.000000,0.000000,0.000000
0.000000,18.523207,0.913755,0.237123,0.000000,0.000000,0.000000
0.000000,18.582909,0.912988,0.237602,0.000000,0.000000,0.000000
0.000000,18.582909,0.912510,0.238848,0.000000,0.000000,0.000000
0.000000,18.669664,0.911551,0.239423,0.000000,0.000000,0.000000
0.000000,18.723923,0.911072,0.240573,0.000000,0.000000,0.000000
0.000000,18.723923,0.910210,0.241244,0.000000,0.000000,0.000000
0.000000,18.802008,0.909827,0.242585,0.000000,0.000000,0.000000
0.000000,18.802008,0.908964,0.243160,0.000000,0.000000,0.000000
0.000000,18.854958,0.908485,0.244406,0.000000,0.000000,0.000000
0.000000,18.934162,0.907718,0.244981,0.000000,0.000000,0.000000
0.000000,18.934162,0.907239,0.245652,0.000000,0.000000,0.000000
0.000000,18.987139,0.906184,0.246035,0.000000,0.000000,0.000000
0.000000,18.987139,0.905706,0.246897,0.000000,0.000000,0.000000
0.000000,19.066542,0.904651,0.247377,0.000000,0.000000,0.000000
0.000000,19.119974,0.904172,0.248143,0.000000,0.000000,0.000000
0.000000,19.119974,0.903118,0.248431,0.000000,0.000000,0.000000
0.000000,19.203735,0.902639,0.249101,0.000000,0.000000,0.000000
0.000000,19.203735,0.901489,0.249581,0.000000,0.000000,0.000000
0.000000,19.261307,0.900914,0.250539,0.000000,0.000000,0.000000
0.000000,19.349493,0.899860,0.250922,0.000000,0.000000,0.000000
0.000000,19.349493,0.899285,0.251689,0.000000,0.000000,0.000000
0.000000,19.408766,0.898231,0.252264,0.000000,0.000000,0.000000
0.000000,19.408766,0.897656,0.253318,0.000000,0.000000,0.000000
0.000000,19.498184,0.896698,0.253893,0.000000,0.000000,0.000000
0.000000,19.558744,0.896219,0.254947,0.000000,0.000000,0.000000
0.000000,19.558744,0.895069,0.255618,0.000000,0.000000,0.000000
0.000000,19.648916,0.894590,0.256959,0.000000,0.000000,0.000000
0.000000,19.648916,0.893632,0.257630,0.000000,0.000000,0.000000
0.000000,19.709509,0.893152,0.259068,0.000000,0.000000,0.000000
0.000000,19.799995,0.892194,0.259642,0.000000,0.000000,0.000000
0.000000,19.799995,0.891715,0.260888,0.000000,0.000000,0.000000
0.000000,19.860189,0.890853,0.261463,0.000000,0.000000,0.000000
0.000000,19.860189,0.890373,0.262421,0.000000,0.000000,0.000000
0.000000,19.948355,0.889319,0.262805,0.000000,0.000000,0.000000
0.000000,20.006905,0.888745,0.263859,0.000000,0.000000,0.000000
0.000000,20.006905,0.887690,0.264338,0.000000,0.000000,0.000000
0.000000,20.094090,0.887115,0.265009,0.000000,0.000000,0.000000
0.000000,20.094090,0.885966,0.265392,0.000000,0.000000,0.000000
0.000000,20.154129,0.885486,0.266254,0.000000,0.000000,0.000000
0.000000,20.244253,0.884336,0.266733,0.000000,0.000000,0.000000
0.000000,20.244253,0.883762,0.267596,0.000000,0.000000,0.000000
0.000000,20.306028,0.882612,0.268075,0.000000,0.000000,0.000000
0.000000,20.306028,0.882036,0.269033,0.000000,0.000000,0.000000
0.000000,20.397816,0.880791,0.269608,0.000000,0.000000,0.000000
0.000000,20.460690,0.880312,0.270566,0.000000,0.000000,0.000000
0.000000,20.460690,0.879354,0.271142,0.000000,0.000000,0.000000
0.000000,20.555714,0.878875,0.272387,0.000000,0.000000,0.000000
0.000000,20.555714,0.877724,0.273058,0.000000,0.000000,0.000000
0.000000,20.619352,0.877149,0.274112,0.000000,0.000000,0.000000
0.000000,20.711332,0.876000,0.274879,0.000000,0.000000,0.000000
0.000000,20.711332,0.875520,0.276125,0.000000,0.000000,0.000000
0.000000,20.771711,0.874657,0.276795,0.000000,0.000000,0.000000
0.000000,20.771711,0.874274,0.278041,0.000000,0.000000,0.000000
0.000000,20.861586,0.873220,0.278616,0.000000,0.000000,0.000000
0.000000,20.920925,0.872741,0.279574,0.000000,0.000000,0.000000
0.000000,20.920925,0.871687,0.280149,0.000000,0.000000,0.000000
0.000000,21.007509,0.871112,0.281203,0.000000,0.000000,0.000000
0.000000,21.007509,0.870058,0.281587,0.000000,0.000000,0.000000
0.000000,21.065811,0.869579,0.282449,0.000000,0.000000,0.000000
0.000000,21.155241,0.868621,0.282928,0.000000,0.000000,0.000000
0.000000,21.155241,0.868046,0.283791,0.000000,0.000000,0.000000
0.000000,21.216072,0.866896,0.284174,0.000000,0.000000,0.000000
0.000000,21.216072,0.866321,0.284845,0.000000,0.000000,0.000000
0.000000,21.307779,0.865171,0.285324,0.000000,0.000000,0.000000
0.000000,21.369949,0.864596,0.286378,0.000000,0.000000,0.000000
0.000000,21.369949,0.863638,0.286953,0.000000,0.000000,0.000000
0.000000,21.465700,0.863158,0.288007,0.000000,0.000000,0.000000
0.000000,21.465700,0.862009,0.288678,0.000000,0.000000,0.000000
0.000000,21.529915,0.861434,0.290020,0.000000,0.000000,0.000000
0.000000,21.624575,0.860379,0.290690,0.000000,0.000000,0.000000
0.000000,21.624575,0.859805,0.292128,0.000000,0.000000,0.000000
0.000000,21.686806,0.858751,0.292703,0.000000,0.000000,0.000000
0.000000,21.686806,0.858272,0.293853,0.000000,0.000000,0.000000
0.000000,21.780376,0.857218,0.294427,0.000000,0.000000,0.000000
0.000000,21.843281,0.856642,0.295481,0.000000,0.000000,0.000000
0.000000,21.843281,0.855588,0.295961,0.000000,0.000000,0.000000
0.000000,21.936489,0.855013,0.297015,0.000000,0.000000,0.000000
0.000000,21.936489,0.854055,0.297590,0.000000,0.000000,0.000000
0.000000,21.997719,0.853480,0.298452,0.000000,0.000000,0.000000
0.000000,22.089159,0.852426,0.298931,0.000000,0.000000,0.000000
0.000000,22.089159,0.851947,0.299985,0.000000,0.000000,0.000000
0.000000,22.149321,0.850797,0.300560,0.000000,0.000000,0.000000
0.000000,22.149321,0.850222,0.301518,0.000000,0.000000,0.000000
0.000000,22.239809,0.849168,0.301998,0.000000,0.000000,0.000000
0.000000,22.300707,0.848593,0.303148,0.000000,0.000000,0.000000
0.000000,22.300707,0.847539,0.303627,0.000000,0.000000,0.000000
0.000000,22.393904,0.847060,0.304585,0.000000,0.000000,0.000000
0.000000,22.393904,0.846102,0.305160,0.000000,0.000000,0.000000
0.000000,22.457691,0.845526,0.306310,0.000000,0.000000,0.000000
0.000000,22.552639,0.844472,0.306885,0.000000,0.000000,0.000000
0.000000,22.552639,0.843898,0.308131,0.000000,0.000000,0.000000
0.000000,22.614904,0.842652,0.308801,0.000000,0.000000,0.000000
0.000000,22.614904,0.842173,0.309951,0.000000,0.000000,0.000000
0.000000,22.708153,0.841214,0.310622,0.000000,0.000000,0.000000
0.000000,22.772058,0.840639,0.311676,0.000000,0.000000,0.000000
0.000000,22.772058,0.839585,0.312060,0.000000,0.000000,0.000000
0.000000,22.867466,0.839010,0.312922,0.000000,0.000000,0.000000
0.000000,22.867466,0.837765,0.313497,0.000000,0.000000,0.000000
0.000000,22.930244,0.837190,0.314455,0.000000,0.000000,0.000000
0.000000,23.024065,0.836135,0.314838,0.000000,0.000000,0.000000
0.000000,23.024065,0.835656,0.315797,0.000000,0.000000,0.000000
0.000000,23.088064,0.834506,0.316372,0.000000,0.000000,0.000000
0.000000,23.088064,0.833931,0.317330,0.000000,0.000000,0.000000
0.000000,23.183996,0.832877,0.317713,0.000000,0.000000,0.000000
0.000000,23.247324,0.832302,0.318671,0.000000,0.000000,0.000000
0.000000,23.247324,0.831248,0.319342,0.000000,0.000000,0.000000
0.000000,23.341356,0.830769,0.320492,0.000000,0.000000,0.000000
0.000000,23.341356,0.829811,0.321163,0.000000,0.000000,0.000000
0.000000,23.404747,0.829236,0.322409,0.000000,0.000000,0.000000
0.000000,23.498396,0.828086,0.323080,0.000000,0.000000,0.000000
0.000000,23.498396,0.827607,0.324325,0.000000,0.000000,0.000000
0.000000,23.560623,0.826553,0.324996,0.000000,0.000000,0.000000
0.000000,23.560623,0.825978,0.326242,0.000000,0.000000,0.000000
0.000000,23.654018,0.824924,0.326721,0.000000,0.000000,0.000000
0.000000,23.718319,0.824349,0.327871,0.000000,0.000000,0.000000
0.000000,23.718319,0.823199,0.328350,0.000000,0.000000,0.000000
0.000000,23.814005,0.822624,0.329212,0.000000,0.000000,0.000000
0.000000,23.814005,0.821474,0.329787,0.000000,0.000000,0.000000
0.000000,23.878309,0.820803,0.330746,0.000000,0.000000,0.000000
0.000000,23.974556,0.819653,0.331225,0.000000,0.000000,0.000000
0.000000,23.974556,0.819078,0.332087,0.000000,0.000000,0.000000
0.000000,24.040958,0.817832,0.332662,0.000000,0.000000,0.000000
0.000000,24.040958,0.817162,0.333716,0.000000,0.000000,0.000000
0.000000,24.140520,0.816012,0.334195,0.000000,0.000000,0.000000
0.000000,24.208355,0.815533,0.335249,0.000000,0.000000,0.000000
0.000000,24.208355,0.814383,0.335920,0.000000,0.000000,0.000000
0.000000,24.309484,0.813904,0.337166,0.000000,0.000000,0.000000
0.000000,24.309484,0.812945,0.337741,0.000000,0.000000,0.000000
0.000000,24.375864,0.812371,0.339083,0.000000,0.000000,0.000000
0.000000,24.472538,0.811221,0.339753,0.000000,0.000000,0.000000
0.000000,24.472538,0.810741,0.341191,0.000000,0.000000,0.000000
0.000000,24.535536,0.809687,0.341862,0.000000,0.000000,0.000000
0.000000,24.535536,0.809113,0.343107,0.000000,0.000000,0.000000
0.000000,24.629175,0.808154,0.343778,0.000000,0.000000,0.000000
0.000000,24.691803,0.807675,0.344928,0.000000,0.000000,0.000000
0.000000,24.691803,0.806525,0.345311,0.000000,0.000000,0.000000
0.000000,24.784908,0.805950,0.346270,0.000000,0.000000,0.000000
0.000000,24.784908,0.804800,0.346749,0.000000,0.000000,0.000000
0.000000,24.845800,0.804225,0.347611,0.000000,0.000000,0.000000
0.000000,24.936949,0.802979,0.347995,0.000000,0.000000,0.000000
0.000000,24.936949,0.802500,0.348857,0.000000,0.000000,0.000000
0.000000,24.999725,0.801350,0.349336,0.000000,0.000000,0.000000
0.000000,24.999725,0.800680,0.350199,0.000000,0.000000,0.000000
0.000000,25.095900,0.799530,0.350582,0.000000,0.000000,0.000000
0.000000,25.160778,0.798955,0.351444,0.000000,0.000000,0.000000
0.000000,25.160778,0.797805,0.351923,0.000000,0.000000,0.000000
0.000000,25.257307,0.797326,0.353169,0.000000,0.000000,0.000000
0.000000,25.257307,0.796463,0.353744,0.000000,0.000000,0.000000
0.000000,25.322187,0.795984,0.354990,0.000000,0.000000,0.000000
0.000000,25.417736,0.794834,0.355757,0.000000,0.000000,0.000000
0.000000,25.417736,0.794355,0.357098,0.000000,0.000000,0.000000
0.000000,25.478815,0.793397,0.357865,0.000000,0.000000,0.000000
0.000000,25.478815,0.792822,0.359206,0.000000,0.000000,0.000000
0.000000,25.568357,0.791960,0.359877,0.000000,0.000000,0.000000
0.000000,25.628157,0.791480,0.361123,0.000000,0.000000,0.000000
0.000000,25.628157,0.790522,0.361506,0.000000,0.000000,0.000000
0.000000,25.717379,0.790043,0.362273,0.000000,0.000000,0.000000
0.000000,25.717379,0.788893,0.362752,0.000000,0.000000,0.000000
0.000000,25.776293,0.788414,0.363710,0.000000,0.000000,0.000000
0.000000,25.863415,0.787264,0.364093,0.000000,0.000000,0.000000
0.000000,25.863415,0.786689,0.364860,0.000000,0.000000,0.000000
0.000000,25.923609,0.785539,0.365243,0.000000,0.000000,0.000000
0.000000,25.923609,0.784964,0.366297,0.000000,0.000000,0.000000
0.000000,26.014372,0.783814,0.366776,0.000000,0.000000,0.000000
0.000000,26.077065,0.783239,0.367543,0.000000,0.000000,0.000000
0.000000,26.077065,0.782089,0.368022,0.000000,0.000000,0.000000
0.000000,26.171503,0.781610,0.369172,0.000000,0.000000,0.000000
0.000000,26.171503,0.780556,0.369747,0.000000,0.000000,0.000000
0.000000,26.236172,0.780077,0.370706,0.000000,0.000000,0.000000
0.000000,26.331627,0.779023,0.371280,0.000000,0.000000,0.000000
0.000000,26.331627,0.778544,0.372526,0.000000,0.000000,0.000000
0.000000,26.393957,0.777586,0.373101,0.000000,0.000000,0.000000
0.000000,26.393957,0.777106,0.374443,0.000000,0.000000,0.000000
0.000000,26.484539,0.776244,0.375209,0.000000,0.000000,0.000000
0.000000,26.543640,0.775765,0.376455,0.000000,0.000000,0.000000
0.000000,26.543640,0.774902,0.377126,0.000000,0.000000,0.000000
0.000000,26.629110,0.774519,0.378276,0.000000,0.000000,0.000000
0.000000,26.629110,0.773561,0.378755,0.000000,0.000000,0.000000
0.000000,26.684469,0.772986,0.379713,0.000000,0.000000,0.000000
0.000000,26.766890,0.771932,0.380192,0.000000,0.000000,0.000000
0.000000,26.766890,0.771452,0.380959,0.000000,0.000000,0.000000
0.000000,26.822914,0.770303,0.381246,0.000000,0.000000,0.000000
0.000000,26.822914,0.769823,0.382013,0.000000,0.000000,0.000000
0.000000,26.910444,0.768769,0.382492,0.000000,0.000000,0.000000
0.000000,26.970604,0.768194,0.383354,0.000000,0.000000,0.000000
0.000000,26.970604,0.767045,0.383738,0.000000,0.000000,0.000000
0.000000,27.061350,0.766469,0.384505,0.000000,0.000000,0.000000
0.000000,27.061350,0.765224,0.385080,0.000000,0.000000,0.000000
0.000000,27.122305,0.764649,0.386230,0.000000,0.000000,0.000000
0.000000,27.215528,0.763787,0.386708,0.000000,0.000000,0.000000
0.000000,27.215528,0.763211,0.387954,0.000000,0.000000,0.000000
0.000000,27.279247,0.762157,0.388625,0.000000,0.000000,0.000000
0.000000,27.279247,0.761582,0.389775,0.000000,0.000000,0.000000
0.000000,27.373539,0.760528,0.390446,0.000000,0.000000,0.000000
0.000000,27.434006,0.759953,0.391787,0.000000,0.000000,0.000000
0.000000,27.434006,0.758995,0.392458,0.000000,0.000000,0.000000
0.000000,27.525095,0.758612,0.393704,0.000000,0.000000,0.000000
0.000000,27.525095,0.757749,0.394279,0.000000,0.000000,0.000000
0.000000,27.586905,0.757270,0.395141,0.000000,0.000000,0.000000
0.000000,27.678255,0.756216,0.395620,0.000000,0.000000,0.000000
0.000000,27.678255,0.755641,0.396674,0.000000,0.000000,0.000000
0.000000,27.736191,0.754587,0.397249,0.000000,0.000000,0.000000
0.000000,27.736191,0.754012,0.398112,0.000000,0.000000,0.000000
0.000000,27.822853,0.752958,0.398495,0.000000,0.000000,0.000000
0.000000,27.881670,0.752479,0.399549,0.000000,0.000000,0.000000
0.000000,27.881670,0.751329,0.399933,0.000000,0.000000,0.000000
0.000000,27.971079,0.750754,0.400699,0.000000,0.000000,0.000000
0.000000,27.971079,0.749604,0.401083,0.000000,0.000000,0.000000
0.000000,28.032581,0.749029,0.402137,0.000000,0.000000,0.000000
0.000000,28.125723,0.747975,0.402712,0.000000,0.000000,0.000000
0.000000,28.125723,0.747496,0.403670,0.000000,0.000000,0.000000
0.000000,28.189415,0.746442,0.404245,0.000000,0.000000,0.000000
0.000000,28.189415,0.745867,0.405491,0.000000,0.000000,0.000000
0.000000,28.282709,0.744813,0.406065,0.000000,0.000000,0.000000
0.000000,28.343292,0.744334,0.407311,0.000000,0.000000,0.000000
0.000000,28.343292,0.743376,0.407982,0.000000,0.000000,0.000000
0.000000,28.431963,0.742896,0.409132,0.000000,0.000000,0.000000
0.000000,28.431963,0.741938,0.409707,0.000000,0.000000,0.000000
0.000000,28.490993,0.741459,0.410857,0.000000,0.000000,0.000000
0.000000,28.578140,0.740500,0.411336,0.000000,0.000000,0.000000
0.000000,28.578140,0.740021,0.412294,0.000000,0.000000,0.000000
0.000000,28.635441,0.738967,0.412773,0.000000,0.000000,0.000000
0.000000,28.635441,0.738488,0.413827,0.000000,0.000000,0.000000
0.000000,28.718952,0.737434,0.414211,0.000000,0.000000,0.000000
0.000000,28.775335,0.736955,0.414978,0.000000,0.000000,0.000000
0.000000,28.775335,0.735901,0.415457,0.000000,0.000000,0.000000
0.000000,28.860720,0.735422,0.416511,0.000000,0.000000,0.000000
0.000000,28.860720,0.734272,0.416894,0.000000,0.000000,0.000000
0.000000,28.920240,0.733697,0.417756,0.000000,0.000000,0.000000
0.000000,29.010010,0.732643,0.418331,0.000000,0.000000,0.000000
0.000000,29.010010,0.732068,0.419385,0.000000,0.000000,0.000000
0.000000,29.071966,0.731014,0.419960,0.000000,0.000000,0.000000
0.000000,29.071966,0.730630,0.421015,0.000000,0.000000,0.000000
0.000000,29.165140,0.729481,0.421685,0.000000,0.000000,0.000000
0.000000,29.227793,0.729002,0.422931,0.000000,0.000000,0.000000
0.000000,29.227793,0.727852,0.423506,0.000000,0.000000,0.000000
0.000000,29.320606,0.727277,0.424943,0.000000,0.000000,0.000000
0.000000,29.320606,0.726222,0.425518,0.000000,0.000000,0.000000
0.000000,29.383020,0.725743,0.426668,0.000000,0.000000,0.000000
0.000000,29.477699,0.724881,0.427243,0.000000,0.000000,0.000000
0.000000,29.477699,0.724401,0.428106,0.000000,0.000000,0.000000
0.000000,29.540876,0.723252,0.428489,0.000000,0.000000,0.000000
0.000000,29.540876,0.722677,0.429351,0.000000,0.000000,0.000000
0.000000,29.631796,0.721623,0.429830,0.000000,0.000000,0.000000
0.000000,29.690126,0.721048,0.430789,0.000000,0.000000,0.000000
0.000000,29.690126,0.720089,0.431172,0.000000,0.000000,0.000000
0.000000,29.778458,0.719610,0.432130,0.000000,0.000000,0.000000
0.000000,29.778458,0.718652,0.432705,0.000000,0.000000,0.000000
0.000000,29.838129,0.718077,0.433568,0.000000,0.000000,0.000000
0.000000,29.927891,0.717023,0.434047,0.000000,0.000000,0.000000
0.000000,29.927891,0.716448,0.435005,0.000000,0.000000,0.000000
0.000000,29.987259,0.715394,0.435676,0.000000,0.000000,0.000000
0.000000,29.987259,0.714915,0.436730,0.000000,0.000000,0.000000
0.000000,30.077356,0.714052,0.437209,0.000000,0.000000,0.000000
0.000000,30.138552,0.713573,0.438455,0.000000,0.000000,0.000000
0.000000,30.138552,0.712519,0.439030,0.000000,0.000000,0.000000
0.000000,30.230005,0.711944,0.440084,0.000000,0.000000,0.000000
0.000000,30.230005,0.710986,0.440755,0.000000,0.000000,0.000000
0.000000,30.290676,0.710507,0.442000,0.000000,0.000000,0.000000
0.000000,30.380199,0.709453,0.442575,0.000000,0.000000,0.000000
0.000000,30.380199,0.708973,0.443725,0.000000,0.000000,0.000000
0.000000,30.440508,0.708015,0.444204,0.000000,0.000000,0.000000
0.000000,30.440508,0.707536,0.445067,0.000000,0.000000,0.000000
0.000000,30.529936,0.706386,0.445450,0.000000,0.000000,0.000000
0.000000,30.589781,0.705811,0.446504,0.000000,0.000000,0.000000
0.000000,30.589781,0.704757,0.446888,0.000000,0.000000,0.000000
0.000000,30.679428,0.704182,0.447558,0.000000,0.000000,0.000000
0.000000,30.679428,0.703224,0.447846,0.000000,0.000000,0.000000
0.000000,30.740620,0.702745,0.448709,0.000000,0.000000,0.000000
0.000000,30.831190,0.701691,0.449188,0.000000,0.000000,0.000000
0.000000,30.831190,0.701116,0.450050,0.000000,0.000000,0.000000
0.000000,30.891045,0.700158,0.450433,0.000000,0.000000,0.000000
0.000000,30.891045,0.699678,0.451391,0.000000,0.000000,0.000000
0.000000,30.979605,0.698720,0.451967,0.000000,0.000000,0.000000
0.000000,31.038904,0.698241,0.453021,0.000000,0.000000,0.000000
0.000000,31.038904,0.697379,0.453500,0.000000,0.000000,0.000000
0.000000,31.127289,0.696995,0.454745,0.000000,0.000000,0.000000
0.000000,31.127289,0.696037,0.455416,0.000000,0.000000,0.000000
0.000000,31.185562,0.695462,0.456662,0.000000,0.000000,0.000000
0.000000,31.272369,0.694504,0.457333,0.000000,0.000000,0.000000
0.000000,31.272369,0.694025,0.458578,0.000000,0.000000,0.000000
0.000000,31.329699,0.693066,0.459058,0.000000,0.000000,0.000000
0.000000,31.329699,0.692587,0.460207,0.000000,0.000000,0.000000
0.000000,31.418095,0.691725,0.460687,0.000000,0.000000,0.000000
0.000000,31.477705,0.691246,0.461453,0.000000,0.000000,0.000000
0.000000,31.477705,0.690192,0.461837,0.000000,0.000000,0.000000
0.000000,31.567720,0.689616,0.462699,0.000000,0.000000,0.000000
0.000000,31.567720,0.688562,0.463178,0.000000,0.000000,0.000000
0.000000,31.626570,0.687988,0.464041,0.000000,0.000000,0.000000
0.000000,31.713928,0.686934,0.464328,0.000000,0.000000,0.000000
0.000000,31.713928,0.686454,0.465191,0.000000,0.000000,0.000000
0.000000,31.772774,0.685400,0.465670,0.000000,0.000000,0.000000
0.000000,31.772774,0.684825,0.466628,0.000000,0.000000,0.000000
0.000000,31.861420,0.683675,0.467011,0.000000,0.000000,0.000000
0.000000,31.921087,0.683100,0.467778,0.000000,0.000000,0.000000
0.000000,31.921087,0.682046,0.468353,0.000000,0.000000,0.000000
0.000000,32.010674,0.681567,0.469503,0.000000,0.000000,0.000000
0.000000,32.010674,0.680705,0.469982,0.000000,0.000000,0.000000
0.000000,32.071865,0.680321,0.471228,0.000000,0.000000,0.000000
0.000000,32.161751,0.679363,0.471802,0.000000,0.000000,0.000000
0.000000,32.161751,0.678788,0.473048,0.000000,0.000000,0.000000
0.000000,32.219723,0.677830,0.473719,0.000000,0.000000,0.000000
0.000000,32.219723,0.677351,0.475156,0.000000,0.000000,0.000000
0.000000,32.303261,0.676392,0.475731,0.000000,0.000000,0.000000
0.000000,32.360039,0.675913,0.476977,0.000000,0.000000,0.000000
0.000000,32.360039,0.675051,0.477552,0.000000,0.000000,0.000000
0.000000,32.445316,0.674572,0.478319,0.000000,0.000000,0.000000
0.000000,32.445316,0.673422,0.478702,0.000000,0.000000,0.000000
0.000000,32.502792,0.672847,0.479565,0.000000,0.000000,0.000000
0.000000,32.587971,0.671793,0.480044,0.000000,0.000000,0.000000
0.000000,32.587971,0.671218,0.480810,0.000000,0.000000,0.000000
0.000000,32.645782,0.670164,0.481098,0.000000,0.000000,0.000000
0.000000,32.645782,0.669589,0.481864,0.000000,0.000000,0.000000
0.000000,32.734097,0.668439,0.482439,0.000000,0.000000,0.000000
0.000000,32.794800,0.667768,0.483302,0.000000,0.000000,0.000000
0.000000,32.794800,0.666714,0.483589,0.000000,0.000000,0.000000
0.000000,32.886169,0.666139,0.484548,0.000000,0.000000,0.000000
0.000000,32.886169,0.665085,0.485122,0.000000,0.000000,0.000000
0.000000,32.947479,0.664606,0.486176,0.000000,0.000000,0.000000
0.000000,33.038357,0.663552,0.486656,0.000000,0.000000,0.000000
0.000000,33.038357,0.662977,0.487901,0.000000,0.000000,0.000000
0.000000,33.098270,0.661923,0.488572,0.000000,0.000000,0.000000
0.000000,33.098270,0.661443,0.489818,0.000000,0.000000,0.000000
0.000000,33.186710,0.660581,0.490585,0.000000,0.000000,0.000000
0.000000,33.246044,0.660102,0.491926,0.000000,0.000000,0.000000
0.000000,33.246044,0.659144,0.492501,0.000000,0.000000,0.000000
0.000000,33.333836,0.658760,0.493747,0.000000,0.000000,0.000000
0.000000,33.333836,0.657898,0.494322,0.000000,0.000000,0.000000
0.000000,33.391071,0.657323,0.495184,0.000000,0.000000,0.000000
0.000000,33.475697,0.656269,0.495568,0.000000,0.000000,0.000000
0.000000,33.475697,0.655790,0.496526,0.000000,0.000000,0.000000
0.000000,33.530994,0.654640,0.497005,0.000000,0.000000,0.000000
0.000000,33.530994,0.654065,0.497580,0.000000,0.000000,0.000000
0.000000,33.615757,0.653011,0.497963,0.000000,0.000000,0.000000
0.000000,33.673832,0.652532,0.498826,0.000000,0.000000,0.000000
0.000000,33.673832,0.651382,0.499401,0.000000,0.000000,0.000000
0.000000,33.761879,0.650711,0.500167,0.000000,0.000000,0.000000
0.000000,33.761879,0.649657,0.500646,0.000000,0.000000,0.000000
0.000000,33.821053,0.648986,0.501605,0.000000,0.000000,0.000000
0.000000,33.910057,0.648028,0.502180,0.000000,0.000000,0.000000
0.000000,33.910057,0.647549,0.503234,0.000000,0.000000,0.000000
0.000000,33.971645,0.646494,0.503809,0.000000,0.000000,0.000000
0.000000,33.971645,0.645920,0.505054,0.000000,0.000000,0.000000
0.000000,34.062920,0.644961,0.505629,0.000000,0.000000,0.000000
0.000000,34.122581,0.644386,0.506779,0.000000,0.000000,0.000000
0.000000,34.122581,0.643428,0.507450,0.000000,0.000000,0.000000
0.000000,34.209690,0.642949,0.508696,0.000000,0.000000,0.000000
0.000000,34.209690,0.642087,0.509367,0.000000,0.000000,0.000000
0.000000,34.268074,0.641703,0.510612,0.000000,0.000000,0.000000
0.000000,34.355003,0.640649,0.511187,0.000000,0.000000,0.000000
0.000000,34.355003,0.640170,0.512050,0.000000,0.000000,0.000000
0.000000,34.412361,0.639020,0.512625,0.000000,0.000000,0.000000
0.000000,34.412361,0.638541,0.513679,0.000000,0.000000,0.000000
0.000000,34.497669,0.637391,0.514062,0.000000,0.000000,0.000000
0.000000,34.556789,0.636912,0.514925,0.000000,0.000000,0.000000
0.000000,34.556789,0.635762,0.515404,0.000000,0.000000,0.000000
0.000000,34.647427,0.635187,0.516266,0.000000,0.000000,0.000000
0.000000,34.647427,0.633941,0.516649,0.000000,0.000000,0.000000
0.000000,34.709412,0.633366,0.517416,0.000000,0.000000,0.000000
0.000000,34.802299,0.632120,0.517895,0.000000,0.000000,0.000000
0.000000,34.802299,0.631641,0.519045,0.000000,0.000000,0.000000
0.000000,34.866684,0.630587,0.519620,0.000000,0.000000,0.000000
0.000000,34.866684,0.630012,0.520770,0.000000,0.000000,0.000000
0.000000,34.963905,0.628767,0.521441,0.000000,0.000000,0.000000
0.000000,35.028690,0.628288,0.522686,0.000000,0.000000,0.000000
0.000000,35.028690,0.627233,0.523357,0.000000,0.000000,0.000000
0.000000,35.124039,0.626658,0.524699,0.000000,0.000000,0.000000
0.000000,35.124039,0.625604,0.525274,0.000000,0.000000,0.000000
0.000000,35.188129,0.625125,0.526328,0.000000,0.000000,0.000000
0.000000,35.283680,0.623975,0.526999,0.000000,0.000000,0.000000
0.000000,35.283680,0.623400,0.527957,0.000000,0.000000,0.000000
0.000000,35.347614,0.622442,0.528340,0.000000,0.000000,0.000000
0.000000,35.347614,0.621867,0.529394,0.000000,0.000000,0.000000
0.000000,35.442944,0.620717,0.529969,0.000000,0.000000,0.000000
0.000000,35.507034,0.620238,0.530832,0.000000,0.000000,0.000000
0.000000,35.507034,0.619184,0.531311,0.000000,0.000000,0.000000
0.000000,35.602573,0.618513,0.532461,0.000000,0.000000,0.000000
0.000000,35.602573,0.617363,0.533036,0.000000,0.000000,0.000000
0.000000,35.666969,0.616788,0.533994,0.000000,0.000000,0.000000
0.000000,35.763870,0.615542,0.534569,0.000000,0.000000,0.000000
0.000000,35.763870,0.615063,0.535719,0.000000,0.000000,0.000000
0.000000,35.830212,0.614105,0.536198,0.000000,0.000000,0.000000
0.000000,35.830212,0.613530,0.537348,0.000000,0.000000,0.000000
0.000000,35.930183,0.612380,0.537923,0.000000,0.000000,0.000000
0.000000,35.996918,0.611805,0.539169,0.000000,0.000000,0.000000
0.000000,35.996918,0.610751,0.539840,0.000000,0.000000,0.000000
0.000000,36.093697,0.610080,0.541181,0.000000,0.000000,0.000000
0.000000,36.093697,0.609122,0.541852,0.000000,0.000000,0.000000
0.000000,36.158638,0.608643,0.543098,0.000000,0.000000,0.000000
0.000000,36.256454,0.607589,0.543768,0.000000,0.000000,0.000000
0.000000,36.256454,0.606918,0.544727,0.000000,0.000000,0.000000
0.000000,36.321228,0.605768,0.545206,0.000000,0.000000,0.000000
0.000000,36.321228,0.605193,0.546260,0.000000,0.000000,0.000000
0.000000,36.415989,0.604043,0.546739,0.000000,0.000000,0.000000
0.000000,36.480827,0.603564,0.547601,0.000000,0.000000,0.000000
0.000000,36.480827,0.602510,0.548081,0.000000,0.000000,0.000000
0.000000,36.579964,0.601935,0.549135,0.000000,0.000000,0.000000
0.000000,36.579964,0.600785,0.549710,0.000000,0.000000,0.000000
0.000000,36.646904,0.600210,0.550572,0.000000,0.000000,0.000000
0.000000,36.745903,0.599060,0.551147,0.000000,0.000000,0.000000
0.000000,36.745903,0.598485,0.552393,0.000000,0.000000,0.000000
0.000000,36.813187,0.597431,0.552968,0.000000,0.000000,0.000000
0.000000,36.813187,0.596952,0.554309,0.000000,0.000000,0.000000
0.000000,36.914719,0.595706,0.554980,0.000000,0.000000,0.000000
0.000000,36.982613,0.595227,0.556226,0.000000,0.000000,0.000000
0.000000,36.982613,0.594077,0.556897,0.000000,0.000000,0.000000
0.000000,37.082546,0.593407,0.558334,0.000000,0.000000,0.000000
0.000000,37.082546,0.592353,0.558909,0.000000,0.000000,0.000000
0.000000,37.150108,0.591873,0.560155,0.000000,0.000000,0.000000
0.000000,37.251953,0.590724,0.560634,0.000000,0.000000,0.000000
0.000000,37.251953,0.590053,0.561592,0.000000,0.000000,0.000000
0.000000,37.320583,0.588903,0.562071,0.000000,0.000000,0.000000
0.000000,37.320583,0.588328,0.563125,0.000000,0.000000,0.000000
0.000000,37.421440,0.587178,0.563605,0.000000,0.000000,0.000000
0.000000,37.488491,0.586603,0.564371,0.000000,0.000000,0.000000
0.000000,37.488491,0.585357,0.564850,0.000000,0.000000,0.000000
0.000000,37.588409,0.584686,0.565904,0.000000,0.000000,0.000000
0.000000,37.588409,0.583632,0.566383,0.000000,0.000000,0.000000
0.000000,37.657043,0.583057,0.567342,0.000000,0.000000,0.000000
0.000000,37.761326,0.581811,0.567917,0.000000,0.000000,0.000000
0.000000,37.761326,0.581332,0.569162,0.000000,0.000000,0.000000
0.000000,37.832180,0.580374,0.569737,0.000000,0.000000,0.000000
0.000000,37.832180,0.579799,0.570983,0.000000,0.000000,0.000000
0.000000,37.936787,0.578649,0.571654,0.000000,0.000000,0.000000
0.000000,38.003925,0.578074,0.572996,0.000000,0.000000,0.000000
0.000000,38.003925,0.576924,0.573858,0.000000,0.000000,0.000000
0.000000,38.101639,0.576445,0.575200,0.000000,0.000000,0.000000
0.000000,38.101639,0.575391,0.575870,0.000000,0.000000,0.000000
0.000000,38.167946,0.574720,0.577116,0.000000,0.000000,0.000000
0.000000,38.268562,0.573475,0.577691,0.000000,0.000000,0.000000
0.000000,38.268562,0.572900,0.578649,0.000000,0.000000,0.000000
0.000000,38.336792,0.571558,0.579129,0.000000,0.000000,0.000000
0.000000,38.336792,0.570791,0.580183,0.000000,0.000000,0.000000
0.000000,38.439110,0.569642,0.580566,0.000000,0.000000,0.000000
0.000000,38.508305,0.568971,0.581428,0.000000,0.000000,0.000000
0.000000,38.508305,0.567629,0.582003,0.000000,0.000000,0.000000
0.000000,38.612881,0.567054,0.583057,0.000000,0.000000,0.000000
0.000000,38.612881,0.565713,0.583441,0.000000,0.000000,0.000000
0.000000,38.683472,0.565138,0.584495,0.000000,0.000000,0.000000
0.000000,38.788692,0.564084,0.585070,0.000000,0.000000,0.000000
0.000000,38.788692,0.563605,0.586315,0.000000,0.000000,0.000000
0.000000,38.859077,0.562455,0.586890,0.000000,0.000000,0.000000
0.000000,38.859077,0.561880,0.588328,0.000000,0.000000,0.000000
0.000000,38.960926,0.560730,0.588999,0.000000,0.000000,0.000000
0.000000,39.026371,0.560155,0.590532,0.000000,0.000000,0.000000
0.000000,39.026371,0.559196,0.591298,0.000000,0.000000,0.000000
0.000000,39.122574,0.558717,0.592640,0.000000,0.000000,0.000000
0.000000,39.122574,0.557663,0.593311,0.000000,0.000000,0.000000
0.000000,39.186687,0.556993,0.594365,0.000000,0.000000,0.000000
0.000000,39.281769,0.555843,0.594748,0.000000,0.000000,0.000000
0.000000,39.281769,0.555268,0.595706,0.000000,0.000000,0.000000
0.000000,39.344452,0.554022,0.596185,0.000000,0.000000,0.000000
0.000000,39.344452,0.553447,0.597144,0.000000,0.000000,0.000000
0.000000,39.439701,0.552297,0.597527,0.000000,0.000000,0.000000
0.000000,39.504185,0.551530,0.598485,0.000000,0.000000,0.000000
0.000000,39.504185,0.550380,0.599060,0.000000,0.000000,0.000000
0.000000,39.601482,0.549805,0.600019,0.000000,0.000000,0.000000
0.000000,39.601482,0.548560,0.600498,0.000000,0.000000,0.000000
0.000000,39.666691,0.548081,0.601743,0.000000,0.000000,0.000000
0.000000,39.765144,0.547026,0.602319,0.000000,0.000000,0.000000
0.000000,39.765144,0.546452,0.603373,0.000000,0.000000,0.000000
0.000000,39.830418,0.545398,0.603948,0.000000,0.000000,0.000000
0.000000,39.830418,0.544918,0.605289,0.000000,0.000000,0.000000
0.000000,39.924080,0.543960,0.605960,0.000000,0.000000,0.000000
0.000000,39.984501,0.543481,0.607301,0.000000,0.000000,0.000000
0.000000,39.984501,0.542523,0.607972,0.000000,0.000000,0.000000
0.000000,40.073460,0.542044,0.609218,0.000000,0.000000,0.000000
0.000000,40.073460,0.541085,0.609889,0.000000,0.000000,0.000000
0.000000,40.132332,0.540606,0.611039,0.000000,0.000000,0.000000
0.000000,40.220043,0.539456,0.611422,0.000000,0.000000,0.000000
0.000000,40.220043,0.538881,0.612476,0.000000,0.000000,0.000000
0.000000,40.277668,0.537731,0.612955,0.000000,0.000000,0.000000
0.000000,40.277668,0.537252,0.613722,0.000000,0.000000,0.000000
0.000000,40.367058,0.536102,0.614105,0.000000,0.000000,0.000000
0.000000,40.428520,0.535527,0.614872,0.000000,0.000000,0.000000
0.000000,40.428520,0.534281,0.615351,0.000000,0.000000,0.000000
0.000000,40.523136,0.533707,0.616309,0.000000,0.000000,0.000000
0.000000,40.523136,0.532461,0.616692,0.000000,0.000000,0.000000
0.000000,40.586876,0.531886,0.617651,0.000000,0.000000,0.000000
0.000000,40.682804,0.530928,0.618226,0.000000,0.000000,0.000000
0.000000,40.682804,0.530353,0.619376,0.000000,0.000000,0.000000
0.000000,40.747307,0.529299,0.619951,0.000000,0.000000,0.000000
0.000000,40.747307,0.528724,0.621292,0.000000,0.000000,0.000000
0.000000,40.841938,0.527574,0.621867,0.000000,0.000000,0.000000
0.000000,40.903553,0.527095,0.623113,0.000000,0.000000,0.000000
0.000000,40.903553,0.526136,0.623784,0.000000,0.000000,0.000000
0.000000,40.995956,0.525657,0.625125,0.000000,0.000000,0.000000
0.000000,40.995956,0.524795,0.625700,0.000000,0.000000,0.000000
0.000000,41.058182,0.524316,0.626850,0.000000,0.000000,0.000000
0.000000,41.148613,0.523165,0.627425,0.000000,0.000000,0.000000
0.000000,41.148613,0.522591,0.628288,0.000000,0.000000,0.000000
0.000000,41.206539,0.521537,0.628767,0.000000,0.000000,0.000000
0.000000,41.206539,0.520962,0.629821,0.000000,0.000000,0.000000
0.000000,41.292778,0.519907,0.630300,0.000000,0.000000,0.000000
0.000000,41.351463,0.519428,0.631162,0.000000,0.000000,0.000000
0.000000,41.351463,0.518278,0.631641,0.000000,0.000000,0.000000
0.000000,41.440975,0.517704,0.632600,0.000000,0.000000,0.000000
0.000000,41.440975,0.516554,0.632983,0.000000,0.000000,0.000000
0.000000,41.501736,0.515979,0.633846,0.000000,0.000000,0.000000
0.000000,41.593243,0.514925,0.634325,0.000000,0.000000,0.000000
0.000000,41.593243,0.514446,0.635475,0.000000,0.000000,0.000000
0.000000,41.655136,0.513391,0.635954,0.000000,0.000000,0.000000
0.000000,41.655136,0.512816,0.637104,0.000000,0.000000,0.000000
0.000000,41.746197,0.511762,0.637679,0.000000,0.000000,0.000000
0.000000,41.806408,0.511283,0.638924,0.000000,0.000000,0.000000
0.000000,41.806408,0.510229,0.639499,0.000000,0.000000,0.000000
0.000000,41.896568,0.509750,0.640841,0.000000,0.000000,0.000000
0.000000,41.896568,0.508696,0.641512,0.000000,0.000000,0.000000
0.000000,41.957973,0.508217,0.642662,0.000000,0.000000,0.000000
0.000000,42.048409,0.507067,0.643332,0.000000,0.000000,0.000000
0.000000,42.048409,0.506588,0.644290,0.000000,0.000000,0.000000
0.000000,42.108070,0.505533,0.644770,0.000000,0.000000,0.000000
0.000000,42.108070,0.504959,0.645920,0.000000,0.000000,0.000000
0.000000,42.197376,0.503809,0.646494,0.000000,0.000000,0.000000
0.000000,42.259296,0.503330,0.647261,0.000000,0.000000,0.000000
0.000000,42.259296,0.502180,0.647740,0.000000,0.000000,0.000000
0.000000,42.353100,0.501509,0.648699,0.000000,0.000000,0.000000
0.000000,42.353100,0.500455,0.649274,0.000000,0.000000,0.000000
0.000000,42.416512,0.499880,0.650136,0.000000,0.000000,0.000000
0.000000,42.510399,0.498730,0.650615,0.000000,0.000000,0.000000
0.000000,42.510399,0.498251,0.651765,0.000000,0.000000,0.000000
0.000000,42.573559,0.497197,0.652340,0.000000,0.000000,0.000000
0.000000,42.573559,0.496622,0.653298,0.000000,0.000000,0.000000
0.000000,42.667313,0.495568,0.653873,0.000000,0.000000,0.000000
0.000000,42.730083,0.494993,0.655119,0.000000,0.000000,0.000000
0.000000,42.730083,0.493843,0.655694,0.000000,0.000000,0.000000
0.000000,42.822613,0.493268,0.657036,0.000000,0.000000,0.000000
0.000000,42.822613,0.492309,0.657706,0.000000,0.000000,0.000000
0.000000,42.883923,0.491926,0.658856,0.000000,0.000000,0.000000
0.000000,42.974854,0.490872,0.659335,0.000000,0.000000,0.000000
0.000000,42.974854,0.490297,0.660389,0.000000,0.000000,0.000000
0.000000,43.034611,0.489147,0.660773,0.000000,0.000000,0.000000
0.000000,43.034611,0.488572,0.661539,0.000000,0.000000,0.000000
0.000000,43.122810,0.487518,0.662018,0.000000,0.000000,0.000000
0.000000,43.182659,0.487039,0.663073,0.000000,0.000000,0.000000
0.000000,43.182659,0.485985,0.663456,0.000000,0.000000,0.000000
0.000000,43.273533,0.485506,0.664318,0.000000,0.000000,0.000000
0.000000,43.273533,0.484356,0.664893,0.000000,0.000000,0.000000
0.000000,43.334415,0.483781,0.665947,0.000000,0.000000,0.000000
0.000000,43.423634,0.482727,0.666331,0.000000,0.000000,0.000000
0.000000,43.423634,0.482248,0.667289,0.000000,0.000000,0.000000
0.000000,43.483944,0.481289,0.667960,0.000000,0.000000,0.000000
0.000000,43.483944,0.480810,0.669110,0.000000,0.000000,0.000000
0.000000,43.575062,0.479852,0.669589,0.000000,0.000000,0.000000
0.000000,43.635803,0.479277,0.670835,0.000000,0.000000,0.000000
0.000000,43.635803,0.478223,0.671410,0.000000,0.000000,0.000000
0.000000,43.724171,0.477744,0.672464,0.000000,0.000000,0.000000
0.000000,43.724171,0.476785,0.673134,0.000000,0.000000,0.000000
0.000000,43.782280,0.476211,0.674380,0.000000,0.000000,0.000000
0.000000,43.869217,0.475348,0.674955,0.000000,0.000000,0.000000
0.000000,43.869217,0.474773,0.676105,0.000000,0.000000,0.000000
0.000000,43.926968,0.473623,0.676680,0.000000,0.000000,0.000000
0.000000,43.926968,0.473048,0.677542,0.000000,0.000000,0.000000
0.000000,44.013775,0.471994,0.677926,0.000000,0.000000,0.000000
0.000000,44.071045,0.471419,0.678980,0.000000,0.000000,0.000000
0.000000,44.071045,0.470365,0.679459,0.000000,0.000000,0.000000
0.000000,44.158447,0.469790,0.680225,0.000000,0.000000,0.000000
0.000000,44.158447,0.468736,0.680513,0.000000,0.000000,0.000000
0.000000,44.216724,0.468161,0.681280,0.000000,0.000000,0.000000
0.000000,44.304146,0.467203,0.681855,0.000000,0.000000,0.000000
0.000000,44.304146,0.466724,0.682717,0.000000,0.000000,0.000000
0.000000,44.362091,0.465765,0.683100,0.000000,0.000000,0.000000
0.000000,44.362091,0.465286,0.684059,0.000000,0.000000,0.000000
0.000000,44.449169,0.464520,0.684634,0.000000,0.000000,0.000000
0.000000,44.505840,0.464041,0.685688,0.000000,0.000000,0.000000
0.000000,44.505840,0.463178,0.686167,0.000000,0.000000,0.000000
0.000000,44.589031,0.462603,0.687413,0.000000,0.000000,0.000000
0.000000,44.589031,0.461741,0.688083,0.000000,0.000000,0.000000
0.000000,44.642426,0.461262,0.689329,0.000000,0.000000,0.000000
0.000000,44.721603,0.460303,0.690000,0.000000,0.000000,0.000000
0.000000,44.721603,0.459824,0.691150,0.000000,0.000000,0.000000
0.000000,44.776325,0.458962,0.691725,0.000000,0.000000,0.000000
0.000000,44.776325,0.458483,0.692779,0.000000,0.000000,0.000000
0.000000,44.859673,0.457428,0.693258,0.000000,0.000000,0.000000
0.000000,44.917030,0.456854,0.694025,0.000000,0.000000,0.000000
0.000000,44.917030,0.455800,0.694312,0.000000,0.000000,0.000000
0.000000,45.000599,0.455225,0.695079,0.000000,0.000000,0.000000
0.000000,45.000599,0.454170,0.695558,0.000000,0.000000,0.000000
0.000000,45.056290,0.453691,0.696420,0.000000,0.000000,0.000000
0.000000,45.141296,0.452637,0.696708,0.000000,0.000000,0.000000
0.000000,45.141296,0.452062,0.697570,0.000000,0.000000,0.000000
0.000000,45.199783,0.450912,0.698049,0.000000,0.000000,0.000000
0.000000,45.199783,0.450337,0.699008,0.000000,0.000000,0.000000
0.000000,45.288097,0.449283,0.699391,0.000000,0.000000,0.000000
0.000000,45.347546,0.448804,0.700158,0.000000,0.000000,0.000000
0.000000,45.347546,0.448038,0.700637,0.000000,0.000000,0.000000
0.000000,45.436478,0.447654,0.701691,0.000000,0.000000,0.000000
0.000000,45.436478,0.446792,0.702266,0.000000,0.000000,0.000000
0.000000,45.495625,0.446217,0.703320,0.000000,0.000000,0.000000
0.000000,45.580841,0.445258,0.703895,0.000000,0.000000,0.000000
0.000000,45.580841,0.444875,0.705045,0.000000,0.000000,0.000000
0.000000,45.635403,0.444013,0.705620,0.000000,0.000000,0.000000
0.000000,45.635403,0.443630,0.706961,0.000000,0.000000,0.000000
0.000000,45.718105,0.442671,0.707632,0.000000,0.000000,0.000000
0.000000,45.773556,0.442288,0.708782,0.000000,0.000000,0.000000
0.000000,45.773556,0.441330,0.709357,0.000000,0.000000,0.000000
0.000000,45.856087,0.440755,0.710315,0.000000,0.000000,0.000000
0.000000,45.856087,0.439701,0.710698,0.000000,0.000000,0.000000
0.000000,45.910717,0.439126,0.711465,0.000000,0.000000,0.000000
0.000000,45.992729,0.438071,0.711944,0.000000,0.000000,0.000000
0.000000,45.992729,0.437401,0.712903,0.000000,0.000000,0.000000
0.000000,46.051098,0.436347,0.713286,0.000000,0.000000,0.000000
0.000000,46.051098,0.435772,0.713957,0.000000,0.000000,0.000000
0.000000,46.140915,0.434622,0.714436,0.000000,0.000000,0.000000
0.000000,46.202003,0.434047,0.715490,0.000000,0.000000,0.000000
0.000000,46.202003,0.432993,0.715873,0.000000,0.000000,0.000000
0.000000,46.293011,0.432418,0.716736,0.000000,0.000000,0.000000
0.000000,46.293011,0.431460,0.717215,0.000000,0.000000,0.000000
0.000000,46.354767,0.430980,0.718364,0.000000,0.000000,0.000000
0.000000,46.445911,0.429926,0.718844,0.000000,0.000000,0.000000
0.000000,46.445911,0.429447,0.719994,0.000000,0.000000,0.000000
0.000000,46.506977,0.428489,0.720569,0.000000,0.000000,0.000000
0.000000,46.506977,0.428106,0.721814,0.000000,0.000000,0.000000
0.000000,46.597408,0.427243,0.722485,0.000000,0.000000,0.000000
0.000000,46.657681,0.426764,0.723827,0.000000,0.000000,0.000000
0.000000,46.657681,0.425806,0.724401,0.000000,0.000000,0.000000
0.000000,46.745884,0.425422,0.725647,0.000000,0.000000,0.000000
0.000000,46.745884,0.424464,0.726222,0.000000,0.000000,0.000000
0.000000,46.804085,0.423985,0.727277,0.000000,0.000000,0.000000
0.000000,46.891037,0.422835,0.727660,0.000000,0.000000,0.000000
0.000000,46.891037,0.422260,0.728714,0.000000,0.000000,0.000000
0.000000,46.949406,0.421206,0.729193,0.000000,0.000000,0.000000
0.000000,46.949406,0.420631,0.729960,0.000000,0.000000,0.000000
0.000000,47.040436,0.419481,0.730343,0.000000,0.000000,0.000000
0.000000,47.102608,0.418906,0.731301,0.000000,0.000000,0.000000
0.000000,47.102608,0.417660,0.731876,0.000000,0.000000,0.000000
0.000000,47.196594,0.417086,0.732738,0.000000,0.000000,0.000000
0.000000,47.196594,0.415840,0.733122,0.000000,0.000000,0.000000
0.000000,47.259495,0.415265,0.734272,0.000000,0.000000,0.000000
0.000000,47.354519,0.414306,0.734847,0.000000,0.000000,0.000000
0.000000,47.354519,0.413732,0.735805,0.000000,0.000000,0.000000
0.000000,47.419270,0.412582,0.736380,0.000000,0.000000,0.000000
0.000000,47.419270,0.412102,0.737721,0.000000,0.000000,0.000000
0.000000,47.514256,0.410953,0.738201,0.000000,0.000000,0.000000
0.000000,47.576263,0.410473,0.739351,0.000000,0.000000,0.000000
0.000000,47.576263,0.409611,0.740021,0.000000,0.000000,0.000000
0.000000,47.668228,0.409132,0.741363,0.000000,0.000000,0.000000
0.000000,47.668228,0.408174,0.741938,0.000000,0.000000,0.000000
0.000000,47.729897,0.407599,0.743280,0.000000,0.000000,0.000000
0.000000,47.821220,0.406545,0.743759,0.000000,0.000000,0.000000
0.000000,47.821220,0.405874,0.744717,0.000000,0.000000,0.000000
0.000000,47.880852,0.404724,0.745292,0.000000,0.000000,0.000000
0.000000,47.880852,0.404245,0.746442,0.000000,0.000000,0.000000
0.000000,47.971851,0.403095,0.746825,0.000000,0.000000,0.000000
0.000000,48.034454,0.402520,0.747688,0.000000,0.000000,0.000000
0.000000,48.034454,0.401274,0.748262,0.000000,0.000000,0.000000
0.000000,48.129005,0.400699,0.749029,0.000000,0.000000,0.000000
0.000000,48.129005,0.399454,0.749413,0.000000,0.000000,0.000000
0.000000,48.192310,0.398878,0.750275,0.000000,0.000000,0.000000
0.000000,48.288494,0.397920,0.750850,0.000000,0.000000,0.000000
0.000000,48.288494,0.397249,0.752000,0.000000,0.000000,0.000000
0.000000,48.353745,0.396099,0.752575,0.000000,0.000000,0.000000
0.000000,48.353745,0.395620,0.753820,0.000000,0.000000,0.000000
0.000000,48.449177,0.394470,0.754491,0.000000,0.000000,0.000000
0.000000,48.510990,0.393991,0.755833,0.000000,0.000000,0.000000
0.000000,48.510990,0.393033,0.756504,0.000000,0.000000,0.000000
0.000000,48.602573,0.392554,0.757749,0.000000,0.000000,0.000000
0.000000,48.602573,0.391500,0.758324,0.000000,0.000000,0.000000
0.000000,48.663662,0.390925,0.759474,0.000000,0.000000,0.000000
0.000000,48.755295,0.389871,0.760049,0.000000,0.000000,0.000000
0.000000,48.755295,0.389392,0.760912,0.000000,0.000000,0.000000
0.000000,48.815952,0.388242,0.761391,0.000000,0.000000,0.000000
0.000000,48.815952,0.387763,0.762445,0.000000,0.000000,0.000000
0.000000,48.907509,0.386708,0.762924,0.000000,0.000000,0.000000
0.000000,48.968784,0.386134,0.763787,0.000000,0.000000,0.000000
0.000000,48.968784,0.384984,0.764361,0.000000,0.000000,0.000000
0.000000,49.060402,0.384409,0.765415,0.000000,0.000000,0.000000
0.000000,49.060402,0.383259,0.765990,0.000000,0.000000,0.000000
0.000000,49.121910,0.382684,0.767045,0.000000,0.000000,0.000000
0.000000,49.215664,0.381725,0.767619,0.000000,0.000000,0.000000
0.000000,49.215664,0.381150,0.768673,0.000000,0.000000,0.000000
0.000000,49.280434,0.380001,0.769153,0.000000,0.000000,0.000000
0.000000,49.280434,0.379426,0.770398,0.000000,0.000000,0.000000
0.000000,49.376690,0.378371,0.770973,0.000000,0.000000,0.000000
0.000000,49.439911,0.377797,0.772219,0.000000,0.000000,0.000000
0.000000,49.439911,0.376647,0.772890,0.000000,0.000000,0.000000
0.000000,49.533409,0.376168,0.774232,0.000000,0.000000,0.000000
0.000000,49.533409,0.375113,0.774902,0.000000,0.000000,0.000000
0.000000,49.596291,0.374538,0.776148,0.000000,0.000000,0.000000
0.000000,49.690475,0.373293,0.776723,0.000000,0.000000,0.000000
0.000000,49.690475,0.372718,0.777681,0.000000,0.000000,0.000000
0.000000,49.752724,0.371472,0.778161,0.000000,0.000000,0.000000
0.000000,49.752724,0.370897,0.779215,0.000000,0.000000,0.000000
0.000000,49.845997,0.369939,0.779694,0.000000,0.000000,0.000000
0.000000,49.910622,0.369268,0.780556,0.000000,0.000000,0.000000
0.000000,49.910622,0.368118,0.781131,0.000000,0.000000,0.000000
0.000000,50.008091,0.367543,0.782089,0.000000,0.000000,0.000000
0.000000,50.008091,0.366393,0.782568,0.000000,0.000000,0.000000
0.000000,50.072899,0.365818,0.783527,0.000000,0.000000,0.000000
0.000000,50.169834,0.364860,0.784197,0.000000,0.000000,0.000000
0.000000,50.169834,0.364285,0.785347,0.000000,0.000000,0.000000
0.000000,50.235741,0.363135,0.786018,0.000000,0.000000,0.000000
0.000000,50.235741,0.362560,0.787264,0.000000,0.000000,0.000000
0.000000,50.333439,0.361506,0.787935,0.000000,0.000000,0.000000
0.000000,50.397518,0.360931,0.789180,0.000000,0.000000,0.000000
0.000000,50.397518,0.359877,0.789947,0.000000,0.000000,0.000000
0.000000,50.493126,0.359398,0.791193,0.000000,0.000000,0.000000
0.000000,50.493126,0.358152,0.791864,0.000000,0.000000,0.000000
0.000000,50.557449,0.357577,0.793014,0.000000,0.000000,0.000000
0.000000,50.653481,0.356332,0.793493,0.000000,0.000000,0.000000
0.000000,50.653481,0.355757,0.794355,0.000000,0.000000,0.000000
0.000000,50.718410,0.354511,0.794930,0.000000,0.000000,0.000000
0.000000,50.718410,0.353936,0.795984,0.000000,0.000000,0.000000
0.000000,50.816429,0.352690,0.796463,0.000000,0.000000,0.000000
0.000000,50.880535,0.352019,0.797326,0.000000,0.000000,0.000000
0.000000,50.880535,0.350869,0.797901,0.000000,0.000000,0.000000
0.000000,50.975056,0.350294,0.798955,0.000000,0.000000,0.000000
0.000000,50.975056,0.349240,0.799434,0.000000,0.000000,0.000000
0.000000,51.041691,0.348761,0.800584,0.000000,0.000000,0.000000
0.000000,51.141998,0.347707,0.801255,0.000000,0.000000,0.000000
0.000000,51.141998,0.347228,0.802309,0.000000,0.000000,0.000000
0.000000,51.208122,0.346078,0.802979,0.000000,0.000000,0.000000
0.000000,51.208122,0.345599,0.804321,0.000000,0.000000,0.000000
0.000000,51.302830,0.344545,0.804896,0.000000,0.000000,0.000000
0.000000,51.363186,0.344066,0.806334,0.000000,0.000000,0.000000
0.000000,51.363186,0.343107,0.807004,0.000000,0.000000,0.000000
0.000000,51.454102,0.342532,0.808154,0.000000,0.000000,0.000000
0.000000,51.454102,0.341478,0.808825,0.000000,0.000000,0.000000
0.000000,51.515266,0.340903,0.809975,0.000000,0.000000,0.000000
0.000000,51.607845,0.339658,0.810454,0.000000,0.000000,0.000000
0.000000,51.607845,0.339083,0.811412,0.000000,0.000000,0.000000
0.000000,51.669102,0.337837,0.811987,0.000000,0.000000,0.000000
0.000000,51.669102,0.337262,0.812945,0.000000,0.000000,0.000000
0.000000,51.762024,0.336112,0.813329,0.000000,0.000000,0.000000
0.000000,51.825443,0.335441,0.814287,0.000000,0.000000,0.000000
0.000000,51.825443,0.334291,0.814862,0.000000,0.000000,0.000000
0.000000,51.920918,0.333621,0.815724,0.000000,0.000000,0.000000
0.000000,51.920918,0.332566,0.816108,0.000000,0.000000,0.000000
0.000000,51.984585,0.332087,0.817162,0.000000,0.000000,0.000000
0.000000,52.079494,0.331225,0.817737,0.000000,0.000000,0.000000
0.000000,52.079494,0.330650,0.818887,0.000000,0.000000,0.000000
0.000000,52.141434,0.329596,0.819557,0.000000,0.000000,0.000000
0.000000,52.141434,0.329117,0.820899,0.000000,0.000000,0.000000
0.000000,52.230278,0.328158,0.821570,0.000000,0.000000,0.000000
0.000000,52.287434,0.327679,0.822912,0.000000,0.000000,0.000000
0.000000,52.287434,0.326721,0.823678,0.000000,0.000000,0.000000
0.000000,52.373905,0.326242,0.824828,0.000000,0.000000,0.000000
0.000000,52.373905,0.325284,0.825499,0.000000,0.000000,0.000000
0.000000,52.432308,0.324709,0.826553,0.000000,0.000000,0.000000
0.000000,52.520756,0.323559,0.826840,0.000000,0.000000,0.000000
0.000000,52.520756,0.322984,0.827607,0.000000,0.000000,0.000000
0.000000,52.579861,0.321834,0.828182,0.000000,0.000000,0.000000
0.000000,52.579861,0.321259,0.829140,0.000000,0.000000,0.000000
0.000000,52.671341,0.320109,0.829524,0.000000,0.000000,0.000000
0.000000,52.734676,0.319342,0.830386,0.000000,0.000000,0.000000
0.000000,52.734676,0.318192,0.830961,0.000000,0.000000,0.000000
0.000000,52.830132,0.317617,0.832015,0.000000,0.000000,0.000000
0.000000,52.830132,0.316468,0.832494,0.000000,0.000000,0.000000
0.000000,52.895035,0.315892,0.833452,0.000000,0.000000,0.000000
0.000000,52.992657,0.314838,0.834027,0.000000,0.000000,0.000000
0.000000,52.992657,0.314359,0.835177,0.000000,0.000000,0.000000
0.000000,53.057140,0.313305,0.835656,0.000000,0.000000,0.000000
0.000000,53.057140,0.312826,0.836902,0.000000,0.000000,0.000000
0.000000,53.149208,0.311868,0.837573,0.000000,0.000000,0.000000
0.000000,53.208504,0.311389,0.838723,0.000000,0.000000,0.000000
0.000000,53.208504,0.310431,0.839394,0.000000,0.000000,0.000000
0.000000,53.297020,0.309951,0.840735,0.000000,0.000000,0.000000
0.000000,53.297020,0.309089,0.841406,0.000000,0.000000,0.000000
0.000000,53.356098,0.308514,0.842652,0.000000,0.000000,0.000000
0.000000,53.444611,0.307364,0.843227,0.000000,0.000000,0.000000
0.000000,53.444611,0.306789,0.844185,0.000000,0.000000,0.000000
0.000000,53.503479,0.305639,0.844760,0.000000,0.000000,0.000000
0.000000,53.503479,0.305064,0.845718,0.000000,0.000000,0.000000
0.000000,53.593536,0.303914,0.846102,0.000000,0.000000,0.000000
0.000000,53.657444,0.303243,0.846772,0.000000,0.000000,0.000000
0.000000,53.657444,0.301998,0.847251,0.000000,0.000000,0.000000
0.000000,53.757439,0.301423,0.848305,0.000000,0.000000,0.000000
0.000000,53.757439,0.300081,0.848689,0.000000,0.000000,0.000000
0.000000,53.827518,0.299506,0.849551,0.000000,0.000000,0.000000
0.000000,53.929466,0.298452,0.850126,0.000000,0.000000,0.000000
0.000000,53.929466,0.297973,0.851372,0.000000,0.000000,0.000000
0.000000,53.996807,0.296727,0.851851,0.000000,0.000000,0.000000
0.000000,53.996807,0.296248,0.853193,0.000000,0.000000,0.000000
0.000000,54.095413,0.295098,0.853863,0.000000,0.000000,0.000000
0.000000,54.159420,0.294523,0.855205,0.000000,0.000000,0.000000
0.000000,54.159420,0.293565,0.855876,0.000000,0.000000,0.000000
0.000000,54.254280,0.293182,0.857313,0.000000,0.000000,0.000000
0.000000,54.254280,0.292223,0.857888,0.000000,0.000000,0.000000
0.000000,54.317158,0.291649,0.859230,0.000000,0.000000,0.000000
0.000000,54.409328,0.290499,0.859805,0.000000,0.000000,0.000000
0.000000,54.409328,0.289924,0.860763,0.000000,0.000000,0.000000
0.000000,54.469952,0.288678,0.861242,0.000000,0.000000,0.000000
0.000000,54.469952,0.288103,0.862392,0.000000,0.000000,0.000000
0.000000,54.562424,0.287049,0.862871,0.000000,0.000000,0.000000
0.000000,54.627419,0.286378,0.863925,0.000000,0.000000,0.000000
0.000000,54.627419,0.285036,0.864500,0.000000,0.000000,0.000000
0.000000,54.727013,0.284461,0.865458,0.000000,0.000000,0.000000
0.000000,54.727013,0.283216,0.865937,0.000000,0.000000,0.000000
0.000000,54.794445,0.282641,0.866992,0.000000,0.000000,0.000000
0.000000,54.895962,0.281491,0.867566,0.000000,0.000000,0.000000
0.000000,54.895962,0.280916,0.868716,0.000000,0.000000,0.000000
0.000000,54.964989,0.279670,0.869292,0.000000,0.000000,0.000000
0.000000,54.964989,0.279191,0.870537,0.000000,0.000000,0.000000
0.000000,55.066620,0.278041,0.871208,0.000000,0.000000,0.000000
0.000000,55.133347,0.277466,0.872549,0.000000,0.000000,0.000000
0.000000,55.133347,0.276412,0.873220,0.000000,0.000000,0.000000
0.000000,55.232056,0.275933,0.874466,0.000000,0.000000,0.000000
0.000000,55.232056,0.274687,0.875137,0.000000,0.000000,0.000000
0.000000,55.297077,0.274112,0.876383,0.000000,0.000000,0.000000
0.000000,55.392796,0.272962,0.876862,0.000000,0.000000,0.000000
0.000000,55.392796,0.272387,0.877916,0.000000,0.000000,0.000000
0.000000,55.456810,0.271237,0.878491,0.000000,0.000000,0.000000
0.000000,55.456810,0.270662,0.879545,0.000000,0.000000,0.000000
0.000000,55.555019,0.269417,0.879928,0.000000,0.000000,0.000000
0.000000,55.622078,0.268842,0.880983,0.000000,0.000000,0.000000
0.000000,55.622078,0.267596,0.881558,0.000000,0.000000,0.000000
0.000000,55.722298,0.266925,0.882612,0.000000,0.000000,0.000000
0.000000,55.722298,0.265871,0.883091,0.000000,0.000000,0.000000
0.000000,55.789421,0.265296,0.884336,0.000000,0.000000,0.000000
0.000000,55.890175,0.264146,0.884911,0.000000,0.000000,0.000000
0.000000,55.890175,0.263571,0.886061,0.000000,0.000000,0.000000
0.000000,55.958363,0.262421,0.886828,0.000000,0.000000,0.000000
0.000000,55.958363,0.261751,0.888074,0.000000,0.000000,0.000000
0.000000,56.059166,0.260696,0.888745,0.000000,0.000000,0.000000
0.000000,56.126446,0.260217,0.890182,0.000000,0.000000,0.000000
0.000000,56.126446,0.259163,0.890853,0.000000,0.000000,0.000000
0.000000,56.226326,0.258588,0.892098,0.000000,0.000000,0.000000
0.000000,56.226326,0.257342,0.892673,0.000000,0.000000,0.000000
0.000000,56.292873,0.256768,0.893536,0.000000,0.000000,0.000000
0.000000,56.390827,0.255426,0.894015,0.000000,0.000000,0.000000
0.000000,56.390827,0.254851,0.895069,0.000000,0.000000,0.000000
0.000000,56.457500,0.253797,0.895644,0.000000,0.000000,0.000000
0.000000,56.457500,0.253126,0.896602,0.000000,0.000000,0.000000
0.000000,56.559071,0.251976,0.897177,0.000000,0.000000,0.000000
0.000000,56.626949,0.251401,0.898327,0.000000,0.000000,0.000000
0.000000,56.626949,0.250155,0.898902,0.000000,0.000000,0.000000
0.000000,56.726101,0.249581,0.899956,0.000000,0.000000,0.000000
0.000000,56.726101,0.248622,0.900723,0.000000,0.000000,0.000000
0.000000,56.792732,0.248047,0.901968,0.000000,0.000000,0.000000
0.000000,56.894150,0.246802,0.902543,0.000000,0.000000,0.000000
0.000000,56.894150,0.246322,0.903885,0.000000,0.000000,0.000000
0.000000,56.961922,0.245173,0.904556,0.000000,0.000000,0.000000
0.000000,56.961922,0.244598,0.905897,0.000000,0.000000,0.000000
0.000000,57.062222,0.243544,0.906568,0.000000,0.000000,0.000000
0.000000,57.129017,0.242969,0.907910,0.000000,0.000000,0.000000
0.000000,57.129017,0.241723,0.908581,0.000000,0.000000,0.000000
0.000000,57.229126,0.241148,0.909731,0.000000,0.000000,0.000000
0.000000,57.229126,0.239806,0.910306,0.000000,0.000000,0.000000
0.000000,57.295986,0.239135,0.911360,0.000000,0.000000,0.000000
0.000000,57.398247,0.237890,0.911935,0.000000,0.000000,0.000000
0.000000,57.398247,0.237219,0.912797,0.000000,0.000000,0.000000
0.000000,57.468857,0.235877,0.913276,0.000000,0.000000,0.000000
0.000000,57.468857,0.235207,0.914330,0.000000,0.000000,0.000000
0.000000,57.575695,0.234057,0.914905,0.000000,0.000000,0.000000
0.000000,57.647144,0.233386,0.915863,0.000000,0.000000,0.000000
0.000000,57.647144,0.232332,0.916438,0.000000,0.000000,0.000000
0.000000,57.754517,0.231757,0.917780,0.000000,0.000000,0.000000
0.000000,57.754517,0.230511,0.918355,0.000000,0.000000,0.000000
0.000000,57.826233,0.229936,0.919697,0.000000,0.000000,0.000000
0.000000,57.930153,0.228882,0.920463,0.000000,0.000000,0.000000
0.000000,57.930153,0.228211,0.921901,0.000000,0.000000,0.000000
0.000000,57.998150,0.227157,0.922763,0.000000,0.000000,0.000000
0.000000,57.998150,0.226678,0.924104,0.000000,0.000000,0.000000
0.000000,58.098473,0.225528,0.924680,0.000000,0.000000,0.000000
0.000000,58.164909,0.224857,0.926021,0.000000,0.000000,0.000000
0.000000,58.164909,0.223611,0.926500,0.000000,0.000000,0.000000
0.000000,58.264015,0.222941,0.927458,0.000000,0.000000,0.000000
0.000000,58.264015,0.221599,0.928033,0.000000,0.000000,0.000000
0.000000,58.331093,0.220928,0.929087,0.000000,0.000000,0.000000
0.000000,58.433887,0.219587,0.929567,0.000000,0.000000,0.000000
0.000000,58.433887,0.218916,0.930716,0.000000,0.000000,0.000000
0.000000,58.505009,0.217574,0.931291,0.000000,0.000000,0.000000
0.000000,58.505009,0.216904,0.932345,0.000000,0.000000,0.000000
0.000000,58.610802,0.215754,0.932824,0.000000,0.000000,0.000000
0.000000,58.681065,0.215275,0.934070,0.000000,0.000000,0.000000
0.000000,58.681065,0.214221,0.934645,0.000000,0.000000,0.000000
0.000000,58.784222,0.213646,0.935795,0.000000,0.000000,0.000000
0.000000,58.784222,0.212592,0.936466,0.000000,0.000000,0.000000
0.000000,58.850674,0.212112,0.937807,0.000000,0.000000,0.000000
0.000000,58.945229,0.211058,0.938383,0.000000,0.000000,0.000000
0.000000,58.945229,0.210675,0.939916,0.000000,0.000000,0.000000
0.000000,59.005985,0.209717,0.940587,0.000000,0.000000,0.000000
0.000000,59.005985,0.209237,0.941928,0.000000,0.000000,0.000000
0.000000,59.096012,0.207992,0.942599,0.000000,0.000000,0.000000
0.000000,59.156017,0.207417,0.943558,0.000000,0.000000,0.000000
0.000000,59.156017,0.206267,0.944037,0.000000,0.000000,0.000000
0.000000,59.246006,0.205692,0.945091,0.000000,0.000000,0.000000
0.000000,59.246006,0.204542,0.945570,0.000000,0.000000,0.000000
0.000000,59.307503,0.203967,0.946337,0.000000,0.000000,0.000000
0.000000,59.402390,0.202626,0.946815,0.000000,0.000000,0.000000
0.000000,59.402390,0.201955,0.947774,0.000000,0.000000,0.000000
0.000000,59.466763,0.200805,0.948349,0.000000,0.000000,0.000000
0.000000,59.466763,0.200134,0.949115,0.000000,0.000000,0.000000
0.000000,59.564259,0.199176,0.949690,0.000000,0.000000,0.000000
0.000000,59.628780,0.198601,0.950840,0.000000,0.000000,0.000000
0.000000,59.628780,0.197547,0.951319,0.000000,0.000000,0.000000
0.000000,59.723598,0.196972,0.952469,0.000000,0.000000,0.000000
0.000000,59.723598,0.196109,0.953044,0.000000,0.000000,0.000000
0.000000,59.784332,0.195534,0.954386,0.000000,0.000000,0.000000
0.000000,59.872231,0.194576,0.954961,0.000000,0.000000,0.000000
0.000000,59.872231,0.194193,0.956398,0.000000,0.000000,0.000000
0.000000,59.930233,0.193234,0.957069,0.000000,0.000000,0.000000
0.000000,59.930233,0.192755,0.958219,0.000000,0.000000,0.000000
0.000000,60.017139,0.191701,0.958793,0.000000,0.000000,0.000000
0.000000,60.075291,0.191126,0.959848,0.000000,0.000000,0.000000
0.000000,60.075291,0.190072,0.960327,0.000000,0.000000,0.000000
0.000000,60.162582,0.189497,0.961285,0.000000,0.000000,0.000000
0.000000,60.162582,0.188347,0.961764,0.000000,0.000000,0.000000
0.000000,60.222736,0.187772,0.962627,0.000000,0.000000,0.000000
0.000000,60.314983,0.186527,0.962914,0.000000,0.000000,0.000000
0.000000,60.314983,0.185856,0.963872,0.000000,0.000000,0.000000
0.000000,60.377594,0.184610,0.964447,0.000000,0.000000,0.000000
0.000000,60.377594,0.183939,0.965406,0.000000,0.000000,0.000000
0.000000,60.472008,0.182789,0.965884,0.000000,0.000000,0.000000
0.000000,60.536110,0.182310,0.966939,0.000000,0.000000,0.000000
0.000000,60.536110,0.181160,0.967514,0.000000,0.000000,0.000000
0.000000,60.632534,0.180585,0.968568,0.000000,0.000000,0.000000
0.000000,60.632534,0.179435,0.969143,0.000000,0.000000,0.000000
0.000000,60.696362,0.178956,0.970389,0.000000,0.000000,0.000000
0.000000,60.787460,0.177806,0.970964,0.000000,0.000000,0.000000
0.000000,60.787460,0.177423,0.972210,0.000000,0.000000,0.000000
0.000000,60.846767,0.176561,0.972880,0.000000,0.000000,0.000000
0.000000,60.846767,0.176081,0.974222,0.000000,0.000000,0.000000
0.000000,60.934494,0.174932,0.974797,0.000000,0.000000,0.000000
0.000000,60.993214,0.174357,0.976043,0.000000,0.000000,0.000000
0.000000,60.993214,0.173207,0.976522,0.000000,0.000000,0.000000
0.000000,61.079678,0.172632,0.977576,0.000000,0.000000,0.000000
0.000000,61.079678,0.171482,0.978151,0.000000,0.000000,0.000000
0.000000,61.139450,0.170907,0.979205,0.000000,0.000000,0.000000
0.000000,61.234619,0.169565,0.979684,0.000000,0.000000,0.000000
0.000000,61.234619,0.168895,0.980642,0.000000,0.000000,0.000000
0.000000,61.300312,0.167745,0.981217,0.000000,0.000000,0.000000
0.000000,61.300312,0.167170,0.981984,0.000000,0.000000,0.000000
0.000000,61.395588,0.166116,0.982463,0.000000,0.000000,0.000000
0.000000,61.459957,0.165541,0.983421,0.000000,0.000000,0.000000
0.000000,61.459957,0.164391,0.983996,0.000000,0.000000,0.000000
0.000000,61.559780,0.163815,0.985050,0.000000,0.000000,0.000000
0.000000,61.559780,0.162666,0.985625,0.000000,0.000000,0.000000
0.000000,61.626945,0.162091,0.986967,0.000000,0.000000,0.000000
0.000000,61.723587,0.161037,0.987637,0.000000,0.000000,0.000000
0.000000,61.723587,0.160558,0.988979,0.000000,0.000000,0.000000
0.000000,61.787170,0.159503,0.989650,0.000000,0.000000,0.000000
0.000000,61.787170,0.158928,0.990896,0.000000,0.000000,0.000000
0.000000,61.880367,0.157779,0.991471,0.000000,0.000000,0.000000
0.000000,61.942883,0.157204,0.992620,0.000000,0.000000,0.000000
0.000000,61.942883,0.156054,0.993099,0.000000,0.000000,0.000000
0.000000,62.038193,0.155479,0.994058,0.000000,0.000000,0.000000
0.000000,62.038193,0.154329,0.994728,0.000000,0.000000,0.000000
0.000000,62.103291,0.153754,0.995783,0.000000,0.000000,0.000000
0.000000,62.201481,0.152412,0.996166,0.000000,0.000000,0.000000
0.000000,62.201481,0.151837,0.997220,0.000000,0.000000,0.000000
0.000000,62.268070,0.150592,0.997891,0.000000,0.000000,0.000000
0.000000,62.268070,0.150017,0.998945,0.000000,0.000000,0.000000
0.000000,62.368118,0.148962,0.999520,0.000000,0.000000,0.000000
0.000000,62.436508,0.148387,1.000766,0.000000,0.000000,0.000000
0.000000,62.436508,0.147142,1.001245,0.000000,0.000000,0.000000
0.000000,62.539104,0.146567,1.002299,0.000000,0.000000,0.000000
0.000000,62.539104,0.145321,1.002874,0.000000,0.000000,0.000000
0.000000,62.606178,0.144746,1.004215,0.000000,0.000000,0.000000
0.000000,62.703083,0.143692,1.004791,0.000000,0.000000,0.000000
0.000000,62.703083,0.143213,1.006132,0.000000,0.000000,0.000000
0.000000,62.766647,0.142063,1.006803,0.000000,0.000000,0.000000
0.000000,62.766647,0.141488,1.008049,0.000000,0.000000,0.000000
0.000000,62.861618,0.140242,1.008720,0.000000,0.000000,0.000000
0.000000,62.924492,0.139572,1.009773,0.000000,0.000000,0.000000
0.000000,62.924492,0.138422,1.010253,0.000000,0.000000,0.000000
0.000000,63.017342,0.137847,1.011402,0.000000,0.000000,0.000000
0.000000,63.017342,0.136697,1.011977,0.000000,0.000000,0.000000
0.000000,63.080288,0.136026,1.012840,0.000000,0.000000,0.000000
0.000000,63.176361,0.134876,1.013319,0.000000,0.000000,0.000000
0.000000,63.176361,0.134301,1.014469,0.000000,0.000000,0.000000
0.000000,63.241043,0.133151,1.014948,0.000000,0.000000,0.000000
0.000000,63.241043,0.132672,1.015811,0.000000,0.000000,0.000000
0.000000,63.337738,0.131618,1.016385,0.000000,0.000000,0.000000
0.000000,63.400951,0.131043,1.017631,0.000000,0.000000,0.000000
0.000000,63.400951,0.129989,1.018206,0.000000,0.000000,0.000000
0.000000,63.493999,0.129510,1.019452,0.000000,0.000000,0.000000
0.000000,63.493999,0.128456,1.020123,0.000000,0.000000,0.000000
0.000000,63.554611,0.127976,1.021272,0.000000,0.000000,0.000000
0.000000,63.644638,0.127018,1.021847,0.000000,0.000000,0.000000
0.000000,63.644638,0.126539,1.023189,0.000000,0.000000,0.000000
0.000000,63.703312,0.125485,1.023764,0.000000,0.000000,0.000000
0.000000,63.703312,0.125006,1.024818,0.000000,0.000000,0.000000
0.000000,63.790607,0.123856,1.025393,0.000000,0.000000,0.000000
0.000000,63.846088,0.123377,1.026255,0.000000,0.000000,0.000000
0.000000,63.846088,0.122227,1.026639,0.000000,0.000000,0.000000
0.000000,63.930611,0.121748,1.027597,0.000000,0.000000,0.000000
0.000000,63.930611,0.120598,1.028076,0.000000,0.000000,0.000000
0.000000,63.989059,0.120023,1.028939,0.000000,0.000000,0.000000
0.000000,64.079987,0.118969,1.029322,0.000000,0.000000,0.000000
0.000000,64.079987,0.118490,1.030185,0.000000,0.000000,0.000000
0.000000,64.140533,0.117531,1.030759,0.000000,0.000000,0.000000
0.000000,64.140533,0.117052,1.031718,0.000000,0.000000,0.000000
0.000000,64.230598,0.116094,1.032101,0.000000,0.000000,0.000000
0.000000,64.290161,0.115710,1.033155,0.000000,0.000000,0.000000
0.000000,64.290161,0.114848,1.033730,0.000000,0.000000,0.000000
0.000000,64.377258,0.114465,1.034785,0.000000,0.000000,0.000000
0.000000,64.377258,0.113507,1.035263,0.000000,0.000000,0.000000
0.000000,64.433311,0.113123,1.036413,0.000000,0.000000,0.000000
0.000000,64.513084,0.112261,1.037084,0.000000,0.000000,0.000000
0.000000,64.513084,0.111878,1.038234,0.000000,0.000000,0.000000
0.000000,64.565781,0.110919,1.038809,0.000000,0.000000,0.000000
0.000000,64.565781,0.110440,1.040055,0.000000,0.000000,0.000000
0.000000,64.644768,0.109578,1.040534,0.000000,0.000000,0.000000
0.000000,64.697701,0.109099,1.041684,0.000000,0.000000,0.000000
0.000000,64.697701,0.107949,1.042163,0.000000,0.000000,0.000000
0.000000,64.777283,0.107470,1.042929,0.000000,0.000000,0.000000
0.000000,64.777283,0.106224,1.043313,0.000000,0.000000,0.000000
0.000000,64.829338,0.105649,1.044175,0.000000,0.000000,0.000000
0.000000,64.912056,0.104691,1.044655,0.000000,0.000000,0.000000
0.000000,64.912056,0.104212,1.045421,0.000000,0.000000,0.000000
0.000000,64.969795,0.102966,1.045804,0.000000,0.000000,0.000000
0.000000,64.969795,0.102487,1.046571,0.000000,0.000000,0.000000
0.000000,65.057915,0.101432,1.047050,0.000000,0.000000,0.000000
0.000000,65.116135,0.100857,1.047912,0.000000,0.000000,0.000000
0.000000,65.116135,0.099899,1.048296,0.000000,0.000000,0.000000
0.000000,65.202087,0.099516,1.048967,0.000000,0.000000,0.000000
0.000000,65.202087,0.098749,1.049446,0.000000,0.000000,0.000000
0.000000,65.259628,0.098366,1.050500,0.000000,0.000000,0.000000
0.000000,65.345604,0.097408,1.050979,0.000000,0.000000,0.000000
0.000000,65.345604,0.096929,1.052033,0.000000,0.000000,0.000000
0.000000,65.400429,0.096162,1.052704,0.000000,0.000000,0.000000
0.000000,65.400429,0.095779,1.053950,0.000000,0.000000,0.000000
0.000000,65.478699,0.094916,1.054524,0.000000,0.000000,0.000000
0.000000,65.532013,0.094437,1.055866,0.000000,0.000000,0.000000
0.000000,65.532013,0.093575,1.056537,0.000000,0.000000,0.000000
0.000000,65.613113,0.093191,1.057687,0.000000,0.000000,0.000000
0.000000,65.613113,0.092137,1.058166,0.000000,0.000000,0.000000
0.000000,65.667854,0.091563,1.059124,0.000000,0.000000,0.000000
0.000000,65.748108,0.090508,1.059507,0.000000,0.000000,0.000000
0.000000,65.748108,0.089933,1.060178,0.000000,0.000000,0.000000
0.000000,65.802818,0.088784,1.060561,0.000000,0.000000,0.000000
0.000000,65.802818,0.088304,1.061519,0.000000,0.000000,0.000000
0.000000,65.890533,0.087154,1.061999,0.000000,0.000000,0.000000
0.000000,65.949944,0.086483,1.062765,0.000000,0.000000,0.000000
0.000000,65.949944,0.085429,1.063149,0.000000,0.000000,0.000000
0.000000,66.037544,0.084854,1.064203,0.000000,0.000000,0.000000
0.000000,66.037544,0.083800,1.064586,0.000000,0.000000,0.000000
0.000000,66.095474,0.083225,1.065449,0.000000,0.000000,0.000000
0.000000,66.182922,0.082363,1.065928,0.000000,0.000000,0.000000
0.000000,66.182922,0.081884,1.067078,0.000000,0.000000,0.000000
0.000000,66.242027,0.080925,1.067557,0.000000,0.000000,0.000000
0.000000,66.242027,0.080446,1.068420,0.000000,0.000000,0.000000
0.000000,66.328751,0.079680,1.068994,0.000000,0.000000,0.000000
0.000000,66.384354,0.079201,1.070144,0.000000,0.000000,0.000000
0.000000,66.384354,0.078434,1.070719,0.000000,0.000000,0.000000
0.000000,66.467506,0.077955,1.071965,0.000000,0.000000,0.000000
0.000000,66.467506,0.077093,1.072636,0.000000,0.000000,0.000000
0.000000,66.522575,0.076805,1.073786,0.000000,0.000000,0.000000
0.000000,66.603775,0.075847,1.074361,0.000000,0.000000,0.000000
0.000000,66.603775,0.075272,1.075511,0.000000,0.000000,0.000000
0.000000,66.657623,0.074218,1.075989,0.000000,0.000000,0.000000
0.000000,66.657623,0.073643,1.076948,0.000000,0.000000,0.000000
0.000000,66.738419,0.072493,1.077427,0.000000,0.000000,0.000000
0.000000,66.795815,0.071918,1.078289,0.000000,0.000000,0.000000
0.000000,66.795815,0.070768,1.078673,0.000000,0.000000,0.000000
0.000000,66.886200,0.070097,1.079344,0.000000,0.000000,0.000000
0.000000,66.886200,0.068947,1.079823,0.000000,0.000000,0.000000
0.000000,66.949104,0.068372,1.080781,0.000000,0.000000,0.000000
0.000000,67.043045,0.067127,1.081260,0.000000,0.000000,0.000000
0.000000,67.043045,0.066551,1.082027,0.000000,0.000000,0.000000
0.000000,67.105171,0.065689,1.082602,0.000000,0.000000,0.000000
0.000000,67.105171,0.065210,1.083656,0.000000,0.000000,0.000000
0.000000,67.196342,0.064060,1.084231,0.000000,0.000000,0.000000
0.000000,67.256943,0.063581,1.085285,0.000000,0.000000,0.000000
0.000000,67.256943,0.062623,1.085955,0.000000,0.000000,0.000000
0.000000,67.343475,0.062144,1.087201,0.000000,0.000000,0.000000
0.000000,67.343475,0.061281,1.087681,0.000000,0.000000,0.000000
0.000000,67.400475,0.060898,1.088926,0.000000,0.000000,0.000000
0.000000,67.485321,0.060035,1.089597,0.000000,0.000000,0.000000
0.000000,67.485321,0.059652,1.090651,0.000000,0.000000,0.000000
0.000000,67.541519,0.058598,1.091226,0.000000,0.000000,0.000000
0.000000,67.541519,0.058023,1.092280,0.000000,0.000000,0.000000
0.000000,67.622612,0.056969,1.092663,0.000000,0.000000,0.000000
0.000000,67.676086,0.056490,1.093334,0.000000,0.000000,0.000000
0.000000,67.676086,0.055340,1.093813,0.000000,0.000000,0.000000
0.000000,67.761887,0.054861,1.094964,0.000000,0.000000,0.000000
0.000000,67.761887,0.053711,1.095347,0.000000,0.000000,0.000000
0.000000,67.821823,0.053040,1.096209,0.000000,0.000000,0.000000
0.000000,67.912567,0.051986,1.096689,0.000000,0.000000,0.000000
0.000000,67.912567,0.051507,1.097742,0.000000,0.000000,0.000000
0.000000,67.972321,0.050357,1.098126,0.000000,0.000000,0.000000
0.000000,67.972321,0.049878,1.098892,0.000000,0.000000,0.000000
0.000000,68.061607,0.048919,1.099372,0.000000,0.000000,0.000000
0.000000,68.121803,0.048345,1.100521,0.000000,0.000000,0.000000
0.000000,68.121803,0.047386,1.101001,0.000000,0.000000,0.000000
0.000000,68.209747,0.046907,1.101959,0.000000,0.000000,0.000000
0.000000,68.209747,0.045949,1.102534,0.000000,0.000000,0.000000
0.000000,68.265511,0.045566,1.103684,0.000000,0.000000,0.000000
0.000000,68.346634,0.044607,1.104259,0.000000,0.000000,0.000000
0.000000,68.346634,0.044128,1.105504,0.000000,0.000000,0.000000
0.000000,68.400124,0.043266,1.106079,0.000000,0.000000,0.000000
0.000000,68.400124,0.042787,1.107133,0.000000,0.000000,0.000000
0.000000,68.479576,0.041733,1.107612,0.000000,0.000000,0.000000
0.000000,68.532211,0.041254,1.108763,0.000000,0.000000,0.000000
0.000000,68.532211,0.040295,1.109146,0.000000,0.000000,0.000000
0.000000,68.612068,0.039816,1.109912,0.000000,0.000000,0.000000
0.000000,68.612068,0.038762,1.110487,0.000000,0.000000,0.000000
0.000000,68.667946,0.038283,1.111446,0.000000,0.000000,0.000000
0.000000,68.754929,0.037229,1.111829,0.000000,0.000000,0.000000
0.000000,68.754929,0.036654,1.112595,0.000000,0.000000,0.000000
0.000000,68.814117,0.035599,1.113075,0.000000,0.000000,0.000000
0.000000,68.814117,0.035120,1.114129,0.000000,0.000000,0.000000
0.000000,68.900803,0.034066,1.114608,0.000000,0.000000,0.000000
0.000000,68.957977,0.033587,1.115470,0.000000,0.000000,0.000000
0.000000,68.957977,0.032725,1.115949,0.000000,0.000000,0.000000
0.000000,69.042969,0.032341,1.117003,0.000000,0.000000,0.000000
0.000000,69.042969,0.031383,1.117482,0.000000,0.000000,0.000000
0.000000,69.099129,0.030808,1.118441,0.000000,0.000000,0.000000
0.000000,69.179199,0.029850,1.119015,0.000000,0.000000,0.000000
0.000000,69.179199,0.029467,1.120261,0.000000,0.000000,0.000000
0.000000,69.230453,0.028508,1.120741,0.000000,0.000000,0.000000
0.000000,69.230453,0.028029,1.121986,0.000000,0.000000,0.000000
0.000000,69.306305,0.027263,1.122561,0.000000,0.000000,0.000000
0.000000,69.355751,0.026880,1.123616,0.000000,0.000000,0.000000
0.000000,69.355751,0.025825,1.124094,0.000000,0.000000,0.000000
0.000000,69.429573,0.025346,1.125053,0.000000,0.000000,0.000000
0.000000,69.429573,0.024292,1.125436,0.000000,0.000000,0.000000
0.000000,69.478722,0.023813,1.126012,0.000000,0.000000,0.000000
0.000000,69.553658,0.022759,1.126395,0.000000,0.000000,0.000000
0.000000,69.553658,0.022280,1.127161,0.000000,0.000000,0.000000
0.000000,69.607071,0.021417,1.127640,0.000000,0.000000,0.000000
0.000000,69.607071,0.020938,1.128503,0.000000,0.000000,0.000000
0.000000,69.690407,0.019884,1.128886,0.000000,0.000000,0.000000
0.000000,69.746605,0.019309,1.129749,0.000000,0.000000,0.000000
0.000000,69.746605,0.018351,1.130228,0.000000,0.000000,0.000000
0.000000,69.827293,0.017967,1.131186,0.000000,0.000000,0.000000
0.000000,69.827293,0.017009,1.131473,0.000000,0.000000,0.000000
0.000000,69.881210,0.016626,1.132336,0.000000,0.000000,0.000000
0.000000,69.962936,0.015764,1.132815,0.000000,0.000000,0.000000
0.000000,69.962936,0.015380,1.133965,0.000000,0.000000,0.000000
0.000000,70.017250,0.014422,1.134444,0.000000,0.000000,0.000000
0.000000,70.017250,0.013943,1.135402,0.000000,0.000000,0.000000
0.000000,70.094528,0.013080,1.135977,0.000000,0.000000,0.000000
0.000000,70.142708,0.012697,1.137031,0.000000,0.000000,0.000000
0.000000,70.142708,0.011835,1.137415,0.000000,0.000000,0.000000
0.000000,70.216393,0.011356,1.138564,0.000000,0.000000,0.000000
0.000000,70.216393,0.010493,1.139235,0.000000,0.000000,0.000000
0.000000,70.265739,0.010110,1.140194,0.000000,0.000000,0.000000
0.000000,70.339806,0.009056,1.140672,0.000000,0.000000,0.000000
0.000000,70.339806,0.008577,1.141727,0.000000,0.000000,0.000000
0.000000,70.388412,0.007618,1.142110,0.000000,0.000000,0.000000
0.000000,70.388412,0.007043,1.142781,0.000000,0.000000,0.000000
0.000000,70.461174,0.005989,1.143164,0.000000,0.000000,0.000000
0.000000,70.513206,0.005510,1.144027,0.000000,0.000000,0.000000
0.000000,70.513206,0.004552,1.144506,0.000000,0.000000,0.000000
0.000000,70.594879,0.003977,1.145177,0.000000,0.000000,0.000000
0.000000,70.594879,0.002923,1.145464,0.000000,0.000000,0.000000
0.000000,70.650230,0.002444,1.146230,0.000000,0.000000,0.000000
0.000000,70.731567,0.001581,1.146710,0.000000,0.000000,0.000000
0.000000,70.731567,0.001102,1.147668,0.000000,0.000000,0.000000
0.000000,70.786499,0.000240,1.148051,0.000000,0.000000,0.000000
0.000000,70.786499,-0.000240,1.148818,0.000000,0.000000,0.000000
0.000000,70.868378,-0.001006,1.149393,0.000000,0.000000,0.000000
0.000000,70.922104,-0.001390,1.150447,0.000000,0.000000,0.000000
0.000000,70.922104,-0.002444,1.150926,0.000000,0.000000,0.000000
0.000000,71.000160,-0.002827,1.151980,0.000000,0.000000,0.000000
0.000000,71.000160,-0.003689,1.152651,0.000000,0.000000,0.000000
0.000000,71.050163,-0.004168,1.153897,0.000000,0.000000,0.000000
0.000000,71.126572,-0.005127,1.154472,0.000000,0.000000,0.000000
0.000000,71.126572,-0.005606,1.155813,0.000000,0.000000,0.000000
0.000000,71.178505,-0.006468,1.156292,0.000000,0.000000,0.000000
0.000000,71.178505,-0.007043,1.157347,0.000000,0.000000,0.000000
0.000000,71.258667,-0.008097,1.157826,0.000000,0.000000,0.000000
0.000000,71.313934,-0.008672,1.158784,0.000000,0.000000,0.000000
0.000000,71.313934,-0.009822,1.159168,0.000000,0.000000,0.000000
0.000000,71.396049,-0.010397,1.159934,0.000000,0.000000,0.000000
0.000000,71.396049,-0.011451,1.160317,0.000000,0.000000,0.000000
0.000000,71.452782,-0.012026,1.161371,0.000000,0.000000,0.000000
0.000000,71.541321,-0.013176,1.161755,0.000000,0.000000,0.000000
0.000000,71.541321,-0.013751,1.162521,0.000000,0.000000,0.000000
0.000000,71.602097,-0.014805,1.163000,0.000000,0.000000,0.000000
0.000000,71.602097,-0.015380,1.164055,0.000000,0.000000,0.000000
0.000000,71.692070,-0.016338,1.164534,0.000000,0.000000,0.000000
0.000000,71.752853,-0.016722,1.165300,0.000000,0.000000,0.000000
0.000000,71.752853,-0.017488,1.165779,0.000000,0.000000,0.000000
0.000000,71.842110,-0.017967,1.166834,0.000000,0.000000,0.000000
0.000000,71.842110,-0.018926,1.167312,0.000000,0.000000,0.000000
0.000000,71.900055,-0.019309,1.168367,0.000000,0.000000,0.000000
0.000000,71.979912,-0.020076,1.168942,0.000000,0.000000,0.000000
0.000000,71.979912,-0.020459,1.170091,0.000000,0.000000,0.000000
0.000000,72.030312,-0.021321,1.170571,0.000000,0.000000,0.000000
0.000000,72.030312,-0.021801,1.171816,0.000000,0.000000,0.000000
0.000000,72.105698,-0.022567,1.172391,0.000000,0.000000,0.000000
0.000000,72.156822,-0.022951,1.173541,0.000000,0.000000,0.000000
0.000000,72.156822,-0.024101,1.174116,0.000000,0.000000,0.000000
0.000000,72.236351,-0.024675,1.175170,0.000000,0.000000,0.000000
0.000000,72.236351,-0.025729,1.175554,0.000000,0.000000,0.000000
0.000000,72.288712,-0.026304,1.176129,0.000000,0.000000,0.000000
0.000000,72.368805,-0.027454,1.176607,0.000000,0.000000,0.000000
0.000000,72.368805,-0.028029,1.177470,0.000000,0.000000,0.000000
0.000000,72.425598,-0.029179,1.177949,0.000000,0.000000,0.000000
0.000000,72.425598,-0.029754,1.178716,0.000000,0.000000,0.000000
0.000000,72.513702,-0.030904,1.179099,0.000000,0.000000,0.000000
0.000000,72.573654,-0.031383,1.179961,0.000000,0.000000,0.000000
0.000000,72.573654,-0.032533,1.180537,0.000000,0.000000,0.000000
0.000000,72.662514,-0.032916,1.181303,0.000000,0.000000,0.000000
0.000000,72.662514,-0.033875,1.181686,0.000000,0.000000,0.000000
0.000000,72.721275,-0.034354,1.182645,0.000000,0.000000,0.000000
0.000000,72.805023,-0.035312,1.183220,0.000000,0.000000,0.000000
0.000000,72.805023,-0.035695,1.184082,0.000000,0.000000,0.000000
0.000000,72.858734,-0.036558,1.184561,0.000000,0.000000,0.000000
0.000000,72.858734,-0.036941,1.185711,0.000000,0.000000,0.000000
0.000000,72.935623,-0.037803,1.186286,0.000000,0.000000,0.000000
0.000000,72.986313,-0.038283,1.187436,0.000000,0.000000,0.000000
0.000000,72.986313,-0.039049,1.188011,0.000000,0.000000,0.000000
0.000000,73.061462,-0.039433,1.189353,0.000000,0.000000,0.000000
0.000000,73.061462,-0.040391,1.189832,0.000000,0.000000,0.000000
0.000000,73.112343,-0.040966,1.190886,0.000000,0.000000,0.000000
0.000000,73.190353,-0.041924,1.191461,0.000000,0.000000,0.000000
0.000000,73.190353,-0.042499,1.192323,0.000000,0.000000,0.000000
0.000000,73.242180,-0.043553,1.192707,0.000000,0.000000,0.000000
0.000000,73.242180,-0.044128,1.193569,0.000000,0.000000,0.000000
0.000000,73.322655,-0.045182,1.194048,0.000000,0.000000,0.000000
0.000000,73.378197,-0.045853,1.194911,0.000000,0.000000,0.000000
0.000000,73.378197,-0.047003,1.195198,0.000000,0.000000,0.000000
0.000000,73.465240,-0.047578,1.195965,0.000000,0.000000,0.000000
0.000000,73.465240,-0.048728,1.196444,0.000000,0.000000,0.000000
0.000000,73.525024,-0.049303,1.197498,0.000000,0.000000,0.000000
0.000000,73.615425,-0.050165,1.197881,0.000000,0.000000,0.000000
0.000000,73.615425,-0.050644,1.198744,0.000000,0.000000,0.000000
0.000000,73.675499,-0.051603,1.199319,0.000000,0.000000,0.000000
0.000000,73.675499,-0.052177,1.200373,0.000000,0.000000,0.000000
0.000000,73.764122,-0.053136,1.200852,0.000000,0.000000,0.000000
0.000000,73.821602,-0.053615,1.201906,0.000000,0.000000,0.000000
0.000000,73.821602,-0.054477,1.202481,0.000000,0.000000,0.000000
0.000000,73.905319,-0.054957,1.203535,0.000000,0.000000,0.000000
0.000000,73.905319,-0.055723,1.204110,0.000000,0.000000,0.000000
0.000000,73.962006,-0.056202,1.205355,0.000000,0.000000,0.000000
0.000000,74.049744,-0.057161,1.205930,0.000000,0.000000,0.000000
0.000000,74.049744,-0.057736,1.207081,0.000000,0.000000,0.000000
0.000000,74.109177,-0.058886,1.207751,0.000000,0.000000,0.000000
0.000000,74.109177,-0.059460,1.208901,0.000000,0.000000,0.000000
0.000000,74.194450,-0.060610,1.209285,0.000000,0.000000,0.000000
0.000000,74.252197,-0.061185,1.210338,0.000000,0.000000,0.000000
0.000000,74.252197,-0.062335,1.210913,0.000000,0.000000,0.000000
0.000000,74.342659,-0.063006,1.211968,0.000000,0.000000,0.000000
0.000000,74.342659,-0.064252,1.212351,0.000000,0.000000,0.000000
0.000000,74.406700,-0.064827,1.213405,0.000000,0.000000,0.000000
0.000000,74.502586,-0.066072,1.213884,0.000000,0.000000,0.000000
0.000000,74.502586,-0.066551,1.214747,0.000000,0.000000,0.000000
0.000000,74.566109,-0.067701,1.215130,0.000000,0.000000,0.000000
0.000000,74.566109,-0.068276,1.216184,0.000000,0.000000,0.000000
0.000000,74.656593,-0.069330,1.216759,0.000000,0.000000,0.000000
0.000000,74.715538,-0.069810,1.217813,0.000000,0.000000,0.000000
0.000000,74.715538,-0.070864,1.218292,0.000000,0.000000,0.000000
0.000000,74.799889,-0.071343,1.219538,0.000000,0.000000,0.000000
0.000000,74.799889,-0.072301,1.220113,0.000000,0.000000,0.000000
0.000000,74.854088,-0.072780,1.221263,0.000000,0.000000,0.000000
0.000000,74.933258,-0.073834,1.221934,0.000000,0.000000,0.000000
0.000000,74.933258,-0.074314,1.222988,0.000000,0.000000,0.000000
0.000000,74.986404,-0.075368,1.223563,0.000000,0.000000,0.000000
0.000000,74.986404,-0.075943,1.224617,0.000000,0.000000,0.000000
0.000000,75.065514,-0.076997,1.225096,0.000000,0.000000,0.000000
0.000000,75.119537,-0.077572,1.225863,0.000000,0.000000,0.000000
0.000000,75.119537,-0.078626,1.226342,0.000000,0.000000,0.000000
0.000000,75.202698,-0.079201,1.227300,0.000000,0.000000,0.000000
0.000000,75.202698,-0.080351,1.227779,0.000000,0.000000,0.000000
0.000000,75.260017,-0.080925,1.228642,0.000000,0.000000,0.000000
0.000000,75.345703,-0.082075,1.229121,0.000000,0.000000,0.000000
0.000000,75.345703,-0.082650,1.230271,0.000000,0.000000,0.000000
0.000000,75.403557,-0.083513,1.230750,0.000000,0.000000,0.000000
0.000000,75.403557,-0.084088,1.231708,0.000000,0.000000,0.000000
0.000000,75.489441,-0.085142,1.232187,0.000000,0.000000,0.000000
0.000000,75.545868,-0.085621,1.233241,0.000000,0.000000,0.000000
0.000000,75.545868,-0.086580,1.233721,0.000000,0.000000,0.000000
0.000000,75.626671,-0.087154,1.234583,0.000000,0.000000,0.000000
0.000000,75.626671,-0.088113,1.235158,0.000000,0.000000,0.000000
0.000000,75.679611,-0.088496,1.236212,0.000000,0.000000,0.000000
0.000000,75.756775,-0.089358,1.236787,0.000000,0.000000,0.000000
0.000000,75.756775,-0.089838,1.237841,0.000000,0.000000,0.000000
0.000000,75.807823,-0.090892,1.238416,0.000000,0.000000,0.000000
0.000000,75.807823,-0.091467,1.239566,0.000000,0.000000,0.000000
0.000000,75.881676,-0.092521,1.240045,0.000000,0.000000,0.000000
0.000000,75.928696,-0.093096,1.241195,0.000000,0.000000,0.000000
0.000000,75.928696,-0.094054,1.241674,0.000000,0.000000,0.000000
0.000000,76.001312,-0.094533,1.242440,0.000000,0.000000,0.000000
0.000000,76.001312,-0.095587,1.242824,0.000000,0.000000,0.000000
0.000000,76.052505,-0.096162,1.243782,0.000000,0.000000,0.000000
0.000000,76.133781,-0.097120,1.244261,0.000000,0.000000,0.000000
0.000000,76.133781,-0.097599,1.245028,0.000000,0.000000,0.000000
0.000000,76.188271,-0.098558,1.245411,0.000000,0.000000,0.000000
0.000000,76.188271,-0.099037,1.246273,0.000000,0.000000,0.000000
0.000000,76.266785,-0.099708,1.246753,0.000000,0.000000,0.000000
0.000000,76.315407,-0.100091,1.247519,0.000000,0.000000,0.000000
0.000000,76.315407,-0.100857,1.247807,0.000000,0.000000,0.000000
0.000000,76.383965,-0.101241,1.248477,0.000000,0.000000,0.000000
0.000000,76.383965,-0.102199,1.248956,0.000000,0.000000,0.000000
0.000000,76.428123,-0.102582,1.250011,0.000000,0.000000,0.000000
0.000000,76.491211,-0.103158,1.250490,0.000000,0.000000,0.000000
0.000000,76.491211,-0.103541,1.251353,0.000000,0.000000,0.000000
0.000000,76.532516,-0.104307,1.251832,0.000000,0.000000,0.000000
0.000000,76.532516,-0.104691,1.252886,0.000000,0.000000,0.000000
0.000000,76.594887,-0.105457,1.253269,0.000000,0.000000,0.000000
0.000000,76.635078,-0.105841,1.254132,0.000000,0.000000,0.000000
0.000000,76.635078,-0.106511,1.254707,0.000000,0.000000,0.000000
0.000000,76.694313,-0.106895,1.255760,0.000000,0.000000,0.000000
0.000000,76.694313,-0.107853,1.256144,0.000000,0.000000,0.000000
0.000000,76.731514,-0.108236,1.256815,0.000000,0.000000,0.000000
0.000000,76.786926,-0.108907,1.257198,0.000000,0.000000,0.000000
0.000000,76.786926,-0.109290,1.258060,0.000000,0.000000,0.000000
0.000000,76.825439,-0.110153,1.258348,0.000000,0.000000,0.000000
0.000000,76.825439,-0.110632,1.258731,0.000000,0.000000,0.000000
0.000000,76.884445,-0.111398,1.259019,0.000000,0.000000,0.000000
0.000000,76.923332,-0.111686,1.259498,0.000000,0.000000,0.000000
0.000000,76.923332,-0.112548,1.259881,0.000000,0.000000,0.000000
0.000000,76.983452,-0.112932,1.260743,0.000000,0.000000,0.000000
0.000000,76.983452,-0.113602,1.261031,0.000000,0.000000,0.000000
0.000000,77.021065,-0.113890,1.261510,0.000000,0.000000,0.000000
0.000000,77.077133,-0.114465,1.261702,0.000000,0.000000,0.000000
0.000000,77.077133,-0.114752,1.262181,0.000000,0.000000,0.000000
0.000000,77.114975,-0.115423,1.262469,0.000000,0.000000,0.000000
0.000000,77.114975,-0.115710,1.263235,0.000000,0.000000,0.000000
0.000000,77.168076,-0.116190,1.263522,0.000000,0.000000,0.000000
0.000000,77.200745,-0.116381,1.264002,0.000000,0.000000,0.000000
0.000000,77.200745,-0.116765,1.264193,0.000000,0.000000,0.000000
0.000000,77.247276,-0.116956,1.264481,0.000000,0.000000,0.000000
0.000000,77.247276,-0.117532,1.264673,0.000000,0.000000,0.000000
0.000000,77.276291,-0.117819,1.265247,0.000000,0.000000,0.000000
0.000000,77.319870,-0.118490,1.265630,0.000000,0.000000,0.000000
0.000000,77.319870,-0.118777,1.266397,0.000000,0.000000,0.000000
0.000000,77.347984,-0.119160,1.266781,0.000000,0.000000,0.000000
0.000000,77.347984,-0.119352,1.267260,0.000000,0.000000,0.000000
0.000000,77.391884,-0.119735,1.267452,0.000000,0.000000,0.000000
0.000000,77.422874,-0.120023,1.268122,0.000000,0.000000,0.000000
0.000000,77.422874,-0.120790,1.268601,0.000000,0.000000,0.000000
0.000000,77.470749,-0.121173,1.269560,0.000000,0.000000,0.000000
0.000000,77.470749,-0.121748,1.269847,0.000000,0.000000,0.000000
0.000000,77.501419,-0.121939,1.270613,0.000000,0.000000,0.000000
0.000000,77.546768,-0.122323,1.270997,0.000000,0.000000,0.000000
0.000000,77.546768,-0.122610,1.271955,0.000000,0.000000,0.000000
0.000000,77.578545,-0.123377,1.272339,0.000000,0.000000,0.000000
0.000000,77.578545,-0.123760,1.272817,0.000000,0.000000,0.000000
0.000000,77.627754,-0.124623,1.273105,0.000000,0.000000,0.000000
0.000000,77.660553,-0.125006,1.273776,0.000000,0.000000,0.000000
0.000000,77.660553,-0.125581,1.274159,0.000000,0.000000,0.000000
0.000000,77.711098,-0.125964,1.274830,0.000000,0.000000,0.000000
0.000000,77.711098,-0.126922,1.275117,0.000000,0.000000,0.000000
0.000000,77.747856,-0.127402,1.275405,0.000000,0.000000,0.000000
0.000000,77.806511,-0.128072,1.275692,0.000000,0.000000,0.000000
0.000000,77.806511,-0.128456,1.276076,0.000000,0.000000,0.000000
0.000000,77.848892,-0.129318,1.276459,0.000000,0.000000,0.000000
0.000000,77.848892,-0.129797,1.277321,0.000000,0.000000,0.000000
0.000000,77.907982,-0.130468,1.277704,0.000000,0.000000,0.000000
0.000000,77.944641,-0.130851,1.278184,0.000000,0.000000,0.000000
0.000000,77.944641,-0.131618,1.278375,0.000000,0.000000,0.000000
0.000000,78.000069,-0.132001,1.278950,0.000000,0.000000,0.000000
0.000000,78.000069,-0.132672,1.279334,0.000000,0.000000,0.000000
0.000000,78.037491,-0.133055,1.280100,0.000000,0.000000,0.000000
0.000000,78.093697,-0.133534,1.280388,0.000000,0.000000,0.000000
0.000000,78.093697,-0.133918,1.280771,0.000000,0.000000,0.000000
0.000000,78.134560,-0.134685,1.280867,0.000000,0.000000,0.000000
0.000000,78.134560,-0.135068,1.281250,0.000000,0.000000,0.000000
0.000000,78.191772,-0.135834,1.281538,0.000000,0.000000,0.000000
0.000000,78.226837,-0.136026,1.282305,0.000000,0.000000,0.000000
0.000000,78.226837,-0.136697,1.282784,0.000000,0.000000,0.000000
0.000000,78.279037,-0.136984,1.283551,0.000000,0.000000,0.000000
0.000000,78.279037,-0.137751,1.283838,0.000000,0.000000,0.000000
0.000000,78.313560,-0.138134,1.284604,0.000000,0.000000,0.000000
0.000000,78.362007,-0.138709,1.285084,0.000000,0.000000,0.000000
0.000000,78.362007,-0.138997,1.286138,0.000000,0.000000,0.000000
0.000000,78.394150,-0.139667,1.286521,0.000000,0.000000,0.000000
0.000000,78.394150,-0.140146,1.287479,0.000000,0.000000,0.000000
0.000000,78.440628,-0.141105,1.288054,0.000000,0.000000,0.000000
0.000000,78.470703,-0.141488,1.289204,0.000000,0.000000,0.000000
0.000000,78.470703,-0.142350,1.289683,0.000000,0.000000,0.000000
0.000000,78.519875,-0.142734,1.290546,0.000000,0.000000,0.000000
0.000000,78.519875,-0.143692,1.291025,0.000000,0.000000,0.000000
0.000000,78.556358,-0.144267,1.291791,0.000000,0.000000,0.000000
0.000000,78.615646,-0.145225,1.291983,0.000000,0.000000,0.000000
0.000000,78.615646,-0.145704,1.292462,0.000000,0.000000,0.000000
0.000000,78.660561,-0.146758,1.292750,0.000000,0.000000,0.000000
0.000000,78.660561,-0.147238,1.293612,0.000000,0.000000,0.000000
0.000000,78.730545,-0.148004,1.294091,0.000000,0.000000,0.000000
0.000000,78.779327,-0.148484,1.294858,0.000000,0.000000,0.000000
0.000000,78.779327,-0.149346,1.295145,0.000000,0.000000,0.000000
0.000000,78.852150,-0.149633,1.295720,0.000000,0.000000,0.000000
0.000000,78.852150,-0.150304,1.296200,0.000000,0.000000,0.000000
0.000000,78.898491,-0.150687,1.296966,0.000000,0.000000,0.000000
0.000000,78.966118,-0.151454,1.297253,0.000000,0.000000,0.000000
0.000000,78.966118,-0.151837,1.297733,0.000000,0.000000,0.000000
0.000000,79.008202,-0.152508,1.298020,0.000000,0.000000,0.000000
0.000000,79.008202,-0.152700,1.298691,0.000000,0.000000,0.000000
0.000000,79.067566,-0.153179,1.299074,0.000000,0.000000,0.000000
0.000000,79.107719,-0.153466,1.299841,0.000000,0.000000,0.000000
0.000000,79.107719,-0.154233,1.300128,0.000000,0.000000,0.000000
0.000000,79.162949,-0.154616,1.300607,0.000000,0.000000,0.000000
0.000000,79.162949,-0.155191,1.300895,0.000000,0.000000,0.000000
0.000000,79.197350,-0.155479,1.301757,0.000000,0.000000,0.000000
0.000000,79.254074,-0.155958,1.302236,0.000000,0.000000,0.000000
0.000000,79.254074,-0.156341,1.303003,0.000000,0.000000,0.000000
0.000000,79.292343,-0.157204,1.303386,0.000000,0.000000,0.000000
0.000000,79.292343,-0.157779,1.304249,0.000000,0.000000,0.000000
0.000000,79.347206,-0.158545,1.304728,0.000000,0.000000,0.000000
0.000000,79.385155,-0.158928,1.305782,0.000000,0.000000,0.000000
0.000000,79.385155,-0.159791,1.306165,0.000000,0.000000,0.000000
0.000000,79.446564,-0.160366,1.307028,0.000000,0.000000,0.000000
0.000000,79.446564,-0.161324,1.307603,0.000000,0.000000,0.000000
0.000000,79.488548,-0.161803,1.308561,0.000000,0.000000,0.000000
0.000000,79.559158,-0.162953,1.308944,0.000000,0.000000,0.000000
0.000000,79.559158,-0.163432,1.309615,0.000000,0.000000,0.000000
0.000000,79.611099,-0.164487,1.310094,0.000000,0.000000,0.000000
0.000000,79.611099,-0.164966,1.310956,0.000000,0.000000,0.000000
0.000000,79.689117,-0.165924,1.311244,0.000000,0.000000,0.000000
0.000000,79.743248,-0.166307,1.311819,0.000000,0.000000,0.000000
0.000000,79.743248,-0.167074,1.312202,0.000000,0.000000,0.000000
0.000000,79.825386,-0.167553,1.312969,0.000000,0.000000,0.000000
0.000000,79.825386,-0.168415,1.313448,0.000000,0.000000,0.000000
0.000000,79.880379,-0.168799,1.314119,0.000000,0.000000,0.000000
0.000000,79.956413,-0.169565,1.314311,0.000000,0.000000,0.000000
0.000000,79.956413,-0.169949,1.314886,0.000000,0.000000,0.000000
0.000000,80.004494,-0.170619,1.315269,0.000000,0.000000,0.000000
0.000000,80.004494,-0.171003,1.316227,0.000000,0.000000,0.000000
0.000000,80.077248,-0.171769,1.316611,0.000000,0.000000,0.000000
0.000000,80.124733,-0.172057,1.317377,0.000000,0.000000,0.000000
0.000000,80.124733,-0.172632,1.317665,0.000000,0.000000,0.000000
0.000000,80.191895,-0.172919,1.318719,0.000000,0.000000,0.000000
0.000000,80.191895,-0.173782,1.319198,0.000000,0.000000,0.000000
0.000000,80.234222,-0.174261,1.320060,0.000000,0.000000,0.000000
0.000000,80.294518,-0.175123,1.320443,0.000000,0.000000,0.000000
0.000000,80.294518,-0.175506,1.321498,0.000000,0.000000,0.000000
0.000000,80.335495,-0.176465,1.322073,0.000000,0.000000,0.000000
0.000000,80.335495,-0.176944,1.322935,0.000000,0.000000,0.000000
0.000000,80.399590,-0.177998,1.323414,0.000000,0.000000,0.000000
0.000000,80.444138,-0.178477,1.324373,0.000000,0.000000,0.000000
0.000000,80.444138,-0.179531,1.324852,0.000000,0.000000,0.000000
0.000000,80.516052,-0.180106,1.325522,0.000000,0.000000,0.000000
0.000000,80.516052,-0.181160,1.325906,0.000000,0.000000,0.000000
0.000000,80.564659,-0.181639,1.326768,0.000000,0.000000,0.000000
0.000000,80.637764,-0.182598,1.327343,0.000000,0.000000,0.000000
0.000000,80.637764,-0.183077,1.328205,0.000000,0.000000,0.000000
0.000000,80.687965,-0.183939,1.328589,0.000000,0.000000,0.000000
0.000000,80.687965,-0.184323,1.329355,0.000000,0.000000,0.000000
0.000000,80.760651,-0.185281,1.329835,0.000000,0.000000,0.000000
0.000000,80.807709,-0.185664,1.330601,0.000000,0.000000,0.000000
0.000000,80.807709,-0.186335,1.330793,0.000000,0.000000,0.000000
0.000000,80.874954,-0.186718,1.331368,0.000000,0.000000,0.000000
0.000000,80.874954,-0.187389,1.331751,0.000000,0.000000,0.000000
0.000000,80.920395,-0.187868,1.332613,0.000000,0.000000,0.000000
0.000000,80.986671,-0.188635,1.333092,0.000000,0.000000,0.000000
0.000000,80.986671,-0.188922,1.333763,0.000000,0.000000,0.000000
0.000000,81.029755,-0.189593,1.334051,0.000000,0.000000,0.000000
0.000000,81.029755,-0.190072,1.334913,0.000000,0.000000,0.000000
0.000000,81.092056,-0.190935,1.335392,0.000000,0.000000,0.000000
0.000000,81.130226,-0.191414,1.336255,0.000000,0.000000,0.000000
0.000000,81.130226,-0.192180,1.336734,0.000000,0.000000,0.000000
0.000000,81.187347,-0.192564,1.337692,0.000000,0.000000,0.000000
0.000000,81.187347,-0.193522,1.338267,0.000000,0.000000,0.000000
0.000000,81.227531,-0.194001,1.339226,0.000000,0.000000,0.000000
0.000000,81.286201,-0.194864,1.339608,0.000000,0.000000,0.000000
0.000000,81.286201,-0.195343,1.340567,0.000000,0.000000,0.000000
0.000000,81.326630,-0.196397,1.341142,0.000000,0.000000,0.000000
0.000000,81.326630,-0.196876,1.341908,0.000000,0.000000,0.000000
0.000000,81.388451,-0.197930,1.342292,0.000000,0.000000,0.000000
0.000000,81.430038,-0.198409,1.343058,0.000000,0.000000,0.000000
0.000000,81.430038,-0.199368,1.343538,0.000000,0.000000,0.000000
0.000000,81.496941,-0.199847,1.344400,0.000000,0.000000,0.000000
0.000000,81.496941,-0.200709,1.344688,0.000000,0.000000,0.000000
0.000000,81.543839,-0.201188,1.345359,0.000000,0.000000,0.000000
0.000000,81.616669,-0.202242,1.345838,0.000000,0.000000,0.000000
0.000000,81.616669,-0.202721,1.346700,0.000000,0.000000,0.000000
0.000000,81.667381,-0.203584,1.347083,0.000000,0.000000,0.000000
0.000000,81.667381,-0.204063,1.347754,0.000000,0.000000,0.000000
0.000000,81.743553,-0.205021,1.348042,0.000000,0.000000,0.000000
0.000000,81.794502,-0.205309,1.349000,0.000000,0.000000,0.000000
0.000000,81.794502,-0.206171,1.349383,0.000000,0.000000,0.000000
0.000000,81.873032,-0.206554,1.350246,0.000000,0.000000,0.000000
0.000000,81.873032,-0.207608,1.350533,0.000000,0.000000,0.000000
0.000000,81.928612,-0.208183,1.351491,0.000000,0.000000,0.000000
0.000000,82.007149,-0.209141,1.352066,0.000000,0.000000,0.000000
0.000000,82.007149,-0.209621,1.353121,0.000000,0.000000,0.000000
0.000000,82.058784,-0.210675,1.353600,0.000000,0.000000,0.000000
0.000000,82.058784,-0.211154,1.354845,0.000000,0.000000,0.000000
0.000000,82.136955,-0.212304,1.355420,0.000000,0.000000,0.000000
0.000000,82.191605,-0.212879,1.356378,0.000000,0.000000,0.000000
0.000000,82.191605,-0.214029,1.356953,0.000000,0.000000,0.000000
0.000000,82.276787,-0.214604,1.357912,0.000000,0.000000,0.000000
0.000000,82.276787,-0.215754,1.358391,0.000000,0.000000,0.000000
0.000000,82.334427,-0.216233,1.359061,0.000000,0.000000,0.000000
0.000000,82.417336,-0.217095,1.359445,0.000000,0.000000,0.000000
0.000000,82.417336,-0.217670,1.360403,0.000000,0.000000,0.000000
0.000000,82.470146,-0.218628,1.360883,0.000000,0.000000,0.000000
0.000000,82.470146,-0.219108,1.361553,0.000000,0.000000,0.000000
0.000000,82.545921,-0.219970,1.361936,0.000000,0.000000,0.000000
0.000000,82.592926,-0.220449,1.362799,0.000000,0.000000,0.000000
0.000000,82.592926,-0.221312,1.363278,0.000000,0.000000,0.000000
0.000000,82.659630,-0.221791,1.363949,0.000000,0.000000,0.000000
0.000000,82.659630,-0.222557,1.364236,0.000000,0.000000,0.000000
0.000000,82.702728,-0.223037,1.364907,0.000000,0.000000,0.000000
0.000000,82.770653,-0.223995,1.365290,0.000000,0.000000,0.000000
0.000000,82.770653,-0.224570,1.366344,0.000000,0.000000,0.000000
0.000000,82.816696,-0.225528,1.366823,0.000000,0.000000,0.000000
0.000000,82.816696,-0.226007,1.367686,0.000000,0.000000,0.000000
0.000000,82.886574,-0.226966,1.368261,0.000000,0.000000,0.000000
0.000000,82.934685,-0.227540,1.369315,0.000000,0.000000,0.000000
0.000000,82.934685,-0.228595,1.369698,0.000000,0.000000,0.000000
0.000000,83.006897,-0.229170,1.370752,0.000000,0.000000,0.000000
0.000000,83.006897,-0.230224,1.371327,0.000000,0.000000,0.000000
0.000000,83.056183,-0.230703,1.372381,0.000000,0.000000,0.000000
0.000000,83.129616,-0.231661,1.372861,0.000000,0.000000,0.000000
0.000000,83.129616,-0.232236,1.373914,0.000000,0.000000,0.000000
0.000000,83.179161,-0.233194,1.374394,0.000000,0.000000,0.000000
0.000000,83.179161,-0.233577,1.375160,0.000000,0.000000,0.000000
0.000000,83.254478,-0.234632,1.375543,0.000000,0.000000,0.000000
0.000000,83.307014,-0.235111,1.376311,0.000000,0.000000,0.000000
0.000000,83.307014,-0.236069,1.376694,0.000000,0.000000,0.000000
0.000000,83.386215,-0.236452,1.377461,0.000000,0.000000,0.000000
0.000000,83.386215,-0.237315,1.377748,0.000000,0.000000,0.000000
0.000000,83.438614,-0.237794,1.378131,0.000000,0.000000,0.000000
0.000000,83.513489,-0.238560,1.378419,0.000000,0.000000,0.000000
0.000000,83.513489,-0.238944,1.379090,0.000000,0.000000,0.000000
0.000000,83.561378,-0.239806,1.379569,0.000000,0.000000,0.000000
0.000000,83.561378,-0.240285,1.380144,0.000000,0.000000,0.000000
0.000000,83.631973,-0.241244,1.380431,0.000000,0.000000,0.000000
0.000000,83.675880,-0.241723,1.380910,0.000000,0.000000,0.000000
0.000000,83.675880,-0.242681,1.381198,0.000000,0.000000,0.000000
0.000000,83.738258,-0.243160,1.382060,0.000000,0.000000,0.000000
0.000000,83.738258,-0.244214,1.382540,0.000000,0.000000,0.000000
0.000000,83.781082,-0.244789,1.383306,0.000000,0.000000,0.000000
0.000000,83.848793,-0.245843,1.383689,0.000000,0.000000,0.000000
0.000000,83.848793,-0.246514,1.384648,0.000000,0.000000,0.000000
0.000000,83.897629,-0.247568,1.385318,0.000000,0.000000,0.000000
0.000000,83.897629,-0.248143,1.386372,0.000000,0.000000,0.000000
0.000000,83.970757,-0.249197,1.386947,0.000000,0.000000,0.000000
0.000000,84.019997,-0.249676,1.388193,0.000000,0.000000,0.000000
0.000000,84.019997,-0.250635,1.388768,0.000000,0.000000,0.000000
0.000000,84.092926,-0.251209,1.389631,0.000000,0.000000,0.000000
0.000000,84.092926,-0.252264,1.390109,0.000000,0.000000,0.000000
0.000000,84.141907,-0.252647,1.391068,0.000000,0.000000,0.000000
0.000000,84.212143,-0.253605,1.391355,0.000000,0.000000,0.000000
0.000000,84.212143,-0.254084,1.391834,0.000000,0.000000,0.000000
0.000000,84.259506,-0.255043,1.392122,0.000000,0.000000,0.000000
0.000000,84.259506,-0.255330,1.392792,0.000000,0.000000,0.000000
0.000000,84.328773,-0.256288,1.393176,0.000000,0.000000,0.000000
0.000000,84.377197,-0.256863,1.393847,0.000000,0.000000,0.000000
0.000000,84.377197,-0.257918,1.394134,0.000000,0.000000,0.000000
0.000000,84.448555,-0.258397,1.394613,0.000000,0.000000,0.000000
0.000000,84.448555,-0.259451,1.394805,0.000000,0.000000,0.000000
0.000000,84.494896,-0.260026,1.395476,0.000000,0.000000,0.000000
0.000000,84.568146,-0.261176,1.395859,0.000000,0.000000,0.000000
0.000000,84.568146,-0.261750,1.396626,0.000000,0.000000,0.000000
0.000000,84.618492,-0.262996,1.396913,0.000000,0.000000,0.000000
0.000000,84.618492,-0.263571,1.397488,0.000000,0.000000,0.000000
0.000000,84.697746,-0.264817,1.397775,0.000000,0.000000,0.000000
0.000000,84.750923,-0.265392,1.398638,0.000000,0.000000,0.000000
0.000000,84.750923,-0.266446,1.399117,0.000000,0.000000,0.000000
0.000000,84.831444,-0.267021,1.399979,0.000000,0.000000,0.000000
0.000000,84.831444,-0.268171,1.400459,0.000000,0.000000,0.000000
0.000000,84.883751,-0.268746,1.401609,0.000000,0.000000,0.000000
0.000000,84.956436,-0.269704,1.402183,0.000000,0.000000,0.000000
0.000000,84.956436,-0.270183,1.403142,0.000000,0.000000,0.000000
0.000000,85.003242,-0.271237,1.403717,0.000000,0.000000,0.000000
0.000000,85.003242,-0.271812,1.404962,0.000000,0.000000,0.000000
0.000000,85.070267,-0.272770,1.405537,0.000000,0.000000,0.000000
0.000000,85.113625,-0.273346,1.406591,0.000000,0.000000,0.000000
0.000000,85.113625,-0.274591,1.407167,0.000000,0.000000,0.000000
0.000000,85.180191,-0.275070,1.408029,0.000000,0.000000,0.000000
0.000000,85.180191,-0.276316,1.408317,0.000000,0.000000,0.000000
0.000000,85.223900,-0.276987,1.408987,0.000000,0.000000,0.000000
0.000000,85.292778,-0.278137,1.409371,0.000000,0.000000,0.000000
0.000000,85.292778,-0.278808,1.410329,0.000000,0.000000,0.000000
0.000000,85.340569,-0.280149,1.410617,0.000000,0.000000,0.000000
0.000000,85.340569,-0.280724,1.411192,0.000000,0.000000,0.000000
0.000000,85.413734,-0.282066,1.411479,0.000000,0.000000,0.000000
0.000000,85.461235,-0.282641,1.412150,0.000000,0.000000,0.000000
0.000000,85.461235,-0.283695,1.412533,0.000000,0.000000,0.000000
0.000000,85.531105,-0.284270,1.413300,0.000000,0.000000,0.000000
0.000000,85.531105,-0.285516,1.413491,0.000000,0.000000,0.000000
0.000000,85.577682,-0.286090,1.413874,0.000000,0.000000,0.000000
0.000000,85.643166,-0.287240,1.414162,0.000000,0.000000,0.000000
0.000000,85.643166,-0.287719,1.414833,0.000000,0.000000,0.000000
0.000000,85.686180,-0.288678,1.415312,0.000000,0.000000,0.000000
0.000000,85.686180,-0.289157,1.416079,0.000000,0.000000,0.000000
0.000000,85.749207,-0.290307,1.416366,0.000000,0.000000,0.000000
0.000000,85.790573,-0.290882,1.416941,0.000000,0.000000,0.000000
0.000000,85.790573,-0.292032,1.417228,0.000000,0.000000,0.000000
0.000000,85.850304,-0.292703,1.418187,0.000000,0.000000,0.000000
0.000000,85.850304,-0.293948,1.418666,0.000000,0.000000,0.000000
0.000000,85.890213,-0.294523,1.419624,0.000000,0.000000,0.000000
0.000000,85.945625,-0.295865,1.420103,0.000000,0.000000,0.000000
0.000000,85.945625,-0.296535,1.421253,0.000000,0.000000,0.000000
0.000000,85.983421,-0.297877,1.421828,0.000000,0.000000,0.000000
0.000000,85.983421,-0.298548,1.422786,0.000000,0.000000,0.000000
0.000000,86.042610,-0.299794,1.423266,0.000000,0.000000,0.000000
0.000000,86.083557,-0.300464,1.424224,0.000000,0.000000,0.000000
0.000000,86.083557,-0.301902,1.424703,0.000000,0.000000,0.000000
0.000000,86.143646,-0.302477,1.425374,0.000000,0.000000,0.000000
0.000000,86.143646,-0.303722,1.425661,0.000000,0.000000,0.000000
0.000000,86.185280,-0.304298,1.426523,0.000000,0.000000,0.000000
0.000000,86.246216,-0.305352,1.426907,0.000000,0.000000,0.000000
0.000000,86.246216,-0.305927,1.427386,0.000000,0.000000,0.000000
0.000000,86.285225,-0.307077,1.427578,0.000000,0.000000,0.000000
0.000000,86.285225,-0.307652,1.427961,0.000000,0.000000,0.000000
0.000000,86.340256,-0.308706,1.428248,0.000000,0.000000,0.000000
0.000000,86.376343,-0.309281,1.428823,0.000000,0.000000,0.000000
0.000000,86.376343,-0.310526,1.429207,0.000000,0.000000,0.000000
0.000000,86.431046,-0.311101,1.429782,0.000000,0.000000,0.000000
0.000000,86.431046,-0.312443,1.429973,0.000000,0.000000,0.000000
0.000000,86.466415,-0.313114,1.430357,0.000000,0.000000,0.000000
0.000000,86.521484,-0.314455,1.430453,0.000000,0.000000,0.000000
0.000000,86.521484,-0.315126,1.430931,0.000000,0.000000,0.000000
0.000000,86.560013,-0.316372,1.431315,0.000000,0.000000,0.000000
0.000000,86.560013,-0.316947,1.432177,0.000000,0.000000,0.000000
0.000000,86.620056,-0.318192,1.432561,0.000000,0.000000,0.000000
0.000000,86.659821,-0.318863,1.433231,0.000000,0.000000,0.000000
0.000000,86.659821,-0.320109,1.433519,0.000000,0.000000,0.000000
0.000000,86.715508,-0.320780,1.434381,0.000000,0.000000,0.000000
0.000000,86.715508,-0.321834,1.434860,0.000000,0.000000,0.000000
0.000000,86.751801,-0.322505,1.435627,0.000000,0.000000,0.000000
0.000000,86.803337,-0.323846,1.435914,0.000000,0.000000,0.000000
0.000000,86.803337,-0.324421,1.436681,0.000000,0.000000,0.000000
0.000000,86.837891,-0.325859,1.437160,0.000000,0.000000,0.000000
0.000000,86.837891,-0.326529,1.438215,0.000000,0.000000,0.000000
0.000000,86.892021,-0.327775,1.438694,0.000000,0.000000,0.000000
0.000000,86.930969,-0.328542,1.439556,0.000000,0.000000,0.000000
0.000000,86.930969,-0.329883,1.440036,0.000000,0.000000,0.000000
0.000000,86.988770,-0.330554,1.440994,0.000000,0.000000,0.000000
0.000000,86.988770,-0.331991,1.441377,0.000000,0.000000,0.000000
0.000000,87.028442,-0.332662,1.441952,0.000000,0.000000,0.000000
0.000000,87.089699,-0.334100,1.442240,0.000000,0.000000,0.000000
0.000000,87.089699,-0.334770,1.443102,0.000000,0.000000,0.000000
0.000000,87.128838,-0.336112,1.443581,0.000000,0.000000,0.000000
0.000000,87.128838,-0.336783,1.444156,0.000000,0.000000,0.000000
0.000000,87.185112,-0.338029,1.444348,0.000000,0.000000,0.000000
0.000000,87.223083,-0.338603,1.444827,0.000000,0.000000,0.000000
0.000000,87.223083,-0.340041,1.445114,0.000000,0.000000,0.000000
0.000000,87.279816,-0.340712,1.445785,0.000000,0.000000,0.000000
0.000000,87.279816,-0.342053,1.446072,0.000000,0.000000,0.000000
0.000000,87.319199,-0.342724,1.446552,0.000000,0.000000,0.000000
0.000000,87.380058,-0.344066,1.446647,0.000000,0.000000,0.000000
0.000000,87.380058,-0.344832,1.446935,0.000000,0.000000,0.000000
0.000000,87.421982,-0.346270,1.447127,0.000000,0.000000,0.000000
0.000000,87.421982,-0.346940,1.447701,0.000000,0.000000,0.000000
0.000000,87.487350,-0.348282,1.448085,0.000000,0.000000,0.000000
0.000000,87.531837,-0.348857,1.449043,0.000000,0.000000,0.000000
0.000000,87.531837,-0.350103,1.449426,0.000000,0.000000,0.000000
0.000000,87.594833,-0.350773,1.450001,0.000000,0.000000,0.000000
0.000000,87.594833,-0.352019,1.450384,0.000000,0.000000,0.000000
0.000000,87.633118,-0.352690,1.451247,0.000000,0.000000,0.000000
0.000000,87.685616,-0.354032,1.451726,0.000000,0.000000,0.000000
0.000000,87.685616,-0.354607,1.452492,0.000000,0.000000,0.000000
0.000000,87.720245,-0.355852,1.452876,0.000000,0.000000,0.000000
0.000000,87.720245,-0.356523,1.453738,0.000000,0.000000,0.000000
0.000000,87.771027,-0.357960,1.454314,0.000000,0.000000,0.000000
0.000000,87.806526,-0.358631,1.455176,0.000000,0.000000,0.000000
0.000000,87.806526,-0.360164,1.455463,0.000000,0.000000,0.000000
0.000000,87.864052,-0.360835,1.456230,0.000000,0.000000,0.000000
0.000000,87.864052,-0.362368,1.456613,0.000000,0.000000,0.000000
0.000000,87.903282,-0.363039,1.457475,0.000000,0.000000,0.000000
0.000000,87.962738,-0.364477,1.457763,0.000000,0.000000,0.000000
0.000000,87.962738,-0.365147,1.458242,0.000000,0.000000,0.000000
0.000000,88.002525,-0.366297,1.458530,0.000000,0.000000,0.000000
0.000000,88.002525,-0.366968,1.459105,0.000000,0.000000,0.000000
0.000000,88.058258,-0.368214,1.459488,0.000000,0.000000,0.000000
0.000000,88.091911,-0.368693,1.460254,0.000000,0.000000,0.000000
0.000000,88.091911,-0.369939,1.460446,0.000000,0.000000,0.000000
0.000000,88.136864,-0.370418,1.460734,0.000000,0.000000,0.000000
0.000000,88.136864,-0.371472,1.460829,0.000000,0.000000,0.000000
0.000000,88.164993,-0.372047,1.461213,0.000000,0.000000,0.000000
0.000000,88.207474,-0.373197,1.461405,0.000000,0.000000,0.000000
0.000000,88.207474,-0.373868,1.461979,0.000000,0.000000,0.000000
0.000000,88.238144,-0.375113,1.462363,0.000000,0.000000,0.000000
0.000000,88.238144,-0.375784,1.463033,0.000000,0.000000,0.000000
0.000000,88.286880,-0.377030,1.463321,0.000000,0.000000,0.000000
0.000000,88.321251,-0.377701,1.463704,0.000000,0.000000,0.000000
0.000000,88.321251,-0.379234,1.463896,0.000000,0.000000,0.000000
0.000000,88.372002,-0.379905,1.464375,0.000000,0.000000,0.000000
0.000000,88.372002,-0.381246,1.464758,0.000000,0.000000,0.000000
0.000000,88.406410,-0.381917,1.465525,0.000000,0.000000,0.000000
0.000000,88.458511,-0.382971,1.465908,0.000000,0.000000,0.000000
0.000000,88.458511,-0.383642,1.466292,0.000000,0.000000,0.000000
0.000000,88.490868,-0.384792,1.466483,0.000000,0.000000,0.000000
0.000000,88.490868,-0.385271,1.466962,0.000000,0.000000,0.000000
0.000000,88.535004,-0.386325,1.467345,0.000000,0.000000,0.000000
0.000000,88.563347,-0.386804,1.468112,0.000000,0.000000,0.000000
0.000000,88.563347,-0.387763,1.468496,0.000000,0.000000,0.000000
0.000000,88.603897,-0.388242,1.468974,0.000000,0.000000,0.000000
0.000000,88.603897,-0.389296,1.469262,0.000000,0.000000,0.000000
0.000000,88.629379,-0.389871,1.469742,0.000000,0.000000,0.000000
0.000000,88.670685,-0.390925,1.470029,0.000000,0.000000,0.000000
0.000000,88.670685,-0.391500,1.470892,0.000000,0.000000,0.000000
0.000000,88.699295,-0.392841,1.471275,0.000000,0.000000,0.000000
0.000000,88.699295,-0.393416,1.471946,0.000000,0.000000,0.000000
0.000000,88.746742,-0.394566,1.472233,0.000000,0.000000,0.000000
0.000000,88.778450,-0.395237,1.472808,0.000000,0.000000,0.000000
0.000000,88.778450,-0.396483,1.473191,0.000000,0.000000,0.000000
0.000000,88.829979,-0.397153,1.473958,0.000000,0.000000,0.000000
0.000000,88.829979,-0.398399,1.474149,0.000000,0.000000,0.000000
0.000000,88.865273,-0.398879,1.474437,0.000000,0.000000,0.000000
0.000000,88.917557,-0.399933,1.474533,0.000000,0.000000,0.000000
0.000000,88.917557,-0.400508,1.474629,0.000000,0.000000,0.000000
0.000000,88.952042,-0.401466,1.474725,0.000000,0.000000,0.000000
0.000000,88.952042,-0.401945,1.475012,0.000000,0.000000,0.000000
0.000000,89.004295,-0.402807,1.475204,0.000000,0.000000,0.000000
0.000000,89.038498,-0.403286,1.475683,0.000000,0.000000,0.000000
0.000000,89.038498,-0.404149,1.476066,0.000000,0.000000,0.000000
0.000000,89.089340,-0.404436,1.476641,0.000000,0.000000,0.000000
0.000000,89.089340,-0.405203,1.476833,0.000000,0.000000,0.000000
0.000000,89.120979,-0.405586,1.477120,0.000000,0.000000,0.000000
0.000000,89.168175,-0.406545,1.477120,0.000000,0.000000,0.000000
0.000000,89.168175,-0.407024,1.477312,0.000000,0.000000,0.000000
0.000000,89.198540,-0.407886,1.477408,0.000000,0.000000,0.000000
0.000000,89.198540,-0.408269,1.477599,0.000000,0.000000,0.000000
0.000000,89.248566,-0.409228,1.477791,0.000000,0.000000,0.000000
0.000000,89.281876,-0.409707,1.478174,0.000000,0.000000,0.000000
0.000000,89.281876,-0.410473,1.478462,0.000000,0.000000,0.000000
0.000000,89.332153,-0.410953,1.479132,0.000000,0.000000,0.000000
0.000000,89.332153,-0.412007,1.479324,0.000000,0.000000,0.000000
0.000000,89.367386,-0.412486,1.479707,0.000000,0.000000,0.000000
0.000000,89.420296,-0.413252,1.479803,0.000000,0.000000,0.000000
0.000000,89.420296,-0.413636,1.479995,0.000000,0.000000,0.000000
0.000000,89.456543,-0.414498,1.480091,0.000000,0.000000,0.000000
0.000000,89.456543,-0.414882,1.480283,0.000000,0.000000,0.000000
0.000000,89.513443,-0.415552,1.480474,0.000000,0.000000,0.000000
0.000000,89.547836,-0.415840,1.480953,0.000000,0.000000,0.000000
0.000000,89.547836,-0.416511,1.481336,0.000000,0.000000,0.000000
0.000000,89.593979,-0.416798,1.482007,0.000000,0.000000,0.000000
0.000000,89.593979,-0.417660,1.482391,0.000000,0.000000,0.000000
0.000000,89.619125,-0.417948,1.482870,0.000000,0.000000,0.000000
0.000000,89.654648,-0.418427,1.483062,0.000000,0.000000,0.000000
0.000000,89.654648,-0.418715,1.483540,0.000000,0.000000,0.000000
0.000000,89.679817,-0.419194,1.483828,0.000000,0.000000,0.000000
0.000000,89.679817,-0.419577,1.484499,0.000000,0.000000,0.000000
0.000000,89.723160,-0.420344,1.484786,0.000000,0.000000,0.000000
0.000000,89.752426,-0.420631,1.485361,0.000000,0.000000,0.000000
0.000000,89.752426,-0.421110,1.485553,0.000000,0.000000,0.000000
0.000000,89.798073,-0.421302,1.485840,0.000000,0.000000,0.000000
0.000000,89.798073,-0.421781,1.486032,0.000000,0.000000,0.000000
0.000000,89.827667,-0.422069,1.486607,0.000000,0.000000,0.000000
0.000000,89.872345,-0.422739,1.486990,0.000000,0.000000,0.000000
0.000000,89.872345,-0.423027,1.487661,0.000000,0.000000,0.000000
0.000000,89.901115,-0.423506,1.487949,0.000000,0.000000,0.000000
0.000000,89.901115,-0.423602,1.488236,0.000000,0.000000,0.000000
0.000000,89.946861,-0.423889,1.488332,0.000000,0.000000,0.000000
0.000000,89.977814,-0.424081,1.488523,0.000000,0.000000,0.000000
0.000000,89.977814,-0.424464,1.488715,0.000000,0.000000,0.000000
0.000000,90.028572,-0.424656,1.489002,0.000000,0.000000,0.000000
0.000000,90.028572,-0.425135,1.489194,0.000000,0.000000,0.000000
0.000000,90.062225,-0.425327,1.489673,0.000000,0.000000,0.000000
0.000000,90.107132,-0.425710,1.489865,0.000000,0.000000,0.000000
0.000000,90.107132,-0.425901,1.490248,0.000000,0.000000,0.000000
0.000000,90.131104,-0.426093,1.490344,0.000000,0.000000,0.000000
0.000000,90.131104,-0.426189,1.490535,0.000000,0.000000,0.000000
0.000000,90.168633,-0.426476,1.490631,0.000000,0.000000,0.000000
0.000000,90.195610,-0.426572,1.490727,0.000000,0.000000,0.000000
0.000000,90.195610,-0.426764,1.490727,0.000000,0.000000,0.000000
0.000000,90.239807,-0.426860,1.490919,0.000000,0.000000,0.000000
0.000000,90.239807,-0.427051,1.490919,0.000000,0.000000,0.000000
0.000000,90.266754,-0.427147,1.491015,0.000000,0.000000,0.000000
0.000000,90.303856,-0.427435,1.491111,0.000000,0.000000,0.000000
0.000000,90.303856,-0.427531,1.491206,0.000000,0.000000,0.000000
0.000000,90.325630,-0.427818,1.491302,0.000000,0.000000,0.000000
0.000000,90.325630,-0.427914,1.491494,0.000000,0.000000,0.000000
0.000000,90.360390,-0.428106,1.491590,0.000000,0.000000,0.000000
0.000000,90.384758,-0.428297,1.491877,0.000000,0.000000,0.000000
0.000000,90.384758,-0.428393,1.492165,0.000000,0.000000,0.000000
0.000000,90.425697,-0.428489,1.492644,0.000000,0.000000,0.000000
0.000000,90.425697,-0.428585,1.492835,0.000000,0.000000,0.000000
0.000000,90.451973,-0.428680,1.493219,0.000000,0.000000,0.000000
0.000000,90.487228,-0.428680,1.493315,0.000000,0.000000,0.000000
0.000000,90.487228,-0.428680,1.493410,0.000000,0.000000,0.000000
0.000000,90.507866,-0.428776,1.493410,0.000000,0.000000,0.000000
0.000000,90.507866,-0.428776,1.493410,0.000000,0.000000,0.000000
0.000000,90.536415,-0.428776,1.493410,0.000000,0.000000,0.000000
0.000000,90.550629,-0.428776,1.493506,0.000000,0.000000,0.000000
0.000000,90.550629,-0.428776,1.493506,0.000000,0.000000,0.000000
0.000000,90.567932,-0.428776,1.493602,0.000000,0.000000,0.000000
0.000000,90.567932,-0.428776,1.493602,0.000000,0.000000,0.000000
0.000000,90.578354,-0.428776,1.493602,0.000000,0.000000,0.000000
0.000000,90.597282,-0.428776,1.493602,0.000000,0.000000,0.000000
0.000000,90.597282,-0.428776,1.493698,0.000000,0.000000,0.000000
0.000000,90.610596,-0.428776,1.493698,0.000000,0.000000,0.000000
0.000000,90.610596,-0.428776,1.493698,0.000000,0.000000,0.000000
0.000000,90.628357,-0.428776,1.493698,0.000000,0.000000,0.000000
0.000000,90.635254,-0.428776,1.493794,0.000000,0.000000,0.000000
0.000000,90.635254,-0.428776,1.493794,0.000000,0.000000,0.000000
0.000000,90.643562,-0.428776,1.493794,0.000000,0.000000,0.000000
0.000000,90.643562,-0.428776,1.493794,0.000000,0.000000,0.000000
0.000000,90.647812,-0.428776,1.493890,0.000000,0.000000,0.000000
0.000000,90.650360,-0.428776,1.493890,0.000000,0.000000,0.000000
0.000000,90.650360,-0.428776,1.493985,0.000000,0.000000,0.000000
0.000000,90.651329,-0.428776,1.493985,0.000000,0.000000,0.000000
0.000000,90.651329,-0.428776,1.494081,0.000000,0.000000,0.000000
0.000000,90.655891,-0.428776,1.494177,0.000000,0.000000,0.000000
0.000000,90.659996,-0.428776,1.494273,0.000000,0.000000,0.000000
0.000000,90.659996,-0.428776,1.494369,0.000000,0.000000,0.000000
0.000000,90.665070,-0.428776,1.494465,0.000000,0.000000,0.000000
0.000000,90.665070,-0.428776,1.494656,0.000000,0.000000,0.000000
0.000000,90.664528,-0.428776,1.494848,0.000000,0.000000,0.000000
0.000000,90.658775,-0.428776,1.495040,0.000000,0.000000,0.000000
0.000000,90.658775,-0.428776,1.495423,0.000000,0.000000,0.000000
0.000000,90.654510,-0.428776,1.495518,0.000000,0.000000,0.000000
0.000000,90.654510,-0.428776,1.495806,0.000000,0.000000,0.000000
0.000000,90.650108,-0.428776,1.495806,0.000000,0.000000,0.000000
0.000000,90.649414,-0.428776,1.495902,0.000000,0.000000,0.000000
0.000000,90.649414,-0.428776,1.495902,0.000000,0.000000,0.000000
0.000000,90.650856,-0.428776,1.495902,0.000000,0.000000,0.000000
0.000000,90.650856,-0.428776,1.495902,0.000000,0.000000,0.000000
0.000000,90.651833,-0.428776,1.495998,0.000000,0.000000,0.000000
0.000000,90.651283,-0.428776,1.495998,0.000000,0.000000,0.000000
0.000000,90.651283,-0.428776,1.495998,0.000000,0.000000,0.000000
0.000000,90.649521,-0.428776,1.495998,0.000000,0.000000,0.000000
0.000000,90.649521,-0.428776,1.495998,0.000000,0.000000,0.000000
0.000000,90.645386,-0.428776,1.495998,0.000000,0.000000,0.000000
0.000000,90.641884,-0.428776,1.495998,0.000000,0.000000,0.000000
0.000000,90.641884,-0.428776,1.495998,0.000000,0.000000,0.000000
0.000000,90.637009,-0.428776,1.495998,0.000000,0.000000,0.000000
0.000000,90.637009,-0.428776,1.496094,0.000000,0.000000,0.000000
0.000000,90.634689,-0.428776,1.496094,0.000000,0.000000,0.000000
0.000000,90.632492,-0.428776,1.496094,0.000000,0.000000,0.000000
0.000000,90.632492,-0.428776,1.496094,0.000000,0.000000,0.000000
0.000000,90.631546,-0.428776,1.496094,0.000000,0.000000,0.000000
0.000000,90.631546,-0.428776,1.496094,0.000000,0.000000,0.000000
0.000000,90.631020,-0.428776,1.496094,0.000000,0.000000,0.000000
0.000000,90.630280,-0.428776,1.496094,0.000000,0.000000,0.000000
0.000000,90.630280,-0.428776,1.496094,0.000000,0.000000,0.000000
0.000000,90.626808,-0.428776,1.496094,0.000000,0.000000,0.000000
0.000000,90.626808,-0.428776,1.496094,0.000000,0.000000,0.000000
0.000000,90.621819,-0.428776,1.496094,0.000000,0.000000,0.000000
0.000000,90.612152,-0.428776,1.496094,0.000000,0.000000,0.000000
0.000000,90.612152,-0.428776,1.496094,0.000000,0.000000,0.000000
0.000000,90.606544,-0.428776,1.496094,0.000000,0.000000,0.000000
0.000000,90.606544,-0.428776,1.496094,0.000000,0.000000,0.000000
0.000000,90.600754,-0.428776,1.496094,0.000000,0.000000,0.000000
0.000000,90.598427,-0.428776,1.496094,0.000000,0.000000,0.000000
0.000000,90.598427,-0.428776,1.496094,0.000000,0.000000,0.000000
0.000000,90.594795,-0.428776,1.496094,0.000000,0.000000,0.000000
0.000000,90.594795,-0.428680,1.496094,0.000000,0.000000,0.000000
0.000000,90.591583,-0.428680,1.496094,0.000000,0.000000,0.000000
0.000000,90.585747,-0.428680,1.496094,0.000000,0.000000,0.000000
0.000000,90.585747,-0.428680,1.496189,0.000000,0.000000,0.000000
0.000000,90.581474,-0.428680,1.496189,0.000000,0.000000,0.000000
0.000000,90.581474,-0.428680,1.496189,0.000000,0.000000,0.000000
0.000000,90.574516,-0.428585,1.496189,0.000000,0.000000,0.000000
0.000000,90.570229,-0.428585,1.496189,0.000000,0.000000,0.000000
0.000000,90.570229,-0.428585,1.496189,0.000000,0.000000,0.000000
0.000000,90.565163,-0.428489,1.496189,0.000000,0.000000,0.000000
0.000000,90.565163,-0.428489,1.496189,0.000000,0.000000,0.000000
0.000000,90.562706,-0.428489,1.496189,0.000000,0.000000,0.000000
0.000000,90.559769,-0.428489,1.496189,0.000000,0.000000,0.000000
0.000000,90.559769,-0.428489,1.496189,0.000000,0.000000,0.000000
0.000000,90.558411,-0.428489,1.496189,0.000000,0.000000,0.000000
0.000000,90.558411,-0.428489,1.496189,0.000000,0.000000,0.000000
0.000000,90.556244,-0.428393,1.496189,0.000000,0.000000,0.000000
0.000000,90.554710,-0.428393,1.496189,0.000000,0.000000,0.000000
0.000000,90.554710,-0.428393,1.496189,0.000000,0.000000,0.000000
0.000000,90.552475,-0.428393,1.496189,0.000000,0.000000,0.000000
0.000000,90.552475,-0.428393,1.496189,0.000000,0.000000,0.000000
0.000000,90.550896,-0.428393,1.496189,0.000000,0.000000,0.000000
0.000000,90.549187,-0.428297,1.496189,0.000000,0.000000,0.000000
0.000000,90.549187,-0.428297,1.496285,0.000000,0.000000,0.000000
0.000000,90.548195,-0.428297,1.496285,0.000000,0.000000,0.000000
0.000000,90.548195,-0.428297,1.496285,0.000000,0.000000,0.000000
0.000000,90.546463,-0.428201,1.496285,0.000000,0.000000,0.000000
0.000000,90.544807,-0.428201,1.496285,0.000000,0.000000,0.000000
0.000000,90.544807,-0.428201,1.496285,0.000000,0.000000,0.000000
0.000000,90.542618,-0.428106,1.496285,0.000000,0.000000,0.000000
0.000000,90.542618,-0.428010,1.496285,0.000000,0.000000,0.000000
0.000000,90.540749,-0.428010,1.496285,0.000000,0.000000,0.000000
0.000000,90.538391,-0.427914,1.496285,0.000000,0.000000,0.000000
0.000000,90.538391,-0.427914,1.496381,0.000000,0.000000,0.000000
0.000000,90.536552,-0.427818,1.496381,0.000000,0.000000,0.000000
0.000000,90.536552,-0.427722,1.496381,0.000000,0.000000,0.000000
0.000000,90.533905,-0.427626,1.496381,0.000000,0.000000,0.000000
0.000000,90.531952,-0.427626,1.496381,0.000000,0.000000,0.000000
0.000000,90.531952,-0.427435,1.496381,0.000000,0.000000,0.000000
0.000000,90.529770,-0.427339,1.496381,0.000000,0.000000,0.000000
0.000000,90.529770,-0.427147,1.496381,0.000000,0.000000,0.000000
0.000000,90.528290,-0.426956,1.496381,0.000000,0.000000,0.000000
0.000000,90.526619,-0.426668,1.496381,0.000000,0.000000,0.000000
0.000000,90.526619,-0.426476,1.496477,0.000000,0.000000,0.000000
0.000000,90.525620,-0.426285,1.496477,0.000000,0.000000,0.000000
0.000000,90.525620,-0.426189,1.496477,0.000000,0.000000,0.000000
0.000000,90.525536,-0.425997,1.496477,0.000000,0.000000,0.000000
0.000000,90.525719,-0.425901,1.496477,0.000000,0.000000,0.000000
0.000000,90.525719,-0.425806,1.496477,0.000000,0.000000,0.000000
0.000000,90.528328,-0.425710,1.496477,0.000000,0.000000,0.000000
0.000000,90.528328,-0.425614,1.496477,0.000000,0.000000,0.000000
0.000000,90.531868,-0.425614,1.496477,0.000000,0.000000,0.000000
0.000000,90.542152,-0.425518,1.496477,0.000000,0.000000,0.000000
0.000000,90.542152,-0.425518,1.496573,0.000000,0.000000,0.000000
0.000000,90.551224,-0.425422,1.496573,0.000000,0.000000,0.000000
0.000000,90.551224,-0.425327,1.496669,0.000000,0.000000,0.000000
0.000000,90.566750,-0.425231,1.496764,0.000000,0.000000,0.000000
0.000000,90.577232,-0.425231,1.496860,0.000000,0.000000,0.000000
0.000000,90.577232,-0.425135,1.496956,0.000000,0.000000,0.000000
0.000000,90.591568,-0.425039,1.497244,0.000000,0.000000,0.000000
0.000000,90.591568,-0.424943,1.497435,0.000000,0.000000,0.000000
0.000000,90.600517,-0.424847,1.497818,0.000000,0.000000,0.000000
0.000000,90.614929,-0.424656,1.498106,0.000000,0.000000,0.000000
0.000000,90.614929,-0.424560,1.498681,0.000000,0.000000,0.000000
0.000000,90.625381,-0.424368,1.498873,0.000000,0.000000,0.000000
0.000000,90.625381,-0.424273,1.499160,0.000000,0.000000,0.000000
0.000000,90.644394,-0.423985,1.499256,0.000000,0.000000,0.000000
0.000000,90.658318,-0.423793,1.499352,0.000000,0.000000,0.000000
0.000000,90.658318,-0.423506,1.499448,0.000000,0.000000,0.000000
0.000000,90.682045,-0.423410,1.499639,0.000000,0.000000,0.000000
0.000000,90.682045,-0.423123,1.499831,0.000000,0.000000,0.000000
0.000000,90.696495,-0.423027,1.500118,0.000000,0.000000,0.000000
0.000000,90.716660,-0.422835,1.500406,0.000000,0.000000,0.000000
0.000000,90.716660,-0.422835,1.500981,0.000000,0.000000,0.000000
0.000000,90.727409,-0.422643,1.501364,0.000000,0.000000,0.000000
0.000000,90.727409,-0.422643,1.501940,0.000000,0.000000,0.000000
0.000000,90.745972,-0.422548,1.502131,0.000000,0.000000,0.000000
0.000000,90.760147,-0.422548,1.502418,0.000000,0.000000,0.000000
0.000000,90.760147,-0.422452,1.502610,0.000000,0.000000,0.000000
0.000000,90.789879,-0.422356,1.503089,0.000000,0.000000,0.000000
0.000000,90.789879,-0.422260,1.503473,0.000000,0.000000,0.000000
0.000000,90.814980,-0.422164,1.504239,0.000000,0.000000,0.000000
0.000000,90.855072,-0.421973,1.504623,0.000000,0.000000,0.000000
0.000000,90.855072,-0.421781,1.505006,0.000000,0.000000,0.000000
0.000000,90.879166,-0.421494,1.505197,0.000000,0.000000,0.000000
0.000000,90.879166,-0.421206,1.505485,0.000000,0.000000,0.000000
0.000000,90.913727,-0.420823,1.505677,0.000000,0.000000,0.000000
0.000000,90.935127,-0.420535,1.506060,0.000000,0.000000,0.000000
0.000000,90.935127,-0.420152,1.506347,0.000000,0.000000,0.000000
0.000000,90.966919,-0.420056,1.506922,0.000000,0.000000,0.000000
0.000000,90.966919,-0.419769,1.507114,0.000000,0.000000,0.000000
0.000000,90.986328,-0.419673,1.507305,0.000000,0.000000,0.000000
0.000000,91.018936,-0.419385,1.507401,0.000000,0.000000,0.000000
0.000000,91.018936,-0.419290,1.507497,0.000000,0.000000,0.000000
0.000000,91.043144,-0.418906,1.507497,0.000000,0.000000,0.000000
0.000000,91.043144,-0.418715,1.507689,0.000000,0.000000,0.000000
0.000000,91.085037,-0.418331,1.507785,0.000000,0.000000,0.000000
0.000000,91.114662,-0.418044,1.507976,0.000000,0.000000,0.000000
0.000000,91.114662,-0.417565,1.508072,0.000000,0.000000,0.000000
0.000000,91.157028,-0.417469,1.508360,0.000000,0.000000,0.000000
0.000000,91.157028,-0.417086,1.508551,0.000000,0.000000,0.000000
0.000000,91.178535,-0.416990,1.509031,0.000000,0.000000,0.000000
0.000000,91.204231,-0.416798,1.509318,0.000000,0.000000,0.000000
0.000000,91.204231,-0.416702,1.509797,0.000000,0.000000,0.000000
0.000000,91.220520,-0.416415,1.509989,0.000000,0.000000,0.000000
0.000000,91.220520,-0.416223,1.510180,0.000000,0.000000,0.000000
0.000000,91.252800,-0.415936,1.510276,0.000000,0.000000,0.000000
0.000000,91.281105,-0.415648,1.510468,0.000000,0.000000,0.000000
0.000000,91.281105,-0.415265,1.510564,0.000000,0.000000,0.000000
0.000000,91.328842,-0.414978,1.510755,0.000000,0.000000,0.000000
0.000000,91.328842,-0.414594,1.510851,0.000000,0.000000,0.000000
0.000000,91.358170,-0.414402,1.511235,0.000000,0.000000,0.000000
0.000000,91.391518,-0.414019,1.511426,0.000000,0.000000,0.000000
0.000000,91.391518,-0.413923,1.511810,0.000000,0.000000,0.000000
0.000000,91.406006,-0.413540,1.512097,0.000000,0.000000,0.000000
0.000000,91.406006,-0.413348,1.512384,0.000000,0.000000,0.000000
0.000000,91.423935,-0.412965,1.512480,0.000000,0.000000,0.000000
0.000000,91.437645,-0.412677,1.512672,0.000000,0.000000,0.000000
0.000000,91.437645,-0.412294,1.512672,0.000000,0.000000,0.000000
0.000000,91.466393,-0.412198,1.512672,0.000000,0.000000,0.000000
0.000000,91.466393,-0.411815,1.512768,0.000000,0.000000,0.000000
0.000000,91.490234,-0.411719,1.512768,0.000000,0.000000,0.000000
0.000000,91.523888,-0.411527,1.512863,0.000000,0.000000,0.000000
0.000000,91.523888,-0.411432,1.512863,0.000000,0.000000,0.000000
0.000000,91.541679,-0.411336,1.512863,0.000000,0.000000,0.000000
0.000000,91.541679,-0.411336,1.512959,0.000000,0.000000,0.000000
0.000000,91.562111,-0.411240,1.512959,0.000000,0.000000,0.000000
0.000000,91.571602,-0.411144,1.512959,0.000000,0.000000,0.000000
0.000000,91.571602,-0.411048,1.512959,0.000000,0.000000,0.000000
0.000000,91.583672,-0.410953,1.512959,0.000000,0.000000,0.000000
0.000000,91.583672,-0.410761,1.513055,0.000000,0.000000,0.000000
0.000000,91.591599,-0.410569,1.513055,0.000000,0.000000,0.000000
0.000000,91.601944,-0.410090,1.513055,0.000000,0.000000,0.000000
0.000000,91.601944,-0.409899,1.513055,0.000000,0.000000,0.000000
0.000000,91.610207,-0.409323,1.513055,0.000000,0.000000,0.000000
0.000000,91.610207,-0.409132,1.513055,0.000000,0.000000,0.000000
0.000000,91.620522,-0.408749,1.513055,0.000000,0.000000,0.000000
0.000000,91.623810,-0.408557,1.513055,0.000000,0.000000,0.000000
0.000000,91.623810,-0.408174,1.513055,0.000000,0.000000,0.000000
0.000000,91.623260,-0.407982,1.513055,0.000000,0.000000,0.000000
0.000000,91.623260,-0.407407,1.513055,0.000000,0.000000,0.000000
0.000000,91.620949,-0.407120,1.513055,0.000000,0.000000,0.000000
0.000000,91.617287,-0.406545,1.513055,0.000000,0.000000,0.000000
0.000000,91.617287,-0.406257,1.513055,0.000000,0.000000,0.000000
0.000000,91.616699,-0.405970,1.513055,0.000000,0.000000,0.000000
0.000000,91.616699,-0.405778,1.513055,0.000000,0.000000,0.000000
0.000000,91.615860,-0.405395,1.513055,0.000000,0.000000,0.000000
0.000000,91.614311,-0.405203,1.513055,0.000000,0.000000,0.000000
0.000000,91.614311,-0.404532,1.513055,0.000000,0.000000,0.000000
0.000000,91.608925,-0.404245,1.513055,0.000000,0.000000,0.000000
0.000000,91.608925,-0.403670,1.513055,0.000000,0.000000,0.000000
0.000000,91.605270,-0.403478,1.513055,0.000000,0.000000,0.000000
0.000000,91.600166,-0.403095,1.513055,0.000000,0.000000,0.000000
0.000000,91.600166,-0.402999,1.513055,0.000000,0.000000,0.000000
0.000000,91.595665,-0.402807,1.513055,0.000000,0.000000,0.000000
0.000000,91.595665,-0.402616,1.513055,0.000000,0.000000,0.000000
0.000000,91.586578,-0.402328,1.513055,0.000000,0.000000,0.000000
0.000000,91.581161,-0.402137,1.513055,0.000000,0.000000,0.000000
0.000000,91.581161,-0.401753,1.513055,0.000000,0.000000,0.000000
0.000000,91.577240,-0.401562,1.513055,0.000000,0.000000,0.000000
0.000000,91.577240,-0.401274,1.513055,0.000000,0.000000,0.000000
0.000000,91.579048,-0.401083,1.513055,0.000000,0.000000,0.000000
0.000000,91.581207,-0.400891,1.513055,0.000000,0.000000,0.000000
0.000000,91.581207,-0.400795,1.513055,0.000000,0.000000,0.000000
0.000000,91.580688,-0.400604,1.513055,0.000000,0.000000,0.000000
0.000000,91.580688,-0.400508,1.513055,0.000000,0.000000,0.000000
0.000000,91.578094,-0.400412,1.513055,0.000000,0.000000,0.000000
0.000000,91.578613,-0.400316,1.513055,0.000000,0.000000,0.000000
0.000000,91.578613,-0.400220,1.513055,0.000000,0.000000,0.000000
0.000000,91.582840,-0.400124,1.513055,0.000000,0.000000,0.000000
0.000000,91.582840,-0.399933,1.513055,0.000000,0.000000,0.000000
0.000000,91.590401,-0.399837,1.513055,0.000000,0.000000,0.000000
0.000000,91.603477,-0.399645,1.513055,0.000000,0.000000,0.000000
0.000000,91.603477,-0.399549,1.513055,0.000000,0.000000,0.000000
0.000000,91.613747,-0.399262,1.513055,0.000000,0.000000,0.000000
0.000000,91.613747,-0.399166,1.513055,0.000000,0.000000,0.000000
0.000000,91.626503,-0.398783,1.513055,0.000000,0.000000,0.000000
0.000000,91.634270,-0.398687,1.513055,0.000000,0.000000,0.000000
0.000000,91.634270,-0.398399,1.513055,0.000000,0.000000,0.000000
0.000000,91.641998,-0.398399,1.513055,0.000000,0.000000,0.000000
0.000000,91.641998,-0.398208,1.513055,0.000000,0.000000,0.000000
0.000000,91.646889,-0.398208,1.513055,0.000000,0.000000,0.000000
0.000000,91.655586,-0.398112,1.513055,0.000000,0.000000,0.000000
0.000000,91.655586,-0.398112,1.513055,0.000000,0.000000,0.000000
0.000000,91.665390,-0.398112,1.513055,0.000000,0.000000,0.000000
0.000000,91.665390,-0.398016,1.513055,0.000000,0.000000,0.000000
0.000000,91.683228,-0.398016,1.513151,0.000000,0.000000,0.000000
0.000000,91.697884,-0.398016,1.513151,0.000000,0.000000,0.000000
0.000000,91.697884,-0.398016,1.513151,0.000000,0.000000,0.000000
0.000000,91.718582,-0.398016,1.513247,0.000000,0.000000,0.000000
0.000000,91.718582,-0.397920,1.513247,0.000000,0.000000,0.000000
0.000000,91.731171,-0.397920,1.513343,0.000000,0.000000,0.000000
0.000000,91.746628,-0.397920,1.513343,0.000000,0.000000,0.000000
0.000000,91.746628,-0.397920,1.513438,0.000000,0.000000,0.000000
0.000000,91.757797,-0.397825,1.513534,0.000000,0.000000,0.000000
0.000000,91.757797,-0.397825,1.513726,0.000000,0.000000,0.000000
0.000000,91.776550,-0.397825,1.513822,0.000000,0.000000,0.000000
0.000000,91.792610,-0.397825,1.514205,0.000000,0.000000,0.000000
0.000000,91.792610,-0.397825,1.514492,0.000000,0.000000,0.000000
0.000000,91.818352,-0.397825,1.515163,0.000000,0.000000,0.000000
0.000000,91.818352,-0.397825,1.515451,0.000000,0.000000,0.000000
0.000000,91.837738,-0.397825,1.515930,0.000000,0.000000,0.000000
0.000000,91.867332,-0.397825,1.516026,0.000000,0.000000,0.000000
0.000000,91.867332,-0.397825,1.516409,0.000000,0.000000,0.000000
0.000000,91.888725,-0.397825,1.516601,0.000000,0.000000,0.000000
0.000000,91.888725,-0.397825,1.517175,0.000000,0.000000,0.000000
0.000000,91.920868,-0.397825,1.517559,0.000000,0.000000,0.000000
0.000000,91.943298,-0.397825,1.518326,0.000000,0.000000,0.000000
0.000000,91.943298,-0.397825,1.518613,0.000000,0.000000,0.000000
0.000000,91.976242,-0.397825,1.519188,0.000000,0.000000,0.000000
0.000000,91.976242,-0.397825,1.519475,0.000000,0.000000,0.000000
0.000000,91.999832,-0.397825,1.520242,0.000000,0.000000,0.000000
0.000000,92.039459,-0.397825,1.520721,0.000000,0.000000,0.000000
0.000000,92.039459,-0.397825,1.521583,0.000000,0.000000,0.000000
0.000000,92.069733,-0.397825,1.521967,0.000000,0.000000,0.000000
0.000000,92.069733,-0.397825,1.522542,0.000000,0.000000,0.000000
0.000000,92.117973,-0.397825,1.522925,0.000000,0.000000,0.000000
0.000000,92.152603,-0.397825,1.523596,0.000000,0.000000,0.000000
0.000000,92.152603,-0.397825,1.523884,0.000000,0.000000,0.000000
0.000000,92.208351,-0.397825,1.524266,0.000000,0.000000,0.000000
0.000000,92.208351,-0.397825,1.524362,0.000000,0.000000,0.000000
0.000000,92.247269,-0.397825,1.524650,0.000000,0.000000,0.000000
0.000000,92.308891,-0.397825,1.524842,0.000000,0.000000,0.000000
0.000000,92.308891,-0.397825,1.525417,0.000000,0.000000,0.000000
0.000000,92.352287,-0.397825,1.525800,0.000000,0.000000,0.000000
0.000000,92.352287,-0.397825,1.526566,0.000000,0.000000,0.000000
0.000000,92.420914,-0.397825,1.526854,0.000000,0.000000,0.000000
0.000000,92.466568,-0.397825,1.527333,0.000000,0.000000,0.000000
0.000000,92.466568,-0.397825,1.527429,0.000000,0.000000,0.000000
0.000000,92.528839,-0.397825,1.527908,0.000000,0.000000,0.000000
0.000000,92.528839,-0.397825,1.528196,0.000000,0.000000,0.000000
0.000000,92.565300,-0.397825,1.529058,0.000000,0.000000,0.000000
0.000000,92.622643,-0.397825,1.529345,0.000000,0.000000,0.000000
0.000000,92.622643,-0.397825,1.529824,0.000000,0.000000,0.000000
0.000000,92.664474,-0.397825,1.530016,0.000000,0.000000,0.000000
0.000000,92.664474,-0.397825,1.530208,0.000000,0.000000,0.000000
0.000000,92.733757,-0.397825,1.530304,0.000000,0.000000,0.000000
0.000000,92.777550,-0.397825,1.530591,0.000000,0.000000,0.000000
0.000000,92.777550,-0.397825,1.530783,0.000000,0.000000,0.000000
0.000000,92.828880,-0.397825,1.531262,0.000000,0.000000,0.000000
0.000000,92.828880,-0.397825,1.531453,0.000000,0.000000,0.000000
0.000000,92.855354,-0.397825,1.531837,0.000000,0.000000,0.000000
0.000000,92.887070,-0.397825,1.532029,0.000000,0.000000,0.000000
0.000000,92.887070,-0.397825,1.532125,0.000000,0.000000,0.000000
0.000000,92.907333,-0.397825,1.532125,0.000000,0.000000,0.000000
0.000000,92.907333,-0.397825,1.532221,0.000000,0.000000,0.000000
0.000000,92.938141,-0.397825,1.532221,0.000000,0.000000,0.000000
0.000000,92.957207,-0.397825,1.532221,0.000000,0.000000,0.000000
0.000000,92.957207,-0.397825,1.532221,0.000000,0.000000,0.000000
0.000000,92.978775,-0.397825,1.532221,0.000000,0.000000,0.000000
0.000000,92.978775,-0.397825,1.532221,0.000000,0.000000,0.000000
0.000000,92.988586,-0.397825,1.532316,0.000000,0.000000,0.000000
0.000000,92.993523,-0.397825,1.532316,0.000000,0.000000,0.000000
0.000000,92.993523,-0.397825,1.532316,0.000000,0.000000,0.000000
0.000000,92.996971,-0.397825,1.532316,0.000000,0.000000,0.000000
0.000000,92.996971,-0.397825,1.532412,0.000000,0.000000,0.000000
0.000000,93.004433,-0.397825,1.532412,0.000000,0.000000,0.000000
0.000000,93.011024,-0.397825,1.532412,0.000000,0.000000,0.000000
0.000000,93.011024,-0.397825,1.532412,0.000000,0.000000,0.000000
0.000000,93.014793,-0.397825,1.532412,0.000000,0.000000,0.000000
0.000000,93.014793,-0.397825,1.532412,0.000000,0.000000,0.000000
0.000000,93.014168,-0.397825,1.532412,0.000000,0.000000,0.000000
0.000000,93.007507,-0.397825,1.532412,0.000000,0.000000,0.000000
0.000000,93.007507,-0.397825,1.532412,0.000000,0.000000,0.000000
0.000000,93.002930,-0.397825,1.532412,0.000000,0.000000,0.000000
0.000000,93.002930,-0.397825,1.532412,0.000000,0.000000,0.000000
0.000000,92.995911,-0.397825,1.532412,0.000000,0.000000,0.000000
0.000000,92.993195,-0.397825,1.532412,0.000000,0.000000,0.000000
0.000000,92.993195,-0.397825,1.532412,0.000000,0.000000,0.000000
0.000000,92.989616,-0.397825,1.532412,0.000000,0.000000,0.000000
0.000000,92.989616,-0.397825,1.532412,0.000000,0.000000,0.000000
0.000000,92.986862,-0.397825,1.532412,0.000000,0.000000,0.000000
0.000000,92.978813,-0.397825,1.532412,0.000000,0.000000,0.000000
0.000000,92.978813,-0.397825,1.532412,0.000000,0.000000,0.000000
0.000000,92.972549,-0.397825,1.532412,0.000000,0.000000,0.000000
0.000000,92.972549,-0.397825,1.532412,0.000000,0.000000,0.000000
0.000000,92.964241,-0.397920,1.532412,0.000000,0.000000,0.000000
0.000000,92.960266,-0.397920,1.532412,0.000000,0.000000,0.000000
0.000000,92.960266,-0.397920,1.532412,0.000000,0.000000,0.000000
0.000000,92.956413,-0.397920,1.532412,0.000000,0.000000,0.000000
0.000000,92.956413,-0.397920,1.532412,0.000000,0.000000,0.000000
0.000000,92.955322,-0.397920,1.532412,0.000000,0.000000,0.000000
0.000000,92.953590,-0.397920,1.532412,0.000000,0.000000,0.000000
0.000000,92.953590,-0.397920,1.532412,0.000000,0.000000,0.000000
0.000000,92.952080,-0.397920,1.532412,0.000000,0.000000,0.000000
0.000000,92.952080,-0.397920,1.532412,0.000000,0.000000,0.000000
0.000000,92.950027,-0.397920,1.532412,0.000000,0.000000,0.000000
0.000000,92.949066,-0.397920,1.532412,0.000000,0.000000,0.000000
0.000000,92.949066,-0.397920,1.532412,0.000000,0.000000,0.000000
0.000000,92.947571,-0.397920,1.532412,0.000000,0.000000,0.000000
0.000000,92.947571,-0.397920,1.532412,0.000000,0.000000,0.000000
0.000000,92.946602,-0.397920,1.532412,0.000000,0.000000,0.000000
0.000000,92.945709,-0.397920,1.532412,0.000000,0.000000,0.000000
0.000000,92.945709,-0.397920,1.532412,0.000000,0.000000,0.000000
0.000000,92.945427,-0.397920,1.532412,0.000000,0.000000,0.000000
0.000000,92.945427,-0.397920,1.532412,0.000000,0.000000,0.000000
0.000000,92.945564,-0.397920,1.532412,0.000000,0.000000,0.000000
0.000000,92.946548,-0.397920,1.532412,0.000000,0.000000,0.000000
0.000000,92.946548,-0.397920,1.532412,0.000000,0.000000,0.000000
0.000000,92.948250,-0.397920,1.532412,0.000000,0.000000,0.000000
0.000000,92.948250,-0.397920,1.532412,0.000000,0.000000,0.000000
0.000000,92.949997,-0.397920,1.532412,0.000000,0.000000,0.000000
0.000000,92.951477,-0.397920,1.532412,0.000000,0.000000,0.000000
0.000000,92.951477,-0.397920,1.532412,0.000000,0.000000,0.000000
0.000000,92.952667,-0.397920,1.532412,0.000000,0.000000,0.000000
0.000000,92.952667,-0.397920,1.532412,0.000000,0.000000,0.000000
0.000000,92.954147,-0.397920,1.532412,0.000000,0.000000,0.000000
0.000000,92.955711,-0.397920,1.532412,0.000000,0.000000,0.000000
0.000000,92.955711,-0.397920,1.532508,0.000000,0.000000,0.000000
0.000000,92.956261,-0.397920,1.532508,0.000000,0.000000,0.000000
0.000000,92.956261,-0.397920,1.532508,0.000000,0.000000,0.000000
0.000000,92.956413,-0.398016,1.532508,0.000000,0.000000,0.000000
0.000000,92.954758,-0.398016,1.532508,0.000000,0.000000,0.000000
0.000000,92.954758,-0.398016,1.532508,0.000000,0.000000,0.000000
0.000000,92.953484,-0.398016,1.532508,0.000000,0.000000,0.000000
0.000000,92.953484,-0.398016,1.532508,0.000000,0.000000,0.000000
0.000000,92.949905,-0.398016,1.532508,0.000000,0.000000,0.000000
0.000000,92.946899,-0.398016,1.532508,0.000000,0.000000,0.000000
0.000000,92.946899,-0.398016,1.532508,0.000000,0.000000,0.000000
0.000000,92.940193,-0.398016,1.532508,0.000000,0.000000,0.000000
0.000000,92.940193,-0.398016,1.532508,0.000000,0.000000,0.000000
0.000000,92.935364,-0.398016,1.532508,0.000000,0.000000,0.000000
0.000000,92.927338,-0.398112,1.532508,0.000000,0.000000,0.000000
0.000000,92.927338,-0.398112,1.532508,0.000000,0.000000,0.000000
0.000000,92.922325,-0.398112,1.532508,0.000000,0.000000,0.000000
0.000000,92.922325,-0.398112,1.532508,0.000000,0.000000,0.000000
0.000000,92.918495,-0.398112,1.532508,0.000000,0.000000,0.000000
0.000000,92.918442,-0.398112,1.532508,0.000000,0.000000,0.000000
0.000000,92.918442,-0.398112,1.532604,0.000000,0.000000,0.000000
0.000000,92.921478,-0.398112,1.532604,0.000000,0.000000,0.000000
0.000000,92.921478,-0.398112,1.532604,0.000000,0.000000,0.000000
0.000000,92.922905,-0.398112,1.532604,0.000000,0.000000,0.000000
0.000000,92.926392,-0.398112,1.532604,0.000000,0.000000,0.000000
0.000000,92.926392,-0.398112,1.532604,0.000000,0.000000,0.000000
0.000000,92.930023,-0.398112,1.532604,0.000000,0.000000,0.000000
0.000000,92.930023,-0.398112,1.532604,0.000000,0.000000,0.000000
0.000000,92.935493,-0.398112,1.532604,0.000000,0.000000,0.000000
0.000000,92.938133,-0.398112,1.532604,0.000000,0.000000,0.000000
0.000000,92.938133,-0.398112,1.532604,0.000000,0.000000,0.000000
0.000000,92.942719,-0.398112,1.532604,0.000000,0.000000,0.000000
0.000000,92.942719,-0.398112,1.532604,0.000000,0.000000,0.000000
0.000000,92.944534,-0.398112,1.532604,0.000000,0.000000,0.000000
0.000000,92.945351,-0.398112,1.532604,0.000000,0.000000,0.000000
0.000000,92.945351,-0.398112,1.532604,0.000000,0.000000,0.000000
0.000000,92.946465,-0.398112,1.532604,0.000000,0.000000,0.000000
0.000000,92.946465,-0.398112,1.532604,0.000000,0.000000,0.000000
0.000000,92.946960,-0.398112,1.532604,0.000000,0.000000,0.000000
0.000000,92.945412,-0.398112,1.532604,0.000000,0.000000,0.000000
0.000000,92.945412,-0.398112,1.532604,0.000000,0.000000,0.000000
0.000000,92.942268,-0.398112,1.532604,0.000000,0.000000,0.000000
0.000000,92.942268,-0.398112,1.532604,0.000000,0.000000,0.000000
0.000000,92.940353,-0.398112,1.532604,0.000000,0.000000,0.000000
0.000000,92.936028,-0.398112,1.532604,0.000000,0.000000,0.000000
0.000000,92.936028,-0.398112,1.532604,0.000000,0.000000,0.000000
0.000000,92.933594,-0.398112,1.532604,0.000000,0.000000,0.000000
0.000000,92.933594,-0.398112,1.532604,0.000000,0.000000,0.000000
0.000000,92.931557,-0.398112,1.532604,0.000000,0.000000,0.000000
0.000000,92.930244,-0.398112,1.532604,0.000000,0.000000,0.000000
0.000000,92.930244,-0.398112,1.532604,0.000000,0.000000,0.000000
0.000000,92.927620,-0.398112,1.532604,0.000000,0.000000,0.000000
0.000000,92.927620,-0.398112,1.532604,0.000000,0.000000,0.000000
0.000000,92.925674,-0.398112,1.532604,0.000000,0.000000,0.000000
0.000000,92.921738,-0.398112,1.532604,0.000000,0.000000,0.000000
0.000000,92.921738,-0.398112,1.532604,0.000000,0.000000,0.000000
0.000000,92.918610,-0.398112,1.532604,0.000000,0.000000,0.000000
0.000000,92.918610,-0.398112,1.532604,0.000000,0.000000,0.000000
0.000000,92.913658,-0.398112,1.532604,0.000000,0.000000,0.000000
0.000000,92.910515,-0.398112,1.532604,0.000000,0.000000,0.000000
0.000000,92.910515,-0.398112,1.532604,0.000000,0.000000,0.000000
0.000000,92.906868,-0.398112,1.532604,0.000000,0.000000,0.000000
0.000000,92.906868,-0.398112,1.532604,0.000000,0.000000,0.000000
0.000000,92.904884,-0.398112,1.532604,0.000000,0.000000,0.000000
0.000000,92.902275,-0.398112,1.532604,0.000000,0.000000,0.000000
0.000000,92.902275,-0.398112,1.532604,0.000000,0.000000,0.000000
0.000000,92.900497,-0.398112,1.532604,0.000000,0.000000,0.000000
0.000000,92.900497,-0.398112,1.532604,0.000000,0.000000,0.000000
0.000000,92.898308,-0.398112,1.532604,0.000000,0.000000,0.000000
0.000000,92.897385,-0.398112,1.532604,0.000000,0.000000,0.000000
0.000000,92.897385,-0.398112,1.532604,0.000000,0.000000,0.000000
0.000000,92.895973,-0.398112,1.532604,0.000000,0.000000,0.000000
0.000000,92.895973,-0.398112,1.532604,0.000000,0.000000,0.000000
0.000000,92.895874,-0.398112,1.532604,0.000000,0.000000,0.000000
0.000000,92.894943,-0.398112,1.532604,0.000000,0.000000,0.000000
0.000000,92.894943,-0.398112,1.532604,0.000000,0.000000,0.000000
0.000000,92.894669,-0.398112,1.532604,0.000000,0.000000,0.000000
0.000000,92.894669,-0.398112,1.532604,0.000000,0.000000,0.000000
0.000000,92.894798,-0.398112,1.532604,0.000000,0.000000,0.000000
0.000000,92.895210,-0.398112,1.532604,0.000000,0.000000,0.000000
0.000000,92.895210,-0.398112,1.532604,0.000000,0.000000,0.000000
0.000000,92.894775,-0.398112,1.532604,0.000000,0.000000,0.000000
0.000000,92.894775,-0.398112,1.532604,0.000000,0.000000,0.000000
0.000000,92.894783,-0.398112,1.532604,0.000000,0.000000,0.000000
0.000000,92.894188,-0.398112,1.532604,0.000000,0.000000,0.000000
0.000000,92.894188,-0.398112,1.532604,0.000000,0.000000,0.000000
0.000000,92.893692,-0.398112,1.532604,0.000000,0.000000,0.000000
0.000000,92.893692,-0.398112,1.532604,0.000000,0.000000,0.000000
0.000000,92.892311,-0.398112,1.532604,0.000000,0.000000,0.000000
0.000000,92.891357,-0.398112,1.532604,0.000000,0.000000,0.000000
0.000000,92.891357,-0.398112,1.532604,0.000000,0.000000,0.000000
0.000000,92.889977,-0.398112,1.532604,0.000000,0.000000,0.000000
0.000000,92.889977,-0.398112,1.532604,0.000000,0.000000,0.000000
0.000000,92.888618,-0.398112,1.532604,0.000000,0.000000,0.000000
0.000000,92.886154,-0.398112,1.532604,0.000000,0.000000,0.000000
0.000000,92.886154,-0.398112,1.532604,0.000000,0.000000,0.000000
0.000000,92.884338,-0.398112,1.532604,0.000000,0.000000,0.000000
0.000000,92.884338,-0.398112,1.532604,0.000000,0.000000,0.000000
0.000000,92.881668,-0.398016,1.532604,0.000000,0.000000,0.000000
0.000000,92.879913,-0.398016,1.532604,0.000000,0.000000,0.000000
0.000000,92.879913,-0.398016,1.532604,0.000000,0.000000,0.000000
0.000000,92.877853,-0.398016,1.532604,0.000000,0.000000,0.000000
0.000000,92.877853,-0.398016,1.532604,0.000000,0.000000,0.000000
0.000000,92.876297,-0.398016,1.532604,0.000000,0.000000,0.000000
0.000000,92.873856,-0.398016,1.532604,0.000000,0.000000,0.000000
0.000000,92.873856,-0.398016,1.532604,0.000000,0.000000,0.000000
0.000000,92.871140,-0.398016,1.532604,0.000000,0.000000,0.000000
0.000000,92.871140,-0.397920,1.532604,0.000000,0.000000,0.000000
0.000000,92.865166,-0.397920,1.532604,0.000000,0.000000,0.000000
0.000000,92.859360,-0.397920,1.532604,0.000000,0.000000,0.000000
0.000000,92.859360,-0.397825,1.532604,0.000000,0.000000,0.000000
0.000000,92.851524,-0.397825,1.532604,0.000000,0.000000,0.000000
0.000000,92.851524,-0.397825,1.532604,0.000000,0.000000,0.000000
0.000000,92.846596,-0.397825,1.532604,0.000000,0.000000,0.000000
0.000000,92.839424,-0.397825,1.532604,0.000000,0.000000,0.000000
0.000000,92.839424,-0.397728,1.532604,0.000000,0.000000,0.000000
0.000000,92.833267,-0.397633,1.532604,0.000000,0.000000,0.000000
0.000000,92.833267,-0.397633,1.532604,0.000000,0.000000,0.000000
0.000000,92.822365,-0.397537,1.532604,0.000000,0.000000,0.000000
0.000000,92.814087,-0.397441,1.532604,0.000000,0.000000,0.000000
0.000000,92.814087,-0.397345,1.532604,0.000000,0.000000,0.000000
0.000000,92.802986,-0.397249,1.532604,0.000000,0.000000,0.000000
0.000000,92.802986,-0.397153,1.532604,0.000000,0.000000,0.000000
0.000000,92.795135,-0.397058,1.532604,0.000000,0.000000,0.000000
0.000000,92.782784,-0.396866,1.532604,0.000000,0.000000,0.000000
0.000000,92.782784,-0.396674,1.532508,0.000000,0.000000,0.000000
0.000000,92.773209,-0.396387,1.532508,0.000000,0.000000,0.000000
0.000000,92.773209,-0.396195,1.532508,0.000000,0.000000,0.000000
0.000000,92.757416,-0.395908,1.532412,0.000000,0.000000,0.000000
0.000000,92.744484,-0.395716,1.532412,0.000000,0.000000,0.000000
0.000000,92.744484,-0.395429,1.532412,0.000000,0.000000,0.000000
0.000000,92.721786,-0.395333,1.532316,0.000000,0.000000,0.000000
0.000000,92.721786,-0.395045,1.532316,0.000000,0.000000,0.000000
0.000000,92.703560,-0.394949,1.532316,0.000000,0.000000,0.000000
0.000000,92.675934,-0.394758,1.532316,0.000000,0.000000,0.000000
0.000000,92.675934,-0.394566,1.532316,0.000000,0.000000,0.000000
0.000000,92.658180,-0.394375,1.532316,0.000000,0.000000,0.000000
0.000000,92.658180,-0.394183,1.532316,0.000000,0.000000,0.000000
0.000000,92.636078,-0.393800,1.532316,0.000000,0.000000,0.000000
0.000000,92.622086,-0.393608,1.532221,0.000000,0.000000,0.000000
0.000000,92.622086,-0.393129,1.532221,0.000000,0.000000,0.000000
0.000000,92.599823,-0.392841,1.532125,0.000000,0.000000,0.000000
0.000000,92.599823,-0.392458,1.532125,0.000000,0.000000,0.000000
0.000000,92.581718,-0.392267,1.532125,0.000000,0.000000,0.000000
0.000000,92.549248,-0.391979,1.532029,0.000000,0.000000,0.000000
0.000000,92.549248,-0.391787,1.532029,0.000000,0.000000,0.000000
0.000000,92.523277,-0.391404,1.532029,0.000000,0.000000,0.000000
0.000000,92.523277,-0.391212,1.532029,0.000000,0.000000,0.000000
0.000000,92.487595,-0.390733,1.532029,0.000000,0.000000,0.000000
0.000000,92.467392,-0.390446,1.532029,0.000000,0.000000,0.000000
0.000000,92.467392,-0.389966,1.532029,0.000000,0.000000,0.000000
0.000000,92.442108,-0.389775,1.531933,0.000000,0.000000,0.000000
0.000000,92.442108,-0.389392,1.531933,0.000000,0.000000,0.000000
0.000000,92.423119,-0.389200,1.531933,0.000000,0.000000,0.000000
0.000000,92.385994,-0.388912,1.531933,0.000000,0.000000,0.000000
0.000000,92.385994,-0.388625,1.531837,0.000000,0.000000,0.000000
0.000000,92.357330,-0.388146,1.531837,0.000000,0.000000,0.000000
0.000000,92.357330,-0.387858,1.531741,0.000000,0.000000,0.000000
0.000000,92.319977,-0.387188,1.531741,0.000000,0.000000,0.000000
0.000000,92.298454,-0.386900,1.531741,0.000000,0.000000,0.000000
0.000000,92.298454,-0.386517,1.531741,0.000000,0.000000,0.000000
0.000000,92.266350,-0.386325,1.531645,0.000000,0.000000,0.000000
0.000000,92.266350,-0.385846,1.531645,0.000000,0.000000,0.000000
0.000000,92.240219,-0.385559,1.531645,0.000000,0.000000,0.000000
0.000000,92.196541,-0.384888,1.531645,0.000000,0.000000,0.000000
0.000000,92.196541,-0.384505,1.531645,0.000000,0.000000,0.000000
0.000000,92.168571,-0.383929,1.531645,0.000000,0.000000,0.000000
0.000000,92.168571,-0.383834,1.531645,0.000000,0.000000,0.000000
0.000000,92.133865,-0.383546,1.531645,0.000000,0.000000,0.000000
0.000000,92.110153,-0.383355,1.531645,0.000000,0.000000,0.000000
0.000000,92.110153,-0.382971,1.531645,0.000000,0.000000,0.000000
0.000000,92.066414,-0.382684,1.531645,0.000000,0.000000,0.000000
0.000000,92.066414,-0.382013,1.531645,0.000000,0.000000,0.000000
0.000000,92.036194,-0.381725,1.531645,0.000000,0.000000,0.000000
0.000000,91.999046,-0.381342,1.531645,0.000000,0.000000,0.000000
0.000000,91.999046,-0.381150,1.531645,0.000000,0.000000,0.000000
0.000000,91.979683,-0.380959,1.531645,0.000000,0.000000,0.000000
0.000000,91.979683,-0.380767,1.531549,0.000000,0.000000,0.000000
0.000000,91.948174,-0.380384,1.531549,0.000000,0.000000,0.000000
0.000000,91.923302,-0.380192,1.531549,0.000000,0.000000,0.000000
0.000000,91.923302,-0.379713,1.531549,0.000000,0.000000,0.000000
0.000000,91.888985,-0.379521,1.531549,0.000000,0.000000,0.000000
0.000000,91.888985,-0.379042,1.531549,0.000000,0.000000,0.000000
0.000000,91.873459,-0.378851,1.531549,0.000000,0.000000,0.000000
0.000000,91.851082,-0.378563,1.531549,0.000000,0.000000,0.000000
0.000000,91.851082,-0.378467,1.531453,0.000000,0.000000,0.000000
0.000000,91.828644,-0.378180,1.531453,0.000000,0.000000,0.000000
0.000000,91.828644,-0.378084,1.531358,0.000000,0.000000,0.000000
0.000000,91.781822,-0.377797,1.531358,0.000000,0.000000,0.000000
0.000000,91.754257,-0.377701,1.531262,0.000000,0.000000,0.000000
0.000000,91.754257,-0.377509,1.531262,0.000000,0.000000,0.000000
0.000000,91.729630,-0.377413,1.531262,0.000000,0.000000,0.000000
0.000000,91.729630,-0.377030,1.531166,0.000000,0.000000,0.000000
0.000000,91.717896,-0.376838,1.531070,0.000000,0.000000,0.000000
0.000000,91.692322,-0.376455,1.531070,0.000000,0.000000,0.000000
0.000000,91.692322,-0.376168,1.530975,0.000000,0.000000,0.000000
0.000000,91.670990,-0.375784,1.530879,0.000000,0.000000,0.000000
0.000000,91.670990,-0.375592,1.530687,0.000000,0.000000,0.000000
0.000000,91.636719,-0.375209,1.530495,0.000000,0.000000,0.000000
0.000000,91.614090,-0.375113,1.530112,0.000000,0.000000,0.000000
0.000000,91.614090,-0.374634,1.529824,0.000000,0.000000,0.000000
0.000000,91.579956,-0.374347,1.529249,0.000000,0.000000,0.000000
0.000000,91.579956,-0.373676,1.528962,0.000000,0.000000,0.000000
0.000000,91.556976,-0.373389,1.528675,0.000000,0.000000,0.000000
0.000000,91.522255,-0.372910,1.528579,0.000000,0.000000,0.000000
0.000000,91.522255,-0.372718,1.528387,0.000000,0.000000,0.000000
0.000000,91.494926,-0.372239,1.528291,0.000000,0.000000,0.000000
0.000000,91.494926,-0.372047,1.528100,0.000000,0.000000,0.000000
0.000000,91.442444,-0.371376,1.527908,0.000000,0.000000,0.000000
0.000000,91.404747,-0.370993,1.527716,0.000000,0.000000,0.000000
0.000000,91.404747,-0.370226,1.527525,0.000000,0.000000,0.000000
0.000000,91.358795,-0.369939,1.527141,0.000000,0.000000,0.000000
0.000000,91.358795,-0.369364,1.526854,0.000000,0.000000,0.000000
0.000000,91.333176,-0.369076,1.526470,0.000000,0.000000,0.000000
0.000000,91.292183,-0.368406,1.526375,0.000000,0.000000,0.000000
0.000000,91.292183,-0.368022,1.526183,0.000000,0.000000,0.000000
0.000000,91.258453,-0.367256,1.526088,0.000000,0.000000,0.000000
0.000000,91.258453,-0.366968,1.526088,0.000000,0.000000,0.000000
0.000000,91.205322,-0.366393,1.526088,0.000000,0.000000,0.000000
0.000000,91.169739,-0.366106,1.526088,0.000000,0.000000,0.000000
0.000000,91.169739,-0.365435,1.526088,0.000000,0.000000,0.000000
0.000000,91.121246,-0.365052,1.526088,0.000000,0.000000,0.000000
0.000000,91.121246,-0.364381,1.526088,0.000000,0.000000,0.000000
0.000000,91.088531,-0.364093,1.526088,0.000000,0.000000,0.000000
0.000000,91.037437,-0.363614,1.526088,0.000000,0.000000,0.000000
0.000000,91.037437,-0.363327,1.526088,0.000000,0.000000,0.000000
0.000000,91.000832,-0.362656,1.526088,0.000000,0.000000,0.000000
0.000000,91.000832,-0.362273,1.526088,0.000000,0.000000,0.000000
0.000000,90.947899,-0.361602,1.526088,0.000000,0.000000,0.000000
0.000000,90.913063,-0.361410,1.526088,0.000000,0.000000,0.000000
0.000000,90.913063,-0.360835,1.526088,0.000000,0.000000,0.000000
0.000000,90.860710,-0.360452,1.526088,0.000000,0.000000,0.000000
0.000000,90.860710,-0.359685,1.526088,0.000000,0.000000,0.000000
0.000000,90.824707,-0.359302,1.526088,0.000000,0.000000,0.000000
0.000000,90.770561,-0.358631,1.526088,0.000000,0.000000,0.000000
0.000000,90.770561,-0.358344,1.526088,0.000000,0.000000,0.000000
0.000000,90.735100,-0.357769,1.526088,0.000000,0.000000,0.000000
0.000000,90.735100,-0.357386,1.526088,0.000000,0.000000,0.000000
0.000000,90.680832,-0.356427,1.526088,0.000000,0.000000,0.000000
0.000000,90.643990,-0.356044,1.526088,0.000000,0.000000,0.000000
0.000000,90.643990,-0.355373,1.526088,0.000000,0.000000,0.000000
0.000000,90.591614,-0.354894,1.526088,0.000000,0.000000,0.000000
0.000000,90.591614,-0.354032,1.526088,0.000000,0.000000,0.000000
0.000000,90.558098,-0.353648,1.526088,0.000000,0.000000,0.000000
0.000000,90.506760,-0.352882,1.526088,0.000000,0.000000,0.000000
0.000000,90.506760,-0.352403,1.526088,0.000000,0.000000,0.000000
0.000000,90.469643,-0.351540,1.526088,0.000000,0.000000,0.000000
0.000000,90.469643,-0.351157,1.526088,0.000000,0.000000,0.000000
0.000000,90.407547,-0.350294,1.526088,0.000000,0.000000,0.000000
0.000000,90.363182,-0.349911,1.526088,0.000000,0.000000,0.000000
0.000000,90.363182,-0.349144,1.526088,0.000000,0.000000,0.000000
0.000000,90.295258,-0.348761,1.526088,0.000000,0.000000,0.000000
0.000000,90.295258,-0.347899,1.526088,0.000000,0.000000,0.000000
0.000000,90.247932,-0.347515,1.526088,0.000000,0.000000,0.000000
0.000000,90.176430,-0.346844,1.526088,0.000000,0.000000,0.000000
0.000000,90.176430,-0.346461,1.526088,0.000000,0.000000,0.000000
0.000000,90.128853,-0.345599,1.526088,0.000000,0.000000,0.000000
0.000000,90.128853,-0.345216,1.526088,0.000000,0.000000,0.000000
0.000000,90.058380,-0.344545,1.526088,0.000000,0.000000,0.000000
0.000000,90.012459,-0.344162,1.526088,0.000000,0.000000,0.000000
0.000000,90.012459,-0.343395,1.526088,0.000000,0.000000,0.000000
0.000000,89.946259,-0.343012,1.526088,0.000000,0.000000,0.000000
0.000000,89.946259,-0.342245,1.526088,0.000000,0.000000,0.000000
0.000000,89.903717,-0.341862,1.526088,0.000000,0.000000,0.000000
0.000000,89.844086,-0.341095,1.526088,0.000000,0.000000,0.000000
0.000000,89.844086,-0.340712,1.526088,0.000000,0.000000,0.000000
0.000000,89.805374,-0.339753,1.526088,0.000000,0.000000,0.000000
0.000000,89.805374,-0.339370,1.526088,0.000000,0.000000,0.000000
0.000000,89.745750,-0.338603,1.526088,0.000000,0.000000,0.000000
0.000000,89.703964,-0.338220,1.526088,0.000000,0.000000,0.000000
0.000000,89.703964,-0.337262,1.526088,0.000000,0.000000,0.000000
0.000000,89.637947,-0.336783,1.526088,0.000000,0.000000,0.000000
0.000000,89.637947,-0.335921,1.526088,0.000000,0.000000,0.000000
0.000000,89.593094,-0.335441,1.526088,0.000000,0.000000,0.000000
0.000000,89.524948,-0.334579,1.526088,0.000000,0.000000,0.000000
0.000000,89.524948,-0.334195,1.526088,0.000000,0.000000,0.000000
0.000000,89.478203,-0.333429,1.526088,0.000000,0.000000,0.000000
0.000000,89.478203,-0.333045,1.526088,0.000000,0.000000,0.000000
0.000000,89.406433,-0.332183,1.526088,0.000000,0.000000,0.000000
0.000000,89.358078,-0.331800,1.526088,0.000000,0.000000,0.000000
0.000000,89.358078,-0.330937,1.526088,0.000000,0.000000,0.000000
0.000000,89.288399,-0.330554,1.526088,0.000000,0.000000,0.000000
0.000000,89.288399,-0.329787,1.526088,0.000000,0.000000,0.000000
0.000000,89.242805,-0.329308,1.526088,0.000000,0.000000,0.000000
0.000000,89.173691,-0.328542,1.526088,0.000000,0.000000,0.000000
0.000000,89.173691,-0.328063,1.526088,0.000000,0.000000,0.000000
0.000000,89.126053,-0.327200,1.526088,0.000000,0.000000,0.000000
0.000000,89.126053,-0.326721,1.526088,0.000000,0.000000,0.000000
0.000000,89.053894,-0.325763,1.526088,0.000000,0.000000,0.000000
0.000000,89.005508,-0.325379,1.526088,0.000000,0.000000,0.000000
0.000000,89.005508,-0.324517,1.526088,0.000000,0.000000,0.000000
0.000000,88.933212,-0.324038,1.526088,0.000000,0.000000,0.000000
0.000000,88.933212,-0.323080,1.526088,0.000000,0.000000,0.000000
0.000000,88.883057,-0.322601,1.526088,0.000000,0.000000,0.000000
0.000000,88.806534,-0.321642,1.526088,0.000000,0.000000,0.000000
0.000000,88.806534,-0.321067,1.526088,0.000000,0.000000,0.000000
0.000000,88.755081,-0.320013,1.526088,0.000000,0.000000,0.000000
0.000000,88.755081,-0.319534,1.526088,0.000000,0.000000,0.000000
0.000000,88.678452,-0.318480,1.526088,0.000000,0.000000,0.000000
0.000000,88.625580,-0.318001,1.526088,0.000000,0.000000,0.000000
0.000000,88.625580,-0.317042,1.526088,0.000000,0.000000,0.000000
0.000000,88.543442,-0.316563,1.526088,0.000000,0.000000,0.000000
0.000000,88.543442,-0.315509,1.526088,0.000000,0.000000,0.000000
0.000000,88.486977,-0.315030,1.526088,0.000000,0.000000,0.000000
0.000000,88.404938,-0.314168,1.526088,0.000000,0.000000,0.000000
0.000000,88.404938,-0.313689,1.526088,0.000000,0.000000,0.000000
0.000000,88.351166,-0.312826,1.526088,0.000000,0.000000,0.000000
0.000000,88.351166,-0.312347,1.526088,0.000000,0.000000,0.000000
0.000000,88.273277,-0.311485,1.526088,0.000000,0.000000,0.000000
0.000000,88.222214,-0.311005,1.526088,0.000000,0.000000,0.000000
0.000000,88.222214,-0.310047,1.526088,0.000000,0.000000,0.000000
0.000000,88.147911,-0.309472,1.526088,0.000000,0.000000,0.000000
0.000000,88.147911,-0.308514,1.526088,0.000000,0.000000,0.000000
0.000000,88.098854,-0.307939,1.526088,0.000000,0.000000,0.000000
0.000000,88.025467,-0.306789,1.526088,0.000000,0.000000,0.000000
0.000000,88.025467,-0.306310,1.526088,0.000000,0.000000,0.000000
0.000000,87.974197,-0.305160,1.526088,0.000000,0.000000,0.000000
0.000000,87.974197,-0.304585,1.526088,0.000000,0.000000,0.000000
0.000000,87.893593,-0.303531,1.526088,0.000000,0.000000,0.000000
0.000000,87.836601,-0.302956,1.526088,0.000000,0.000000,0.000000
0.000000,87.836601,-0.301806,1.526088,0.000000,0.000000,0.000000
0.000000,87.749107,-0.301327,1.526088,0.000000,0.000000,0.000000
0.000000,87.749107,-0.300369,1.526088,0.000000,0.000000,0.000000
0.000000,87.689827,-0.299794,1.526088,0.000000,0.000000,0.000000
0.000000,87.603157,-0.298836,1.526088,0.000000,0.000000,0.000000
0.000000,87.603157,-0.298356,1.526088,0.000000,0.000000,0.000000
0.000000,87.546577,-0.297398,1.526088,0.000000,0.000000,0.000000
0.000000,87.546577,-0.296919,1.526088,0.000000,0.000000,0.000000
0.000000,87.464798,-0.295865,1.526088,0.000000,0.000000,0.000000
0.000000,87.411461,-0.295386,1.526088,0.000000,0.000000,0.000000
0.000000,87.411461,-0.294427,1.526088,0.000000,0.000000,0.000000
0.000000,87.332169,-0.293948,1.526088,0.000000,0.000000,0.000000
0.000000,87.332169,-0.292894,1.526088,0.000000,0.000000,0.000000
0.000000,87.278030,-0.292319,1.526088,0.000000,0.000000,0.000000
0.000000,87.195709,-0.291169,1.526088,0.000000,0.000000,0.000000
0.000000,87.195709,-0.290594,1.526088,0.000000,0.000000,0.000000
0.000000,87.139687,-0.289444,1.526088,0.000000,0.000000,0.000000
0.000000,87.139687,-0.288965,1.526088,0.000000,0.000000,0.000000
0.000000,87.053276,-0.287624,1.526088,0.000000,0.000000,0.000000
0.000000,86.992607,-0.287049,1.526088,0.000000,0.000000,0.000000
0.000000,86.992607,-0.285899,1.526088,0.000000,0.000000,0.000000
0.000000,86.898117,-0.285324,1.526088,0.000000,0.000000,0.000000
0.000000,86.898117,-0.284270,1.526088,0.000000,0.000000,0.000000
0.000000,86.832230,-0.283695,1.526088,0.000000,0.000000,0.000000
0.000000,86.732407,-0.282641,1.526088,0.000000,0.000000,0.000000
0.000000,86.732407,-0.282066,1.526088,0.000000,0.000000,0.000000
0.000000,86.665894,-0.281107,1.526088,0.000000,0.000000,0.000000
0.000000,86.665894,-0.280628,1.526088,0.000000,0.000000,0.000000
0.000000,86.570396,-0.279766,1.526088,0.000000,0.000000,0.000000
0.000000,86.509132,-0.279287,1.526088,0.000000,0.000000,0.000000
0.000000,86.509132,-0.278329,1.526088,0.000000,0.000000,0.000000
0.000000,86.420219,-0.277849,1.526088,0.000000,0.000000,0.000000
0.000000,86.420219,-0.276795,1.526088,0.000000,0.000000,0.000000
0.000000,86.361885,-0.276220,1.526088,0.000000,0.000000,0.000000
0.000000,86.274796,-0.275166,1.526088,0.000000,0.000000,0.000000
0.000000,86.274796,-0.274591,1.526088,0.000000,0.000000,0.000000
0.000000,86.216171,-0.273346,1.526088,0.000000,0.000000,0.000000
0.000000,86.216171,-0.272770,1.525992,0.000000,0.000000,0.000000
0.000000,86.124321,-0.271525,1.525992,0.000000,0.000000,0.000000
0.000000,86.059540,-0.270854,1.525992,0.000000,0.000000,0.000000
0.000000,86.059540,-0.269608,1.525992,0.000000,0.000000,0.000000
0.000000,85.959236,-0.269033,1.525992,0.000000,0.000000,0.000000
0.000000,85.959236,-0.267787,1.525992,0.000000,0.000000,0.000000
0.000000,85.890350,-0.267308,1.525992,0.000000,0.000000,0.000000
0.000000,85.787430,-0.266254,1.525992,0.000000,0.000000,0.000000
0.000000,85.787430,-0.265679,1.525992,0.000000,0.000000,0.000000
0.000000,85.718475,-0.264721,1.525992,0.000000,0.000000,0.000000
0.000000,85.718475,-0.264242,1.525992,0.000000,0.000000,0.000000
0.000000,85.620453,-0.263188,1.525992,0.000000,0.000000,0.000000
0.000000,85.557304,-0.262613,1.525896,0.000000,0.000000,0.000000
0.000000,85.557304,-0.261750,1.525896,0.000000,0.000000,0.000000
0.000000,85.465240,-0.261271,1.525896,0.000000,0.000000,0.000000
0.000000,85.465240,-0.260217,1.525896,0.000000,0.000000,0.000000
0.000000,85.402565,-0.259547,1.525896,0.000000,0.000000,0.000000
0.000000,85.306114,-0.258492,1.525896,0.000000,0.000000,0.000000
0.000000,85.306114,-0.257822,1.525896,0.000000,0.000000,0.000000
0.000000,85.239685,-0.256480,1.525800,0.000000,0.000000,0.000000
0.000000,85.239685,-0.255905,1.525800,0.000000,0.000000,0.000000
0.000000,85.137810,-0.254468,1.525800,0.000000,0.000000,0.000000
0.000000,85.066231,-0.253797,1.525800,0.000000,0.000000,0.000000
0.000000,85.066231,-0.252455,1.525800,0.000000,0.000000,0.000000
0.000000,84.954117,-0.251689,1.525704,0.000000,0.000000,0.000000
0.000000,84.954117,-0.250347,1.525704,0.000000,0.000000,0.000000
0.000000,84.874229,-0.249581,1.525704,0.000000,0.000000,0.000000
0.000000,84.752373,-0.248239,1.525704,0.000000,0.000000,0.000000
0.000000,84.752373,-0.247664,1.525608,0.000000,0.000000,0.000000
0.000000,84.668877,-0.246322,1.525608,0.000000,0.000000,0.000000
0.000000,84.668877,-0.245748,1.525417,0.000000,0.000000,0.000000
0.000000,84.546005,-0.244694,1.525321,0.000000,0.000000,0.000000
0.000000,84.463699,-0.244023,1.525033,0.000000,0.000000,0.000000
0.000000,84.463699,-0.242777,1.524842,0.000000,0.000000,0.000000
0.000000,84.344917,-0.242202,1.524266,0.000000,0.000000,0.000000
0.000000,84.344917,-0.240860,1.523884,0.000000,0.000000,0.000000
0.000000,84.268829,-0.240189,1.523213,0.000000,0.000000,0.000000
0.000000,84.157768,-0.238944,1.522925,0.000000,0.000000,0.000000
0.000000,84.157768,-0.238177,1.522638,0.000000,0.000000,0.000000
0.000000,84.082130,-0.236740,1.522446,0.000000,0.000000,0.000000
0.000000,84.082130,-0.236069,1.522063,0.000000,0.000000,0.000000
0.000000,83.965065,-0.234632,1.521871,0.000000,0.000000,0.000000
0.000000,83.885025,-0.233961,1.521296,0.000000,0.000000,0.000000
0.000000,83.885025,-0.232715,1.521009,0.000000,0.000000,0.000000
0.000000,83.768120,-0.232044,1.520530,0.000000,0.000000,0.000000
0.000000,83.768120,-0.230894,1.520338,0.000000,0.000000,0.000000
0.000000,83.693306,-0.230319,1.520050,0.000000,0.000000,0.000000
0.000000,83.588448,-0.229170,1.519954,0.000000,0.000000,0.000000
0.000000,83.588448,-0.228690,1.519571,0.000000,0.000000,0.000000
0.000000,83.522095,-0.227540,1.519284,0.000000,0.000000,0.000000
0.000000,83.522095,-0.227061,1.518517,0.000000,0.000000,0.000000
0.000000,83.426277,-0.226007,1.517942,0.000000,0.000000,0.000000
0.000000,83.365517,-0.225432,1.517080,0.000000,0.000000,0.000000
0.000000,83.365517,-0.224282,1.516601,0.000000,0.000000,0.000000
0.000000,83.280411,-0.223611,1.515547,0.000000,0.000000,0.000000
0.000000,83.280411,-0.222461,1.514971,0.000000,0.000000,0.000000
0.000000,83.227196,-0.221695,1.513822,0.000000,0.000000,0.000000
0.000000,83.145081,-0.220449,1.513151,0.000000,0.000000,0.000000
0.000000,83.145081,-0.219779,1.511714,0.000000,0.000000,0.000000
0.000000,83.086639,-0.218245,1.511139,0.000000,0.000000,0.000000
0.000000,83.086639,-0.217766,1.509893,0.000000,0.000000,0.000000
0.000000,82.990837,-0.216424,1.509222,0.000000,0.000000,0.000000
0.000000,82.921860,-0.215754,1.508168,0.000000,0.000000,0.000000
0.000000,82.921860,-0.214508,1.507593,0.000000,0.000000,0.000000
0.000000,82.814034,-0.213933,1.506443,0.000000,0.000000,0.000000
0.000000,82.814034,-0.212687,1.505964,0.000000,0.000000,0.000000
0.000000,82.740646,-0.212112,1.505101,0.000000,0.000000,0.000000
0.000000,82.631462,-0.211058,1.504527,0.000000,0.000000,0.000000
0.000000,82.631462,-0.210387,1.503568,0.000000,0.000000,0.000000
0.000000,82.559128,-0.209237,1.503185,0.000000,0.000000,0.000000
0.000000,82.559128,-0.208663,1.502323,0.000000,0.000000,0.000000
0.000000,82.452812,-0.207417,1.501748,0.000000,0.000000,0.000000
0.000000,82.382713,-0.206842,1.500694,0.000000,0.000000,0.000000
0.000000,82.382713,-0.205692,1.500214,0.000000,0.000000,0.000000
0.000000,82.278854,-0.204925,1.498968,0.000000,0.000000,0.000000
0.000000,82.278854,-0.203775,1.498297,0.000000,0.000000,0.000000
0.000000,82.211143,-0.203104,1.497148,0.000000,0.000000,0.000000
0.000000,82.112236,-0.201859,1.496477,0.000000,0.000000,0.000000
0.000000,82.112236,-0.201380,1.495040,0.000000,0.000000,0.000000
0.000000,82.046745,-0.200134,1.494465,0.000000,0.000000,0.000000
0.000000,82.046745,-0.199559,1.493123,0.000000,0.000000,0.000000
0.000000,81.946793,-0.198409,1.492452,0.000000,0.000000,0.000000
0.000000,81.879456,-0.197834,1.491398,0.000000,0.000000,0.000000
0.000000,81.879456,-0.196684,1.490823,0.000000,0.000000,0.000000
0.000000,81.777634,-0.196109,1.489578,0.000000,0.000000,0.000000
0.000000,81.777634,-0.195055,1.489098,0.000000,0.000000,0.000000
0.000000,81.709900,-0.194480,1.488044,0.000000,0.000000,0.000000
0.000000,81.610352,-0.193426,1.487565,0.000000,0.000000,0.000000
0.000000,81.610352,-0.192851,1.486703,0.000000,0.000000,0.000000
0.000000,81.547066,-0.191701,1.486319,0.000000,0.000000,0.000000
0.000000,81.547066,-0.191126,1.485457,0.000000,0.000000,0.000000
0.000000,81.453522,-0.190072,1.484786,0.000000,0.000000,0.000000
0.000000,81.388847,-0.189497,1.483732,0.000000,0.000000,0.000000
0.000000,81.388847,-0.188347,1.483253,0.000000,0.000000,0.000000
0.000000,81.286942,-0.187772,1.482007,0.000000,0.000000,0.000000
0.000000,81.286942,-0.186622,1.481432,0.000000,0.000000,0.000000
0.000000,81.217415,-0.186048,1.480283,0.000000,0.000000,0.000000
0.000000,81.112625,-0.185089,1.479612,0.000000,0.000000,0.000000
0.000000,81.112625,-0.184514,1.478270,0.000000,0.000000,0.000000
0.000000,81.043198,-0.183460,1.477599,0.000000,0.000000,0.000000
0.000000,81.043198,-0.182981,1.476353,0.000000,0.000000,0.000000
0.000000,80.940300,-0.181831,1.475779,0.000000,0.000000,0.000000
0.000000,80.872963,-0.181352,1.474725,0.000000,0.000000,0.000000
0.000000,80.872963,-0.180298,1.474245,0.000000,0.000000,0.000000
0.000000,80.773056,-0.179723,1.473000,0.000000,0.000000,0.000000
0.000000,80.773056,-0.178669,1.472616,0.000000,0.000000,0.000000
0.000000,80.707993,-0.178190,1.471754,0.000000,0.000000,0.000000
0.000000,80.613075,-0.177135,1.471275,0.000000,0.000000,0.000000
0.000000,80.613075,-0.176561,1.470317,0.000000,0.000000,0.000000
0.000000,80.551476,-0.175315,1.469933,0.000000,0.000000,0.000000
0.000000,80.551476,-0.174836,1.469166,0.000000,0.000000,0.000000
0.000000,80.461784,-0.173590,1.468591,0.000000,0.000000,0.000000
0.000000,80.403862,-0.173111,1.467441,0.000000,0.000000,0.000000
0.000000,80.403862,-0.171865,1.466866,0.000000,0.000000,0.000000
0.000000,80.317749,-0.171194,1.465717,0.000000,0.000000,0.000000
0.000000,80.317749,-0.170140,1.465046,0.000000,0.000000,0.000000
0.000000,80.260254,-0.169470,1.463992,0.000000,0.000000,0.000000
0.000000,80.174316,-0.168415,1.463321,0.000000,0.000000,0.000000
0.000000,80.174316,-0.167936,1.462075,0.000000,0.000000,0.000000
0.000000,80.116333,-0.166786,1.461596,0.000000,0.000000,0.000000
0.000000,80.116333,-0.166211,1.460446,0.000000,0.000000,0.000000
0.000000,80.028969,-0.165253,1.459775,0.000000,0.000000,0.000000
0.000000,79.971573,-0.164774,1.458817,0.000000,0.000000,0.000000
0.000000,79.971573,-0.163720,1.458338,0.000000,0.000000,0.000000
0.000000,79.889923,-0.163241,1.457188,0.000000,0.000000,0.000000
0.000000,79.889923,-0.162187,1.456709,0.000000,0.000000,0.000000
0.000000,79.837082,-0.161612,1.455751,0.000000,0.000000,0.000000
0.000000,79.754333,-0.160558,1.455271,0.000000,0.000000,0.000000
0.000000,79.754333,-0.159982,1.454218,0.000000,0.000000,0.000000
0.000000,79.695847,-0.158833,1.453738,0.000000,0.000000,0.000000
0.000000,79.695847,-0.158354,1.452972,0.000000,0.000000,0.000000
0.000000,79.606361,-0.157108,1.452588,0.000000,0.000000,0.000000
0.000000,79.546951,-0.156533,1.451535,0.000000,0.000000,0.000000
0.000000,79.546951,-0.155287,1.450959,0.000000,0.000000,0.000000
0.000000,79.456810,-0.154712,1.449809,0.000000,0.000000,0.000000
0.000000,79.456810,-0.153466,1.449235,0.000000,0.000000,0.000000
0.000000,79.394470,-0.152796,1.447893,0.000000,0.000000,0.000000
0.000000,79.299980,-0.151646,1.447318,0.000000,0.000000,0.000000
0.000000,79.299980,-0.151071,1.445881,0.000000,0.000000,0.000000
0.000000,79.235588,-0.149825,1.445210,0.000000,0.000000,0.000000
0.000000,79.235588,-0.149346,1.443964,0.000000,0.000000,0.000000
0.000000,79.134087,-0.148196,1.443197,0.000000,0.000000,0.000000
0.000000,79.063522,-0.147621,1.442240,0.000000,0.000000,0.000000
0.000000,79.063522,-0.146567,1.441760,0.000000,0.000000,0.000000
0.000000,78.958389,-0.146088,1.440706,0.000000,0.000000,0.000000
0.000000,78.958389,-0.145225,1.440131,0.000000,0.000000,0.000000
0.000000,78.891365,-0.144650,1.439269,0.000000,0.000000,0.000000
0.000000,78.794868,-0.143692,1.438790,0.000000,0.000000,0.000000
0.000000,78.794868,-0.143117,1.437831,0.000000,0.000000,0.000000
0.000000,78.731911,-0.141967,1.437352,0.000000,0.000000,0.000000
0.000000,78.731911,-0.141392,1.436489,0.000000,0.000000,0.000000
0.000000,78.636787,-0.140338,1.436010,0.000000,0.000000,0.000000
0.000000,78.572395,-0.139763,1.434956,0.000000,0.000000,0.000000
0.000000,78.572395,-0.138517,1.434285,0.000000,0.000000,0.000000
0.000000,78.471291,-0.137847,1.433135,0.000000,0.000000,0.000000
0.000000,78.471291,-0.136601,1.432465,0.000000,0.000000,0.000000
0.000000,78.401123,-0.135930,1.431123,0.000000,0.000000,0.000000
0.000000,78.294785,-0.134780,1.430453,0.000000,0.000000,0.000000
0.000000,78.294785,-0.134205,1.429015,0.000000,0.000000,0.000000
0.000000,78.223030,-0.132960,1.428344,0.000000,0.000000,0.000000
0.000000,78.223030,-0.132385,1.427099,0.000000,0.000000,0.000000
0.000000,78.114983,-0.131234,1.426428,0.000000,0.000000,0.000000
0.000000,78.044815,-0.130660,1.425278,0.000000,0.000000,0.000000
0.000000,78.044815,-0.129606,1.424799,0.000000,0.000000,0.000000
0.000000,77.946060,-0.129126,1.423649,0.000000,0.000000,0.000000
0.000000,77.946060,-0.128168,1.423170,0.000000,0.000000,0.000000
0.000000,77.884224,-0.127593,1.422403,0.000000,0.000000,0.000000
0.000000,77.795334,-0.126539,1.421924,0.000000,0.000000,0.000000
0.000000,77.795334,-0.125964,1.420965,0.000000,0.000000,0.000000
0.000000,77.736534,-0.124910,1.420487,0.000000,0.000000,0.000000
0.000000,77.736534,-0.124431,1.419816,0.000000,0.000000,0.000000
0.000000,77.646591,-0.123377,1.419337,0.000000,0.000000,0.000000
0.000000,77.646591,-0.122802,1.418379,0.000000,0.000000,0.000000
0.000000,77.583687,-0.121652,1.417804,0.000000,0.000000,0.000000
0.000000,77.485771,-0.121077,1.416653,0.000000,0.000000,0.000000
0.000000,77.485771,-0.119927,1.416079,0.000000,0.000000,0.000000
0.000000,77.420654,-0.119256,1.414641,0.000000,0.000000,0.000000
0.000000,77.326706,-0.118106,1.413970,0.000000,0.000000,0.000000
0.000000,77.326706,-0.117627,1.412629,0.000000,0.000000,0.000000
0.000000,77.262657,-0.116286,1.411862,0.000000,0.000000,0.000000
0.000000,77.262657,-0.115710,1.410521,0.000000,0.000000,0.000000
0.000000,77.162971,-0.114561,1.409850,0.000000,0.000000,0.000000
0.000000,77.094765,-0.113986,1.408700,0.000000,0.000000,0.000000
0.000000,77.094765,-0.112740,1.408221,0.000000,0.000000,0.000000
0.000000,76.993011,-0.112261,1.406975,0.000000,0.000000,0.000000
0.000000,76.993011,-0.111111,1.406400,0.000000,0.000000,0.000000
0.000000,76.923744,-0.110440,1.405537,0.000000,0.000000,0.000000
0.000000,76.821556,-0.109386,1.405154,0.000000,0.000000,0.000000
0.000000,76.821556,-0.108811,1.404196,0.000000,0.000000,0.000000
0.000000,76.756477,-0.107470,1.403717,0.000000,0.000000,0.000000
0.000000,76.756477,-0.106991,1.403046,0.000000,0.000000,0.000000
0.000000,76.666084,-0.105745,1.402567,0.000000,0.000000,0.000000
0.000000,76.666084,-0.105074,1.401417,0.000000,0.000000,0.000000
0.000000,76.606407,-0.103828,1.400842,0.000000,0.000000,0.000000
0.000000,76.511055,-0.103158,1.399596,0.000000,0.000000,0.000000
0.000000,76.511055,-0.101816,1.398926,0.000000,0.000000,0.000000
0.000000,76.442154,-0.101145,1.397584,0.000000,0.000000,0.000000
0.000000,76.335770,-0.099995,1.396913,0.000000,0.000000,0.000000
0.000000,76.335770,-0.099228,1.395380,0.000000,0.000000,0.000000
0.000000,76.265862,-0.097983,1.394709,0.000000,0.000000,0.000000
0.000000,76.265862,-0.097408,1.393368,0.000000,0.000000,0.000000
0.000000,76.167587,-0.096162,1.392601,0.000000,0.000000,0.000000
0.000000,76.167587,-0.095491,1.391451,0.000000,0.000000,0.000000
0.000000,76.104744,-0.094245,1.390780,0.000000,0.000000,0.000000
0.000000,76.010147,-0.093575,1.389535,0.000000,0.000000,0.000000
0.000000,76.010147,-0.092329,1.389055,0.000000,0.000000,0.000000
0.000000,75.943901,-0.091563,1.388001,0.000000,0.000000,0.000000
0.000000,75.842987,-0.090317,1.387426,0.000000,0.000000,0.000000
0.000000,75.842987,-0.089742,1.386564,0.000000,0.000000,0.000000
0.000000,75.776344,-0.088304,1.386181,0.000000,0.000000,0.000000
0.000000,75.776344,-0.087634,1.385031,0.000000,0.000000,0.000000
0.000000,75.677238,-0.086388,1.384456,0.000000,0.000000,0.000000
0.000000,75.677238,-0.085717,1.383402,0.000000,0.000000,0.000000
0.000000,75.609741,-0.084471,1.382827,0.000000,0.000000,0.000000
0.000000,75.503563,-0.083896,1.381294,0.000000,0.000000,0.000000
0.000000,75.503563,-0.082555,1.380718,0.000000,0.000000,0.000000
0.000000,75.430695,-0.081884,1.379185,0.000000,0.000000,0.000000
0.000000,75.319710,-0.080638,1.378419,0.000000,0.000000,0.000000
0.000000,75.319710,-0.079967,1.376981,0.000000,0.000000,0.000000
0.000000,75.246170,-0.078722,1.376311,0.000000,0.000000,0.000000
0.000000,75.246170,-0.078147,1.375065,0.000000,0.000000,0.000000
0.000000,75.135193,-0.076805,1.374394,0.000000,0.000000,0.000000
0.000000,75.135193,-0.076230,1.373148,0.000000,0.000000,0.000000
0.000000,75.059479,-0.074888,1.372573,0.000000,0.000000,0.000000
0.000000,74.943878,-0.074218,1.371327,0.000000,0.000000,0.000000
0.000000,74.943878,-0.072972,1.370848,0.000000,0.000000,0.000000
0.000000,74.866768,-0.072206,1.369794,0.000000,0.000000,0.000000
0.000000,74.751495,-0.070960,1.369315,0.000000,0.000000,0.000000
0.000000,74.751495,-0.070385,1.367974,0.000000,0.000000,0.000000
0.000000,74.674896,-0.069139,1.367303,0.000000,0.000000,0.000000
0.000000,74.674896,-0.068564,1.366057,0.000000,0.000000,0.000000
0.000000,74.562889,-0.067510,1.365386,0.000000,0.000000,0.000000
0.000000,74.562889,-0.067031,1.364236,0.000000,0.000000,0.000000
0.000000,74.491684,-0.065785,1.363565,0.000000,0.000000,0.000000
0.000000,74.386658,-0.065210,1.362032,0.000000,0.000000,0.000000
0.000000,74.386658,-0.063964,1.361457,0.000000,0.000000,0.000000
0.000000,74.314667,-0.063293,1.360020,0.000000,0.000000,0.000000
0.000000,74.203545,-0.062239,1.359349,0.000000,0.000000,0.000000
0.000000,74.203545,-0.061569,1.358199,0.000000,0.000000,0.000000
0.000000,74.128593,-0.060323,1.357433,0.000000,0.000000,0.000000
0.000000,74.128593,-0.059748,1.356282,0.000000,0.000000,0.000000
0.000000,74.016762,-0.058502,1.355612,0.000000,0.000000,0.000000
0.000000,74.016762,-0.057736,1.354558,0.000000,0.000000,0.000000
0.000000,73.942963,-0.056586,1.353983,0.000000,0.000000,0.000000
0.000000,73.834618,-0.055915,1.353025,0.000000,0.000000,0.000000
0.000000,73.834618,-0.054477,1.352450,0.000000,0.000000,0.000000
0.000000,73.761566,-0.053902,1.351108,0.000000,0.000000,0.000000
0.000000,73.648674,-0.052657,1.350533,0.000000,0.000000,0.000000
0.000000,73.648674,-0.051986,1.349191,0.000000,0.000000,0.000000
0.000000,73.570473,-0.050836,1.348425,0.000000,0.000000,0.000000
0.000000,73.570473,-0.050261,1.347179,0.000000,0.000000,0.000000
0.000000,73.453880,-0.049015,1.346317,0.000000,0.000000,0.000000
0.000000,73.453880,-0.048440,1.345071,0.000000,0.000000,0.000000
0.000000,73.377419,-0.047290,1.344400,0.000000,0.000000,0.000000
0.000000,73.267593,-0.046715,1.342963,0.000000,0.000000,0.000000
0.000000,73.267593,-0.045661,1.342483,0.000000,0.000000,0.000000
0.000000,73.195595,-0.044991,1.341334,0.000000,0.000000,0.000000
0.000000,73.088966,-0.043745,1.340759,0.000000,0.000000,0.000000
0.000000,73.088966,-0.043170,1.339704,0.000000,0.000000,0.000000
0.000000,73.018669,-0.041828,1.339226,0.000000,0.000000,0.000000
0.000000,73.018669,-0.041254,1.337980,0.000000,0.000000,0.000000
0.000000,72.915634,-0.040008,1.337404,0.000000,0.000000,0.000000
0.000000,72.915634,-0.039337,1.336542,0.000000,0.000000,0.000000
0.000000,72.846291,-0.037899,1.335967,0.000000,0.000000,0.000000
0.000000,72.740669,-0.037229,1.334626,0.000000,0.000000,0.000000
0.000000,72.740669,-0.035983,1.334051,0.000000,0.000000,0.000000
0.000000,72.669373,-0.035312,1.332709,0.000000,0.000000,0.000000
0.000000,72.563881,-0.034258,1.332039,0.000000,0.000000,0.000000
0.000000,72.563881,-0.033683,1.330697,0.000000,0.000000,0.000000
0.000000,72.494621,-0.032437,1.330026,0.000000,0.000000,0.000000
0.000000,72.494621,-0.031958,1.328589,0.000000,0.000000,0.000000
0.000000,72.394432,-0.030808,1.327918,0.000000,0.000000,0.000000
0.000000,72.394432,-0.030138,1.326672,0.000000,0.000000,0.000000
0.000000,72.329384,-0.029083,1.326193,0.000000,0.000000,0.000000
0.000000,72.236771,-0.028604,1.325139,0.000000,0.000000,0.000000
0.000000,72.236771,-0.027454,1.324660,0.000000,0.000000,0.000000
0.000000,72.175323,-0.026784,1.323510,0.000000,0.000000,0.000000
0.000000,72.082237,-0.025634,1.323031,0.000000,0.000000,0.000000
0.000000,72.082237,-0.024963,1.321977,0.000000,0.000000,0.000000
0.000000,72.019623,-0.023621,1.321402,0.000000,0.000000,0.000000
0.000000,72.019623,-0.023046,1.320443,0.000000,0.000000,0.000000
0.000000,71.925415,-0.021609,1.319965,0.000000,0.000000,0.000000
0.000000,71.925415,-0.021034,1.318815,0.000000,0.000000,0.000000
0.000000,71.860512,-0.019597,1.318144,0.000000,0.000000,0.000000
0.000000,71.758011,-0.018926,1.316802,0.000000,0.000000,0.000000
0.000000,71.758011,-0.017680,1.316131,0.000000,0.000000,0.000000
0.000000,71.686195,-0.017009,1.314694,0.000000,0.000000,0.000000
0.000000,71.686195,-0.015668,1.313927,0.000000,0.000000,0.000000
0.000000,71.579102,-0.015093,1.312394,0.000000,0.000000,0.000000
0.000000,71.507996,-0.013847,1.311723,0.000000,0.000000,0.000000
0.000000,71.507996,-0.013272,1.310190,0.000000,0.000000,0.000000
0.000000,71.404709,-0.012122,1.309519,0.000000,0.000000,0.000000
0.000000,71.404709,-0.011547,1.308561,0.000000,0.000000,0.000000
0.000000,71.337852,-0.010206,1.307986,0.000000,0.000000,0.000000
0.000000,71.240120,-0.009631,1.306836,0.000000,0.000000,0.000000
0.000000,71.240120,-0.008289,1.306357,0.000000,0.000000,0.000000
0.000000,71.174599,-0.007618,1.305399,0.000000,0.000000,0.000000
0.000000,71.174599,-0.006372,1.304824,0.000000,0.000000,0.000000
0.000000,71.073235,-0.005606,1.303769,0.000000,0.000000,0.000000
0.000000,71.002602,-0.004264,1.303291,0.000000,0.000000,0.000000
0.000000,71.002602,-0.003689,1.301949,0.000000,0.000000,0.000000
0.000000,70.893669,-0.002252,1.301278,0.000000,0.000000,0.000000
0.000000,70.893669,-0.001677,1.299937,0.000000,0.000000,0.000000
0.000000,70.819550,-0.000431,1.299074,0.000000,0.000000,0.000000
0.000000,70.708900,0.000335,1.297637,0.000000,0.000000,0.000000
0.000000,70.708900,0.001485,1.296966,0.000000,0.000000,0.000000
0.000000,70.635834,0.002156,1.295529,0.000000,0.000000,0.000000
0.000000,70.635834,0.003402,1.294858,0.000000,0.000000,0.000000
0.000000,70.529037,0.003977,1.293421,0.000000,0.000000,0.000000
0.000000,70.458244,0.005223,1.292845,0.000000,0.000000,0.000000
0.000000,70.458244,0.005797,1.291695,0.000000,0.000000,0.000000
0.000000,70.352448,0.007043,1.290929,0.000000,0.000000,0.000000
0.000000,70.352448,0.007618,1.289875,0.000000,0.000000,0.000000
0.000000,70.281570,0.008960,1.289396,0.000000,0.000000,0.000000
0.000000,70.175674,0.009535,1.288246,0.000000,0.000000,0.000000
0.000000,70.175674,0.010876,1.287767,0.000000,0.000000,0.000000
0.000000,70.105400,0.011547,1.287000,0.000000,0.000000,0.000000
0.000000,70.105400,0.012793,1.286521,0.000000,0.000000,0.000000
0.000000,69.998230,0.013464,1.285275,0.000000,0.000000,0.000000
0.000000,69.924698,0.014709,1.284604,0.000000,0.000000,0.000000
0.000000,69.924698,0.015284,1.283263,0.000000,0.000000,0.000000
0.000000,69.813240,0.016530,1.282496,0.000000,0.000000,0.000000
0.000000,69.813240,0.017201,1.281154,0.000000,0.000000,0.000000
0.000000,69.740288,0.018351,1.280292,0.000000,0.000000,0.000000
0.000000,69.633827,0.019022,1.278663,0.000000,0.000000,0.000000
0.000000,69.633827,0.020267,1.277992,0.000000,0.000000,0.000000
0.000000,69.563248,0.020842,1.276555,0.000000,0.000000,0.000000
0.000000,69.563248,0.022184,1.275980,0.000000,0.000000,0.000000
0.000000,69.457893,0.022855,1.274734,0.000000,0.000000,0.000000
0.000000,69.386726,0.024004,1.274063,0.000000,0.000000,0.000000
0.000000,69.386726,0.024675,1.273009,0.000000,0.000000,0.000000
0.000000,69.277817,0.026017,1.272434,0.000000,0.000000,0.000000
0.000000,69.277817,0.026688,1.271284,0.000000,0.000000,0.000000
0.000000,69.203598,0.028029,1.270709,0.000000,0.000000,0.000000
0.000000,69.091866,0.028700,1.269655,0.000000,0.000000,0.000000
0.000000,69.091866,0.029850,1.269080,0.000000,0.000000,0.000000
0.000000,69.017303,0.030521,1.267834,0.000000,0.000000,0.000000
0.000000,69.017303,0.031671,1.267260,0.000000,0.000000,0.000000
0.000000,68.905769,0.032246,1.265822,0.000000,0.000000,0.000000
0.000000,68.831505,0.033491,1.265152,0.000000,0.000000,0.000000
0.000000,68.831505,0.034162,1.263810,0.000000,0.000000,0.000000
0.000000,68.723564,0.035312,1.262947,0.000000,0.000000,0.000000
0.000000,68.723564,0.035983,1.261606,0.000000,0.000000,0.000000
0.000000,68.653999,0.037133,1.260935,0.000000,0.000000,0.000000
0.000000,68.551407,0.037708,1.259594,0.000000,0.000000,0.000000
0.000000,68.551407,0.039049,1.259019,0.000000,0.000000,0.000000
0.000000,68.482185,0.039720,1.257773,0.000000,0.000000,0.000000
0.000000,68.482185,0.040966,1.257102,0.000000,0.000000,0.000000
0.000000,68.376274,0.041637,1.255952,0.000000,0.000000,0.000000
0.000000,68.304901,0.042882,1.255378,0.000000,0.000000,0.000000
0.000000,68.304901,0.043553,1.254323,0.000000,0.000000,0.000000
0.000000,68.198174,0.044895,1.253844,0.000000,0.000000,0.000000
0.000000,68.198174,0.045470,1.252886,0.000000,0.000000,0.000000
0.000000,68.126221,0.046811,1.252215,0.000000,0.000000,0.000000
0.000000,68.018066,0.047482,1.250969,0.000000,0.000000,0.000000
0.000000,68.018066,0.048632,1.250394,0.000000,0.000000,0.000000
0.000000,67.945633,0.049207,1.249052,0.000000,0.000000,0.000000
0.000000,67.945633,0.050357,1.248477,0.000000,0.000000,0.000000
0.000000,67.839684,0.050932,1.247136,0.000000,0.000000,0.000000
0.000000,67.769447,0.052082,1.246369,0.000000,0.000000,0.000000
0.000000,67.769447,0.052657,1.245028,0.000000,0.000000,0.000000
0.000000,67.665375,0.053807,1.244261,0.000000,0.000000,0.000000
0.000000,67.665375,0.054382,1.243111,0.000000,0.000000,0.000000
0.000000,67.597229,0.055628,1.242536,0.000000,0.000000,0.000000
0.000000,67.496437,0.056202,1.241290,0.000000,0.000000,0.000000
0.000000,67.496437,0.057544,1.240716,0.000000,0.000000,0.000000
0.000000,67.428452,0.058215,1.239661,0.000000,0.000000,0.000000
0.000000,67.428452,0.059556,1.239086,0.000000,0.000000,0.000000
0.000000,67.325279,0.060227,1.237937,0.000000,0.000000,0.000000
0.000000,67.255653,0.061665,1.237362,0.000000,0.000000,0.000000
0.000000,67.255653,0.062239,1.236308,0.000000,0.000000,0.000000
0.000000,67.149010,0.063485,1.235541,0.000000,0.000000,0.000000
0.000000,67.149010,0.064156,1.234295,0.000000,0.000000,0.000000
0.000000,67.075531,0.065210,1.233721,0.000000,0.000000,0.000000
0.000000,66.965179,0.065881,1.232283,0.000000,0.000000,0.000000
0.000000,66.965179,0.067031,1.231612,0.000000,0.000000,0.000000
0.000000,66.893356,0.067606,1.230271,0.000000,0.000000,0.000000
0.000000,66.893356,0.068756,1.229600,0.000000,0.000000,0.000000
0.000000,66.791069,0.069330,1.228354,0.000000,0.000000,0.000000
0.000000,66.724464,0.070385,1.227779,0.000000,0.000000,0.000000
0.000000,66.724464,0.070960,1.226534,0.000000,0.000000,0.000000
0.000000,66.624413,0.072301,1.225959,0.000000,0.000000,0.000000
0.000000,66.624413,0.072876,1.224808,0.000000,0.000000,0.000000
0.000000,66.556099,0.074122,1.224138,0.000000,0.000000,0.000000
0.000000,66.452911,0.074793,1.222988,0.000000,0.000000,0.000000
0.000000,66.452911,0.076134,1.222413,0.000000,0.000000,0.000000
0.000000,66.383446,0.076805,1.221167,0.000000,0.000000,0.000000
0.000000,66.383446,0.078243,1.220688,0.000000,0.000000,0.000000
0.000000,66.277336,0.078913,1.219634,0.000000,0.000000,0.000000
0.000000,66.204666,0.080255,1.219059,0.000000,0.000000,0.000000
0.000000,66.204666,0.080925,1.217717,0.000000,0.000000,0.000000
0.000000,66.095383,0.082076,1.217046,0.000000,0.000000,0.000000
0.000000,66.095383,0.082650,1.215609,0.000000,0.000000,0.000000
0.000000,66.022202,0.083896,1.215034,0.000000,0.000000,0.000000
0.000000,65.913788,0.084471,1.213501,0.000000,0.000000,0.000000
0.000000,65.913788,0.085621,1.212830,0.000000,0.000000,0.000000
0.000000,65.842880,0.086292,1.211488,0.000000,0.000000,0.000000
0.000000,65.842880,0.087346,1.210818,0.000000,0.000000,0.000000
0.000000,65.740440,0.087921,1.209764,0.000000,0.000000,0.000000
0.000000,65.673714,0.089071,1.209285,0.000000,0.000000,0.000000
0.000000,65.673714,0.089742,1.208230,0.000000,0.000000,0.000000
0.000000,65.572655,0.090987,1.207560,0.000000,0.000000,0.000000
0.000000,65.572655,0.091658,1.206506,0.000000,0.000000,0.000000
0.000000,65.503899,0.092904,1.206026,0.000000,0.000000,0.000000
0.000000,65.400002,0.093575,1.204877,0.000000,0.000000,0.000000
0.000000,65.400002,0.095012,1.204397,0.000000,0.000000,0.000000
0.000000,65.330132,0.095587,1.203343,0.000000,0.000000,0.000000
0.000000,65.330132,0.097024,1.202673,0.000000,0.000000,0.000000
0.000000,65.221886,0.097695,1.201331,0.000000,0.000000,0.000000
0.000000,65.147408,0.098845,1.200660,0.000000,0.000000,0.000000
0.000000,65.147408,0.099420,1.199127,0.000000,0.000000,0.000000
0.000000,65.036697,0.100666,1.198456,0.000000,0.000000,0.000000
0.000000,65.036697,0.101241,1.197019,0.000000,0.000000,0.000000
0.000000,64.964058,0.102391,1.196252,0.000000,0.000000,0.000000
0.000000,64.857750,0.102966,1.194911,0.000000,0.000000,0.000000
0.000000,64.857750,0.104020,1.194240,0.000000,0.000000,0.000000
0.000000,64.787354,0.104595,1.192994,0.000000,0.000000,0.000000
0.000000,64.787354,0.105841,1.192419,0.000000,0.000000,0.000000
0.000000,64.683411,0.106416,1.191269,0.000000,0.000000,0.000000
0.000000,64.614594,0.107565,1.190695,0.000000,0.000000,0.000000
0.000000,64.614594,0.108236,1.189832,0.000000,0.000000,0.000000
0.000000,64.511871,0.109386,1.189257,0.000000,0.000000,0.000000
0.000000,64.511871,0.110057,1.188203,0.000000,0.000000,0.000000
0.000000,64.443588,0.111494,1.187723,0.000000,0.000000,0.000000
0.000000,64.341057,0.112069,1.186765,0.000000,0.000000,0.000000
0.000000,64.341057,0.113315,1.186190,0.000000,0.000000,0.000000
0.000000,64.272385,0.113986,1.184849,0.000000,0.000000,0.000000
0.000000,64.272385,0.115040,1.184273,0.000000,0.000000,0.000000
0.000000,64.168854,0.115615,1.182836,0.000000,0.000000,0.000000
0.000000,64.099403,0.116860,1.182165,0.000000,0.000000,0.000000
0.000000,64.099403,0.117435,1.180728,0.000000,0.000000,0.000000
0.000000,63.997181,0.118586,1.179961,0.000000,0.000000,0.000000
0.000000,63.997181,0.119161,1.178620,0.000000,0.000000,0.000000
0.000000,63.931133,0.120215,1.177853,0.000000,0.000000,0.000000
0.000000,63.833595,0.120790,1.176607,0.000000,0.000000,0.000000
0.000000,63.833595,0.121939,1.176129,0.000000,0.000000,0.000000
0.000000,63.768463,0.122514,1.174978,0.000000,0.000000,0.000000
0.000000,63.768463,0.123569,1.174403,0.000000,0.000000,0.000000
0.000000,63.670135,0.124239,1.173445,0.000000,0.000000,0.000000
0.000000,63.604794,0.125485,1.172966,0.000000,0.000000,0.000000
0.000000,63.604794,0.126060,1.172008,0.000000,0.000000,0.000000
0.000000,63.507019,0.127402,1.171529,0.000000,0.000000,0.000000
0.000000,63.507019,0.128072,1.170762,0.000000,0.000000,0.000000
0.000000,63.440025,0.129222,1.170379,0.000000,0.000000,0.000000
0.000000,63.336578,0.129893,1.169133,0.000000,0.000000,0.000000
0.000000,63.336578,0.131043,1.168558,0.000000,0.000000,0.000000
0.000000,63.266506,0.131618,1.167312,0.000000,0.000000,0.000000
0.000000,63.266506,0.132864,1.166546,0.000000,0.000000,0.000000
0.000000,63.162441,0.133535,1.165204,0.000000,0.000000,0.000000
0.000000,63.093586,0.134589,1.164438,0.000000,0.000000,0.000000
0.000000,63.093586,0.135259,1.162905,0.000000,0.000000,0.000000
0.000000,62.991783,0.136505,1.162234,0.000000,0.000000,0.000000
0.000000,62.991783,0.137080,1.160892,0.000000,0.000000,0.000000
0.000000,62.923256,0.138326,1.160221,0.000000,0.000000,0.000000
0.000000,62.819935,0.138997,1.159072,0.000000,0.000000,0.000000
0.000000,62.819935,0.140146,1.158401,0.000000,0.000000,0.000000
0.000000,62.750153,0.140817,1.157155,0.000000,0.000000,0.000000
0.000000,62.750153,0.142063,1.156676,0.000000,0.000000,0.000000
0.000000,62.645458,0.142638,1.155621,0.000000,0.000000,0.000000
0.000000,62.574970,0.143980,1.155046,0.000000,0.000000,0.000000
0.000000,62.574970,0.144746,1.154184,0.000000,0.000000,0.000000
0.000000,62.469799,0.145896,1.153705,0.000000,0.000000,0.000000
0.000000,62.469799,0.146471,1.152651,0.000000,0.000000,0.000000
0.000000,62.399258,0.147717,1.152076,0.000000,0.000000,0.000000
0.000000,62.294907,0.148196,1.151022,0.000000,0.000000,0.000000
0.000000,62.294907,0.149442,1.150351,0.000000,0.000000,0.000000
0.000000,62.225491,0.150017,1.149009,0.000000,0.000000,0.000000
0.000000,62.225491,0.151071,1.148339,0.000000,0.000000,0.000000
0.000000,62.124451,0.151646,1.146901,0.000000,0.000000,0.000000
0.000000,62.059494,0.152796,1.146230,0.000000,0.000000,0.000000
0.000000,62.059494,0.153275,1.144793,0.000000,0.000000,0.000000
0.000000,61.962753,0.154425,1.144122,0.000000,0.000000,0.000000
0.000000,61.962753,0.155000,1.142973,0.000000,0.000000,0.000000
0.000000,61.898216,0.156245,1.142398,0.000000,0.000000,0.000000
0.000000,61.800671,0.156820,1.141248,0.000000,0.000000,0.000000
0.000000,61.800671,0.158162,1.140672,0.000000,0.000000,0.000000
0.000000,61.735893,0.158737,1.139619,0.000000,0.000000,0.000000
0.000000,61.735893,0.159887,1.139139,0.000000,0.000000,0.000000
0.000000,61.637569,0.160558,1.138086,0.000000,0.000000,0.000000
0.000000,61.570400,0.161707,1.137606,0.000000,0.000000,0.000000
0.000000,61.570400,0.162187,1.136648,0.000000,0.000000,0.000000
0.000000,61.468506,0.163432,1.135977,0.000000,0.000000,0.000000
0.000000,61.468506,0.164007,1.134732,0.000000,0.000000,0.000000
0.000000,61.400978,0.164966,1.134156,0.000000,0.000000,0.000000
0.000000,61.303501,0.165445,1.132911,0.000000,0.000000,0.000000
0.000000,61.303501,0.166499,1.132336,0.000000,0.000000,0.000000
0.000000,61.239395,0.166978,1.131186,0.000000,0.000000,0.000000
0.000000,61.239395,0.168032,1.130515,0.000000,0.000000,0.000000
0.000000,61.144661,0.168607,1.129269,0.000000,0.000000,0.000000
0.000000,61.081951,0.169661,1.128694,0.000000,0.000000,0.000000
0.000000,61.081951,0.170236,1.127449,0.000000,0.000000,0.000000
0.000000,60.988651,0.171290,1.126874,0.000000,0.000000,0.000000
0.000000,60.988651,0.171961,1.125916,0.000000,0.000000,0.000000
0.000000,60.925785,0.173111,1.125244,0.000000,0.000000,0.000000
0.000000,60.830978,0.173782,1.124094,0.000000,0.000000,0.000000
0.000000,60.830978,0.175123,1.123616,0.000000,0.000000,0.000000
0.000000,60.767326,0.175794,1.122561,0.000000,0.000000,0.000000
0.000000,60.767326,0.177135,1.122082,0.000000,0.000000,0.000000
0.000000,60.671497,0.177806,1.121124,0.000000,0.000000,0.000000
0.000000,60.605438,0.178956,1.120741,0.000000,0.000000,0.000000
0.000000,60.605438,0.179627,1.119686,0.000000,0.000000,0.000000
0.000000,60.505608,0.180873,1.119111,0.000000,0.000000,0.000000
0.000000,60.505608,0.181352,1.117962,0.000000,0.000000,0.000000
0.000000,60.437843,0.182502,1.117387,0.000000,0.000000,0.000000
0.000000,60.338017,0.183173,1.116141,0.000000,0.000000,0.000000
0.000000,60.338017,0.184227,1.115470,0.000000,0.000000,0.000000
0.000000,60.272747,0.184706,1.114224,0.000000,0.000000,0.000000
0.000000,60.272747,0.185760,1.113554,0.000000,0.000000,0.000000
0.000000,60.177670,0.186335,1.112308,0.000000,0.000000,0.000000
0.000000,60.114552,0.187293,1.111733,0.000000,0.000000,0.000000
0.000000,60.114552,0.187868,1.110487,0.000000,0.000000,0.000000
0.000000,60.018463,0.189114,1.110008,0.000000,0.000000,0.000000
0.000000,60.018463,0.189593,1.109050,0.000000,0.000000,0.000000
0.000000,59.954567,0.190935,1.108475,0.000000,0.000000,0.000000
0.000000,59.860023,0.191605,1.107421,0.000000,0.000000,0.000000
0.000000,59.860023,0.192851,1.106942,0.000000,0.000000,0.000000
0.000000,59.796211,0.193522,1.105792,0.000000,0.000000,0.000000
0.000000,59.796211,0.194863,1.105217,0.000000,0.000000,0.000000
0.000000,59.697296,0.195534,1.104259,0.000000,0.000000,0.000000
0.000000,59.628822,0.196780,1.103780,0.000000,0.000000,0.000000
0.000000,59.628822,0.197451,1.102534,0.000000,0.000000,0.000000
0.000000,59.524094,0.198409,1.101959,0.000000,0.000000,0.000000
0.000000,59.524094,0.198984,1.100713,0.000000,0.000000,0.000000
0.000000,59.453934,0.200038,1.100042,0.000000,0.000000,0.000000
0.000000,59.352089,0.200613,1.098701,0.000000,0.000000,0.000000
0.000000,59.352089,0.201667,1.098126,0.000000,0.000000,0.000000
0.000000,59.287949,0.202242,1.096689,0.000000,0.000000,0.000000
0.000000,59.287949,0.203296,1.096113,0.000000,0.000000,0.000000
0.000000,59.195004,0.203680,1.094868,0.000000,0.000000,0.000000
0.000000,59.133629,0.204734,1.094292,0.000000,0.000000,0.000000
0.000000,59.133629,0.205309,1.093334,0.000000,0.000000,0.000000
0.000000,59.040012,0.206459,1.092951,0.000000,0.000000,0.000000
0.000000,59.040012,0.207033,1.091897,0.000000,0.000000,0.000000
0.000000,58.978508,0.208279,1.091322,0.000000,0.000000,0.000000
0.000000,58.886707,0.208854,1.090267,0.000000,0.000000,0.000000
0.000000,58.886707,0.210004,1.089789,0.000000,0.000000,0.000000
0.000000,58.825081,0.210771,1.088734,0.000000,0.000000,0.000000
0.000000,58.825081,0.211921,1.088255,0.000000,0.000000,0.000000
0.000000,58.730183,0.212496,1.087393,0.000000,0.000000,0.000000
0.000000,58.665077,0.213837,1.086818,0.000000,0.000000,0.000000
0.000000,58.665077,0.214412,1.085476,0.000000,0.000000,0.000000
0.000000,58.565773,0.215466,1.084902,0.000000,0.000000,0.000000
0.000000,58.565773,0.216041,1.083656,0.000000,0.000000,0.000000
0.000000,58.499107,0.217095,1.082985,0.000000,0.000000,0.000000
0.000000,58.400589,0.217574,1.081739,0.000000,0.000000,0.000000
0.000000,58.400589,0.218629,1.081068,0.000000,0.000000,0.000000
0.000000,58.336235,0.219108,1.079631,0.000000,0.000000,0.000000
0.000000,58.336235,0.220066,1.079056,0.000000,0.000000,0.000000
0.000000,58.241528,0.220545,1.077715,0.000000,0.000000,0.000000
0.000000,58.179874,0.221599,1.077235,0.000000,0.000000,0.000000
0.000000,58.179874,0.222174,1.076373,0.000000,0.000000,0.000000
0.000000,58.088886,0.223228,1.075894,0.000000,0.000000,0.000000
0.000000,58.088886,0.223707,1.074936,0.000000,0.000000,0.000000
0.000000,58.029198,0.224953,1.074456,0.000000,0.000000,0.000000
0.000000,57.938454,0.225432,1.073786,0.000000,0.000000,0.000000
0.000000,57.938454,0.226678,1.073498,0.000000,0.000000,0.000000
0.000000,57.876736,0.227253,1.072540,0.000000,0.000000,0.000000
0.000000,57.876736,0.228403,1.072061,0.000000,0.000000,0.000000
0.000000,57.784138,0.228978,1.071102,0.000000,0.000000,0.000000
0.000000,57.721561,0.230128,1.070719,0.000000,0.000000,0.000000
0.000000,57.721561,0.230703,1.069474,0.000000,0.000000,0.000000
0.000000,57.626511,0.231565,1.068898,0.000000,0.000000,0.000000
0.000000,57.626511,0.232140,1.067653,0.000000,0.000000,0.000000
0.000000,57.562794,0.233290,1.066982,0.000000,0.000000,0.000000
0.000000,57.469582,0.233769,1.065641,0.000000,0.000000,0.000000
0.000000,57.469582,0.234823,1.065066,0.000000,0.000000,0.000000
0.000000,57.408192,0.235398,1.063628,0.000000,0.000000,0.000000
0.000000,57.408192,0.236452,1.062957,0.000000,0.000000,0.000000
0.000000,57.315418,0.236931,1.061711,0.000000,0.000000,0.000000
0.000000,57.251968,0.238081,1.061041,0.000000,0.000000,0.000000
0.000000,57.251968,0.238656,1.060082,0.000000,0.000000,0.000000
0.000000,57.155399,0.239710,1.059603,0.000000,0.000000,0.000000
0.000000,57.155399,0.240285,1.058453,0.000000,0.000000,0.000000
0.000000,57.090923,0.241531,1.057878,0.000000,0.000000,0.000000
0.000000,56.995701,0.242106,1.056920,0.000000,0.000000,0.000000
0.000000,56.995701,0.243256,1.056441,0.000000,0.000000,0.000000
0.000000,56.931023,0.243927,1.055483,0.000000,0.000000,0.000000
0.000000,56.931023,0.245173,1.055099,0.000000,0.000000,0.000000
0.000000,56.832001,0.245748,1.054332,0.000000,0.000000,0.000000
0.000000,56.763798,0.247089,1.053950,0.000000,0.000000,0.000000
0.000000,56.763798,0.247568,1.052704,0.000000,0.000000,0.000000
0.000000,56.661770,0.248622,1.052129,0.000000,0.000000,0.000000
0.000000,56.661770,0.249293,1.050883,0.000000,0.000000,0.000000
0.000000,56.593140,0.250443,1.050212,0.000000,0.000000,0.000000
0.000000,56.491756,0.250922,1.048775,0.000000,0.000000,0.000000
0.000000,56.491756,0.252072,1.048104,0.000000,0.000000,0.000000
0.000000,56.425613,0.252647,1.046571,0.000000,0.000000,0.000000
0.000000,56.425613,0.253701,1.045804,0.000000,0.000000,0.000000
0.000000,56.326904,0.254276,1.044463,0.000000,0.000000,0.000000
0.000000,56.260273,0.255522,1.043888,0.000000,0.000000,0.000000
0.000000,56.260273,0.256097,1.042834,0.000000,0.000000,0.000000
0.000000,56.160538,0.257342,1.042163,0.000000,0.000000,0.000000
0.000000,56.160538,0.258013,1.041013,0.000000,0.000000,0.000000
0.000000,56.093578,0.259259,1.040534,0.000000,0.000000,0.000000
0.000000,55.992653,0.259930,1.039576,0.000000,0.000000,0.000000
0.000000,55.992653,0.261271,1.039001,0.000000,0.000000,0.000000
0.000000,55.923561,0.261846,1.038042,0.000000,0.000000,0.000000
0.000000,55.923561,0.262996,1.037659,0.000000,0.000000,0.000000
0.000000,55.820400,0.263667,1.036509,0.000000,0.000000,0.000000
0.000000,55.750580,0.264625,1.035934,0.000000,0.000000,0.000000
0.000000,55.750580,0.265200,1.034785,0.000000,0.000000,0.000000
0.000000,55.646187,0.266446,1.034209,0.000000,0.000000,0.000000
0.000000,55.646187,0.267021,1.032868,0.000000,0.000000,0.000000
0.000000,55.577824,0.268075,1.032197,0.000000,0.000000,0.000000
0.000000,55.478889,0.268746,1.030855,0.000000,0.000000,0.000000
0.000000,55.478889,0.269896,1.030089,0.000000,0.000000,0.000000
0.000000,55.413082,0.270375,1.028843,0.000000,0.000000,0.000000
0.000000,55.413082,0.271621,1.028172,0.000000,0.000000,0.000000
0.000000,55.313110,0.272291,1.026926,0.000000,0.000000,0.000000
0.000000,55.245670,0.273441,1.026351,0.000000,0.000000,0.000000
0.000000,55.245670,0.274208,1.025106,0.000000,0.000000,0.000000
0.000000,55.144325,0.275454,1.024531,0.000000,0.000000,0.000000
0.000000,55.144325,0.276029,1.023381,0.000000,0.000000,0.000000
0.000000,55.074543,0.277370,1.022806,0.000000,0.000000,0.000000
0.000000,54.968834,0.278041,1.021752,0.000000,0.000000,0.000000
0.000000,54.968834,0.279287,1.021272,0.000000,0.000000,0.000000
0.000000,54.896458,0.279958,1.020314,0.000000,0.000000,0.000000
0.000000,54.896458,0.281107,1.019644,0.000000,0.000000,0.000000
0.000000,54.788692,0.281682,1.018398,0.000000,0.000000,0.000000
0.000000,54.716450,0.282928,1.017823,0.000000,0.000000,0.000000
0.000000,54.716450,0.283503,1.016481,0.000000,0.000000,0.000000
0.000000,54.609364,0.284557,1.015907,0.000000,0.000000,0.000000
0.000000,54.609364,0.285228,1.014661,0.000000,0.000000,0.000000
0.000000,54.539349,0.286378,1.013894,0.000000,0.000000,0.000000
0.000000,54.436203,0.286857,1.012552,0.000000,0.000000,0.000000
0.000000,54.436203,0.288103,1.011882,0.000000,0.000000,0.000000
0.000000,54.367401,0.288774,1.010540,0.000000,0.000000,0.000000
0.000000,54.367401,0.290020,1.010061,0.000000,0.000000,0.000000
0.000000,54.264080,0.290690,1.008815,0.000000,0.000000,0.000000
0.000000,54.194710,0.292128,1.008145,0.000000,0.000000,0.000000
0.000000,54.194710,0.292799,1.007090,0.000000,0.000000,0.000000
0.000000,54.089058,0.294236,1.006515,0.000000,0.000000,0.000000
0.000000,54.089058,0.294907,1.005366,0.000000,0.000000,0.000000
0.000000,54.015690,0.296152,1.004791,0.000000,0.000000,0.000000
0.000000,53.903172,0.296823,1.003641,0.000000,0.000000,0.000000
0.000000,53.903172,0.297973,1.002874,0.000000,0.000000,0.000000
0.000000,53.826374,0.298548,1.001628,0.000000,0.000000,0.000000
0.000000,53.826374,0.299890,1.000958,0.000000,0.000000,0.000000
0.000000,53.715237,0.300464,0.999520,0.000000,0.000000,0.000000
0.000000,53.644608,0.301518,0.998945,0.000000,0.000000,0.000000
0.000000,53.644608,0.302189,0.997507,0.000000,0.000000,0.000000
0.000000,53.541710,0.303243,0.996836,0.000000,0.000000,0.000000
0.000000,53.541710,0.303818,0.995687,0.000000,0.000000,0.000000
0.000000,53.473579,0.305256,0.995016,0.000000,0.000000,0.000000
0.000000,53.370689,0.305831,0.993770,0.000000,0.000000,0.000000
0.000000,53.370689,0.307173,0.993195,0.000000,0.000000,0.000000
0.000000,53.301434,0.307843,0.991854,0.000000,0.000000,0.000000
0.000000,53.301434,0.309185,0.991279,0.000000,0.000000,0.000000
0.000000,53.195797,0.309951,0.990129,0.000000,0.000000,0.000000
0.000000,53.123066,0.311485,0.989458,0.000000,0.000000,0.000000
0.000000,53.123066,0.312155,0.988308,0.000000,0.000000,0.000000
0.000000,53.012386,0.313593,0.987829,0.000000,0.000000,0.000000
0.000000,53.012386,0.314168,0.986583,0.000000,0.000000,0.000000
0.000000,52.937286,0.315413,0.986008,0.000000,0.000000,0.000000
0.000000,52.823963,0.316084,0.984763,0.000000,0.000000,0.000000
0.000000,52.823963,0.317234,0.983996,0.000000,0.000000,0.000000
0.000000,52.747364,0.317809,0.982654,0.000000,0.000000,0.000000
0.000000,52.747364,0.319055,0.981984,0.000000,0.000000,0.000000
0.000000,52.636417,0.319534,0.980450,0.000000,0.000000,0.000000
0.000000,52.565971,0.320588,0.979780,0.000000,0.000000,0.000000
0.000000,52.565971,0.321259,0.978438,0.000000,0.000000,0.000000
0.000000,52.462872,0.322409,0.977767,0.000000,0.000000,0.000000
0.000000,52.462872,0.323080,0.976809,0.000000,0.000000,0.000000
0.000000,52.395161,0.324517,0.976330,0.000000,0.000000,0.000000
0.000000,52.292549,0.325092,0.975085,0.000000,0.000000,0.000000
0.000000,52.292549,0.326434,0.974509,0.000000,0.000000,0.000000
0.000000,52.221214,0.327200,0.973455,0.000000,0.000000,0.000000
0.000000,52.221214,0.328542,0.972785,0.000000,0.000000,0.000000
0.000000,52.109936,0.329212,0.971730,0.000000,0.000000,0.000000
0.000000,52.033119,0.330554,0.971155,0.000000,0.000000,0.000000
0.000000,52.033119,0.331129,0.969718,0.000000,0.000000,0.000000
0.000000,51.918278,0.332471,0.969047,0.000000,0.000000,0.000000
0.000000,51.918278,0.333141,0.967705,0.000000,0.000000,0.000000
0.000000,51.842278,0.334291,0.966939,0.000000,0.000000,0.000000
0.000000,51.730686,0.334962,0.965502,0.000000,0.000000,0.000000
0.000000,51.730686,0.336112,0.964735,0.000000,0.000000,0.000000
0.000000,51.656822,0.336687,0.963297,0.000000,0.000000,0.000000
0.000000,51.656822,0.338029,0.962627,0.000000,0.000000,0.000000
0.000000,51.546242,0.338603,0.961189,0.000000,0.000000,0.000000
0.000000,51.473961,0.339849,0.960614,0.000000,0.000000,0.000000
0.000000,51.473961,0.340520,0.959368,0.000000,0.000000,0.000000
0.000000,51.368080,0.341766,0.958793,0.000000,0.000000,0.000000
0.000000,51.368080,0.342437,0.957644,0.000000,0.000000,0.000000
0.000000,51.297878,0.343970,0.957165,0.000000,0.000000,0.000000
0.000000,51.191391,0.344640,0.956015,0.000000,0.000000,0.000000
0.000000,51.191391,0.345982,0.955440,0.000000,0.000000,0.000000
0.000000,51.118652,0.346749,0.954386,0.000000,0.000000,0.000000
0.000000,51.118652,0.347995,0.953810,0.000000,0.000000,0.000000
0.000000,51.008232,0.348665,0.952469,0.000000,0.000000,0.000000
0.000000,50.932850,0.350007,0.951798,0.000000,0.000000,0.000000
0.000000,50.932850,0.350582,0.950361,0.000000,0.000000,0.000000
0.000000,50.819836,0.351923,0.949594,0.000000,0.000000,0.000000
0.000000,50.819836,0.352499,0.948157,0.000000,0.000000,0.000000
0.000000,50.745941,0.353648,0.947294,0.000000,0.000000,0.000000
0.000000,50.637871,0.354319,0.945953,0.000000,0.000000,0.000000
0.000000,50.637871,0.355565,0.945186,0.000000,0.000000,0.000000
0.000000,50.566574,0.356140,0.943845,0.000000,0.000000,0.000000
0.000000,50.566574,0.357481,0.943366,0.000000,0.000000,0.000000
0.000000,50.460575,0.358152,0.942120,0.000000,0.000000,0.000000
0.000000,50.390923,0.359494,0.941545,0.000000,0.000000,0.000000
0.000000,50.390923,0.360164,0.940491,0.000000,0.000000,0.000000
0.000000,50.284241,0.361506,0.939916,0.000000,0.000000,0.000000
0.000000,50.284241,0.362177,0.938862,0.000000,0.000000,0.000000
0.000000,50.208271,0.363518,0.938383,0.000000,0.000000,0.000000
0.000000,50.093582,0.364093,0.937424,0.000000,0.000000,0.000000
0.000000,50.093582,0.365339,0.936754,0.000000,0.000000,0.000000
0.000000,50.016991,0.366010,0.935412,0.000000,0.000000,0.000000
0.000000,50.016991,0.367255,0.934741,0.000000,0.000000,0.000000
0.000000,49.902622,0.367927,0.933304,0.000000,0.000000,0.000000
0.000000,49.828396,0.369268,0.932537,0.000000,0.000000,0.000000
0.000000,49.828396,0.369843,0.931004,0.000000,0.000000,0.000000
0.000000,49.718121,0.371185,0.930237,0.000000,0.000000,0.000000
0.000000,49.718121,0.371855,0.928800,0.000000,0.000000,0.000000
0.000000,49.644085,0.373101,0.928033,0.000000,0.000000,0.000000
0.000000,49.532936,0.373772,0.926788,0.000000,0.000000,0.000000
0.000000,49.532936,0.375113,0.926117,0.000000,0.000000,0.000000
0.000000,49.458958,0.375784,0.924775,0.000000,0.000000,0.000000
0.000000,49.458958,0.377317,0.924200,0.000000,0.000000,0.000000
0.000000,49.348179,0.377892,0.922954,0.000000,0.000000,0.000000
0.000000,49.274834,0.379330,0.922284,0.000000,0.000000,0.000000
0.000000,49.274834,0.380001,0.921325,0.000000,0.000000,0.000000
0.000000,49.163849,0.381246,0.920750,0.000000,0.000000,0.000000
0.000000,49.163849,0.381917,0.919505,0.000000,0.000000,0.000000
0.000000,49.086994,0.383259,0.918930,0.000000,0.000000,0.000000
0.000000,48.973034,0.383738,0.917684,0.000000,0.000000,0.000000
0.000000,48.973034,0.385080,0.916918,0.000000,0.000000,0.000000
0.000000,48.898373,0.385750,0.915576,0.000000,0.000000,0.000000
0.000000,48.898373,0.386804,0.914809,0.000000,0.000000,0.000000
0.000000,48.787289,0.387475,0.913276,0.000000,0.000000,0.000000
0.000000,48.716675,0.388817,0.912510,0.000000,0.000000,0.000000
0.000000,48.716675,0.389392,0.911072,0.000000,0.000000,0.000000
0.000000,48.611626,0.391021,0.910402,0.000000,0.000000,0.000000
0.000000,48.611626,0.391596,0.909156,0.000000,0.000000,0.000000
0.000000,48.538303,0.392937,0.908485,0.000000,0.000000,0.000000
0.000000,48.425774,0.393704,0.907239,0.000000,0.000000,0.000000
0.000000,48.425774,0.395045,0.906664,0.000000,0.000000,0.000000
0.000000,48.349579,0.395716,0.905418,0.000000,0.000000,0.000000
0.000000,48.349579,0.397058,0.904939,0.000000,0.000000,0.000000
0.000000,48.233723,0.397728,0.903789,0.000000,0.000000,0.000000
0.000000,48.154694,0.399070,0.903023,0.000000,0.000000,0.000000
0.000000,48.154694,0.399645,0.901777,0.000000,0.000000,0.000000
0.000000,48.038830,0.400891,0.901010,0.000000,0.000000,0.000000
0.000000,48.038830,0.401658,0.899668,0.000000,0.000000,0.000000
0.000000,47.962772,0.402807,0.899093,0.000000,0.000000,0.000000
0.000000,47.850475,0.403382,0.897656,0.000000,0.000000,0.000000
0.000000,47.850475,0.404724,0.896889,0.000000,0.000000,0.000000
0.000000,47.777988,0.405299,0.895548,0.000000,0.000000,0.000000
0.000000,47.777988,0.406736,0.894781,0.000000,0.000000,0.000000
0.000000,47.670261,0.407407,0.893536,0.000000,0.000000,0.000000
0.000000,47.598816,0.408749,0.892865,0.000000,0.000000,0.000000
0.000000,47.598816,0.409515,0.891427,0.000000,0.000000,0.000000
0.000000,47.492577,0.411048,0.890853,0.000000,0.000000,0.000000
0.000000,47.492577,0.411623,0.889511,0.000000,0.000000,0.000000
0.000000,47.419125,0.413157,0.888936,0.000000,0.000000,0.000000
0.000000,47.304688,0.413732,0.887786,0.000000,0.000000,0.000000
0.000000,47.304688,0.414978,0.887211,0.000000,0.000000,0.000000
0.000000,47.223625,0.415744,0.885870,0.000000,0.000000,0.000000
0.000000,47.223625,0.416894,0.885199,0.000000,0.000000,0.000000
0.000000,47.104492,0.417469,0.883762,0.000000,0.000000,0.000000
0.000000,47.029694,0.418810,0.883091,0.000000,0.000000,0.000000
0.000000,47.029694,0.419385,0.881749,0.000000,0.000000,0.000000
0.000000,46.920010,0.420631,0.880983,0.000000,0.000000,0.000000
0.000000,46.920010,0.421302,0.879641,0.000000,0.000000,0.000000
0.000000,46.845886,0.422643,0.878970,0.000000,0.000000,0.000000
0.000000,46.734703,0.423314,0.877533,0.000000,0.000000,0.000000
0.000000,46.734703,0.424752,0.876958,0.000000,0.000000,0.000000
0.000000,46.660057,0.425422,0.875616,0.000000,0.000000,0.000000
0.000000,46.660057,0.427052,0.874945,0.000000,0.000000,0.000000
0.000000,46.546619,0.427722,0.873699,0.000000,0.000000,0.000000
0.000000,46.468525,0.429160,0.873124,0.000000,0.000000,0.000000
0.000000,46.468525,0.429830,0.871879,0.000000,0.000000,0.000000
0.000000,46.350574,0.431076,0.871304,0.000000,0.000000,0.000000
0.000000,46.350574,0.431843,0.869962,0.000000,0.000000,0.000000
0.000000,46.270454,0.433089,0.869292,0.000000,0.000000,0.000000
0.000000,46.151020,0.433664,0.867854,0.000000,0.000000,0.000000
0.000000,46.151020,0.435101,0.867183,0.000000,0.000000,0.000000
0.000000,46.073479,0.435676,0.865746,0.000000,0.000000,0.000000
0.000000,46.073479,0.436826,0.865075,0.000000,0.000000,0.000000
0.000000,45.960033,0.437593,0.863542,0.000000,0.000000,0.000000
0.000000,45.885586,0.438838,0.862871,0.000000,0.000000,0.000000
0.000000,45.885586,0.439413,0.861434,0.000000,0.000000,0.000000
0.000000,45.774879,0.440850,0.860859,0.000000,0.000000,0.000000
0.000000,45.774879,0.441521,0.859709,0.000000,0.000000,0.000000
0.000000,45.702057,0.443054,0.859038,0.000000,0.000000,0.000000
0.000000,45.591480,0.443821,0.857792,0.000000,0.000000,0.000000
0.000000,45.591480,0.445163,0.857218,0.000000,0.000000,0.000000
0.000000,45.514851,0.445929,0.855876,0.000000,0.000000,0.000000
0.000000,45.514851,0.447367,0.855301,0.000000,0.000000,0.000000
0.000000,45.398060,0.448038,0.854151,0.000000,0.000000,0.000000
0.000000,45.317535,0.449379,0.853480,0.000000,0.000000,0.000000
0.000000,45.317535,0.449954,0.852043,0.000000,0.000000,0.000000
0.000000,45.195984,0.451296,0.851372,0.000000,0.000000,0.000000
0.000000,45.195984,0.451871,0.849839,0.000000,0.000000,0.000000
0.000000,45.115364,0.453021,0.849168,0.000000,0.000000,0.000000
0.000000,44.997440,0.453691,0.847635,0.000000,0.000000,0.000000
0.000000,44.997440,0.454937,0.846868,0.000000,0.000000,0.000000
0.000000,44.922390,0.455512,0.845431,0.000000,0.000000,0.000000
0.000000,44.922390,0.456949,0.844664,0.000000,0.000000,0.000000
0.000000,44.812923,0.457620,0.843514,0.000000,0.000000,0.000000
0.000000,44.740952,0.458866,0.842939,0.000000,0.000000,0.000000
0.000000,44.740952,0.459728,0.841693,0.000000,0.000000,0.000000
0.000000,44.631329,0.461070,0.841214,0.000000,0.000000,0.000000
0.000000,44.631329,0.461741,0.840065,0.000000,0.000000,0.000000
0.000000,44.556564,0.463178,0.839394,0.000000,0.000000,0.000000
0.000000,44.442314,0.463753,0.838340,0.000000,0.000000,0.000000
0.000000,44.442314,0.465095,0.837765,0.000000,0.000000,0.000000
0.000000,44.364437,0.465765,0.836327,0.000000,0.000000,0.000000
0.000000,44.364437,0.467011,0.835656,0.000000,0.000000,0.000000
0.000000,44.248184,0.467682,0.834123,0.000000,0.000000,0.000000
0.000000,44.171921,0.468928,0.833356,0.000000,0.000000,0.000000
0.000000,44.171921,0.469503,0.832015,0.000000,0.000000,0.000000
0.000000,44.058876,0.470748,0.831152,0.000000,0.000000,0.000000
0.000000,44.058876,0.471323,0.829715,0.000000,0.000000,0.000000
0.000000,43.984779,0.472665,0.828948,0.000000,0.000000,0.000000
0.000000,43.875618,0.473336,0.827607,0.000000,0.000000,0.000000
0.000000,43.875618,0.474677,0.827032,0.000000,0.000000,0.000000
0.000000,43.803162,0.475444,0.825691,0.000000,0.000000,0.000000
0.000000,43.803162,0.476881,0.825020,0.000000,0.000000,0.000000
0.000000,43.692917,0.477552,0.823870,0.000000,0.000000,0.000000
0.000000,43.617119,0.479085,0.823295,0.000000,0.000000,0.000000
0.000000,43.617119,0.479852,0.822241,0.000000,0.000000,0.000000
0.000000,43.502438,0.481098,0.821762,0.000000,0.000000,0.000000
0.000000,43.502438,0.481769,0.820611,0.000000,0.000000,0.000000
0.000000,43.424023,0.483110,0.819941,0.000000,0.000000,0.000000
0.000000,43.305710,0.483685,0.818599,0.000000,0.000000,0.000000
0.000000,43.305710,0.485122,0.817832,0.000000,0.000000,0.000000
0.000000,43.227894,0.485698,0.816395,0.000000,0.000000,0.000000
0.000000,43.227894,0.486943,0.815629,0.000000,0.000000,0.000000
0.000000,43.114094,0.487614,0.814000,0.000000,0.000000,0.000000
0.000000,43.039619,0.488860,0.813233,0.000000,0.000000,0.000000
0.000000,43.039619,0.489530,0.811700,0.000000,0.000000,0.000000
0.000000,42.929710,0.490872,0.811029,0.000000,0.000000,0.000000
0.000000,42.929710,0.491543,0.809879,0.000000,0.000000,0.000000
0.000000,42.856094,0.492980,0.809113,0.000000,0.000000,0.000000
0.000000,42.744030,0.493651,0.807963,0.000000,0.000000,0.000000
0.000000,42.744030,0.494993,0.807388,0.000000,0.000000,0.000000
0.000000,42.667496,0.495759,0.806142,0.000000,0.000000,0.000000
0.000000,42.667496,0.497005,0.805567,0.000000,0.000000,0.000000
0.000000,42.551212,0.497676,0.804417,0.000000,0.000000,0.000000
0.000000,42.472149,0.499017,0.803842,0.000000,0.000000,0.000000
0.000000,42.472149,0.499688,0.802500,0.000000,0.000000,0.000000
0.000000,42.355244,0.500934,0.801830,0.000000,0.000000,0.000000
0.000000,42.355244,0.501605,0.800392,0.000000,0.000000,0.000000
0.000000,42.279491,0.502754,0.799721,0.000000,0.000000,0.000000
0.000000,42.167255,0.503425,0.798188,0.000000,0.000000,0.000000
0.000000,42.167255,0.504671,0.797421,0.000000,0.000000,0.000000
0.000000,42.093460,0.505342,0.795984,0.000000,0.000000,0.000000
0.000000,42.093460,0.506779,0.795218,0.000000,0.000000,0.000000
0.000000,41.983730,0.507450,0.793876,0.000000,0.000000,0.000000
0.000000,41.909927,0.508792,0.793205,0.000000,0.000000,0.000000
0.000000,41.909927,0.509558,0.791864,0.000000,0.000000,0.000000
0.000000,41.797482,0.510900,0.791193,0.000000,0.000000,0.000000
0.000000,41.797482,0.511667,0.789947,0.000000,0.000000,0.000000
0.000000,41.720184,0.513104,0.789276,0.000000,0.000000,0.000000
0.000000,41.602955,0.513679,0.788222,0.000000,0.000000,0.000000
0.000000,41.602955,0.515116,0.787647,0.000000,0.000000,0.000000
0.000000,41.523956,0.515691,0.786306,0.000000,0.000000,0.000000
0.000000,41.523956,0.516937,0.785635,0.000000,0.000000,0.000000
0.000000,41.406418,0.517608,0.784293,0.000000,0.000000,0.000000
0.000000,41.329628,0.518853,0.783623,0.000000,0.000000,0.000000
0.000000,41.329628,0.519428,0.782281,0.000000,0.000000,0.000000
0.000000,41.217381,0.520674,0.781514,0.000000,0.000000,0.000000
0.000000,41.217381,0.521345,0.780077,0.000000,0.000000,0.000000
0.000000,41.143681,0.522686,0.779406,0.000000,0.000000,0.000000
0.000000,41.035076,0.523453,0.777969,0.000000,0.000000,0.000000
0.000000,41.035076,0.524891,0.777394,0.000000,0.000000,0.000000
0.000000,40.962685,0.525561,0.776052,0.000000,0.000000,0.000000
0.000000,40.962685,0.527095,0.775382,0.000000,0.000000,0.000000
0.000000,40.851685,0.527766,0.774136,0.000000,0.000000,0.000000
0.000000,40.774239,0.529203,0.773465,0.000000,0.000000,0.000000
0.000000,40.774239,0.529874,0.772219,0.000000,0.000000,0.000000
0.000000,40.655079,0.531119,0.771740,0.000000,0.000000,0.000000
0.000000,40.655079,0.531886,0.770398,0.000000,0.000000,0.000000
0.000000,40.574631,0.533132,0.769728,0.000000,0.000000,0.000000
0.000000,40.456139,0.533802,0.768290,0.000000,0.000000,0.000000
0.000000,40.456139,0.535048,0.767619,0.000000,0.000000,0.000000
0.000000,40.378086,0.535623,0.766182,0.000000,0.000000,0.000000
0.000000,40.378086,0.536869,0.765511,0.000000,0.000000,0.000000
0.000000,40.263355,0.537444,0.764074,0.000000,0.000000,0.000000
0.000000,40.188343,0.538689,0.763499,0.000000,0.000000,0.000000
0.000000,40.188343,0.539360,0.762062,0.000000,0.000000,0.000000
0.000000,40.078293,0.540798,0.761391,0.000000,0.000000,0.000000
0.000000,40.078293,0.541469,0.760241,0.000000,0.000000,0.000000
0.000000,40.005203,0.543002,0.759474,0.000000,0.000000,0.000000
0.000000,39.894062,0.543768,0.758228,0.000000,0.000000,0.000000
0.000000,39.894062,0.545206,0.757558,0.000000,0.000000,0.000000
0.000000,39.817352,0.545972,0.756120,0.000000,0.000000,0.000000
0.000000,39.817352,0.547314,0.755545,0.000000,0.000000,0.000000
0.000000,39.699139,0.547985,0.754395,0.000000,0.000000,0.000000
0.000000,39.617954,0.549326,0.753629,0.000000,0.000000,0.000000
0.000000,39.617954,0.549901,0.752383,0.000000,0.000000,0.000000
0.000000,39.496628,0.551243,0.751616,0.000000,0.000000,0.000000
0.000000,39.496628,0.551913,0.750083,0.000000,0.000000,0.000000
0.000000,39.417477,0.553063,0.749413,0.000000,0.000000,0.000000
0.000000,39.301952,0.553734,0.747879,0.000000,0.000000,0.000000
0.000000,39.301952,0.554980,0.747113,0.000000,0.000000,0.000000
0.000000,39.226147,0.555555,0.745771,0.000000,0.000000,0.000000
0.000000,39.226147,0.557088,0.745004,0.000000,0.000000,0.000000
0.000000,39.114841,0.557759,0.743950,0.000000,0.000000,0.000000
0.000000,39.041313,0.559196,0.743376,0.000000,0.000000,0.000000
0.000000,39.041313,0.559963,0.742034,0.000000,0.000000,0.000000
0.000000,38.928684,0.561400,0.741363,0.000000,0.000000,0.000000
0.000000,38.928684,0.562167,0.740117,0.000000,0.000000,0.000000
0.000000,38.850594,0.563605,0.739542,0.000000,0.000000,0.000000
0.000000,38.730942,0.564275,0.738297,0.000000,0.000000,0.000000
0.000000,38.730942,0.565713,0.737626,0.000000,0.000000,0.000000
0.000000,38.649513,0.566383,0.736093,0.000000,0.000000,0.000000
0.000000,38.649513,0.567629,0.735326,0.000000,0.000000,0.000000
0.000000,38.528595,0.568300,0.733793,0.000000,0.000000,0.000000
0.000000,38.449322,0.569450,0.733122,0.000000,0.000000,0.000000
0.000000,38.449322,0.570121,0.731589,0.000000,0.000000,0.000000
0.000000,38.333450,0.571462,0.730822,0.000000,0.000000,0.000000
0.000000,38.333450,0.572037,0.729385,0.000000,0.000000,0.000000
0.000000,38.258942,0.573379,0.728714,0.000000,0.000000,0.000000
0.000000,38.149723,0.574050,0.727468,0.000000,0.000000,0.000000
0.000000,38.149723,0.575391,0.726797,0.000000,0.000000,0.000000
0.000000,38.076653,0.576254,0.725551,0.000000,0.000000,0.000000
0.000000,38.076653,0.577595,0.724977,0.000000,0.000000,0.000000
0.000000,37.965435,0.578362,0.723827,0.000000,0.000000,0.000000
0.000000,37.889175,0.579799,0.723156,0.000000,0.000000,0.000000
0.000000,37.889175,0.580470,0.722006,0.000000,0.000000,0.000000
0.000000,37.770966,0.581907,0.721527,0.000000,0.000000,0.000000
0.000000,37.770966,0.582578,0.720185,0.000000,0.000000,0.000000
0.000000,37.690922,0.583824,0.719419,0.000000,0.000000,0.000000
0.000000,37.572197,0.584495,0.717981,0.000000,0.000000,0.000000
0.000000,37.572197,0.585644,0.717215,0.000000,0.000000,0.000000
0.000000,37.494213,0.586220,0.715777,0.000000,0.000000,0.000000
0.000000,37.494213,0.587466,0.715011,0.000000,0.000000,0.000000
0.000000,37.380768,0.588040,0.713477,0.000000,0.000000,0.000000
0.000000,37.307381,0.589286,0.712711,0.000000,0.000000,0.000000
0.000000,37.307381,0.590053,0.711369,0.000000,0.000000,0.000000
0.000000,37.198807,0.591394,0.710794,0.000000,0.000000,0.000000
0.000000,37.198807,0.592065,0.709453,0.000000,0.000000,0.000000
0.000000,37.125557,0.593598,0.708782,0.000000,0.000000,0.000000
0.000000,37.013474,0.594173,0.707728,0.000000,0.000000,0.000000
0.000000,37.013474,0.595706,0.707153,0.000000,0.000000,0.000000
0.000000,36.936844,0.596377,0.706003,0.000000,0.000000,0.000000
0.000000,36.936844,0.597623,0.705524,0.000000,0.000000,0.000000
0.000000,36.820831,0.598390,0.704374,0.000000,0.000000,0.000000
0.000000,36.742592,0.599635,0.703703,0.000000,0.000000,0.000000
0.000000,36.742592,0.600306,0.702362,0.000000,0.000000,0.000000
0.000000,36.625210,0.601648,0.701499,0.000000,0.000000,0.000000
0.000000,36.625210,0.602223,0.700062,0.000000,0.000000,0.000000
0.000000,36.548420,0.603468,0.699295,0.000000,0.000000,0.000000
0.000000,36.436440,0.604139,0.697762,0.000000,0.000000,0.000000
0.000000,36.436440,0.605385,0.696995,0.000000,0.000000,0.000000
0.000000,36.363892,0.606056,0.695558,0.000000,0.000000,0.000000
0.000000,36.363892,0.607493,0.694887,0.000000,0.000000,0.000000
0.000000,36.255486,0.608164,0.693641,0.000000,0.000000,0.000000
0.000000,36.181389,0.609697,0.692875,0.000000,0.000000,0.000000
0.000000,36.181389,0.610464,0.691533,0.000000,0.000000,0.000000
0.000000,36.066513,0.611901,0.690958,0.000000,0.000000,0.000000
0.000000,36.066513,0.612668,0.689712,0.000000,0.000000,0.000000
0.000000,35.986938,0.614009,0.689137,0.000000,0.000000,0.000000
0.000000,35.865227,0.614776,0.688083,0.000000,0.000000,0.000000
0.000000,35.865227,0.616213,0.687413,0.000000,0.000000,0.000000
0.000000,35.783543,0.616788,0.686167,0.000000,0.000000,0.000000
0.000000,35.783543,0.618226,0.685496,0.000000,0.000000,0.000000
0.000000,35.661957,0.618801,0.684059,0.000000,0.000000,0.000000
0.000000,35.581085,0.620046,0.683388,0.000000,0.000000,0.000000
0.000000,35.581085,0.620717,0.681855,0.000000,0.000000,0.000000
0.000000,35.463154,0.621963,0.681088,0.000000,0.000000,0.000000
0.000000,35.463154,0.622730,0.679555,0.000000,0.000000,0.000000
0.000000,35.386284,0.624167,0.678788,0.000000,0.000000,0.000000
0.000000,35.271706,0.624742,0.677447,0.000000,0.000000,0.000000
0.000000,35.271706,0.626275,0.676776,0.000000,0.000000,0.000000
0.000000,35.194023,0.626946,0.675434,0.000000,0.000000,0.000000
0.000000,35.194023,0.628383,0.674763,0.000000,0.000000,0.000000
0.000000,35.074585,0.629150,0.673422,0.000000,0.000000,0.000000
0.000000,34.992966,0.630396,0.672847,0.000000,0.000000,0.000000
0.000000,34.992966,0.631066,0.671697,0.000000,0.000000,0.000000
0.000000,34.870579,0.632312,0.671026,0.000000,0.000000,0.000000
0.000000,34.870579,0.632983,0.669589,0.000000,0.000000,0.000000
0.000000,34.789986,0.634325,0.668918,0.000000,0.000000,0.000000
0.000000,34.673634,0.634995,0.667481,0.000000,0.000000,0.000000
0.000000,34.673634,0.636145,0.666810,0.000000,0.000000,0.000000
0.000000,34.597797,0.636816,0.665468,0.000000,0.000000,0.000000
0.000000,34.597797,0.638062,0.664606,0.000000,0.000000,0.000000
0.000000,34.484844,0.638637,0.663168,0.000000,0.000000,0.000000
0.000000,34.411362,0.640074,0.662498,0.000000,0.000000,0.000000
0.000000,34.411362,0.640745,0.661156,0.000000,0.000000,0.000000
0.000000,34.302696,0.642087,0.660485,0.000000,0.000000,0.000000
0.000000,34.302696,0.642949,0.658952,0.000000,0.000000,0.000000
0.000000,34.229000,0.644290,0.658377,0.000000,0.000000,0.000000
0.000000,34.114605,0.645057,0.657036,0.000000,0.000000,0.000000
0.000000,34.114605,0.646399,0.656365,0.000000,0.000000,0.000000
0.000000,34.035892,0.646974,0.655311,0.000000,0.000000,0.000000
0.000000,34.035892,0.648411,0.654736,0.000000,0.000000,0.000000
0.000000,33.917805,0.648986,0.653394,0.000000,0.000000,0.000000
0.000000,33.840363,0.650232,0.652723,0.000000,0.000000,0.000000
0.000000,33.840363,0.650903,0.651286,0.000000,0.000000,0.000000
0.000000,33.726742,0.652053,0.650615,0.000000,0.000000,0.000000
0.000000,33.726742,0.652627,0.649274,0.000000,0.000000,0.000000
0.000000,33.651749,0.653969,0.648603,0.000000,0.000000,0.000000
0.000000,33.541836,0.654544,0.647261,0.000000,0.000000,0.000000
0.000000,33.541836,0.655790,0.646590,0.000000,0.000000,0.000000
0.000000,33.472103,0.656461,0.645249,0.000000,0.000000,0.000000
0.000000,33.472103,0.657802,0.644674,0.000000,0.000000,0.000000
0.000000,33.369240,0.658473,0.643524,0.000000,0.000000,0.000000
0.000000,33.300293,0.660006,0.642853,0.000000,0.000000,0.000000
0.000000,33.300293,0.660581,0.641703,0.000000,0.000000,0.000000
0.000000,33.193893,0.661923,0.641128,0.000000,0.000000,0.000000
0.000000,33.193893,0.662593,0.639883,0.000000,0.000000,0.000000
0.000000,33.120892,0.663743,0.639307,0.000000,0.000000,0.000000
0.000000,33.010094,0.664414,0.638253,0.000000,0.000000,0.000000
0.000000,33.010094,0.665564,0.637583,0.000000,0.000000,0.000000
0.000000,32.935753,0.666139,0.636241,0.000000,0.000000,0.000000
0.000000,32.935753,0.667289,0.635666,0.000000,0.000000,0.000000
0.000000,32.825745,0.667864,0.634229,0.000000,0.000000,0.000000
0.000000,32.754635,0.668918,0.633558,0.000000,0.000000,0.000000
0.000000,32.754635,0.669397,0.632216,0.000000,0.000000,0.000000
0.000000,32.651558,0.670643,0.631546,0.000000,0.000000,0.000000
0.000000,32.651558,0.671122,0.630204,0.000000,0.000000,0.000000
0.000000,32.583893,0.672368,0.629629,0.000000,0.000000,0.000000
0.000000,32.483395,0.673038,0.628479,0.000000,0.000000,0.000000
0.000000,32.483395,0.674188,0.628000,0.000000,0.000000,0.000000
0.000000,32.416592,0.674859,0.626850,0.000000,0.000000,0.000000
0.000000,32.416592,0.676297,0.626179,0.000000,0.000000,0.000000
0.000000,32.315311,0.676967,0.625029,0.000000,0.000000,0.000000
0.000000,32.245403,0.678405,0.624454,0.000000,0.000000,0.000000
0.000000,32.245403,0.679075,0.623209,0.000000,0.000000,0.000000
0.000000,32.136211,0.680225,0.622730,0.000000,0.000000,0.000000
0.000000,32.136211,0.680897,0.621580,0.000000,0.000000,0.000000
0.000000,32.060364,0.682142,0.620909,0.000000,0.000000,0.000000
0.000000,31.946680,0.682717,0.619567,0.000000,0.000000,0.000000
0.000000,31.946680,0.683867,0.618992,0.000000,0.000000,0.000000
0.000000,31.872084,0.684442,0.617459,0.000000,0.000000,0.000000
0.000000,31.872084,0.685496,0.616788,0.000000,0.000000,0.000000
0.000000,31.762012,0.686071,0.615351,0.000000,0.000000,0.000000
0.000000,31.690378,0.687317,0.614680,0.000000,0.000000,0.000000
0.000000,31.690378,0.687892,0.613338,0.000000,0.000000,0.000000
0.000000,31.585955,0.689233,0.612572,0.000000,0.000000,0.000000
0.000000,31.585955,0.689904,0.611422,0.000000,0.000000,0.000000
0.000000,31.518179,0.691054,0.610943,0.000000,0.000000,0.000000
0.000000,31.416037,0.691725,0.609793,0.000000,0.000000,0.000000
0.000000,31.416037,0.693162,0.609218,0.000000,0.000000,0.000000
0.000000,31.347509,0.693737,0.608356,0.000000,0.000000,0.000000
0.000000,31.347509,0.695174,0.607781,0.000000,0.000000,0.000000
0.000000,31.243004,0.695845,0.606631,0.000000,0.000000,0.000000
0.000000,31.170874,0.697091,0.606056,0.000000,0.000000,0.000000
0.000000,31.170874,0.697762,0.605002,0.000000,0.000000,0.000000
0.000000,31.059917,0.699008,0.604331,0.000000,0.000000,0.000000
0.000000,31.059917,0.699583,0.602989,0.000000,0.000000,0.000000
0.000000,30.985058,0.700924,0.602319,0.000000,0.000000,0.000000
0.000000,30.874054,0.701499,0.600785,0.000000,0.000000,0.000000
0.000000,30.874054,0.702553,0.600114,0.000000,0.000000,0.000000
0.000000,30.801285,0.703128,0.598677,0.000000,0.000000,0.000000
0.000000,30.801285,0.704278,0.597910,0.000000,0.000000,0.000000
0.000000,30.695038,0.704853,0.596473,0.000000,0.000000,0.000000
0.000000,30.626257,0.706195,0.595802,0.000000,0.000000,0.000000
0.000000,30.626257,0.706961,0.594557,0.000000,0.000000,0.000000
0.000000,30.523676,0.708207,0.593982,0.000000,0.000000,0.000000
0.000000,30.523676,0.708878,0.592640,0.000000,0.000000,0.000000
0.000000,30.453352,0.710219,0.592065,0.000000,0.000000,0.000000
0.000000,30.344648,0.710890,0.591011,0.000000,0.000000,0.000000
0.000000,30.344648,0.712327,0.590436,0.000000,0.000000,0.000000
0.000000,30.270660,0.712998,0.589574,0.000000,0.000000,0.000000
0.000000,30.270660,0.714148,0.589190,0.000000,0.000000,0.000000
0.000000,30.158693,0.714819,0.588136,0.000000,0.000000,0.000000
0.000000,30.083736,0.715873,0.587466,0.000000,0.000000,0.000000
0.000000,30.083736,0.716352,0.586315,0.000000,0.000000,0.000000
0.000000,29.974426,0.717598,0.585644,0.000000,0.000000,0.000000
0.000000,29.974426,0.718173,0.584207,0.000000,0.000000,0.000000
0.000000,29.903765,0.719227,0.583536,0.000000,0.000000,0.000000
0.000000,29.799702,0.719802,0.582099,0.000000,0.000000,0.000000
0.000000,29.799702,0.720856,0.581332,0.000000,0.000000,0.000000
0.000000,29.731869,0.721431,0.579991,0.000000,0.000000,0.000000
0.000000,29.731869,0.722677,0.579320,0.000000,0.000000,0.000000
0.000000,29.633646,0.723347,0.578074,0.000000,0.000000,0.000000
0.000000,29.569187,0.724497,0.577595,0.000000,0.000000,0.000000
0.000000,29.569187,0.725264,0.576349,0.000000,0.000000,0.000000
0.000000,29.470575,0.726606,0.575774,0.000000,0.000000,0.000000
0.000000,29.470575,0.727180,0.574816,0.000000,0.000000,0.000000
0.000000,29.403141,0.728426,0.574337,0.000000,0.000000,0.000000
0.000000,29.299374,0.729002,0.573187,0.000000,0.000000,0.000000
0.000000,29.299374,0.730056,0.572804,0.000000,0.000000,0.000000
0.000000,29.229744,0.730630,0.571846,0.000000,0.000000,0.000000
0.000000,29.229744,0.731780,0.571175,0.000000,0.000000,0.000000
0.000000,29.127834,0.732260,0.570025,0.000000,0.000000,0.000000
0.000000,29.062073,0.733314,0.569450,0.000000,0.000000,0.000000
0.000000,29.062073,0.733888,0.568204,0.000000,0.000000,0.000000
0.000000,28.965521,0.734943,0.567533,0.000000,0.000000,0.000000
0.000000,28.965521,0.735422,0.566288,0.000000,0.000000,0.000000
0.000000,28.901344,0.736572,0.565521,0.000000,0.000000,0.000000
0.000000,28.806870,0.737147,0.564275,0.000000,0.000000,0.000000
0.000000,28.806870,0.738201,0.563605,0.000000,0.000000,0.000000
0.000000,28.745066,0.738775,0.562263,0.000000,0.000000,0.000000
0.000000,28.745066,0.740021,0.561688,0.000000,0.000000,0.000000
0.000000,28.653307,0.740596,0.560634,0.000000,0.000000,0.000000
0.000000,28.590652,0.741842,0.559963,0.000000,0.000000,0.000000
0.000000,28.590652,0.742609,0.558813,0.000000,0.000000,0.000000
0.000000,28.494856,0.743759,0.558334,0.000000,0.000000,0.000000
0.000000,28.494856,0.744334,0.557184,0.000000,0.000000,0.000000
0.000000,28.429037,0.745675,0.556705,0.000000,0.000000,0.000000
0.000000,28.329647,0.746154,0.555843,0.000000,0.000000,0.000000
0.000000,28.329647,0.747208,0.555363,0.000000,0.000000,0.000000
0.000000,28.262245,0.747783,0.554213,0.000000,0.000000,0.000000
0.000000,28.262245,0.748742,0.553638,0.000000,0.000000,0.000000
0.000000,28.162590,0.749317,0.552584,0.000000,0.000000,0.000000
0.000000,28.098207,0.750371,0.552009,0.000000,0.000000,0.000000
0.000000,28.098207,0.750850,0.550859,0.000000,0.000000,0.000000
0.000000,28.004620,0.751808,0.550285,0.000000,0.000000,0.000000
0.000000,28.004620,0.752287,0.549135,0.000000,0.000000,0.000000
0.000000,27.943245,0.753341,0.548464,0.000000,0.000000,0.000000
0.000000,27.851751,0.753916,0.547218,0.000000,0.000000,0.000000
0.000000,27.851751,0.755066,0.546643,0.000000,0.000000,0.000000
0.000000,27.791172,0.755737,0.545398,0.000000,0.000000,0.000000
0.000000,27.791172,0.757078,0.544918,0.000000,0.000000,0.000000
0.000000,27.700010,0.757653,0.543864,0.000000,0.000000,0.000000
0.000000,27.636509,0.759091,0.543194,0.000000,0.000000,0.000000
0.000000,27.636509,0.759666,0.542140,0.000000,0.000000,0.000000
0.000000,27.538116,0.760816,0.541660,0.000000,0.000000,0.000000
0.000000,27.538116,0.761487,0.540510,0.000000,0.000000,0.000000
0.000000,27.469564,0.762541,0.539935,0.000000,0.000000,0.000000
0.000000,27.365337,0.763020,0.539073,0.000000,0.000000,0.000000
0.000000,27.365337,0.764170,0.538498,0.000000,0.000000,0.000000
0.000000,27.295721,0.764745,0.537252,0.000000,0.000000,0.000000
0.000000,27.295721,0.765799,0.536677,0.000000,0.000000,0.000000
0.000000,27.194336,0.766278,0.535431,0.000000,0.000000,0.000000
0.000000,27.127972,0.767428,0.534857,0.000000,0.000000,0.000000
0.000000,27.127972,0.767907,0.533611,0.000000,0.000000,0.000000
0.000000,27.030024,0.768865,0.533036,0.000000,0.000000,0.000000
0.000000,27.030024,0.769440,0.531790,0.000000,0.000000,0.000000
0.000000,26.966640,0.770590,0.531215,0.000000,0.000000,0.000000
0.000000,26.872923,0.771069,0.530161,0.000000,0.000000,0.000000
0.000000,26.872923,0.772315,0.529490,0.000000,0.000000,0.000000
0.000000,26.811062,0.772986,0.528436,0.000000,0.000000,0.000000
0.000000,26.811062,0.774136,0.527957,0.000000,0.000000,0.000000
0.000000,26.716583,0.774711,0.526711,0.000000,0.000000,0.000000
0.000000,26.652079,0.776148,0.526136,0.000000,0.000000,0.000000
0.000000,26.652079,0.776723,0.525082,0.000000,0.000000,0.000000
0.000000,26.553795,0.778065,0.524411,0.000000,0.000000,0.000000
0.000000,26.553795,0.778735,0.523357,0.000000,0.000000,0.000000
0.000000,26.486156,0.779694,0.522878,0.000000,0.000000,0.000000
0.000000,26.382708,0.780269,0.521824,0.000000,0.000000,0.000000
0.000000,26.382708,0.781514,0.521249,0.000000,0.000000,0.000000
0.000000,26.312052,0.781993,0.520003,0.000000,0.000000,0.000000
0.000000,26.312052,0.783047,0.519428,0.000000,0.000000,0.000000
0.000000,26.208120,0.783623,0.518087,0.000000,0.000000,0.000000
0.000000,26.140268,0.784677,0.517416,0.000000,0.000000,0.000000
0.000000,26.140268,0.785156,0.516170,0.000000,0.000000,0.000000
0.000000,26.041128,0.786210,0.515500,0.000000,0.000000,0.000000
0.000000,26.041128,0.786785,0.514158,0.000000,0.000000,0.000000
0.000000,25.976286,0.787935,0.513583,0.000000,0.000000,0.000000
0.000000,25.880651,0.788605,0.512433,0.000000,0.000000,0.000000
0.000000,25.880651,0.789947,0.511954,0.000000,0.000000,0.000000
0.000000,25.818092,0.790522,0.511091,0.000000,0.000000,0.000000
0.000000,25.818092,0.791864,0.510612,0.000000,0.000000,0.000000
0.000000,25.721670,0.792630,0.509367,0.000000,0.000000,0.000000
0.000000,25.654238,0.793780,0.508888,0.000000,0.000000,0.000000
0.000000,25.654238,0.794451,0.507737,0.000000,0.000000,0.000000
0.000000,25.548912,0.795793,0.507163,0.000000,0.000000,0.000000
0.000000,25.548912,0.796367,0.506109,0.000000,0.000000,0.000000
0.000000,25.476707,0.797613,0.505629,0.000000,0.000000,0.000000
0.000000,25.367157,0.798188,0.504288,0.000000,0.000000,0.000000
0.000000,25.367157,0.799242,0.503617,0.000000,0.000000,0.000000
0.000000,25.294186,0.799817,0.502371,0.000000,0.000000,0.000000
0.000000,25.294186,0.800967,0.501605,0.000000,0.000000,0.000000
0.000000,25.187094,0.801446,0.500263,0.000000,0.000000,0.000000
0.000000,25.116953,0.802596,0.499592,0.000000,0.000000,0.000000
0.000000,25.116953,0.803171,0.498155,0.000000,0.000000,0.000000
0.000000,25.014648,0.804321,0.497580,0.000000,0.000000,0.000000
0.000000,25.014648,0.804896,0.496238,0.000000,0.000000,0.000000
0.000000,24.948435,0.806142,0.495663,0.000000,0.000000,0.000000
0.000000,24.850573,0.806717,0.494609,0.000000,0.000000,0.000000
0.000000,24.850573,0.807963,0.494035,0.000000,0.000000,0.000000
0.000000,24.784546,0.808729,0.492885,0.000000,0.000000,0.000000
0.000000,24.784546,0.809975,0.492405,0.000000,0.000000,0.000000
0.000000,24.684431,0.810646,0.491447,0.000000,0.000000,0.000000
0.000000,24.615719,0.811987,0.490872,0.000000,0.000000,0.000000
0.000000,24.615719,0.812562,0.489818,0.000000,0.000000,0.000000
0.000000,24.509090,0.813808,0.489339,0.000000,0.000000,0.000000
0.000000,24.509090,0.814479,0.488189,0.000000,0.000000,0.000000
0.000000,24.436060,0.815533,0.487518,0.000000,0.000000,0.000000
0.000000,24.327734,0.816108,0.486176,0.000000,0.000000,0.000000
0.000000,24.327734,0.817353,0.485506,0.000000,0.000000,0.000000
0.000000,24.255981,0.817832,0.484068,0.000000,0.000000,0.000000
0.000000,24.255981,0.818887,0.483398,0.000000,0.000000,0.000000
0.000000,24.150467,0.819462,0.481864,0.000000,0.000000,0.000000
0.000000,24.081696,0.820611,0.481098,0.000000,0.000000,0.000000
0.000000,24.081696,0.821187,0.479756,0.000000,0.000000,0.000000
0.000000,23.981270,0.822528,0.479181,0.000000,0.000000,0.000000
0.000000,23.981270,0.823103,0.478127,0.000000,0.000000,0.000000
0.000000,23.915909,0.824349,0.477552,0.000000,0.000000,0.000000
0.000000,23.816935,0.825020,0.476402,0.000000,0.000000,0.000000
0.000000,23.816935,0.826361,0.475923,0.000000,0.000000,0.000000
0.000000,23.749290,0.826936,0.474965,0.000000,0.000000,0.000000
0.000000,23.749290,0.828278,0.474390,0.000000,0.000000,0.000000
0.000000,23.645538,0.828853,0.473432,0.000000,0.000000,0.000000
0.000000,23.574974,0.830003,0.473048,0.000000,0.000000,0.000000
0.000000,23.574974,0.830673,0.472090,0.000000,0.000000,0.000000
0.000000,23.467936,0.831919,0.471419,0.000000,0.000000,0.000000
0.000000,23.467936,0.832398,0.470174,0.000000,0.000000,0.000000
0.000000,23.396763,0.833644,0.469503,0.000000,0.000000,0.000000
0.000000,23.291862,0.834219,0.468065,0.000000,0.000000,0.000000
0.000000,23.291862,0.835273,0.467395,0.000000,0.000000,0.000000
0.000000,23.222786,0.835848,0.465957,0.000000,0.000000,0.000000
0.000000,23.222786,0.837094,0.465191,0.000000,0.000000,0.000000
0.000000,23.121298,0.837573,0.463849,0.000000,0.000000,0.000000
0.000000,23.054354,0.838915,0.463178,0.000000,0.000000,0.000000
0.000000,23.054354,0.839585,0.461932,0.000000,0.000000,0.000000
0.000000,22.953573,0.840735,0.461453,0.000000,0.000000,0.000000
0.000000,22.953573,0.841502,0.460112,0.000000,0.000000,0.000000
0.000000,22.884499,0.842844,0.459537,0.000000,0.000000,0.000000
0.000000,22.779161,0.843418,0.458483,0.000000,0.000000,0.000000
0.000000,22.779161,0.844856,0.457908,0.000000,0.000000,0.000000
0.000000,22.706526,0.845526,0.456758,0.000000,0.000000,0.000000
0.000000,22.706526,0.846676,0.456279,0.000000,0.000000,0.000000
0.000000,22.595442,0.847347,0.455320,0.000000,0.000000,0.000000
0.000000,22.519947,0.848593,0.454650,0.000000,0.000000,0.000000
0.000000,22.519947,0.849072,0.453500,0.000000,0.000000,0.000000
0.000000,22.408426,0.850318,0.452925,0.000000,0.000000,0.000000
0.000000,22.408426,0.850893,0.451487,0.000000,0.000000,0.000000
0.000000,22.334209,0.852043,0.450817,0.000000,0.000000,0.000000
0.000000,22.225489,0.852618,0.449379,0.000000,0.000000,0.000000
0.000000,22.225489,0.853959,0.448613,0.000000,0.000000,0.000000
0.000000,22.154680,0.854534,0.447175,0.000000,0.000000,0.000000
0.000000,22.154680,0.855972,0.446409,0.000000,0.000000,0.000000
0.000000,22.049685,0.856642,0.445163,0.000000,0.000000,0.000000
0.000000,21.979212,0.857888,0.444588,0.000000,0.000000,0.000000
0.000000,21.979212,0.858655,0.443342,0.000000,0.000000,0.000000
0.000000,21.871441,0.859900,0.442671,0.000000,0.000000,0.000000
0.000000,21.871441,0.860571,0.441617,0.000000,0.000000,0.000000
0.000000,21.797865,0.861913,0.441042,0.000000,0.000000,0.000000
0.000000,21.687376,0.862488,0.439988,0.000000,0.000000,0.000000
0.000000,21.687376,0.863638,0.439413,0.000000,0.000000,0.000000
0.000000,21.613649,0.864309,0.438167,0.000000,0.000000,0.000000
0.000000,21.613649,0.865458,0.437497,0.000000,0.000000,0.000000
0.000000,21.503992,0.866033,0.436251,0.000000,0.000000,0.000000
0.000000,21.432640,0.867279,0.435580,0.000000,0.000000,0.000000
0.000000,21.432640,0.867854,0.434335,0.000000,0.000000,0.000000
0.000000,21.327919,0.868908,0.433759,0.000000,0.000000,0.000000
0.000000,21.327919,0.869483,0.432322,0.000000,0.000000,0.000000
0.000000,21.259483,0.870729,0.431651,0.000000,0.000000,0.000000
0.000000,21.158546,0.871304,0.430406,0.000000,0.000000,0.000000
0.000000,21.158546,0.872645,0.429734,0.000000,0.000000,0.000000
0.000000,21.093279,0.873316,0.428489,0.000000,0.000000,0.000000
0.000000,21.093279,0.874562,0.427914,0.000000,0.000000,0.000000
0.000000,20.993996,0.875328,0.426572,0.000000,0.000000,0.000000
0.000000,20.926046,0.876671,0.425902,0.000000,0.000000,0.000000
0.000000,20.926046,0.877341,0.424752,0.000000,0.000000,0.000000
0.000000,20.820236,0.878683,0.424177,0.000000,0.000000,0.000000
0.000000,20.820236,0.879258,0.423123,0.000000,0.000000,0.000000
0.000000,20.747326,0.880408,0.422643,0.000000,0.000000,0.000000
0.000000,20.637121,0.881078,0.421398,0.000000,0.000000,0.000000
0.000000,20.637121,0.882228,0.420823,0.000000,0.000000,0.000000
0.000000,20.563852,0.882707,0.419577,0.000000,0.000000,0.000000
0.000000,20.563852,0.883857,0.418906,0.000000,0.000000,0.000000
0.000000,20.456369,0.884336,0.417660,0.000000,0.000000,0.000000
0.000000,20.386265,0.885391,0.416990,0.000000,0.000000,0.000000
0.000000,20.386265,0.885966,0.415648,0.000000,0.000000,0.000000
0.000000,20.283928,0.887211,0.414978,0.000000,0.000000,0.000000
0.000000,20.283928,0.887786,0.413732,0.000000,0.000000,0.000000
0.000000,20.217962,0.889127,0.413061,0.000000,0.000000,0.000000
0.000000,20.120613,0.889703,0.412007,0.000000,0.000000,0.000000
0.000000,20.120613,0.890949,0.411432,0.000000,0.000000,0.000000
0.000000,20.054615,0.891715,0.410282,0.000000,0.000000,0.000000
0.000000,20.054615,0.893057,0.409707,0.000000,0.000000,0.000000
0.000000,19.954582,0.893632,0.408653,0.000000,0.000000,0.000000
0.000000,19.885387,0.894973,0.407982,0.000000,0.000000,0.000000
0.000000,19.885387,0.895644,0.406832,0.000000,0.000000,0.000000
0.000000,19.779465,0.896602,0.406353,0.000000,0.000000,0.000000
0.000000,19.779465,0.897273,0.405203,0.000000,0.000000,0.000000
0.000000,19.707069,0.898327,0.404532,0.000000,0.000000,0.000000
0.000000,19.599966,0.898902,0.403286,0.000000,0.000000,0.000000
0.000000,19.599966,0.900052,0.402616,0.000000,0.000000,0.000000
0.000000,19.530102,0.900627,0.401274,0.000000,0.000000,0.000000
0.000000,19.530102,0.901585,0.400699,0.000000,0.000000,0.000000
0.000000,19.427544,0.902160,0.399262,0.000000,0.000000,0.000000
0.000000,19.360571,0.903310,0.398591,0.000000,0.000000,0.000000
0.000000,19.360571,0.903789,0.397345,0.000000,0.000000,0.000000
0.000000,19.261595,0.905035,0.396770,0.000000,0.000000,0.000000
0.000000,19.261595,0.905706,0.395716,0.000000,0.000000,0.000000
0.000000,19.197884,0.906952,0.395237,0.000000,0.000000,0.000000
0.000000,19.101433,0.907527,0.394183,0.000000,0.000000,0.000000
0.000000,19.101433,0.908964,0.393512,0.000000,0.000000,0.000000
0.000000,19.035923,0.909635,0.392458,0.000000,0.000000,0.000000
0.000000,19.035923,0.910976,0.391883,0.000000,0.000000,0.000000
0.000000,18.934877,0.911647,0.390733,0.000000,0.000000,0.000000
0.000000,18.866171,0.912797,0.390158,0.000000,0.000000,0.000000
0.000000,18.866171,0.913372,0.389200,0.000000,0.000000,0.000000
0.000000,18.761333,0.914618,0.388529,0.000000,0.000000,0.000000
0.000000,18.761333,0.915193,0.387188,0.000000,0.000000,0.000000
0.000000,18.690248,0.916247,0.386613,0.000000,0.000000,0.000000
0.000000,18.584869,0.916822,0.385271,0.000000,0.000000,0.000000
0.000000,18.584869,0.917876,0.384600,0.000000,0.000000,0.000000
0.000000,18.515884,0.918355,0.383259,0.000000,0.000000,0.000000
0.000000,18.515884,0.919505,0.382492,0.000000,0.000000,0.000000
0.000000,18.416044,0.920175,0.381246,0.000000,0.000000,0.000000
0.000000,18.351570,0.921230,0.380575,0.000000,0.000000,0.000000
0.000000,18.351570,0.921805,0.379330,0.000000,0.000000,0.000000
0.000000,18.256630,0.923146,0.378851,0.000000,0.000000,0.000000
0.000000,18.256630,0.923625,0.377892,0.000000,0.000000,0.000000
0.000000,18.192942,0.924967,0.377317,0.000000,0.000000,0.000000
0.000000,18.096090,0.925733,0.376359,0.000000,0.000000,0.000000
0.000000,18.096090,0.926788,0.375976,0.000000,0.000000,0.000000
0.000000,18.029358,0.927458,0.375018,0.000000,0.000000,0.000000
0.000000,18.029358,0.928704,0.374538,0.000000,0.000000,0.000000
0.000000,17.927341,0.929183,0.373484,0.000000,0.000000,0.000000
0.000000,17.857597,0.930333,0.373005,0.000000,0.000000,0.000000
0.000000,17.857597,0.931004,0.371855,0.000000,0.000000,0.000000
0.000000,17.753969,0.932058,0.371185,0.000000,0.000000,0.000000
0.000000,17.753969,0.932537,0.369843,0.000000,0.000000,0.000000
0.000000,17.686146,0.933783,0.369172,0.000000,0.000000,0.000000
0.000000,17.586346,0.934262,0.367831,0.000000,0.000000,0.000000
0.000000,17.586346,0.935220,0.367160,0.000000,0.000000,0.000000
0.000000,17.520294,0.935795,0.365722,0.000000,0.000000,0.000000
0.000000,17.520294,0.936849,0.365052,0.000000,0.000000,0.000000
0.000000,17.422989,0.937328,0.363806,0.000000,0.000000,0.000000
0.000000,17.360073,0.938575,0.363135,0.000000,0.000000,0.000000
0.000000,17.360073,0.939245,0.362177,0.000000,0.000000,0.000000
0.000000,17.266390,0.940395,0.361602,0.000000,0.000000,0.000000
0.000000,17.266390,0.940970,0.360452,0.000000,0.000000,0.000000
0.000000,17.202587,0.942312,0.359877,0.000000,0.000000,0.000000
0.000000,17.105307,0.942887,0.358919,0.000000,0.000000,0.000000
0.000000,17.105307,0.944132,0.358440,0.000000,0.000000,0.000000
0.000000,17.038580,0.944803,0.357386,0.000000,0.000000,0.000000
0.000000,17.038580,0.945953,0.357002,0.000000,0.000000,0.000000
0.000000,16.937214,0.946528,0.356236,0.000000,0.000000,0.000000
0.000000,16.867142,0.947774,0.355661,0.000000,0.000000,0.000000
0.000000,16.867142,0.948253,0.354415,0.000000,0.000000,0.000000
0.000000,16.762028,0.949403,0.353840,0.000000,0.000000,0.000000
0.000000,16.762028,0.950073,0.352499,0.000000,0.000000,0.000000
0.000000,16.690910,0.951128,0.351732,0.000000,0.000000,0.000000
0.000000,16.585146,0.951702,0.350390,0.000000,0.000000,0.000000
0.000000,16.585146,0.952948,0.349528,0.000000,0.000000,0.000000
0.000000,16.515400,0.953619,0.348090,0.000000,0.000000,0.000000
0.000000,16.515400,0.954769,0.347324,0.000000,0.000000,0.000000
0.000000,16.411938,0.955536,0.345982,0.000000,0.000000,0.000000
0.000000,16.342747,0.956877,0.345407,0.000000,0.000000,0.000000
0.000000,16.342747,0.957548,0.344162,0.000000,0.000000,0.000000
0.000000,16.236204,0.959081,0.343491,0.000000,0.000000,0.000000
0.000000,16.236204,0.959752,0.342437,0.000000,0.000000,0.000000
0.000000,16.161402,0.961093,0.341862,0.000000,0.000000,0.000000
0.000000,16.047903,0.961860,0.340616,0.000000,0.000000,0.000000
0.000000,16.047903,0.963106,0.340137,0.000000,0.000000,0.000000
0.000000,15.968076,0.963872,0.338987,0.000000,0.000000,0.000000
0.000000,15.968076,0.965214,0.338316,0.000000,0.000000,0.000000
0.000000,15.846561,0.965884,0.336975,0.000000,0.000000,0.000000
0.000000,15.764208,0.967322,0.336303,0.000000,0.000000,0.000000
0.000000,15.764208,0.967993,0.334770,0.000000,0.000000,0.000000
0.000000,15.642605,0.969431,0.334100,0.000000,0.000000,0.000000
0.000000,15.642605,0.970197,0.332471,0.000000,0.000000,0.000000
0.000000,15.561542,0.971539,0.331704,0.000000,0.000000,0.000000
0.000000,15.440160,0.972401,0.330171,0.000000,0.000000,0.000000
0.000000,15.440160,0.973839,0.329404,0.000000,0.000000,0.000000
0.000000,15.356749,0.974605,0.327967,0.000000,0.000000,0.000000
0.000000,15.356749,0.976138,0.327296,0.000000,0.000000,0.000000
0.000000,15.231942,0.976905,0.325859,0.000000,0.000000,0.000000
0.000000,15.147471,0.978438,0.325188,0.000000,0.000000,0.000000
0.000000,15.147471,0.979205,0.323846,0.000000,0.000000,0.000000
0.000000,15.019617,0.980642,0.323271,0.000000,0.000000,0.000000
0.000000,15.019617,0.981313,0.321834,0.000000,0.000000,0.000000
0.000000,14.932558,0.982558,0.321163,0.000000,0.000000,0.000000
0.000000,14.804471,0.983421,0.319821,0.000000,0.000000,0.000000
0.000000,14.804471,0.984667,0.319055,0.000000,0.000000,0.000000
0.000000,14.721015,0.985337,0.317617,0.000000,0.000000,0.000000
0.000000,14.721015,0.986775,0.316851,0.000000,0.000000,0.000000
0.000000,14.597490,0.987446,0.315222,0.000000,0.000000,0.000000
0.000000,14.516126,0.988883,0.314551,0.000000,0.000000,0.000000
0.000000,14.516126,0.989650,0.313018,0.000000,0.000000,0.000000
0.000000,14.397492,0.991087,0.312347,0.000000,0.000000,0.000000
0.000000,14.397492,0.991854,0.310814,0.000000,0.000000,0.000000
0.000000,14.318986,0.993291,0.310143,0.000000,0.000000,0.000000
0.000000,14.198943,0.993962,0.308801,0.000000,0.000000,0.000000
0.000000,14.198943,0.995303,0.308131,0.000000,0.000000,0.000000
0.000000,14.117871,0.995878,0.306885,0.000000,0.000000,0.000000
0.000000,14.117871,0.997316,0.306310,0.000000,0.000000,0.000000
0.000000,13.997643,0.997987,0.304968,0.000000,0.000000,0.000000
0.000000,13.919690,0.999232,0.304297,0.000000,0.000000,0.000000
0.000000,13.919690,0.999903,0.302860,0.000000,0.000000,0.000000
0.000000,13.804598,1.001054,0.302189,0.000000,0.000000,0.000000
0.000000,13.804598,1.001628,0.300752,0.000000,0.000000,0.000000
0.000000,13.728457,1.002970,0.300081,0.000000,0.000000,0.000000
0.000000,13.618123,1.003641,0.298740,0.000000,0.000000,0.000000
0.000000,13.618123,1.004886,0.298069,0.000000,0.000000,0.000000
0.000000,13.547830,1.005557,0.296727,0.000000,0.000000,0.000000
0.000000,13.547830,1.006899,0.296152,0.000000,0.000000,0.000000
0.000000,13.441998,1.007570,0.294907,0.000000,0.000000,0.000000
0.000000,13.370573,1.009103,0.294236,0.000000,0.000000,0.000000
0.000000,13.370573,1.009773,0.292990,0.000000,0.000000,0.000000
0.000000,13.263000,1.011211,0.292319,0.000000,0.000000,0.000000
0.000000,13.263000,1.011977,0.291074,0.000000,0.000000,0.000000
0.000000,13.187587,1.013128,0.290499,0.000000,0.000000,0.000000
0.000000,13.070327,1.013798,0.289349,0.000000,0.000000,0.000000
0.000000,13.070327,1.015044,0.288678,0.000000,0.000000,0.000000
0.000000,12.991448,1.015619,0.287432,0.000000,0.000000,0.000000
0.000000,12.991448,1.016960,0.286761,0.000000,0.000000,0.000000
0.000000,12.875685,1.017535,0.285228,0.000000,0.000000,0.000000
0.000000,12.798169,1.018685,0.284557,0.000000,0.000000,0.000000
0.000000,12.798169,1.019260,0.283120,0.000000,0.000000,0.000000
0.000000,12.685395,1.020506,0.282353,0.000000,0.000000,0.000000
0.000000,12.685395,1.021081,0.281012,0.000000,0.000000,0.000000
0.000000,12.613425,1.022518,0.280245,0.000000,0.000000,0.000000
0.000000,12.506749,1.023189,0.279191,0.000000,0.000000,0.000000
0.000000,12.506749,1.024531,0.278616,0.000000,0.000000,0.000000
0.000000,12.434683,1.025297,0.277370,0.000000,0.000000,0.000000
0.000000,12.434683,1.026543,0.276795,0.000000,0.000000,0.000000
0.000000,12.325701,1.027310,0.275550,0.000000,0.000000,0.000000
0.000000,12.251413,1.028651,0.274879,0.000000,0.000000,0.000000
0.000000,12.251413,1.029322,0.273729,0.000000,0.000000,0.000000
0.000000,12.136546,1.030663,0.273154,0.000000,0.000000,0.000000
0.000000,12.136546,1.031334,0.271716,0.000000,0.000000,0.000000
0.000000,12.058332,1.032581,0.271046,0.000000,0.000000,0.000000
0.000000,11.942223,1.033251,0.269512,0.000000,0.000000,0.000000
0.000000,11.942223,1.034497,0.268842,0.000000,0.000000,0.000000
0.000000,11.862621,1.035072,0.267404,0.000000,0.000000,0.000000
0.000000,11.862621,1.036413,0.266542,0.000000,0.000000,0.000000
0.000000,11.744184,1.036988,0.265105,0.000000,0.000000,0.000000
0.000000,11.667097,1.038426,0.264338,0.000000,0.000000,0.000000
0.000000,11.667097,1.039192,0.262901,0.000000,0.000000,0.000000
0.000000,11.553470,1.040534,0.262326,0.000000,0.000000,0.000000
0.000000,11.553470,1.041301,0.261080,0.000000,0.000000,0.000000
0.000000,11.476473,1.042738,0.260409,0.000000,0.000000,0.000000
0.000000,11.360405,1.043504,0.259259,0.000000,0.000000,0.000000
0.000000,11.360405,1.045038,0.258588,0.000000,0.000000,0.000000
0.000000,11.281465,1.045708,0.257342,0.000000,0.000000,0.000000
0.000000,11.281465,1.047241,0.256768,0.000000,0.000000,0.000000
0.000000,11.159615,1.047912,0.255426,0.000000,0.000000,0.000000
0.000000,11.078057,1.049254,0.254755,0.000000,0.000000,0.000000
0.000000,11.078057,1.049925,0.253318,0.000000,0.000000,0.000000
0.000000,10.957472,1.051171,0.252455,0.000000,0.000000,0.000000
0.000000,10.957472,1.051841,0.251018,0.000000,0.000000,0.000000
0.000000,10.876061,1.053183,0.250251,0.000000,0.000000,0.000000
0.000000,10.757607,1.053758,0.248622,0.000000,0.000000,0.000000
0.000000,10.757607,1.055195,0.247856,0.000000,0.000000,0.000000
0.000000,10.681288,1.055866,0.246418,0.000000,0.000000,0.000000
0.000000,10.681288,1.057112,0.245843,0.000000,0.000000,0.000000
0.000000,10.567655,1.057878,0.244502,0.000000,0.000000,0.000000
0.000000,10.493442,1.059220,0.243831,0.000000,0.000000,0.000000
0.000000,10.493442,1.059891,0.242681,0.000000,0.000000,0.000000
0.000000,10.380954,1.061328,0.242106,0.000000,0.000000,0.000000
0.000000,10.380954,1.061903,0.240956,0.000000,0.000000,0.000000
0.000000,10.304399,1.063149,0.240477,0.000000,0.000000,0.000000
0.000000,10.190747,1.063820,0.239423,0.000000,0.000000,0.000000
0.000000,10.190747,1.065066,0.238656,0.000000,0.000000,0.000000
0.000000,10.115019,1.065737,0.237315,0.000000,0.000000,0.000000
0.000000,10.115019,1.066982,0.236644,0.000000,0.000000,0.000000
0.000000,10.001035,1.067557,0.235111,0.000000,0.000000,0.000000
0.000000,9.927343,1.068803,0.234344,0.000000,0.000000,0.000000
0.000000,9.927343,1.069474,0.232811,0.000000,0.000000,0.000000
0.000000,9.817445,1.070624,0.232044,0.000000,0.000000,0.000000
0.000000,9.817445,1.071198,0.230607,0.000000,0.000000,0.000000
0.000000,9.744719,1.072540,0.229936,0.000000,0.000000,0.000000
0.000000,9.637405,1.073115,0.228690,0.000000,0.000000,0.000000
0.000000,9.637405,1.074552,0.228020,0.000000,0.000000,0.000000
0.000000,9.565914,1.075319,0.226678,0.000000,0.000000,0.000000
0.000000,9.565914,1.076660,0.226199,0.000000,0.000000,0.000000
0.000000,9.455508,1.077331,0.224953,0.000000,0.000000,0.000000
0.000000,9.380635,1.078673,0.224282,0.000000,0.000000,0.000000
0.000000,9.380635,1.079344,0.223324,0.000000,0.000000,0.000000
0.000000,9.266025,1.080685,0.222749,0.000000,0.000000,0.000000
0.000000,9.266025,1.081260,0.221503,0.000000,0.000000,0.000000
0.000000,9.188519,1.082506,0.220928,0.000000,0.000000,0.000000
0.000000,9.075098,1.083176,0.219587,0.000000,0.000000,0.000000
0.000000,9.075098,1.084327,0.218820,0.000000,0.000000,0.000000
0.000000,8.999443,1.084997,0.217479,0.000000,0.000000,0.000000
0.000000,8.999443,1.086339,0.216712,0.000000,0.000000,0.000000
0.000000,8.888908,1.086914,0.215179,0.000000,0.000000,0.000000
0.000000,8.817430,1.088255,0.214412,0.000000,0.000000,0.000000
0.000000,8.817430,1.088926,0.212975,0.000000,0.000000,0.000000
0.000000,8.709645,1.090267,0.212400,0.000000,0.000000,0.000000
0.000000,8.709645,1.090938,0.211154,0.000000,0.000000,0.000000
0.000000,8.637742,1.092280,0.210483,0.000000,0.000000,0.000000
0.000000,8.528076,1.092855,0.209333,0.000000,0.000000,0.000000
0.000000,8.528076,1.094292,0.208663,0.000000,0.000000,0.000000
0.000000,8.452825,1.094868,0.207513,0.000000,0.000000,0.000000
0.000000,8.452825,1.096113,0.207033,0.000000,0.000000,0.000000
0.000000,8.340359,1.096784,0.205884,0.000000,0.000000,0.000000
0.000000,8.265541,1.097934,0.205117,0.000000,0.000000,0.000000
0.000000,8.265541,1.098605,0.203871,0.000000,0.000000,0.000000
0.000000,8.153554,1.099946,0.203200,0.000000,0.000000,0.000000
0.000000,8.153554,1.100425,0.201859,0.000000,0.000000,0.000000
0.000000,8.080592,1.101576,0.201284,0.000000,0.000000,0.000000
0.000000,7.973756,1.102246,0.199847,0.000000,0.000000,0.000000
0.000000,7.973756,1.103396,0.199176,0.000000,0.000000,0.000000
0.000000,7.902280,1.103971,0.197834,0.000000,0.000000,0.000000
0.000000,7.902280,1.105313,0.197163,0.000000,0.000000,0.000000
0.000000,7.798483,1.105983,0.195918,0.000000,0.000000,0.000000
0.000000,7.729851,1.107325,0.195343,0.000000,0.000000,0.000000
0.000000,7.729851,1.107996,0.193905,0.000000,0.000000,0.000000
0.000000,7.625097,1.109338,0.193330,0.000000,0.000000,0.000000
0.000000,7.625097,1.110008,0.192085,0.000000,0.000000,0.000000
0.000000,7.553651,1.111254,0.191509,0.000000,0.000000,0.000000
0.000000,7.443552,1.111829,0.190455,0.000000,0.000000,0.000000
0.000000,7.443552,1.113170,0.189976,0.000000,0.000000,0.000000
0.000000,7.368781,1.113745,0.188731,0.000000,0.000000,0.000000
0.000000,7.368781,1.114895,0.188060,0.000000,0.000000,0.000000
0.000000,7.257311,1.115470,0.186814,0.000000,0.000000,0.000000
0.000000,7.183822,1.116620,0.186048,0.000000,0.000000,0.000000
0.000000,7.183822,1.117099,0.184802,0.000000,0.000000,0.000000
0.000000,7.076745,1.118249,0.184131,0.000000,0.000000,0.000000
0.000000,7.076745,1.118920,0.182694,0.000000,0.000000,0.000000
0.000000,7.006540,1.120070,0.182119,0.000000,0.000000,0.000000
0.000000,6.905118,1.120645,0.180777,0.000000,0.000000,0.000000
0.000000,6.905118,1.121986,0.180202,0.000000,0.000000,0.000000
0.000000,6.838635,1.122561,0.179052,0.000000,0.000000,0.000000
0.000000,6.838635,1.123903,0.178477,0.000000,0.000000,0.000000
0.000000,6.736336,1.124669,0.177231,0.000000,0.000000,0.000000
0.000000,6.668612,1.125820,0.176656,0.000000,0.000000,0.000000
0.000000,6.668612,1.126490,0.175507,0.000000,0.000000,0.000000
0.000000,6.565432,1.127832,0.174836,0.000000,0.000000,0.000000
0.000000,6.565432,1.128407,0.173782,0.000000,0.000000,0.000000
0.000000,6.493956,1.129557,0.173302,0.000000,0.000000,0.000000
0.000000,6.386240,1.130132,0.171961,0.000000,0.000000,0.000000
0.000000,6.386240,1.131186,0.171386,0.000000,0.000000,0.000000
0.000000,6.313970,1.131857,0.170044,0.000000,0.000000,0.000000
0.000000,6.313970,1.133007,0.169278,0.000000,0.000000,0.000000
0.000000,6.208719,1.133581,0.168032,0.000000,0.000000,0.000000
0.000000,6.140047,1.134636,0.167361,0.000000,0.000000,0.000000
0.000000,6.140047,1.135211,0.166020,0.000000,0.000000,0.000000
0.000000,6.039199,1.136265,0.165445,0.000000,0.000000,0.000000
0.000000,6.039199,1.136840,0.164199,0.000000,0.000000,0.000000
0.000000,5.973564,1.138181,0.163624,0.000000,0.000000,0.000000
0.000000,5.877223,1.138756,0.162666,0.000000,0.000000,0.000000
0.000000,5.877223,1.140002,0.162282,0.000000,0.000000,0.000000
0.000000,5.812863,1.140672,0.161037,0.000000,0.000000,0.000000
0.000000,5.812863,1.142014,0.160462,0.000000,0.000000,0.000000
0.000000,5.713187,1.142589,0.159503,0.000000,0.000000,0.000000
0.000000,5.645052,1.143931,0.158833,0.000000,0.000000,0.000000
0.000000,5.645052,1.144506,0.157779,0.000000,0.000000,0.000000
0.000000,5.539896,1.145751,0.157300,0.000000,0.000000,0.000000
0.000000,5.539896,1.146326,0.156245,0.000000,0.000000,0.000000
0.000000,5.468534,1.147381,0.155575,0.000000,0.000000,0.000000
0.000000,5.362316,1.147859,0.154425,0.000000,0.000000,0.000000
0.000000,5.362316,1.149009,0.153754,0.000000,0.000000,0.000000
0.000000,5.292481,1.149489,0.152412,0.000000,0.000000,0.000000
0.000000,5.292481,1.150447,0.151742,0.000000,0.000000,0.000000
0.000000,5.190730,1.151022,0.150400,0.000000,0.000000,0.000000
0.000000,5.125066,1.152172,0.149633,0.000000,0.000000,0.000000
0.000000,5.125066,1.152651,0.148387,0.000000,0.000000,0.000000
0.000000,5.028931,1.153801,0.147717,0.000000,0.000000,0.000000
0.000000,5.028931,1.154376,0.146567,0.000000,0.000000,0.000000
0.000000,4.967017,1.155525,0.146088,0.000000,0.000000,0.000000
0.000000,4.873722,1.156101,0.145034,0.000000,0.000000,0.000000
0.000000,4.873722,1.157442,0.144459,0.000000,0.000000,0.000000
0.000000,4.811655,1.158017,0.143596,0.000000,0.000000,0.000000
0.000000,4.811655,1.159263,0.143213,0.000000,0.000000,0.000000
0.000000,4.715416,1.159934,0.142159,0.000000,0.000000,0.000000
0.000000,4.648193,1.161084,0.141584,0.000000,0.000000,0.000000
0.000000,4.648193,1.161659,0.140626,0.000000,0.000000,0.000000
0.000000,4.543266,1.162905,0.140146,0.000000,0.000000,0.000000
0.000000,4.543266,1.163480,0.138805,0.000000,0.000000,0.000000
0.000000,4.471839,1.164534,0.138230,0.000000,0.000000,0.000000
0.000000,4.365752,1.165204,0.136889,0.000000,0.000000,0.000000
0.000000,4.365752,1.166354,0.136122,0.000000,0.000000,0.000000
0.000000,4.294754,1.166834,0.134780,0.000000,0.000000,0.000000
0.000000,4.294754,1.167983,0.134014,0.000000,0.000000,0.000000
0.000000,4.191046,1.168558,0.132576,0.000000,0.000000,0.000000
0.000000,4.123524,1.169708,0.132001,0.000000,0.000000,0.000000
0.000000,4.123524,1.170283,0.130660,0.000000,0.000000,0.000000
0.000000,4.025298,1.171625,0.130085,0.000000,0.000000,0.000000
0.000000,4.025298,1.172199,0.129030,0.000000,0.000000,0.000000
0.000000,3.960331,1.173445,0.128360,0.000000,0.000000,0.000000
0.000000,3.861409,1.174116,0.127210,0.000000,0.000000,0.000000
0.000000,3.861409,1.175362,0.126731,0.000000,0.000000,0.000000
0.000000,3.793888,1.176033,0.125677,0.000000,0.000000,0.000000
0.000000,3.793888,1.177374,0.125198,0.000000,0.000000,0.000000
0.000000,3.691273,1.177949,0.124335,0.000000,0.000000,0.000000
0.000000,3.620820,1.179195,0.123952,0.000000,0.000000,0.000000
0.000000,3.620820,1.179866,0.122993,0.000000,0.000000,0.000000
0.000000,3.513530,1.180920,0.122323,0.000000,0.000000,0.000000
0.000000,3.513530,1.181494,0.121077,0.000000,0.000000,0.000000
0.000000,3.441244,1.182740,0.120406,0.000000,0.000000,0.000000
0.000000,3.335374,1.183316,0.119065,0.000000,0.000000,0.000000
0.000000,3.335374,1.184369,0.118394,0.000000,0.000000,0.000000
0.000000,3.265520,1.184944,0.116765,0.000000,0.000000,0.000000
0.000000,3.265520,1.186095,0.115998,0.000000,0.000000,0.000000
0.000000,3.163436,1.186669,0.114656,0.000000,0.000000,0.000000
0.000000,3.096811,1.188011,0.113986,0.000000,0.000000,0.000000
0.000000,3.096811,1.188586,0.112836,0.000000,0.000000,0.000000
0.000000,2.998143,1.189736,0.112357,0.000000,0.000000,0.000000
0.000000,2.998143,1.190407,0.111111,0.000000,0.000000,0.000000
0.000000,2.931793,1.191653,0.110536,0.000000,0.000000,0.000000
0.000000,2.830073,1.192228,0.109578,0.000000,0.000000,0.000000
0.000000,2.830073,1.193569,0.109003,0.000000,0.000000,0.000000
0.000000,2.760341,1.194144,0.107949,0.000000,0.000000,0.000000
0.000000,2.760341,1.195198,0.107470,0.000000,0.000000,0.000000
0.000000,2.654099,1.195773,0.106511,0.000000,0.000000,0.000000
0.000000,2.582536,1.197019,0.105841,0.000000,0.000000,0.000000
0.000000,2.582536,1.197498,0.104691,0.000000,0.000000,0.000000
0.000000,2.476999,1.198744,0.104020,0.000000,0.000000,0.000000
0.000000,2.476999,1.199319,0.102678,0.000000,0.000000,0.000000
0.000000,2.407374,1.200373,0.102007,0.000000,0.000000,0.000000
0.000000,2.304891,1.200948,0.100666,0.000000,0.000000,0.000000
0.000000,2.304891,1.202098,0.099995,0.000000,0.000000,0.000000
0.000000,2.237484,1.202769,0.098654,0.000000,0.000000,0.000000
0.000000,2.237484,1.204014,0.097887,0.000000,0.000000,0.000000
0.000000,2.137624,1.204685,0.096545,0.000000,0.000000,0.000000
0.000000,2.071715,1.205835,0.096066,0.000000,0.000000,0.000000
0.000000,2.071715,1.206506,0.094725,0.000000,0.000000,0.000000
0.000000,1.971013,1.207847,0.094150,0.000000,0.000000,0.000000
0.000000,1.971013,1.208422,0.093000,0.000000,0.000000,0.000000
0.000000,1.902453,1.209764,0.092425,0.000000,0.000000,0.000000
0.000000,1.797616,1.210434,0.091371,0.000000,0.000000,0.000000
0.000000,1.797616,1.211488,0.090892,0.000000,0.000000,0.000000
0.000000,1.727016,1.212064,0.089933,0.000000,0.000000,0.000000
0.000000,1.727016,1.213309,0.089263,0.000000,0.000000,0.000000
0.000000,1.621042,1.213788,0.088113,0.000000,0.000000,0.000000
0.000000,1.550924,1.214938,0.087538,0.000000,0.000000,0.000000
0.000000,1.550924,1.215513,0.086292,0.000000,0.000000,0.000000
0.000000,1.448817,1.216567,0.085717,0.000000,0.000000,0.000000
0.000000,1.448817,1.217046,0.084567,0.000000,0.000000,0.000000
0.000000,1.382344,1.218196,0.083896,0.000000,0.000000,0.000000
0.000000,1.285461,1.218771,0.082459,0.000000,0.000000,0.000000
0.000000,1.285461,1.219921,0.081884,0.000000,0.000000,0.000000
0.000000,1.222581,1.220592,0.080542,0.000000,0.000000,0.000000
0.000000,1.222581,1.221838,0.079967,0.000000,0.000000,0.000000
0.000000,1.129993,1.222509,0.078913,0.000000,0.000000,0.000000
0.000000,1.067876,1.223755,0.078338,0.000000,0.000000,0.000000
0.000000,1.067876,1.224521,0.077093,0.000000,0.000000,0.000000
0.000000,0.972037,1.225575,0.076613,0.000000,0.000000,0.000000
0.000000,0.972037,1.226246,0.075559,0.000000,0.000000,0.000000
0.000000,0.905628,1.227396,0.074984,0.000000,0.000000,0.000000
0.000000,0.803801,1.227875,0.074122,0.000000,0.000000,0.000000
0.000000,0.803801,1.229025,0.073643,0.000000,0.000000,0.000000
0.000000,0.735812,1.229600,0.072397,0.000000,0.000000,0.000000
0.000000,0.735812,1.230558,0.071822,0.000000,0.000000,0.000000
0.000000,0.635853,1.231037,0.070672,0.000000,0.000000,0.000000
0.000000,0.570268,1.232187,0.070001,0.000000,0.000000,0.000000
0.000000,0.570268,1.232666,0.068756,0.000000,0.000000,0.000000
0.000000,0.472851,1.233625,0.068276,0.000000,0.000000,0.000000
0.000000,0.472851,1.234103,0.067031,0.000000,0.000000,0.000000
0.000000,0.410133,1.235254,0.066456,0.000000,0.000000,0.000000
0.000000,0.318281,1.235733,0.065402,0.000000,0.000000,0.000000
0.000000,0.318281,1.236787,0.064827,0.000000,0.000000,0.000000
0.000000,0.258396,1.237458,0.063677,0.000000,0.000000,0.000000
0.000000,0.258396,1.238608,0.063198,0.000000,0.000000,0.000000
0.000000,0.167926,1.239182,0.062239,0.000000,0.000000,0.000000
0.000000,0.107776,1.240428,0.061569,0.000000,0.000000,0.000000
0.000000,0.107776,1.241003,0.060419,0.000000,0.000000,0.000000
0.000000,0.014472,1.242249,0.059940,0.000000,0.000000,0.000000
0.000000,0.014472,1.242920,0.058790,0.000000,0.000000,0.000000
0.000000,-0.049696,1.244069,0.058311,0.000000,0.000000,0.000000
0.000000,-0.148758,1.244644,0.057352,0.000000,0.000000,0.000000
0.000000,-0.148758,1.245699,0.056873,0.000000,0.000000,0.000000
0.000000,-0.216639,1.246273,0.055723,0.000000,0.000000,0.000000
0.000000,-0.216639,1.247232,0.055148,0.000000,0.000000,0.000000
0.000000,-0.319082,1.247711,0.053998,0.000000,0.000000,0.000000
0.000000,-0.386840,1.248861,0.053423,0.000000,0.000000,0.000000
0.000000,-0.386840,1.249340,0.052082,0.000000,0.000000,0.000000
0.000000,-0.485393,1.250298,0.051507,0.000000,0.000000,0.000000
0.000000,-0.485393,1.250778,0.050165,0.000000,0.000000,0.000000
0.000000,-0.548758,1.251832,0.049495,0.000000,0.000000,0.000000
0.000000,-0.640953,1.252311,0.048345,0.000000,0.000000,0.000000
0.000000,-0.640953,1.253365,0.047865,0.000000,0.000000,0.000000
0.000000,-0.699254,1.254036,0.046907,0.000000,0.000000,0.000000
0.000000,-0.699254,1.255186,0.046524,0.000000,0.000000,0.000000
0.000000,-0.786497,1.255760,0.045661,0.000000,0.000000,0.000000
0.000000,-0.846260,1.256911,0.045086,0.000000,0.000000,0.000000
0.000000,-0.846260,1.257581,0.044032,0.000000,0.000000,0.000000
0.000000,-0.939780,1.258731,0.043553,0.000000,0.000000,0.000000
0.000000,-0.939780,1.259306,0.042499,0.000000,0.000000,0.000000
0.000000,-1.004141,1.260552,0.041924,0.000000,0.000000,0.000000
0.000000,-1.102995,1.261031,0.040966,0.000000,0.000000,0.000000
0.000000,-1.102995,1.262181,0.040487,0.000000,0.000000,0.000000
0.000000,-1.170530,1.262756,0.039241,0.000000,0.000000,0.000000
0.000000,-1.170530,1.263810,0.038666,0.000000,0.000000,0.000000
0.000000,-1.270504,1.264289,0.037420,0.000000,0.000000,0.000000
0.000000,-1.336242,1.265343,0.036749,0.000000,0.000000,0.000000
0.000000,-1.336242,1.265822,0.035504,0.000000,0.000000,0.000000
0.000000,-1.432317,1.266781,0.034929,0.000000,0.000000,0.000000
0.000000,-1.432317,1.267164,0.033587,0.000000,0.000000,0.000000
0.000000,-1.493879,1.268218,0.033012,0.000000,0.000000,0.000000
0.000000,-1.582153,1.268697,0.031958,0.000000,0.000000,0.000000
0.000000,-1.582153,1.269751,0.031383,0.000000,0.000000,0.000000
0.000000,-1.637658,1.270230,0.030329,0.000000,0.000000,0.000000
0.000000,-1.637658,1.271188,0.029946,0.000000,0.000000,0.000000
0.000000,-1.719363,1.271764,0.029083,0.000000,0.000000,0.000000
0.000000,-1.774505,1.272722,0.028604,0.000000,0.000000,0.000000
0.000000,-1.774505,1.273297,0.027742,0.000000,0.000000,0.000000
0.000000,-1.858755,1.274447,0.027359,0.000000,0.000000,0.000000
0.000000,-1.858755,1.274925,0.026688,0.000000,0.000000,0.000000
0.000000,-1.916157,1.275980,0.026209,0.000000,0.000000,0.000000
0.000000,-2.003482,1.276555,0.025250,0.000000,0.000000,0.000000
0.000000,-2.003482,1.277513,0.024867,0.000000,0.000000,0.000000
0.000000,-2.063785,1.277992,0.024101,0.000000,0.000000,0.000000
0.000000,-2.063785,1.278950,0.023717,0.000000,0.000000,0.000000
0.000000,-2.153318,1.279430,0.022759,0.000000,0.000000,0.000000
0.000000,-2.212705,1.280388,0.022184,0.000000,0.000000,0.000000
0.000000,-2.212705,1.280771,0.021130,0.000000,0.000000,0.000000
0.000000,-2.299479,1.281634,0.020555,0.000000,0.000000,0.000000
0.000000,-2.299479,1.282017,0.019309,0.000000,0.000000,0.000000
0.000000,-2.356914,1.282880,0.018830,0.000000,0.000000,0.000000
0.000000,-2.439791,1.283263,0.017680,0.000000,0.000000,0.000000
0.000000,-2.439791,1.283934,0.017009,0.000000,0.000000,0.000000
0.000000,-2.492436,1.284221,0.015955,0.000000,0.000000,0.000000
0.000000,-2.492436,1.285084,0.015476,0.000000,0.000000,0.000000
0.000000,-2.570560,1.285467,0.014518,0.000000,0.000000,0.000000
0.000000,-2.620068,1.286330,0.014134,0.000000,0.000000,0.000000
0.000000,-2.620068,1.286713,0.013464,0.000000,0.000000,0.000000
0.000000,-2.693709,1.287575,0.013272,0.000000,0.000000,0.000000
0.000000,-2.693709,1.287958,0.012697,0.000000,0.000000,0.000000
0.000000,-2.743403,1.288725,0.012314,0.000000,0.000000,0.000000
0.000000,-2.817072,1.289013,0.011451,0.000000,0.000000,0.000000
0.000000,-2.817072,1.289683,0.011068,0.000000,0.000000,0.000000
0.000000,-2.865602,1.290066,0.010589,0.000000,0.000000,0.000000
0.000000,-2.865602,1.290929,0.010493,0.000000,0.000000,0.000000
0.000000,-2.935882,1.291217,0.010014,0.000000,0.000000,0.000000
0.000000,-2.978678,1.291791,0.009727,0.000000,0.000000,0.000000
0.000000,-2.978678,1.291983,0.009151,0.000000,0.000000,0.000000
0.000000,-3.041748,1.292462,0.008864,0.000000,0.000000,0.000000
0.000000,-3.041748,1.292750,0.008481,0.000000,0.000000,0.000000
0.000000,-3.081411,1.293325,0.008385,0.000000,0.000000,0.000000
0.000000,-3.133361,1.293612,0.008289,0.000000,0.000000,0.000000
0.000000,-3.133361,1.293900,0.008193,0.000000,0.000000,0.000000
0.000000,-3.163314,1.293995,0.008001,0.000000,0.000000,0.000000
0.000000,-3.163314,1.294091,0.007905,0.000000,0.000000,0.000000
0.000000,-3.206752,1.294091,0.007714,0.000000,0.000000,0.000000
0.000000,-3.231497,1.294187,0.007522,0.000000,0.000000,0.000000
0.000000,-3.231497,1.294283,0.007043,0.000000,0.000000,0.000000
0.000000,-3.259390,1.294474,0.006756,0.000000,0.000000,0.000000
0.000000,-3.259390,1.294474,0.006085,0.000000,0.000000,0.000000
0.000000,-3.271887,1.294666,0.005797,0.000000,0.000000,0.000000
0.000000,-3.289068,1.294666,0.005510,0.000000,0.000000,0.000000
0.000000,-3.289068,1.294858,0.005414,0.000000,0.000000,0.000000
0.000000,-3.297571,1.294954,0.005318,0.000000,0.000000,0.000000
0.000000,-3.297571,1.295241,0.005223,0.000000,0.000000,0.000000
0.000000,-3.310328,1.295433,0.005127,0.000000,0.000000,0.000000
0.000000,-3.317280,1.295720,0.005031,0.000000,0.000000,0.000000
0.000000,-3.317280,1.295912,0.004743,0.000000,0.000000,0.000000
0.000000,-3.330190,1.296200,0.004647,0.000000,0.000000,0.000000
0.000000,-3.330190,1.296391,0.004073,0.000000,0.000000,0.000000
0.000000,-3.339062,1.296487,0.003785,0.000000,0.000000,0.000000
0.000000,-3.354965,1.296582,0.003306,0.000000,0.000000,0.000000
0.000000,-3.354965,1.296582,0.003019,0.000000,0.000000,0.000000
0.000000,-3.363410,1.296678,0.002827,0.000000,0.000000,0.000000
0.000000,-3.363410,1.296678,0.002731,0.000000,0.000000,0.000000
0.000000,-3.374053,1.296678,0.002731,0.000000,0.000000,0.000000
0.000000,-3.378116,1.296774,0.002731,0.000000,0.000000,0.000000
0.000000,-3.378116,1.296774,0.002635,0.000000,0.000000,0.000000
0.000000,-3.384656,1.296774,0.002635,0.000000,0.000000,0.000000
0.000000,-3.384656,1.296774,0.002539,0.000000,0.000000,0.000000
0.000000,-3.388510,1.296774,0.002539,0.000000,0.000000,0.000000
0.000000,-3.394846,1.296774,0.002539,0.000000,0.000000,0.000000
0.000000,-3.394846,1.296870,0.002444,0.000000,0.000000,0.000000
0.000000,-3.398006,1.296870,0.002444,0.000000,0.000000,0.000000
0.000000,-3.398006,1.296870,0.002348,0.000000,0.000000,0.000000
0.000000,-3.403085,1.296870,0.002348,0.000000,0.000000,0.000000
0.000000,-3.405762,1.296870,0.002252,0.000000,0.000000,0.000000
0.000000,-3.405762,1.296966,0.002156,0.000000,0.000000,0.000000
0.000000,-3.409774,1.296966,0.002156,0.000000,0.000000,0.000000
0.000000,-3.409774,1.296966,0.001964,0.000000,0.000000,0.000000
0.000000,-3.411690,1.296966,0.001773,0.000000,0.000000,0.000000
0.000000,-3.414507,1.296966,0.001485,0.000000,0.000000,0.000000
0.000000,-3.414507,1.296966,0.001294,0.000000,0.000000,0.000000
0.000000,-3.414901,1.296966,0.000910,0.000000,0.000000,0.000000
0.000000,-3.414901,1.296966,0.000719,0.000000,0.000000,0.000000
0.000000,-3.413561,1.296966,0.000527,0.000000,0.000000,0.000000
0.000000,-3.411066,1.296966,0.000431,0.000000,0.000000,0.000000
0.000000,-3.411066,1.296966,0.000431,0.000000,0.000000,0.000000
0.000000,-3.405945,1.296966,0.000431,0.000000,0.000000,0.000000
0.000000,-3.405945,1.296966,0.000431,0.000000,0.000000,0.000000
0.000000,-3.401106,1.296966,0.000431,0.000000,0.000000,0.000000
0.000000,-3.393334,1.296966,0.000431,0.000000,0.000000,0.000000
0.000000,-3.393334,1.296966,0.000431,0.000000,0.000000,0.000000
0.000000,-3.387002,1.296966,0.000431,0.000000,0.000000,0.000000
0.000000,-3.387002,1.296966,0.000431,0.000000,0.000000,0.000000
0.000000,-3.377627,1.296966,0.000431,0.000000,0.000000,0.000000
0.000000,-3.371810,1.296966,0.000431,0.000000,0.000000,0.000000
0.000000,-3.371810,1.296966,0.000431,0.000000,0.000000,0.000000
0.000000,-3.363677,1.296966,0.000431,0.000000,0.000000,0.000000
0.000000,-3.363677,1.296966,0.000431,0.000000,0.000000,0.000000
0.000000,-3.358647,1.296966,0.000431,0.000000,0.000000,0.000000
0.000000,-3.352941,1.296966,0.000431,0.000000,0.000000,0.000000
0.000000,-3.352941,1.296966,0.000431,0.000000,0.000000,0.000000
0.000000,-3.350464,1.296966,0.000431,0.000000,0.000000,0.000000
0.000000,-3.350464,1.296966,0.000431,0.000000,0.000000,0.000000
0.000000,-3.347439,1.296966,0.000431,0.000000,0.000000,0.000000
0.000000,-3.346264,1.296966,0.000431,0.000000,0.000000,0.000000
0.000000,-3.346264,1.296966,0.000431,0.000000,0.000000,0.000000
0.000000,-3.345734,1.296966,0.000431,0.000000,0.000000,0.000000
0.000000,-3.345734,1.296966,0.000431,0.000000,0.000000,0.000000
0.000000,-3.345860,1.296966,0.000431,0.000000,0.000000,0.000000
0.000000,-3.344612,1.296966,0.000431,0.000000,0.000000,0.000000
0.000000,-3.344612,1.296966,0.000431,0.000000,0.000000,0.000000
0.000000,-3.343447,1.296966,0.000431,0.000000,0.000000,0.000000
0.000000,-3.343447,1.296966,0.000431,0.000000,0.000000,0.000000
0.000000,-3.341606,1.296966,0.000431,0.000000,0.000000,0.000000
0.000000,-3.340614,1.296966,0.000431,0.000000,0.000000,0.000000
0.000000,-3.340614,1.296966,0.000431,0.000000,0.000000,0.000000
0.000000,-3.337776,1.296966,0.000431,0.000000,0.000000,0.000000
0.000000,-3.337776,1.296966,0.000431,0.000000,0.000000,0.000000
0.000000,-3.335892,1.296966,0.000431,0.000000,0.000000,0.000000
0.000000,-3.333167,1.296966,0.000431,0.000000,0.000000,0.000000
0.000000,-3.333167,1.296966,0.000431,0.000000,0.000000,0.000000
0.000000,-3.331672,1.296966,0.000431,0.000000,0.000000,0.000000
0.000000,-3.331672,1.296966,0.000431,0.000000,0.000000,0.000000
0.000000,-3.329664,1.296966,0.000431,0.000000,0.000000,0.000000
0.000000,-3.329658,1.296966,0.000431,0.000000,0.000000,0.000000
0.000000,-3.329658,1.296966,0.000431,0.000000,0.000000,0.000000
0.000000,-3.330530,1.296966,0.000431,0.000000,0.000000,0.000000
0.000000,-3.330530,1.296966,0.000431,0.000000,0.000000,0.000000
0.000000,-3.330918,1.296966,0.000431,0.000000,0.000000,0.000000
0.000000,-3.331893,1.296966,0.000431,0.000000,0.000000,0.000000
0.000000,-3.331893,1.296966,0.000431,0.000000,0.000000,0.000000
0.000000,-3.333259,1.296966,0.000431,0.000000,0.000000,0.000000
0.000000,-3.333259,1.296966,0.000431,0.000000,0.000000,0.000000
0.000000,-3.334925,1.296966,0.000431,0.000000,0.000000,0.000000
0.000000,-3.335285,1.296966,0.000431,0.000000,0.000000,0.000000
0.000000,-3.335285,1.296966,0.000431,0.000000,0.000000,0.000000
0.000000,-3.336247,1.296966,0.000431,0.000000,0.000000,0.000000
0.000000,-3.336247,1.296966,0.000431,0.000000,0.000000,0.000000
0.000000,-3.337887,1.296966,0.000431,0.000000,0.000000,0.000000
0.000000,-3.340816,1.296966,0.000431,0.000000,0.000000,0.000000
0.000000,-3.340816,1.296966,0.000431,0.000000,0.000000,0.000000
0.000000,-3.342028,1.296966,0.000431,0.000000,0.000000,0.000000
0.000000,-3.342028,1.296966,0.000431,0.000000,0.000000,0.000000
0.000000,-3.342541,1.296966,0.000431,0.000000,0.000000,0.000000
0.000000,-3.342052,1.296966,0.000431,0.000000,0.000000,0.000000
0.000000,-3.342052,1.296966,0.000431,0.000000,0.000000,0.000000
0.000000,-3.341131,1.296966,0.000431,0.000000,0.000000,0.000000
0.000000,-3.341131,1.296966,0.000431,0.000000,0.000000,0.000000
0.000000,-3.340318,1.296966,0.000431,0.000000,0.000000,0.000000
0.000000,-3.339664,1.296966,0.000431,0.000000,0.000000,0.000000
0.000000,-3.339664,1.296966,0.000431,0.000000,0.000000,0.000000
0.000000,-3.338713,1.296966,0.000431,0.000000,0.000000,0.000000
0.000000,-3.338713,1.296966,0.000431,0.000000,0.000000,0.000000
0.000000,-3.338331,1.296966,0.000431,0.000000,0.000000,0.000000
0.000000,-3.339370,1.296966,0.000431,0.000000,0.000000,0.000000
0.000000,-3.339370,1.296966,0.000431,0.000000,0.000000,0.000000
0.000000,-3.341983,1.296966,0.000431,0.000000,0.000000,0.000000
0.000000,-3.341983,1.296966,0.000431,0.000000,0.000000,0.000000
0.000000,-3.343764,1.296966,0.000431,0.000000,0.000000,0.000000
0.000000,-3.346727,1.296966,0.000431,0.000000,0.000000,0.000000
0.000000,-3.346727,1.296966,0.000431,0.000000,0.000000,0.000000
0.000000,-3.347792,1.296966,0.000431,0.000000,0.000000,0.000000
0.000000,-3.347792,1.296966,0.000431,0.000000,0.000000,0.000000
0.000000,-3.349078,1.296966,0.000431,0.000000,0.000000,0.000000
0.000000,-3.349849,1.296966,0.000431,0.000000,0.000000,0.000000
0.000000,-3.349849,1.296966,0.000431,0.000000,0.000000,0.000000
0.000000,-3.351275,1.296966,0.000431,0.000000,0.000000,0.000000
0.000000,-3.351275,1.296966,0.000431,0.000000,0.000000,0.000000
0.000000,-3.352232,1.296966,0.000431,0.000000,0.000000,0.000000
0.000000,-3.354629,1.296966,0.000431,0.000000,0.000000,0.000000
0.000000,-3.354629,1.296966,0.000431,0.000000,0.000000,0.000000
0.000000,-3.356256,1.296966,0.000431,0.000000,0.000000,0.000000
0.000000,-3.356256,1.296966,0.000431,0.000000,0.000000,0.000000
0.000000,-3.357733,1.296966,0.000431,0.000000,0.000000,0.000000
0.000000,-3.357932,1.296966,0.000431,0.000000,0.000000,0.000000
0.000000,-3.357932,1.296966,0.000431,0.000000,0.000000,0.000000
0.000000,-3.357364,1.296966,0.000431,0.000000,0.000000,0.000000
0.000000,-3.357364,1.296966,0.000431,0.000000,0.000000,0.000000
0.000000,-3.356106,1.296966,0.000431,0.000000,0.000000,0.000000
0.000000,-3.354524,1.296966,0.000431,0.000000,0.000000,0.000000
0.000000,-3.354524,1.296966,0.000431,0.000000,0.000000,0.000000
0.000000,-3.353663,1.296966,0.000431,0.000000,0.000000,0.000000
0.000000,-3.353663,1.296966,0.000431,0.000000,0.000000,0.000000
0.000000,-3.352188,1.296966,0.000431,0.000000,0.000000,0.000000
0.000000,-3.351660,1.296966,0.000431,0.000000,0.000000,0.000000
0.000000,-3.351660,1.296966,0.000431,0.000000,0.000000,0.000000
0.000000,-3.352365,1.296966,0.000431,0.000000,0.000000,0.000000
0.000000,-3.352365,1.296966,0.000431,0.000000,0.000000,0.000000
0.000000,-3.353907,1.296966,0.000431,0.000000,0.000000,0.000000
0.000000,-3.356159,1.296966,0.000431,0.000000,0.000000,0.000000
0.000000,-3.356159,1.296966,0.000431,0.000000,0.000000,0.000000
0.000000,-3.357334,1.296966,0.000431,0.000000,0.000000,0.000000
0.000000,-3.357334,1.296966,0.000431,0.000000,0.000000,0.000000
0.000000,-3.358172,1.296966,0.000431,0.000000,0.000000,0.000000
0.000000,-3.358008,1.296966,0.000431,0.000000,0.000000,0.000000
0.000000,-3.358008,1.296966,0.000431,0.000000,0.000000,0.000000
0.000000,-3.357767,1.296966,0.000431,0.000000,0.000000,0.000000
0.000000,-3.357767,1.296966,0.000431,0.000000,0.000000,0.000000
0.000000,-3.357571,1.296966,0.000431,0.000000,0.000000,0.000000
0.000000,-3.356681,1.296966,0.000431,0.000000,0.000000,0.000000
0.000000,-3.356681,1.296966,0.000431,0.000000,0.000000,0.000000
0.000000,-3.355266,1.296966,0.000431,0.000000,0.000000,0.000000
0.000000,-3.355266,1.296966,0.000431,0.000000,0.000000,0.000000
0.000000,-3.353372,1.296966,0.000431,0.000000,0.000000,0.000000
0.000000,-3.351559,1.296966,0.000431,0.000000,0.000000,0.000000
0.000000,-3.351559,1.296966,0.000431,0.000000,0.000000,0.000000
0.000000,-3.349208,1.296966,0.000431,0.000000,0.000000,0.000000
0.000000,-3.349208,1.296966,0.000431,0.000000,0.000000,0.000000
0.000000,-3.347971,1.296966,0.000431,0.000000,0.000000,0.000000
0.000000,-3.346535,1.296966,0.000431,0.000000,0.000000,0.000000
0.000000,-3.346535,1.296966,0.000431,0.000000,0.000000,0.000000
0.000000,-3.346178,1.296966,0.000431,0.000000,0.000000,0.000000
0.000000,-3.346178,1.296966,0.000431,0.000000,0.000000,0.000000
0.000000,-3.345790,1.296966,0.000431,0.000000,0.000000,0.000000
0.000000,-3.344731,1.296966,0.000431,0.000000,0.000000,0.000000
0.000000,-3.344731,1.296966,0.000431,0.000000,0.000000,0.000000
0.000000,-3.343648,1.296966,0.000431,0.000000,0.000000,0.000000
0.000000,-3.343648,1.296966,0.000431,0.000000,0.000000,0.000000
0.000000,-3.343042,1.296966,0.000431,0.000000,0.000000,0.000000
0.000000,-3.341747,1.296966,0.000431,0.000000,0.000000,0.000000
0.000000,-3.341747,1.296966,0.000431,0.000000,0.000000,0.000000
0.000000,-3.340412,1.296966,0.000431,0.000000,0.000000,0.000000
0.000000,-3.340412,1.296966,0.000431,0.000000,0.000000,0.000000
0.000000,-3.339012,1.296966,0.000431,0.000000,0.000000,0.000000
0.000000,-3.338711,1.296966,0.000431,0.000000,0.000000,0.000000
0.000000,-3.338711,1.296966,0.000431,0.000000,0.000000,0.000000
0.000000,-3.339046,1.296966,0.000431,0.000000,0.000000,0.000000
0.000000,-3.339046,1.296966,0.000431,0.000000,0.000000,0.000000
0.000000,-3.339348,1.296966,0.000431,0.000000,0.000000,0.000000
0.000000,-3.340183,1.296966,0.000431,0.000000,0.000000,0.000000
0.000000,-3.340183,1.296966,0.000431,0.000000,0.000000,0.000000
0.000000,-3.340939,1.296966,0.000431,0.000000,0.000000,0.000000
0.000000,-3.340939,1.296966,0.000431,0.000000,0.000000,0.000000
0.000000,-3.341938,1.296966,0.000431,0.000000,0.000000,0.000000
0.000000,-3.341992,1.296966,0.000431,0.000000,0.000000,0.000000
0.000000,-3.341992,1.296966,0.000431,0.000000,0.000000,0.000000
0.000000,-3.342393,1.296966,0.000431,0.000000,0.000000,0.000000
0.000000,-3.342393,1.296966,0.000431,0.000000,0.000000,0.000000
0.000000,-3.342237,1.296966,0.000431,0.000000,0.000000,0.000000
0.000000,-3.341409,1.296966,0.000431,0.000000,0.000000,0.000000
0.000000,-3.341409,1.296966,0.000431,0.000000,0.000000,0.000000
0.000000,-3.340100,1.296966,0.000431,0.000000,0.000000,0.000000
0.000000,-3.340100,1.296966,0.000431,0.000000,0.000000,0.000000
0.000000,-3.338844,1.296966,0.000431,0.000000,0.000000,0.000000
0.000000,-3.338472,1.296966,0.000431,0.000000,0.000000,0.000000
0.000000,-3.338472,1.296966,0.000431,0.000000,0.000000,0.000000
0.000000,-3.338862,1.296966,0.000431,0.000000,0.000000,0.000000
0.000000,-3.338862,1.296966,0.000431,0.000000,0.000000,0.000000
0.000000,-3.339675,1.296966,0.000431,0.000000,0.000000,0.000000
0.000000,-3.340809,1.296966,0.000431,0.000000,0.000000,0.000000
0.000000,-3.340809,1.296966,0.000431,0.000000,0.000000,0.000000
0.000000,-3.340709,1.296966,0.000431,0.000000,0.000000,0.000000
0.000000,-3.340709,1.296966,0.000431,0.000000,0.000000,0.000000
0.000000,-3.340141,1.296966,0.000431,0.000000,0.000000,0.000000
0.000000,-3.339315,1.296966,0.000431,0.000000,0.000000,0.000000
0.000000,-3.339315,1.296966,0.000431,0.000000,0.000000,0.000000
0.000000,-3.338646,1.296966,0.000431,0.000000,0.000000,0.000000
0.000000,-3.338646,1.296966,0.000431,0.000000,0.000000,0.000000
0.000000,-3.337913,1.296966,0.000431,0.000000,0.000000,0.000000
0.000000,-3.337085,1.296966,0.000431,0.000000,0.000000,0.000000
0.000000,-3.337085,1.296966,0.000431,0.000000,0.000000,0.000000
0.000000,-3.336291,1.296966,0.000431,0.000000,0.000000,0.000000
0.000000,-3.336291,1.296966,0.000431,0.000000,0.000000,0.000000
0.000000,-3.335455,1.296966,0.000431,0.000000,0.000000,0.000000
0.000000,-3.335201,1.296966,0.000431,0.000000,0.000000,0.000000
0.000000,-3.335201,1.296966,0.000431,0.000000,0.000000,0.000000
0.000000,-3.335160,1.296966,0.000431,0.000000,0.000000,0.000000
0.000000,-3.335160,1.296966,0.000431,0.000000,0.000000,0.000000
0.000000,-3.335302,1.296966,0.000431,0.000000,0.000000,0.000000
0.000000,-3.336029,1.296966,0.000431,0.000000,0.000000,0.000000
0.000000,-3.336029,1.296966,0.000431,0.000000,0.000000,0.000000
0.000000,-3.336567,1.296966,0.000431,0.000000,0.000000,0.000000
0.000000,-3.336567,1.296966,0.000431,0.000000,0.000000,0.000000
0.000000,-3.336959,1.296966,0.000431,0.000000,0.000000,0.000000
0.000000,-3.336045,1.296966,0.000431,0.000000,0.000000,0.000000
0.000000,-3.336045,1.296966,0.000431,0.000000,0.000000,0.000000
0.000000,-3.334885,1.296966,0.000431,0.000000,0.000000,0.000000
0.000000,-3.334885,1.296966,0.000431,0.000000,0.000000,0.000000
0.000000,-3.334153,1.296966,0.000431,0.000000,0.000000,0.000000
0.000000,-3.333632,1.296966,0.000431,0.000000,0.000000,0.000000
0.000000,-3.333632,1.296966,0.000431,0.000000,0.000000,0.000000
0.000000,-3.333845,1.296966,0.000431,0.000000,0.000000,0.000000
0.000000,-3.333845,1.296966,0.000431,0.000000,0.000000,0.000000
0.000000,-3.334553,1.296966,0.000431,0.000000,0.000000,0.000000
0.000000,-3.335493,1.296966,0.000431,0.000000,0.000000,0.000000
0.000000,-3.335493,1.296966,0.000431,0.000000,0.000000,0.000000
0.000000,-3.336741,1.296966,0.000431,0.000000,0.000000,0.000000
0.000000,-3.336741,1.296966,0.000431,0.000000,0.000000,0.000000
0.000000,-3.337768,1.297062,0.000431,0.000000,0.000000,0.000000
0.000000,-3.339140,1.297062,0.000431,0.000000,0.000000,0.000000
0.000000,-3.339140,1.297062,0.000431,0.000000,0.000000,0.000000
0.000000,-3.339253,1.297062,0.000431,0.000000,0.000000,0.000000
0.000000,-3.339253,1.297062,0.000431,0.000000,0.000000,0.000000
0.000000,-3.340164,1.297062,0.000431,0.000000,0.000000,0.000000
0.000000,-3.340312,1.297062,0.000431,0.000000,0.000000,0.000000
0.000000,-3.340312,1.297062,0.000431,0.000000,0.000000,0.000000
0.000000,-3.339918,1.297062,0.000431,0.000000,0.000000,0.000000
0.000000,-3.339918,1.297062,0.000431,0.000000,0.000000,0.000000
0.000000,-3.338763,1.297062,0.000431,0.000000,0.000000,0.000000
0.000000,-3.337220,1.297062,0.000431,0.000000,0.000000,0.000000
0.000000,-3.337220,1.297062,0.000431,0.000000,0.000000,0.000000
0.000000,-3.336609,1.297062,0.000431,0.000000,0.000000,0.000000
0.000000,-3.336609,1.297062,0.000431,0.000000,0.000000,0.000000
0.000000,-3.336372,1.297062,0.000431,0.000000,0.000000,0.000000
0.000000,-3.336065,1.297062,0.000431,0.000000,0.000000,0.000000
0.000000,-3.336065,1.297062,0.000431,0.000000,0.000000,0.000000
0.000000,-3.334946,1.297062,0.000431,0.000000,0.000000,0.000000
0.000000,-3.334946,1.297062,0.000431,0.000000,0.000000,0.000000
0.000000,-3.334123,1.297062,0.000431,0.000000,0.000000,0.000000
0.000000,-3.333678,1.297062,0.000431,0.000000,0.000000,0.000000
0.000000,-3.333678,1.297062,0.000431,0.000000,0.000000,0.000000
0.000000,-3.334373,1.297062,0.000431,0.000000,0.000000,0.000000
0.000000,-3.334373,1.297062,0.000431,0.000000,0.000000,0.000000
0.000000,-3.335716,1.297062,0.000431,0.000000,0.000000,0.000000
0.000000,-3.336836,1.297062,0.000431,0.000000,0.000000,0.000000
0.000000,-3.336836,1.297062,0.000431,0.000000,0.000000,0.000000
0.000000,-3.337248,1.297062,0.000431,0.000000,0.000000,0.000000
0.000000,-3.337248,1.297062,0.000431,0.000000,0.000000,0.000000
0.000000,-3.337912,1.297062,0.000431,0.000000,0.000000,0.000000
0.000000,-3.339506,1.297062,0.000431,0.000000,0.000000,0.000000
0.000000,-3.339506,1.297062,0.000431,0.000000,0.000000,0.000000
0.000000,-3.340443,1.297062,0.000431,0.000000,0.000000,0.000000
0.000000,-3.340443,1.297062,0.000431,0.000000,0.000000,0.000000
0.000000,-3.342505,1.297062,0.000431,0.000000,0.000000,0.000000
0.000000,-3.342561,1.297062,0.000431,0.000000,0.000000,0.000000
0.000000,-3.342561,1.297062,0.000431,0.000000,0.000000,0.000000
0.000000,-3.342658,1.297062,0.000431,0.000000,0.000000,0.000000
0.000000,-3.342658,1.297062,0.000431,0.000000,0.000000,0.000000
0.000000,-3.342474,1.297062,0.000431,0.000000,0.000000,0.000000
0.000000,-3.341699,1.297062,0.000431,0.000000,0.000000,0.000000
0.000000,-3.341699,1.297062,0.000431,0.000000,0.000000,0.000000
0.000000,-3.341754,1.297062,0.000431,0.000000,0.000000,0.000000
0.000000,-3.341754,1.297062,0.000431,0.000000,0.000000,0.000000
0.000000,-3.341947,1.297062,0.000431,0.000000,0.000000,0.000000
0.000000,-3.340939,1.297062,0.000431,0.000000,0.000000,0.000000
0.000000,-3.340939,1.297062,0.000431,0.000000,0.000000,0.000000
0.000000,-3.340995,1.297062,0.000431,0.000000,0.000000,0.000000
0.000000,-3.340995,1.297062,0.000431,0.000000,0.000000,0.000000
0.000000,-3.340811,1.297062,0.000431,0.000000,0.000000,0.000000
0.000000,-3.339074,1.297062,0.000431,0.000000,0.000000,0.000000
0.000000,-3.339074,1.297062,0.000431,0.000000,0.000000,0.000000
0.000000,-3.338701,1.297062,0.000431,0.000000,0.000000,0.000000
0.000000,-3.338701,1.297062,0.000431,0.000000,0.000000,0.000000
0.000000,-3.339633,1.297062,0.000431,0.000000,0.000000,0.000000
0.000000,-3.339268,1.297062,0.000431,0.000000,0.000000,0.000000
0.000000,-3.339268,1.297062,0.000431,0.000000,0.000000,0.000000
0.000000,-3.338583,1.297062,0.000431,0.000000,0.000000,0.000000
0.000000,-3.338583,1.297062,0.000431,0.000000,0.000000,0.000000
0.000000,-3.339041,1.297062,0.000431,0.000000,0.000000,0.000000
0.000000,-3.339284,1.297062,0.000431,0.000000,0.000000,0.000000
0.000000,-3.339284,1.297062,0.000431,0.000000,0.000000,0.000000
0.000000,-3.338799,1.297062,0.000431,0.000000,0.000000,0.000000
0.000000,-3.338799,1.297062,0.000431,0.000000,0.000000,0.000000
0.000000,-3.340410,1.297062,0.000431,0.000000,0.000000,0.000000
0.000000,-3.342963,1.297158,0.000431,0.000000,0.000000,0.000000
0.000000,-3.342963,1.297158,0.000431,0.000000,0.000000,0.000000
0.000000,-3.345093,1.297158,0.000431,0.000000,0.000000,0.000000
0.000000,-3.345093,1.297158,0.000431,0.000000,0.000000,0.000000
0.000000,-3.346790,1.297158,0.000431,0.000000,0.000000,0.000000
0.000000,-3.349815,1.297253,0.000431,0.000000,0.000000,0.000000
0.000000,-3.349815,1.297253,0.000431,0.000000,0.000000,0.000000
0.000000,-3.351020,1.297253,0.000431,0.000000,0.000000,0.000000
0.000000,-3.351020,1.297253,0.000431,0.000000,0.000000,0.000000
0.000000,-3.351990,1.297253,0.000431,0.000000,0.000000,0.000000
0.000000,-3.350504,1.297253,0.000431,0.000000,0.000000,0.000000
0.000000,-3.350504,1.297253,0.000431,0.000000,0.000000,0.000000
0.000000,-3.347712,1.297253,0.000431,0.000000,0.000000,0.000000
0.000000,-3.347712,1.297253,0.000431,0.000000,0.000000,0.000000
0.000000,-3.345734,1.297253,0.000431,0.000000,0.000000,0.000000
0.000000,-3.344131,1.297253,0.000431,0.000000,0.000000,0.000000
0.000000,-3.344131,1.297253,0.000431,0.000000,0.000000,0.000000
0.000000,-3.342767,1.297253,0.000431,0.000000,0.000000,0.000000
0.000000,-3.342767,1.297253,0.000431,0.000000,0.000000,0.000000
0.000000,-3.341248,1.297253,0.000431,0.000000,0.000000,0.000000
0.000000,-3.341700,1.297253,0.000431,0.000000,0.000000,0.000000
0.000000,-3.341700,1.297253,0.000431,0.000000,0.000000,0.000000
0.000000,-3.344332,1.297253,0.000431,0.000000,0.000000,0.000000
0.000000,-3.344332,1.297253,0.000431,0.000000,0.000000,0.000000
0.000000,-3.346816,1.297253,0.000431,0.000000,0.000000,0.000000
0.000000,-3.350025,1.297253,0.000431,0.000000,0.000000,0.000000
0.000000,-3.350025,1.297253,0.000431,0.000000,0.000000,0.000000
0.000000,-3.350934,1.297253,0.000431,0.000000,0.000000,0.000000
0.000000,-3.350934,1.297253,0.000431,0.000000,0.000000,0.000000
0.000000,-3.351615,1.297253,0.000431,0.000000,0.000000,0.000000
0.000000,-3.350617,1.297253,0.000431,0.000000,0.000000,0.000000
0.000000,-3.350617,1.297253,0.000431,0.000000,0.000000,0.000000
0.000000,-3.349093,1.297253,0.000431,0.000000,0.000000,0.000000
0.000000,-3.349093,1.297253,0.000431,0.000000,0.000000,0.000000
0.000000,-3.348452,1.297253,0.000431,0.000000,0.000000,0.000000
0.000000,-3.347882,1.297253,0.000431,0.000000,0.000000,0.000000
0.000000,-3.347882,1.297253,0.000431,0.000000,0.000000,0.000000
0.000000,-3.346760,1.297253,0.000431,0.000000,0.000000,0.000000
0.000000,-3.346760,1.297253,0.000431,0.000000,0.000000,0.000000
0.000000,-3.345820,1.297253,0.000431,0.000000,0.000000,0.000000
0.000000,-3.346883,1.297253,0.000431,0.000000,0.000000,0.000000
0.000000,-3.346883,1.297253,0.000431,0.000000,0.000000,0.000000
0.000000,-3.348261,1.297253,0.000431,0.000000,0.000000,0.000000
0.000000,-3.348261,1.297253,0.000431,0.000000,0.000000,0.000000
0.000000,-3.347499,1.297253,0.000431,0.000000,0.000000,0.000000
0.000000,-3.347095,1.297253,0.000431,0.000000,0.000000,0.000000
0.000000,-3.347095,1.297253,0.000431,0.000000,0.000000,0.000000
0.000000,-3.347753,1.297253,0.000431,0.000000,0.000000,0.000000
0.000000,-3.347753,1.297253,0.000431,0.000000,0.000000,0.000000
0.000000,-3.348429,1.297253,0.000431,0.000000,0.000000,0.000000
0.000000,-3.347696,1.297253,0.000431,0.000000,0.000000,0.000000
0.000000,-3.347696,1.297253,0.000431,0.000000,0.000000,0.000000
0.000000,-3.347039,1.297253,0.000431,0.000000,0.000000,0.000000
0.000000,-3.347039,1.297253,0.000431,0.000000,0.000000,0.000000
0.000000,-3.348061,1.297349,0.000431,0.000000,0.000000,0.000000
0.000000,-3.349798,1.297349,0.000431,0.000000,0.000000,0.000000
0.000000,-3.349798,1.297349,0.000431,0.000000,0.000000,0.000000
0.000000,-3.350308,1.297349,0.000431,0.000000,0.000000,0.000000
0.000000,-3.350308,1.297349,0.000431,0.000000,0.000000,0.000000
0.000000,-3.350827,1.297349,0.000431,0.000000,0.000000,0.000000
0.000000,-3.351158,1.297349,0.000431,0.000000,0.000000,0.000000
0.000000,-3.351158,1.297349,0.000431,0.000000,0.000000,0.000000
0.000000,-3.352574,1.297349,0.000431,0.000000,0.000000,0.000000
0.000000,-3.352574,1.297349,0.000431,0.000000,0.000000,0.000000
0.000000,-3.353903,1.297349,0.000431,0.000000,0.000000,0.000000
0.000000,-3.355464,1.297349,0.000431,0.000000,0.000000,0.000000
0.000000,-3.355464,1.297349,0.000431,0.000000,0.000000,0.000000
0.000000,-3.355636,1.297349,0.000431,0.000000,0.000000,0.000000
0.000000,-3.355636,1.297349,0.000431,0.000000,0.000000,0.000000
0.000000,-3.355873,1.297349,0.000431,0.000000,0.000000,0.000000
0.000000,-3.355166,1.297349,0.000431,0.000000,0.000000,0.000000
0.000000,-3.355166,1.297349,0.000431,0.000000,0.000000,0.000000
0.000000,-3.353807,1.297349,0.000431,0.000000,0.000000,0.000000
0.000000,-3.353807,1.297349,0.000431,0.000000,0.000000,0.000000
0.000000,-3.352284,1.297349,0.000431,0.000000,0.000000,0.000000
0.000000,-3.350249,1.297349,0.000431,0.000000,0.000000,0.000000
0.000000,-3.350249,1.297349,0.000431,0.000000,0.000000,0.000000
0.000000,-3.348972,1.297349,0.000431,0.000000,0.000000,0.000000
0.000000,-3.348972,1.297349,0.000431,0.000000,0.000000,0.000000
0.000000,-3.347848,1.297349,0.000431,0.000000,0.000000,0.000000
0.000000,-3.346816,1.297349,0.000431,0.000000,0.000000,0.000000
0.000000,-3.346816,1.297349,0.000431,0.000000,0.000000,0.000000
0.000000,-3.346449,1.297349,0.000431,0.000000,0.000000,0.000000
0.000000,-3.346449,1.297349,0.000431,0.000000,0.000000,0.000000
0.000000,-3.346728,1.297349,0.000431,0.000000,0.000000,0.000000
0.000000,-3.348337,1.297349,0.000431,0.000000,0.000000,0.000000
0.000000,-3.348337,1.297349,0.000431,0.000000,0.000000,0.000000
0.000000,-3.349862,1.297349,0.000431,0.000000,0.000000,0.000000
0.000000,-3.349862,1.297349,0.000431,0.000000,0.000000,0.000000
0.000000,-3.352202,1.297349,0.000431,0.000000,0.000000,0.000000
0.000000,-3.353266,1.297349,0.000431,0.000000,0.000000,0.000000
0.000000,-3.353266,1.297349,0.000431,0.000000,0.000000,0.000000
0.000000,-3.354628,1.297349,0.000431,0.000000,0.000000,0.000000
0.000000,-3.354628,1.297445,0.000431,0.000000,0.000000,0.000000
0.000000,-3.355171,1.297445,0.000431,0.000000,0.000000,0.000000
0.000000,-3.356082,1.297445,0.000431,0.000000,0.000000,0.000000
0.000000,-3.356082,1.297445,0.000431,0.000000,0.000000,0.000000
0.000000,-3.355833,1.297445,0.000431,0.000000,0.000000,0.000000
0.000000,-3.355833,1.297445,0.000431,0.000000,0.000000,0.000000
0.000000,-3.355124,1.297445,0.000431,0.000000,0.000000,0.000000
0.000000,-3.354117,1.297445,0.000431,0.000000,0.000000,0.000000
0.000000,-3.354117,1.297445,0.000431,0.000000,0.000000,0.000000
0.000000,-3.352684,1.297445,0.000431,0.000000,0.000000,0.000000
0.000000,-3.352684,1.297445,0.000431,0.000000,0.000000,0.000000
0.000000,-3.351921,1.297445,0.000431,0.000000,0.000000,0.000000
0.000000,-3.351595,1.297445,0.000431,0.000000,0.000000,0.000000
0.000000,-3.351595,1.297445,0.000431,0.000000,0.000000,0.000000
0.000000,-3.351623,1.297445,0.000431,0.000000,0.000000,0.000000
0.000000,-3.351623,1.297445,0.000431,0.000000,0.000000,0.000000
0.000000,-3.352160,1.297445,0.000431,0.000000,0.000000,0.000000
0.000000,-3.353161,1.297445,0.000431,0.000000,0.000000,0.000000
0.000000,-3.353161,1.297445,0.000431,0.000000,0.000000,0.000000
0.000000,-3.355031,1.297445,0.000431,0.000000,0.000000,0.000000
0.000000,-3.355031,1.297445,0.000431,0.000000,0.000000,0.000000
0.000000,-3.356061,1.297445,0.000431,0.000000,0.000000,0.000000
0.000000,-3.357427,1.297445,0.000431,0.000000,0.000000,0.000000
0.000000,-3.357427,1.297445,0.000431,0.000000,0.000000,0.000000
0.000000,-3.357604,1.297445,0.000431,0.000000,0.000000,0.000000
0.000000,-3.357604,1.297445,0.000431,0.000000,0.000000,0.000000
0.000000,-3.358025,1.297445,0.000431,0.000000,0.000000,0.000000
0.000000,-3.357778,1.297445,0.000431,0.000000,0.000000,0.000000
0.000000,-3.357778,1.297445,0.000431,0.000000,0.000000,0.000000
0.000000,-3.357769,1.297445,0.000431,0.000000,0.000000,0.000000
0.000000,-3.357769,1.297445,0.000431,0.000000,0.000000,0.000000
0.000000,-3.357616,1.297445,0.000431,0.000000,0.000000,0.000000
0.000000,-3.357964,1.297445,0.000431,0.000000,0.000000,0.000000
0.000000,-3.357964,1.297445,0.000431,0.000000,0.000000,0.000000
0.000000,-3.357965,1.297445,0.000431,0.000000,0.000000,0.000000
0.000000,-3.357965,1.297445,0.000431,0.000000,0.000000,0.000000
0.000000,-3.357846,1.297445,0.000431,0.000000,0.000000,0.000000
0.000000,-3.357601,1.297445,0.000431,0.000000,0.000000,0.000000
0.000000,-3.357601,1.297445,0.000431,0.000000,0.000000,0.000000
0.000000,-3.357426,1.297445,0.000431,0.000000,0.000000,0.000000
0.000000,-3.357426,1.297445,0.000431,0.000000,0.000000,0.000000
0.000000,-3.357544,1.297445,0.000431,0.000000,0.000000,0.000000
0.000000,-3.357526,1.297445,0.000431,0.000000,0.000000,0.000000
0.000000,-3.357526,1.297445,0.000431,0.000000,0.000000,0.000000
0.000000,-3.357371,1.297445,0.000431,0.000000,0.000000,0.000000
0.000000,-3.357371,1.297445,0.000431,0.000000,0.000000,0.000000
0.000000,-3.357495,1.297445,0.000431,0.000000,0.000000,0.000000
0.000000,-3.357096,1.297445,0.000431,0.000000,0.000000,0.000000
0.000000,-3.357096,1.297445,0.000431,0.000000,0.000000,0.000000
0.000000,-3.356654,1.297445,0.000431,0.000000,0.000000,0.000000
0.000000,-3.356654,1.297445,0.000431,0.000000,0.000000,0.000000
0.000000,-3.356254,1.297445,0.000431,0.000000,0.000000,0.000000
0.000000,-3.356316,1.297445,0.000431,0.000000,0.000000,0.000000
0.000000,-3.356316,1.297445,0.000431,0.000000,0.000000,0.000000
0.000000,-3.356680,1.297445,0.000431,0.000000,0.000000,0.000000
0.000000,-3.356680,1.297445,0.000431,0.000000,0.000000,0.000000
0.000000,-3.357859,1.297445,0.000431,0.000000,0.000000,0.000000
0.000000,-3.358801,1.297445,0.000431,0.000000,0.000000,0.000000
0.000000,-3.358801,1.297445,0.000431,0.000000,0.000000,0.000000
0.000000,-3.360151,1.297445,0.000431,0.000000,0.000000,0.000000
0.000000,-3.360151,1.297445,0.000431,0.000000,0.000000,0.000000
0.000000,-3.360936,1.297445,0.000431,0.000000,0.000000,0.000000
0.000000,-3.361982,1.297445,0.000431,0.000000,0.000000,0.000000
0.000000,-3.361982,1.297445,0.000431,0.000000,0.000000,0.000000
0.000000,-3.362037,1.297445,0.000431,0.000000,0.000000,0.000000
0.000000,-3.362037,1.297445,0.000431,0.000000,0.000000,0.000000
0.000000,-3.362035,1.297445,0.000431,0.000000,0.000000,0.000000
0.000000,-3.361330,1.297445,0.000431,0.000000,0.000000,0.000000
0.000000,-3.361330,1.297445,0.000431,0.000000,0.000000,0.000000
0.000000,-3.360694,1.297445,0.000431,0.000000,0.000000,0.000000
0.000000,-3.360694,1.297445,0.000431,0.000000,0.000000,0.000000
0.000000,-3.360142,1.297445,0.000431,0.000000,0.000000,0.000000
0.000000,-3.359605,1.297445,0.000431,0.000000,0.000000,0.000000
0.000000,-3.359605,1.297445,0.000431,0.000000,0.000000,0.000000
0.000000,-3.358597,1.297445,0.000431,0.000000,0.000000,0.000000
0.000000,-3.358597,1.297445,0.000431,0.000000,0.000000,0.000000
0.000000,-3.358137,1.297445,0.000431,0.000000,0.000000,0.000000
0.000000,-3.358534,1.297445,0.000431,0.000000,0.000000,0.000000
0.000000,-3.358534,1.297445,0.000431,0.000000,0.000000,0.000000
0.000000,-3.359747,1.297445,0.000431,0.000000,0.000000,0.000000
0.000000,-3.359747,1.297445,0.000431,0.000000,0.000000,0.000000
0.000000,-3.360568,1.297445,0.000431,0.000000,0.000000,0.000000
0.000000,-3.361412,1.297445,0.000431,0.000000,0.000000,0.000000
0.000000,-3.361412,1.297445,0.000431,0.000000,0.000000,0.000000
0.000000,-3.361652,1.297445,0.000431,0.000000,0.000000,0.000000
0.000000,-3.361652,1.297445,0.000431,0.000000,0.000000,0.000000
0.000000,-3.361937,1.297445,0.000431,0.000000,0.000000,0.000000
0.000000,-3.361933,1.297445,0.000431,0.000000,0.000000,0.000000
0.000000,-3.361933,1.297445,0.000431,0.000000,0.000000,0.000000
0.000000,-3.362218,1.297445,0.000431,0.000000,0.000000,0.000000
0.000000,-3.362218,1.297445,0.000431,0.000000,0.000000,0.000000
0.000000,-3.362458,1.297445,0.000431,0.000000,0.000000,0.000000
0.000000,-3.362826,1.297541,0.000431,0.000000,0.000000,0.000000
0.000000,-3.362826,1.297541,0.000431,0.000000,0.000000,0.000000
0.000000,-3.362856,1.297541,0.000431,0.000000,0.000000,0.000000
0.000000,-3.362856,1.297541,0.000431,0.000000,0.000000,0.000000
0.000000,-3.362915,1.297541,0.000431,0.000000,0.000000,0.000000
0.000000,-3.362306,1.297541,0.000431,0.000000,0.000000,0.000000
0.000000,-3.362306,1.297541,0.000431,0.000000,0.000000,0.000000
0.000000,-3.361372,1.297541,0.000431,0.000000,0.000000,0.000000
0.000000,-3.361372,1.297541,0.000431,0.000000,0.000000,0.000000
0.000000,-3.360700,1.297541,0.000431,0.000000,0.000000,0.000000
0.000000,-3.360419,1.297541,0.000431,0.000000,0.000000,0.000000
0.000000,-3.360419,1.297541,0.000431,0.000000,0.000000,0.000000
0.000000,-3.360051,1.297541,0.000431,0.000000,0.000000,0.000000
0.000000,-3.360051,1.297541,0.000431,0.000000,0.000000,0.000000
0.000000,-3.359938,1.297541,0.000431,0.000000,0.000000,0.000000
0.000000,-3.360179,1.297541,0.000431,0.000000,0.000000,0.000000
0.000000,-3.360179,1.297541,0.000431,0.000000,0.000000,0.000000
0.000000,-3.360628,1.297541,0.000431,0.000000,0.000000,0.000000
0.000000,-3.360628,1.297541,0.000431,0.000000,0.000000,0.000000
0.000000,-3.360318,1.297541,0.000431,0.000000,0.000000,0.000000
0.000000,-3.360152,1.297541,0.000431,0.000000,0.000000,0.000000
0.000000,-3.360152,1.297541,0.000431,0.000000,0.000000,0.000000
0.000000,-3.360210,1.297541,0.000431,0.000000,0.000000,0.000000
0.000000,-3.360210,1.297541,0.000431,0.000000,0.000000,0.000000
0.000000,-3.360601,1.297541,0.000431,0.000000,0.000000,0.000000
0.000000,-3.360965,1.297541,0.000431,0.000000,0.000000,0.000000
0.000000,-3.360965,1.297541,0.000335,0.000000,0.000000,0.000000
0.000000,-3.361528,1.297541,0.000335,0.000000,0.000000,0.000000
0.000000,-3.361528,1.297541,0.000335,0.000000,0.000000,0.000000
0.000000,-3.361223,1.297541,0.000335,0.000000,0.000000,0.000000
0.000000,-3.360970,1.297541,0.000335,0.000000,0.000000,0.000000
0.000000,-3.360970,1.297541,0.000335,0.000000,0.000000,0.000000
0.000000,-3.361210,1.297541,0.000335,0.000000,0.000000,0.000000
0.000000,-3.361210,1.297541,0.000335,0.000000,0.000000,0.000000
0.000000,-3.362705,1.297541,0.000335,0.000000,0.000000,0.000000
0.000000,-3.363614,1.297541,0.000335,0.000000,0.000000,0.000000
0.000000,-3.363614,1.297541,0.000335,0.000000,0.000000,0.000000
0.000000,-3.364414,1.297541,0.000335,0.000000,0.000000,0.000000
0.000000,-3.364414,1.297541,0.000335,0.000000,0.000000,0.000000
0.000000,-3.364683,1.297541,0.000335,0.000000,0.000000,0.000000
0.000000,-3.365136,1.297541,0.000335,0.000000,0.000000,0.000000
0.000000,-3.365136,1.297541,0.000335,0.000000,0.000000,0.000000
0.000000,-3.364676,1.297541,0.000335,0.000000,0.000000,0.000000
0.000000,-3.364676,1.297541,0.000335,0.000000,0.000000,0.000000
0.000000,-3.363806,1.297541,0.000335,0.000000,0.000000,0.000000
0.000000,-3.363224,1.297541,0.000335,0.000000,0.000000,0.000000
0.000000,-3.363224,1.297541,0.000335,0.000000,0.000000,0.000000
0.000000,-3.362499,1.297541,0.000335,0.000000,0.000000,0.000000
0.000000,-3.362499,1.297541,0.000335,0.000000,0.000000,0.000000
0.000000,-3.361402,1.297541,0.000335,0.000000,0.000000,0.000000
0.000000,-3.360492,1.297541,0.000335,0.000000,0.000000,0.000000
0.000000,-3.360492,1.297541,0.000335,0.000000,0.000000,0.000000
0.000000,-3.359885,1.297541,0.000335,0.000000,0.000000,0.000000
0.000000,-3.359885,1.297541,0.000335,0.000000,0.000000,0.000000
0.000000,-3.359498,1.297541,0.000335,0.000000,0.000000,0.000000
0.000000,-3.360137,1.297541,0.000335,0.000000,0.000000,0.000000
0.000000,-3.360137,1.297541,0.000335,0.000000,0.000000,0.000000
0.000000,-3.361650,1.297541,0.000335,0.000000,0.000000,0.000000
0.000000,-3.361650,1.297541,0.000335,0.000000,0.000000,0.000000
0.000000,-3.362743,1.297541,0.000335,0.000000,0.000000,0.000000
0.000000,-3.364087,1.297541,0.000335,0.000000,0.000000,0.000000
0.000000,-3.364087,1.297541,0.000335,0.000000,0.000000,0.000000
0.000000,-3.364874,1.297541,0.000335,0.000000,0.000000,0.000000
0.000000,-3.364874,1.297541,0.000335,0.000000,0.000000,0.000000
0.000000,-3.365783,1.297541,0.000335,0.000000,0.000000,0.000000
0.000000,-3.365626,1.297637,0.000335,0.000000,0.000000,0.000000
0.000000,-3.365626,1.297637,0.000335,0.000000,0.000000,0.000000
0.000000,-3.365775,1.297637,0.000335,0.000000,0.000000,0.000000
0.000000,-3.365775,1.297637,0.000335,0.000000,0.000000,0.000000
0.000000,-3.365406,1.297637,0.000335,0.000000,0.000000,0.000000
0.000000,-3.364857,1.297637,0.000335,0.000000,0.000000,0.000000
0.000000,-3.364857,1.297637,0.000335,0.000000,0.000000,0.000000
0.000000,-3.364064,1.297637,0.000335,0.000000,0.000000,0.000000
0.000000,-3.364064,1.297637,0.000335,0.000000,0.000000,0.000000
0.000000,-3.363555,1.297637,0.000335,0.000000,0.000000,0.000000
0.000000,-3.363011,1.297637,0.000335,0.000000,0.000000,0.000000
0.000000,-3.363011,1.297637,0.000335,0.000000,0.000000,0.000000
0.000000,-3.362309,1.297637,0.000335,0.000000,0.000000,0.000000
0.000000,-3.362309,1.297637,0.000335,0.000000,0.000000,0.000000
0.000000,-3.361730,1.297637,0.000335,0.000000,0.000000,0.000000
0.000000,-3.361652,1.297637,0.000335,0.000000,0.000000,0.000000
0.000000,-3.361652,1.297637,0.000335,0.000000,0.000000,0.000000
0.000000,-3.362075,1.297637,0.000335,0.000000,0.000000,0.000000
0.000000,-3.362075,1.297637,0.000335,0.000000,0.000000,0.000000
0.000000,-3.363237,1.297637,0.000335,0.000000,0.000000,0.000000
0.000000,-3.364389,1.297637,0.000335,0.000000,0.000000,0.000000
0.000000,-3.364389,1.297733,0.000335,0.000000,0.000000,0.000000
0.000000,-3.365919,1.297733,0.000335,0.000000,0.000000,0.000000
0.000000,-3.365919,1.297733,0.000335,0.000000,0.000000,0.000000
0.000000,-3.366676,1.297733,0.000335,0.000000,0.000000,0.000000
0.000000,-3.367704,1.297733,0.000335,0.000000,0.000000,0.000000
0.000000,-3.367704,1.297828,0.000335,0.000000,0.000000,0.000000
0.000000,-3.367791,1.297828,0.000335,0.000000,0.000000,0.000000
0.000000,-3.367791,1.297828,0.000335,0.000000,0.000000,0.000000
0.000000,-3.367723,1.297828,0.000335,0.000000,0.000000,0.000000
0.000000,-3.367690,1.297828,0.000335,0.000000,0.000000,0.000000
0.000000,-3.367690,1.297924,0.000335,0.000000,0.000000,0.000000
0.000000,-3.368687,1.297924,0.000335,0.000000,0.000000,0.000000
0.000000,-3.368687,1.297924,0.000335,0.000000,0.000000,0.000000
0.000000,-3.369390,1.297924,0.000335,0.000000,0.000000,0.000000
0.000000,-3.370987,1.297924,0.000335,0.000000,0.000000,0.000000
0.000000,-3.370987,1.298020,0.000335,0.000000,0.000000,0.000000
0.000000,-3.371659,1.298020,0.000335,0.000000,0.000000,0.000000
0.000000,-3.371659,1.298020,0.000335,0.000000,0.000000,0.000000
0.000000,-3.372567,1.298116,0.000335,0.000000,0.000000,0.000000
0.000000,-3.372718,1.298116,0.000335,0.000000,0.000000,0.000000
0.000000,-3.372718,1.298116,0.000335,0.000000,0.000000,0.000000
0.000000,-3.373836,1.298212,0.000335,0.000000,0.000000,0.000000
0.000000,-3.373836,1.298212,0.000335,0.000000,0.000000,0.000000
0.000000,-3.374537,1.298308,0.000335,0.000000,0.000000,0.000000
0.000000,-3.376439,1.298308,0.000335,0.000000,0.000000,0.000000
0.000000,-3.376439,1.298404,0.000335,0.000000,0.000000,0.000000
0.000000,-3.377535,1.298404,0.000335,0.000000,0.000000,0.000000
0.000000,-3.377535,1.298404,0.000335,0.000000,0.000000,0.000000
0.000000,-3.379647,1.298404,0.000335,0.000000,0.000000,0.000000
0.000000,-3.381107,1.298499,0.000335,0.000000,0.000000,0.000000
0.000000,-3.381107,1.298499,0.000335,0.000000,0.000000,0.000000
0.000000,-3.383778,1.298499,0.000335,0.000000,0.000000,0.000000
0.000000,-3.383778,1.298499,0.000335,0.000000,0.000000,0.000000
0.000000,-3.385481,1.298499,0.000335,0.000000,0.000000,0.000000
0.000000,-3.388102,1.298499,0.000335,0.000000,0.000000,0.000000
0.000000,-3.388102,1.298499,0.000335,0.000000,0.000000,0.000000
0.000000,-3.389141,1.298499,0.000335,0.000000,0.000000,0.000000
0.000000,-3.389141,1.298499,0.000335,0.000000,0.000000,0.000000
0.000000,-3.390065,1.298499,0.000335,0.000000,0.000000,0.000000
0.000000,-3.390187,1.298499,0.000335,0.000000,0.000000,0.000000
0.000000,-3.390187,1.298499,0.000335,0.000000,0.000000,0.000000
0.000000,-3.390580,1.298499,0.000335,0.000000,0.000000,0.000000
0.000000,-3.390580,1.298499,0.000335,0.000000,0.000000,0.000000
0.000000,-3.390455,1.298595,0.000335,0.000000,0.000000,0.000000
0.000000,-3.390617,1.298595,0.000335,0.000000,0.000000,0.000000
0.000000,-3.390617,1.298595,0.000335,0.000000,0.000000,0.000000
0.000000,-3.390704,1.298595,0.000335,0.000000,0.000000,0.000000
0.000000,-3.390704,1.298595,0.000335,0.000000,0.000000,0.000000
0.000000,-3.391014,1.298595,0.000335,0.000000,0.000000,0.000000
0.000000,-3.390948,1.298595,0.000335,0.000000,0.000000,0.000000
0.000000,-3.390948,1.298595,0.000335,0.000000,0.000000,0.000000
0.000000,-3.391711,1.298595,0.000335,0.000000,0.000000,0.000000
0.000000,-3.391711,1.298595,0.000335,0.000000,0.000000,0.000000
0.000000,-3.391706,1.298595,0.000335,0.000000,0.000000,0.000000
0.000000,-3.392124,1.298595,0.000335,0.000000,0.000000,0.000000
0.000000,-3.392124,1.298595,0.000335,0.000000,0.000000,0.000000
0.000000,-3.391577,1.298595,0.000335,0.000000,0.000000,0.000000
0.000000,-3.391577,1.298595,0.000335,0.000000,0.000000,0.000000
0.000000,-3.391292,1.298595,0.000335,0.000000,0.000000,0.000000
0.000000,-3.391384,1.298595,0.000335,0.000000,0.000000,0.000000
0.000000,-3.391384,1.298595,0.000335,0.000000,0.000000,0.000000
0.000000,-3.392307,1.298595,0.000335,0.000000,0.000000,0.000000
0.000000,-3.392307,1.298595,0.000335,0.000000,0.000000,0.000000
0.000000,-3.393067,1.298595,0.000335,0.000000,0.000000,0.000000
0.000000,-3.394999,1.298595,0.000335,0.000000,0.000000,0.000000
0.000000,-3.394999,1.298595,0.000335,0.000000,0.000000,0.000000
0.000000,-3.395939,1.298595,0.000335,0.000000,0.000000,0.000000
0.000000,-3.395939,1.298595,0.000335,0.000000,0.000000,0.000000
0.000000,-3.396759,1.298595,0.000335,0.000000,0.000000,0.000000
0.000000,-3.397057,1.298595,0.000335,0.000000,0.000000,0.000000
0.000000,-3.397057,1.298595,0.000335,0.000000,0.000000,0.000000
0.000000,-3.397646,1.298595,0.000335,0.000000,0.000000,0.000000
0.000000,-3.397646,1.298595,0.000335,0.000000,0.000000,0.000000
0.000000,-3.397277,1.298595,0.000335,0.000000,0.000000,0.000000
0.000000,-3.397061,1.298595,0.000335,0.000000,0.000000,0.000000
0.000000,-3.397061,1.298595,0.000335,0.000000,0.000000,0.000000
0.000000,-3.395719,1.298595,0.000335,0.000000,0.000000,0.000000
0.000000,-3.395719,1.298595,0.000335,0.000000,0.000000,0.000000
0.000000,-3.394387,1.298595,0.000335,0.000000,0.000000,0.000000
0.000000,-3.393322,1.298595,0.000335,0.000000,0.000000,0.000000
0.000000,-3.393322,1.298595,0.000335,0.000000,0.000000,0.000000
0.000000,-3.392611,1.298595,0.000335,0.000000,0.000000,0.000000
0.000000,-3.392611,1.298595,0.000335,0.000000,0.000000,0.000000
0.000000,-3.392309,1.298595,0.000335,0.000000,0.000000,0.000000
0.000000,-3.392733,1.298595,0.000335,0.000000,0.000000,0.000000
0.000000,-3.392733,1.298595,0.000335,0.000000,0.000000,0.000000
0.000000,-3.393615,1.298595,0.000335,0.000000,0.000000,0.000000
0.000000,-3.393615,1.298595,0.000335,0.000000,0.000000,0.000000
0.000000,-3.395360,1.298595,0.000335,0.000000,0.000000,0.000000
0.000000,-3.397000,1.298595,0.000335,0.000000,0.000000,0.000000
0.000000,-3.397000,1.298595,0.000335,0.000000,0.000000,0.000000
0.000000,-3.399276,1.298595,0.000335,0.000000,0.000000,0.000000
0.000000,-3.399276,1.298691,0.000335,0.000000,0.000000,0.000000
0.000000,-3.400305,1.298691,0.000335,0.000000,0.000000,0.000000
0.000000,-3.401745,1.298691,0.000335,0.000000,0.000000,0.000000
0.000000,-3.401745,1.298691,0.000335,0.000000,0.000000,0.000000
0.000000,-3.401923,1.298691,0.000335,0.000000,0.000000,0.000000
0.000000,-3.401923,1.298691,0.000335,0.000000,0.000000,0.000000
0.000000,-3.402289,1.298691,0.000335,0.000000,0.000000,0.000000
0.000000,-3.401313,1.298691,0.000335,0.000000,0.000000,0.000000
0.000000,-3.401313,1.298691,0.000335,0.000000,0.000000,0.000000
0.000000,-3.399461,1.298691,0.000335,0.000000,0.000000,0.000000
0.000000,-3.399461,1.298691,0.000335,0.000000,0.000000,0.000000
0.000000,-3.397696,1.298691,0.000335,0.000000,0.000000,0.000000
0.000000,-3.395589,1.298691,0.000335,0.000000,0.000000,0.000000
0.000000,-3.395589,1.298691,0.000335,0.000000,0.000000,0.000000
0.000000,-3.394528,1.298691,0.000335,0.000000,0.000000,0.000000
0.000000,-3.394528,1.298691,0.000335,0.000000,0.000000,0.000000
0.000000,-3.393976,1.298691,0.000335,0.000000,0.000000,0.000000
0.000000,-3.394283,1.298691,0.000335,0.000000,0.000000,0.000000
0.000000,-3.394283,1.298691,0.000335,0.000000,0.000000,0.000000
0.000000,-3.395651,1.298691,0.000335,0.000000,0.000000,0.000000
0.000000,-3.395651,1.298691,0.000335,0.000000,0.000000,0.000000
0.000000,-3.396624,1.298691,0.000335,0.000000,0.000000,0.000000
0.000000,-3.398035,1.298691,0.000335,0.000000,0.000000,0.000000
0.000000,-3.398035,1.298691,0.000335,0.000000,0.000000,0.000000
0.000000,-3.399279,1.298691,0.000335,0.000000,0.000000,0.000000
0.000000,-3.399279,1.298691,0.000335,0.000000,0.000000,0.000000
0.000000,-3.401031,1.298691,0.000335,0.000000,0.000000,0.000000
0.000000,-3.402061,1.298691,0.000335,0.000000,0.000000,0.000000
0.000000,-3.402061,1.298691,0.000335,0.000000,0.000000,0.000000
0.000000,-3.403390,1.298691,0.000335,0.000000,0.000000,0.000000
0.000000,-3.403390,1.298691,0.000335,0.000000,0.000000,0.000000
0.000000,-3.403479,1.298691,0.000335,0.000000,0.000000,0.000000
0.000000,-3.403161,1.298691,0.000335,0.000000,0.000000,0.000000
0.000000,-3.403161,1.298691,0.000335,0.000000,0.000000,0.000000
0.000000,-3.402704,1.298691,0.000335,0.000000,0.000000,0.000000
0.000000,-3.402704,1.298691,0.000335,0.000000,0.000000,0.000000
0.000000,-3.402467,1.298691,0.000335,0.000000,0.000000,0.000000
0.000000,-3.402044,1.298691,0.000335,0.000000,0.000000,0.000000
0.000000,-3.402044,1.298691,0.000335,0.000000,0.000000,0.000000
0.000000,-3.401782,1.298691,0.000335,0.000000,0.000000,0.000000
0.000000,-3.401782,1.298691,0.000335,0.000000,0.000000,0.000000
0.000000,-3.402269,1.298691,0.000335,0.000000,0.000000,0.000000
0.000000,-3.403683,1.298691,0.000335,0.000000,0.000000,0.000000
0.000000,-3.403683,1.298691,0.000335,0.000000,0.000000,0.000000
0.000000,-3.404810,1.298691,0.000335,0.000000,0.000000,0.000000
0.000000,-3.404810,1.298691,0.000335,0.000000,0.000000,0.000000
0.000000,-3.406158,1.298691,0.000335,0.000000,0.000000,0.000000
0.000000,-3.406160,1.298691,0.000335,0.000000,0.000000,0.000000
0.000000,-3.406160,1.298691,0.000335,0.000000,0.000000,0.000000
0.000000,-3.406502,1.298691,0.000335,0.000000,0.000000,0.000000
0.000000,-3.406502,1.298691,0.000335,0.000000,0.000000,0.000000
0.000000,-3.407024,1.298691,0.000335,0.000000,0.000000,0.000000
0.000000,-3.408182,1.298691,0.000335,0.000000,0.000000,0.000000
0.000000,-3.408182,1.298691,0.000335,0.000000,0.000000,0.000000
0.000000,-3.408707,1.298691,0.000335,0.000000,0.000000,0.000000
0.000000,-3.408707,1.298691,0.000335,0.000000,0.000000,0.000000
0.000000,-3.409255,1.298691,0.000335,0.000000,0.000000,0.000000
0.000000,-3.408747,1.298691,0.000335,0.000000,0.000000,0.000000
0.000000,-3.408747,1.298691,0.000335,0.000000,0.000000,0.000000
0.000000,-3.407862,1.298691,0.000335,0.000000,0.000000,0.000000
0.000000,-3.407862,1.298691,0.000335,0.000000,0.000000,0.000000
0.000000,-3.407169,1.298691,0.000335,0.000000,0.000000,0.000000
0.000000,-3.406597,1.298691,0.000335,0.000000,0.000000,0.000000
0.000000,-3.406597,1.298691,0.000335,0.000000,0.000000,0.000000
0.000000,-3.406111,1.298691,0.000335,0.000000,0.000000,0.000000
0.000000,-3.406111,1.298691,0.000335,0.000000,0.000000,0.000000
0.000000,-3.405479,1.298691,0.000335,0.000000,0.000000,0.000000
0.000000,-3.404349,1.298691,0.000335,0.000000,0.000000,0.000000
0.000000,-3.404349,1.298691,0.000335,0.000000,0.000000,0.000000
0.000000,-3.402866,1.298691,0.000335,0.000000,0.000000,0.000000
0.000000,-3.402866,1.298691,0.000335,0.000000,0.000000,0.000000
0.000000,-3.401303,1.298691,0.000335,0.000000,0.000000,0.000000
0.000000,-3.399079,1.298691,0.000335,0.000000,0.000000,0.000000
0.000000,-3.399079,1.298691,0.000335,0.000000,0.000000,0.000000
0.000000,-3.397877,1.298691,0.000335,0.000000,0.000000,0.000000
0.000000,-3.397877,1.298691,0.000335,0.000000,0.000000,0.000000
0.000000,-3.397259,1.298691,0.000335,0.000000,0.000000,0.000000
0.000000,-3.397370,1.298691,0.000335,0.000000,0.000000,0.000000
0.000000,-3.397370,1.298691,0.000335,0.000000,0.000000,0.000000
0.000000,-3.397907,1.298691,0.000335,0.000000,0.000000,0.000000
0.000000,-3.397907,1.298691,0.000335,0.000000,0.000000,0.000000
0.000000,-3.398235,1.298691,0.000335,0.000000,0.000000,0.000000
0.000000,-3.399126,1.298691,0.000335,0.000000,0.000000,0.000000
0.000000,-3.399126,1.298691,0.000335,0.000000,0.000000,0.000000
0.000000,-3.400277,1.298691,0.000335,0.000000,0.000000,0.000000
0.000000,-3.400277,1.298691,0.000335,0.000000,0.000000,0.000000
0.000000,-3.402112,1.298691,0.000335,0.000000,0.000000,0.000000
0.000000,-3.403262,1.298691,0.000335,0.000000,0.000000,0.000000
0.000000,-3.403262,1.298691,0.000335,0.000000,0.000000,0.000000
0.000000,-3.404621,1.298691,0.000335,0.000000,0.000000,0.000000
0.000000,-3.404621,1.298691,0.000335,0.000000,0.000000,0.000000
0.000000,-3.404920,1.298691,0.000335,0.000000,0.000000,0.000000
0.000000,-3.404835,1.298691,0.000335,0.000000,0.000000,0.000000
0.000000,-3.404835,1.298691,0.000335,0.000000,0.000000,0.000000
0.000000,-3.403735,1.298691,0.000335,0.000000,0.000000,0.000000
0.000000,-3.403735,1.298691,0.000335,0.000000,0.000000,0.000000
0.000000,-3.402246,1.298691,0.000335,0.000000,0.000000,0.000000
0.000000,-3.401268,1.298691,0.000335,0.000000,0.000000,0.000000
0.000000,-3.401268,1.298691,0.000335,0.000000,0.000000,0.000000
0.000000,-3.399761,1.298691,0.000335,0.000000,0.000000,0.000000
0.000000,-3.399761,1.298691,0.000335,0.000000,0.000000,0.000000
0.000000,-3.397996,1.298691,0.000335,0.000000,0.000000,0.000000
0.000000,-3.396100,1.298691,0.000335,0.000000,0.000000,0.000000
0.000000,-3.396100,1.298691,0.000335,0.000000,0.000000,0.000000
0.000000,-3.394738,1.298691,0.000335,0.000000,0.000000,0.000000
0.000000,-3.394738,1.298691,0.000335,0.000000,0.000000,0.000000
0.000000,-3.393750,1.298691,0.000335,0.000000,0.000000,0.000000
0.000000,-3.393728,1.298691,0.000335,0.000000,0.000000,0.000000
0.000000,-3.393728,1.298691,0.000335,0.000000,0.000000,0.000000
0.000000,-3.394213,1.298691,0.000335,0.000000,0.000000,0.000000
0.000000,-3.394213,1.298691,0.000335,0.000000,0.000000,0.000000
0.000000,-3.395162,1.298691,0.000335,0.000000,0.000000,0.000000
0.000000,-3.397212,1.298691,0.000335,0.000000,0.000000,0.000000
0.000000,-3.397212,1.298691,0.000335,0.000000,0.000000,0.000000
0.000000,-3.398795,1.298691,0.000335,0.000000,0.000000,0.000000
0.000000,-3.398795,1.298691,0.000335,0.000000,0.000000,0.000000
0.000000,-3.400831,1.298691,0.000335,0.000000,0.000000,0.000000
0.000000,-3.401529,1.298691,0.000335,0.000000,0.000000,0.000000
0.000000,-3.401529,1.298691,0.000335,0.000000,0.000000,0.000000
0.000000,-3.402246,1.298691,0.000335,0.000000,0.000000,0.000000
0.000000,-3.402246,1.298691,0.000335,0.000000,0.000000,0.000000
0.000000,-3.401787,1.298691,0.000335,0.000000,0.000000,0.000000
0.000000,-3.400939,1.298691,0.000335,0.000000,0.000000,0.000000
0.000000,-3.400939,1.298691,0.000335,0.000000,0.000000,0.000000
0.000000,-3.400026,1.298691,0.000335,0.000000,0.000000,0.000000
0.000000,-3.400026,1.298691,0.000335,0.000000,0.000000,0.000000
0.000000,-3.398819,1.298691,0.000335,0.000000,0.000000,0.000000
0.000000,-3.397692,1.298691,0.000335,0.000000,0.000000,0.000000
0.000000,-3.397692,1.298691,0.000335,0.000000,0.000000,0.000000
0.000000,-3.396184,1.298691,0.000335,0.000000,0.000000,0.000000
0.000000,-3.396184,1.298691,0.000335,0.000000,0.000000,0.000000
0.000000,-3.395179,1.298691,0.000335,0.000000,0.000000,0.000000
0.000000,-3.394500,1.298691,0.000335,0.000000,0.000000,0.000000
0.000000,-3.394500,1.298691,0.000335,0.000000,0.000000,0.000000
0.000000,-3.394620,1.298691,0.000335,0.000000,0.000000,0.000000
0.000000,-3.394620,1.298691,0.000335,0.000000,0.000000,0.000000
0.000000,-3.395318,1.298691,0.000335,0.000000,0.000000,0.000000
0.000000,-3.396253,1.298691,0.000335,0.000000,0.000000,0.000000
0.000000,-3.396253,1.298691,0.000335,0.000000,0.000000,0.000000
0.000000,-3.397821,1.298691,0.000335,0.000000,0.000000,0.000000
0.000000,-3.397821,1.298691,0.000335,0.000000,0.000000,0.000000
0.000000,-3.398665,1.298691,0.000335,0.000000,0.000000,0.000000
0.000000,-3.399726,1.298691,0.000335,0.000000,0.000000,0.000000
0.000000,-3.399726,1.298691,0.000335,0.000000,0.000000,0.000000
0.000000,-3.399599,1.298691,0.000335,0.000000,0.000000,0.000000
0.000000,-3.399599,1.298691,0.000335,0.000000,0.000000,0.000000
0.000000,-3.398909,1.298691,0.000335,0.000000,0.000000,0.000000
0.000000,-3.398540,1.298691,0.000335,0.000000,0.000000,0.000000
0.000000,-3.398540,1.298691,0.000335,0.000000,0.000000,0.000000
0.000000,-3.398768,1.298691,0.000335,0.000000,0.000000,0.000000
0.000000,-3.398768,1.298691,0.000335,0.000000,0.000000,0.000000
0.000000,-3.398583,1.298691,0.000335,0.000000,0.000000,0.000000
0.000000,-3.398294,1.298691,0.000335,0.000000,0.000000,0.000000
0.000000,-3.398294,1.298691,0.000335,0.000000,0.000000,0.000000
0.000000,-3.397866,1.298691,0.000335,0.000000,0.000000,0.000000
0.000000,-3.397866,1.298691,0.000335,0.000000,0.000000,0.000000
0.000000,-3.397454,1.298691,0.000335,0.000000,0.000000,0.000000
0.000000,-3.397546,1.298691,0.000335,0.000000,0.000000,0.000000
0.000000,-3.397546,1.298691,0.000335,0.000000,0.000000,0.000000
0.000000,-3.397982,1.298691,0.000335,0.000000,0.000000,0.000000
0.000000,-3.397982,1.298691,0.000335,0.000000,0.000000,0.000000
