I0,I1,I2,I3,I4,I5,I6
0.000000,-4.533447,1.317952,-0.154616,0.000000,0.000000,0.000000
0.000000,-4.533447,1.317952,-0.154616,0.000000,0.000000,0.000000
0.000000,-4.533447,1.317952,-0.154616,0.000000,0.000000,0.000000
0.000000,-4.533447,1.317952,-0.154616,0.000000,0.000000,0.000000
0.000000,-4.533441,1.317952,-0.154616,0.000000,0.000000,0.000000
0.000000,-4.533441,1.317952,-0.154616,0.000000,0.000000,0.000000
0.000000,-4.533441,1.317952,-0.154616,0.000000,0.000000,0.000000
0.000000,-4.533482,1.317952,-0.154616,0.000000,0.000000,0.000000
0.000000,-4.533482,1.317952,-0.154616,0.000000,0.000000,0.000000
0.000000,-4.533482,1.317952,-0.154616,0.000000,0.000000,0.000000
0.000000,-4.533512,1.317952,-0.154616,0.000000,0.000000,0.000000
0.000000,-4.533512,1.317952,-0.154616,0.000000,0.000000,0.000000
0.000000,-4.533512,1.317952,-0.154616,0.000000,0.000000,0.000000
0.000000,-4.533512,1.317952,-0.154616,0.000000,0.000000,0.000000
0.000000,-4.533558,1.317952,-0.154616,0.000000,0.000000,0.000000
0.000000,-4.533558,1.317952,-0.154616,0.000000,0.000000,0.000000
0.000000,-4.533558,1.317952,-0.154616,0.000000,0.000000,0.000000
0.000000,-4.533592,1.317952,-0.154616,0.000000,0.000000,0.000000
0.000000,-4.533592,1.317952,-0.154616,0.000000,0.000000,0.000000
0.000000,-4.533592,1.317952,-0.154616,0.000000,0.000000,0.000000
0.000000,-4.533634,1.317952,-0.154616,0.000000,0.000000,0.000000
0.000000,-4.533634,1.317952,-0.154616,0.000000,0.000000,0.000000
0.000000,-4.533634,1.317952,-0.154616,0.000000,0.000000,0.000000
0.000000,-4.533634,1.317952,-0.154616,0.000000,0.000000,0.000000
0.000000,-4.533685,1.317952,-0.154616,0.000000,0.000000,0.000000
0.000000,-4.533685,1.317952,-0.154616,0.000000,0.000000,0.000000
0.000000,-4.533685,1.317952,-0.154616,0.000000,0.000000,0.000000
0.000000,-4.533757,1.317952,-0.154616,0.000000,0.000000,0.000000
0.000000,-4.533757,1.317952,-0.154616,0.000000,0.000000,0.000000
0.000000,-4.533757,1.317952,-0.154616,0.000000,0.000000,0.000000
0.000000,-4.533862,1.317952,-0.154616,0.000000,0.000000,0.000000
0.000000,-4.533862,1.317952,-0.154616,0.000000,0.000000,0.000000
0.000000,-4.533862,1.317952,-0.154616,0.000000,0.000000,0.000000
0.000000,-4.533862,1.317952,-0.154616,0.000000,0.000000,0.000000
0.000000,-4.533958,1.317952,-0.154616,0.000000,0.000000,0.000000
0.000000,-4.533958,1.317952,-0.154616,0.000000,0.000000,0.000000
0.000000,-4.533958,1.317952,-0.154616,0.000000,0.000000,0.000000
0.000000,-4.534043,1.317952,-0.154616,0.000000,0.000000,0.000000
0.000000,-4.534043,1.317952,-0.154616,0.000000,0.000000,0.000000
0.000000,-4.534043,1.317952,-0.154616,0.000000,0.000000,0.000000
0.000000,-4.534077,1.317952,-0.154616,0.000000,0.000000,0.000000
0.000000,-4.534077,1.317952,-0.154616,0.000000,0.000000,0.000000
0.000000,-4.534077,1.317952,-0.154616,0.000000,0.000000,0.000000
0.000000,-4.534077,1.317952,-0.154616,0.000000,0.000000,0.000000
0.000000,-4.534101,1.317952,-0.154616,0.000000,0.000000,0.000000
0.000000,-4.534101,1.317952,-0.154616,0.000000,0.000000,0.000000
0.000000,-4.534101,1.317952,-0.154616,0.000000,0.000000,0.000000
0.000000,-4.534122,1.317952,-0.154616,0.000000,0.000000,0.000000
0.000000,-4.534122,1.317952,-0.154616,0.000000,0.000000,0.000000
0.000000,-4.534122,1.317952,-0.154616,0.000000,0.000000,0.000000
0.000000,-4.534141,1.317952,-0.154616,0.000000,0.000000,0.000000
0.000000,-4.534141,1.317952,-0.154616,0.000000,0.000000,0.000000
0.000000,-4.534141,1.317952,-0.154616,0.000000,0.000000,0.000000
0.000000,-4.534141,1.317952,-0.154616,0.000000,0.000000,0.000000
0.000000,-4.534157,1.317952,-0.154616,0.000000,0.000000,0.000000
0.000000,-4.534157,1.317952,-0.154616,0.000000,0.000000,0.000000
0.000000,-4.534157,1.317952,-0.154616,0.000000,0.000000,0.000000
0.000000,-4.534158,1.317952,-0.154616,0.000000,0.000000,0.000000
0.000000,-4.534158,1.317952,-0.154616,0.000000,0.000000,0.000000
0.000000,-4.534158,1.317952,-0.154616,0.000000,0.000000,0.000000
0.000000,-4.534166,1.317952,-0.154616,0.000000,0.000000,0.000000
0.000000,-4.534166,1.317952,-0.154616,0.000000,0.000000,0.000000
0.000000,-4.534166,1.317952,-0.154616,0.000000,0.000000,0.000000
0.000000,-4.534166,1.317952,-0.154616,0.000000,0.000000,0.000000
0.000000,-4.534171,1.317952,-0.154616,0.000000,0.000000,0.000000
0.000000,-4.534171,1.317952,-0.154616,0.000000,0.000000,0.000000
0.000000,-4.534171,1.317952,-0.154616,0.000000,0.000000,0.000000
0.000000,-4.534179,1.317952,-0.154616,0.000000,0.000000,0.000000
0.000000,-4.534179,1.317952,-0.154616,0.000000,0.000000,0.000000
0.000000,-4.534179,1.317952,-0.154616,0.000000,0.000000,0.000000
0.000000,-4.534181,1.317952,-0.154616,0.000000,0.000000,0.000000
0.000000,-4.534181,1.317952,-0.154616,0.000000,0.000000,0.000000
0.000000,-4.534181,1.317952,-0.154616,0.000000,0.000000,0.000000
0.000000,-4.534181,1.317952,-0.154616,0.000000,0.000000,0.000000
0.000000,-4.534188,1.317952,-0.154616,0.000000,0.000000,0.000000
0.000000,-4.534188,1.317952,-0.154616,0.000000,0.000000,0.000000
0.000000,-4.534188,1.317952,-0.154616,0.000000,0.000000,0.000000
0.000000,-4.534166,1.317952,-0.154616,0.000000,0.000000,0.000000
0.000000,-4.534166,1.317952,-0.154616,0.000000,0.000000,0.000000
0.000000,-4.534166,1.317952,-0.154616,0.000000,0.000000,0.000000
0.000000,-4.534171,1.317952,-0.154616,0.000000,0.000000,0.000000
0.000000,-4.534171,1.317952,-0.154616,0.000000,0.000000,0.000000
0.000000,-4.534171,1.317952,-0.154616,0.000000,0.000000,0.000000
0.000000,-4.534171,1.317952,-0.154616,0.000000,0.000000,0.000000
0.000000,-4.534198,1.317952,-0.154616,0.000000,0.000000,0.000000
0.000000,-4.534198,1.317952,-0.154616,0.000000,0.000000,0.000000
0.000000,-4.534198,1.317952,-0.154616,0.000000,0.000000,0.000000
0.000000,-4.534231,1.317952,-0.154616,0.000000,0.000000,0.000000
0.000000,-4.534231,1.317952,-0.154616,0.000000,0.000000,0.000000
0.000000,-4.534231,1.317952,-0.154616,0.000000,0.000000,0.000000
0.000000,-4.534234,1.317952,-0.154616,0.000000,0.000000,0.000000
0.000000,-4.534234,1.317952,-0.154616,0.000000,0.000000,0.000000
0.000000,-4.534234,1.317952,-0.154616,0.000000,0.000000,0.000000
0.000000,-4.534234,1.317952,-0.154616,0.000000,0.000000,0.000000
0.000000,-4.534233,1.317952,-0.154616,0.000000,0.000000,0.000000
0.000000,-4.534233,1.317952,-0.154616,0.000000,0.000000,0.000000
0.000000,-4.534233,1.317952,-0.154616,0.000000,0.000000,0.000000
0.000000,-4.534201,1.317952,-0.154616,0.000000,0.000000,0.000000
0.000000,-4.534201,1.317952,-0.154616,0.000000,0.000000,0.000000
0.000000,-4.534201,1.317952,-0.154616,0.000000,0.000000,0.000000
0.000000,-4.534156,1.317952,-0.154616,0.000000,0.000000,0.000000
0.000000,-4.534156,1.317952,-0.154616,0.000000,0.000000,0.000000
0.000000,-4.534156,1.317952,-0.154616,0.000000,0.000000,0.000000
0.000000,-4.534156,1.317952,-0.154616,0.000000,0.000000,0.000000
0.000000,-4.534129,1.317952,-0.154616,0.000000,0.000000,0.000000
0.000000,-4.534129,1.317952,-0.154616,0.000000,0.000000,0.000000
0.000000,-4.534129,1.317952,-0.154616,0.000000,0.000000,0.000000
0.000000,-4.534105,1.317952,-0.154616,0.000000,0.000000,0.000000
0.000000,-4.534105,1.317952,-0.154616,0.000000,0.000000,0.000000
0.000000,-4.534105,1.317952,-0.154616,0.000000,0.000000,0.000000
0.000000,-4.534101,1.317952,-0.154616,0.000000,0.000000,0.000000
0.000000,-4.534101,1.317952,-0.154616,0.000000,0.000000,0.000000
0.000000,-4.534101,1.317952,-0.154616,0.000000,0.000000,0.000000
0.000000,-4.534101,1.317952,-0.154616,0.000000,0.000000,0.000000
0.000000,-4.534120,1.317952,-0.154616,0.000000,0.000000,0.000000
0.000000,-4.534120,1.317952,-0.154616,0.000000,0.000000,0.000000
0.000000,-4.534120,1.317952,-0.154616,0.000000,0.000000,0.000000
0.000000,-4.534141,1.317952,-0.154616,0.000000,0.000000,0.000000
0.000000,-4.534141,1.317952,-0.154616,0.000000,0.000000,0.000000
0.000000,-4.534141,1.317952,-0.154616,0.000000,0.000000,0.000000
0.000000,-4.534172,1.317952,-0.154616,0.000000,0.000000,0.000000
0.000000,-4.534172,1.317952,-0.154616,0.000000,0.000000,0.000000
0.000000,-4.534172,1.317952,-0.154616,0.000000,0.000000,0.000000
0.000000,-4.534172,1.317952,-0.154616,0.000000,0.000000,0.000000
0.000000,-4.534184,1.317952,-0.154616,0.000000,0.000000,0.000000
0.000000,-4.534184,1.317952,-0.154616,0.000000,0.000000,0.000000
0.000000,-4.534184,1.317952,-0.154616,0.000000,0.000000,0.000000
0.000000,-4.534197,1.317952,-0.154616,0.000000,0.000000,0.000000
0.000000,-4.534197,1.317952,-0.154616,0.000000,0.000000,0.000000
0.000000,-4.534197,1.317952,-0.154616,0.000000,0.000000,0.000000
0.000000,-4.534227,1.317952,-0.154616,0.000000,0.000000,0.000000
0.000000,-4.534227,1.317952,-0.154616,0.000000,0.000000,0.000000
0.000000,-4.534227,1.317952,-0.154616,0.000000,0.000000,0.000000
0.000000,-4.534227,1.317952,-0.154616,0.000000,0.000000,0.000000
0.000000,-4.534259,1.317952,-0.154616,0.000000,0.000000,0.000000
0.000000,-4.534259,1.317952,-0.154616,0.000000,0.000000,0.000000
0.000000,-4.534259,1.317952,-0.154616,0.000000,0.000000,0.000000
0.000000,-4.534260,1.317952,-0.154616,0.000000,0.000000,0.000000
0.000000,-4.534260,1.317952,-0.154616,0.000000,0.000000,0.000000
0.000000,-4.534260,1.317952,-0.154616,0.000000,0.000000,0.000000
0.000000,-4.534260,1.317952,-0.154616,0.000000,0.000000,0.000000
0.000000,-4.534260,1.317952,-0.154616,0.000000,0.000000,0.000000
0.000000,-4.534260,1.317952,-0.154616,0.000000,0.000000,0.000000
0.000000,-4.534260,1.317952,-0.154616,0.000000,0.000000,0.000000
0.000000,-4.534286,1.317952,-0.154616,0.000000,0.000000,0.000000
0.000000,-4.534286,1.317952,-0.154616,0.000000,0.000000,0.000000
0.000000,-4.534286,1.317952,-0.154616,0.000000,0.000000,0.000000
0.000000,-4.534297,1.317952,-0.154616,0.000000,0.000000,0.000000
0.000000,-4.534297,1.317952,-0.154616,0.000000,0.000000,0.000000
0.000000,-4.534297,1.317952,-0.154616,0.000000,0.000000,0.000000
0.000000,-4.534311,1.317952,-0.154616,0.000000,0.000000,0.000000
0.000000,-4.534311,1.317952,-0.154616,0.000000,0.000000,0.000000
0.000000,-4.534311,1.317952,-0.154616,0.000000,0.000000,0.000000
0.000000,-4.534311,1.317952,-0.154616,0.000000,0.000000,0.000000
0.000000,-4.534359,1.317952,-0.154616,0.000000,0.000000,0.000000
0.000000,-4.534359,1.317952,-0.154616,0.000000,0.000000,0.000000
0.000000,-4.534359,1.317952,-0.154616,0.000000,0.000000,0.000000
0.000000,-4.534416,1.317952,-0.154616,0.000000,0.000000,0.000000
0.000000,-4.534416,1.317952,-0.154616,0.000000,0.000000,0.000000
0.000000,-4.534416,1.317952,-0.154616,0.000000,0.000000,0.000000
0.000000,-4.534455,1.317952,-0.154616,0.000000,0.000000,0.000000
0.000000,-4.534455,1.317952,-0.154616,0.000000,0.000000,0.000000
0.000000,-4.534455,1.317952,-0.154616,0.000000,0.000000,0.000000
0.000000,-4.534455,1.317952,-0.154616,0.000000,0.000000,0.000000
0.000000,-4.534504,1.317952,-0.154616,0.000000,0.000000,0.000000
0.000000,-4.534504,1.317952,-0.154616,0.000000,0.000000,0.000000
0.000000,-4.534504,1.317952,-0.154616,0.000000,0.000000,0.000000
0.000000,-4.534558,1.317952,-0.154616,0.000000,0.000000,0.000000
0.000000,-4.534558,1.317952,-0.154616,0.000000,0.000000,0.000000
0.000000,-4.534558,1.317952,-0.154616,0.000000,0.000000,0.000000
0.000000,-4.534624,1.317952,-0.154616,0.000000,0.000000,0.000000
0.000000,-4.534624,1.317952,-0.154616,0.000000,0.000000,0.000000
0.000000,-4.534624,1.317952,-0.154616,0.000000,0.000000,0.000000
0.000000,-4.534624,1.317952,-0.154616,0.000000,0.000000,0.000000
0.000000,-4.534668,1.317952,-0.154616,0.000000,0.000000,0.000000
0.000000,-4.534668,1.317952,-0.154616,0.000000,0.000000,0.000000
0.000000,-4.534668,1.317952,-0.154616,0.000000,0.000000,0.000000
0.000000,-4.534688,1.317952,-0.154616,0.000000,0.000000,0.000000
0.000000,-4.534688,1.317952,-0.154616,0.000000,0.000000,0.000000
0.000000,-4.534688,1.317952,-0.154616,0.000000,0.000000,0.000000
0.000000,-4.534683,1.317952,-0.154616,0.000000,0.000000,0.000000
0.000000,-4.534683,1.317952,-0.154616,0.000000,0.000000,0.000000
0.000000,-4.534683,1.317952,-0.154616,0.000000,0.000000,0.000000
0.000000,-4.534683,1.317952,-0.154616,0.000000,0.000000,0.000000
0.000000,-4.534662,1.317952,-0.154616,0.000000,0.000000,0.000000
0.000000,-4.534662,1.317952,-0.154616,0.000000,0.000000,0.000000
0.000000,-4.534662,1.317952,-0.154616,0.000000,0.000000,0.000000
0.000000,-4.534660,1.317952,-0.154616,0.000000,0.000000,0.000000
0.000000,-4.534660,1.317952,-0.154616,0.000000,0.000000,0.000000
0.000000,-4.534660,1.317952,-0.154616,0.000000,0.000000,0.000000
0.000000,-4.534663,1.317952,-0.154616,0.000000,0.000000,0.000000
0.000000,-4.534663,1.317952,-0.154616,0.000000,0.000000,0.000000
0.000000,-4.534663,1.317952,-0.154616,0.000000,0.000000,0.000000
0.000000,-4.534663,1.317952,-0.154616,0.000000,0.000000,0.000000
0.000000,-4.534667,1.317952,-0.154616,0.000000,0.000000,0.000000
0.000000,-4.534667,1.317952,-0.154616,0.000000,0.000000,0.000000
0.000000,-4.534667,1.317952,-0.154616,0.000000,0.000000,0.000000
0.000000,-4.534683,1.317952,-0.154616,0.000000,0.000000,0.000000
0.000000,-4.534683,1.317952,-0.154616,0.000000,0.000000,0.000000
0.000000,-4.534683,1.317952,-0.154616,0.000000,0.000000,0.000000
0.000000,-4.534683,1.317952,-0.154616,0.000000,0.000000,0.000000
0.000000,-4.534683,1.317952,-0.154616,0.000000,0.000000,0.000000
0.000000,-4.534683,1.317952,-0.154616,0.000000,0.000000,0.000000
0.000000,-4.534683,1.317952,-0.154616,0.000000,0.000000,0.000000
0.000000,-4.534629,1.317952,-0.154616,0.000000,0.000000,0.000000
0.000000,-4.534629,1.317952,-0.154616,0.000000,0.000000,0.000000
0.000000,-4.534629,1.317952,-0.154616,0.000000,0.000000,0.000000
0.000000,-4.534588,1.317952,-0.154616,0.000000,0.000000,0.000000
0.000000,-4.534588,1.317952,-0.154616,0.000000,0.000000,0.000000
0.000000,-4.534588,1.317952,-0.154616,0.000000,0.000000,0.000000
0.000000,-4.534560,1.317952,-0.154616,0.000000,0.000000,0.000000
0.000000,-4.534560,1.317952,-0.154616,0.000000,0.000000,0.000000
0.000000,-4.534560,1.317952,-0.154616,0.000000,0.000000,0.000000
0.000000,-4.534560,1.317952,-0.154616,0.000000,0.000000,0.000000
0.000000,-4.534552,1.317952,-0.154616,0.000000,0.000000,0.000000
0.000000,-4.534552,1.317952,-0.154616,0.000000,0.000000,0.000000
0.000000,-4.534552,1.317952,-0.154616,0.000000,0.000000,0.000000
0.000000,-4.534527,1.317952,-0.154616,0.000000,0.000000,0.000000
0.000000,-4.534527,1.317952,-0.154616,0.000000,0.000000,0.000000
0.000000,-4.534527,1.317952,-0.154616,0.000000,0.000000,0.000000
0.000000,-4.534495,1.317952,-0.154616,0.000000,0.000000,0.000000
0.000000,-4.534495,1.317952,-0.154616,0.000000,0.000000,0.000000
0.000000,-4.534495,1.317952,-0.154616,0.000000,0.000000,0.000000
0.000000,-4.534495,1.317952,-0.154616,0.000000,0.000000,0.000000
0.000000,-4.534454,1.317952,-0.154616,0.000000,0.000000,0.000000
0.000000,-4.534454,1.317952,-0.154616,0.000000,0.000000,0.000000
0.000000,-4.534454,1.317952,-0.154616,0.000000,0.000000,0.000000
0.000000,-4.534450,1.317952,-0.154616,0.000000,0.000000,0.000000
0.000000,-4.534450,1.317952,-0.154616,0.000000,0.000000,0.000000
0.000000,-4.534450,1.317952,-0.154616,0.000000,0.000000,0.000000
0.000000,-4.534430,1.317952,-0.154616,0.000000,0.000000,0.000000
0.000000,-4.534430,1.317952,-0.154616,0.000000,0.000000,0.000000
0.000000,-4.534430,1.317952,-0.154616,0.000000,0.000000,0.000000
0.000000,-4.534430,1.317952,-0.154616,0.000000,0.000000,0.000000
0.000000,-4.534451,1.317952,-0.154616,0.000000,0.000000,0.000000
0.000000,-4.534451,1.317952,-0.154616,0.000000,0.000000,0.000000
0.000000,-4.534451,1.317952,-0.154616,0.000000,0.000000,0.000000
0.000000,-4.534467,1.317952,-0.154616,0.000000,0.000000,0.000000
0.000000,-4.534467,1.317952,-0.154616,0.000000,0.000000,0.000000
0.000000,-4.534467,1.317952,-0.154616,0.000000,0.000000,0.000000
0.000000,-4.534494,1.317952,-0.154616,0.000000,0.000000,0.000000
0.000000,-4.534494,1.317952,-0.154616,0.000000,0.000000,0.000000
0.000000,-4.534494,1.317952,-0.154616,0.000000,0.000000,0.000000
0.000000,-4.534494,1.317952,-0.154616,0.000000,0.000000,0.000000
0.000000,-4.534495,1.317952,-0.154616,0.000000,0.000000,0.000000
0.000000,-4.534495,1.317952,-0.154616,0.000000,0.000000,0.000000
0.000000,-4.534495,1.317952,-0.154616,0.000000,0.000000,0.000000
0.000000,-4.534506,1.317952,-0.154616,0.000000,0.000000,0.000000
0.000000,-4.534506,1.317952,-0.154616,0.000000,0.000000,0.000000
0.000000,-4.534506,1.317952,-0.154616,0.000000,0.000000,0.000000
0.000000,-4.534535,1.317952,-0.154616,0.000000,0.000000,0.000000
0.000000,-4.534535,1.317952,-0.154616,0.000000,0.000000,0.000000
0.000000,-4.534535,1.317952,-0.154616,0.000000,0.000000,0.000000
0.000000,-4.534535,1.317952,-0.154616,0.000000,0.000000,0.000000
0.000000,-4.534575,1.317952,-0.154616,0.000000,0.000000,0.000000
0.000000,-4.534575,1.317952,-0.154616,0.000000,0.000000,0.000000
0.000000,-4.534575,1.317952,-0.154616,0.000000,0.000000,0.000000
0.000000,-4.534588,1.317952,-0.154616,0.000000,0.000000,0.000000
0.000000,-4.534588,1.317952,-0.154616,0.000000,0.000000,0.000000
0.000000,-4.534588,1.317952,-0.154616,0.000000,0.000000,0.000000
0.000000,-4.534617,1.317952,-0.154616,0.000000,0.000000,0.000000
0.000000,-4.534617,1.317952,-0.154616,0.000000,0.000000,0.000000
0.000000,-4.534617,1.317952,-0.154616,0.000000,0.000000,0.000000
0.000000,-4.534617,1.317952,-0.154616,0.000000,0.000000,0.000000
0.000000,-4.534626,1.317952,-0.154616,0.000000,0.000000,0.000000
0.000000,-4.534626,1.317952,-0.154616,0.000000,0.000000,0.000000
0.000000,-4.534626,1.317952,-0.154616,0.000000,0.000000,0.000000
0.000000,-4.534638,1.317952,-0.154616,0.000000,0.000000,0.000000
0.000000,-4.534638,1.317952,-0.154616,0.000000,0.000000,0.000000
0.000000,-4.534638,1.317952,-0.154616,0.000000,0.000000,0.000000
0.000000,-4.534658,1.317952,-0.154616,0.000000,0.000000,0.000000
0.000000,-4.534658,1.317952,-0.154616,0.000000,0.000000,0.000000
0.000000,-4.534658,1.317952,-0.154616,0.000000,0.000000,0.000000
0.000000,-4.534658,1.317952,-0.154616,0.000000,0.000000,0.000000
0.000000,-4.534677,1.317952,-0.154616,0.000000,0.000000,0.000000
0.000000,-4.534677,1.317952,-0.154616,0.000000,0.000000,0.000000
0.000000,-4.534677,1.317952,-0.154616,0.000000,0.000000,0.000000
0.000000,-4.534666,1.317952,-0.154616,0.000000,0.000000,0.000000
0.000000,-4.534666,1.317952,-0.154616,0.000000,0.000000,0.000000
0.000000,-4.534666,1.317952,-0.154616,0.000000,0.000000,0.000000
0.000000,-4.534663,1.317952,-0.154616,0.000000,0.000000,0.000000
0.000000,-4.534663,1.317952,-0.154616,0.000000,0.000000,0.000000
0.000000,-4.534663,1.317952,-0.154616,0.000000,0.000000,0.000000
0.000000,-4.534663,1.317952,-0.154616,0.000000,0.000000,0.000000
0.000000,-4.534649,1.317952,-0.154616,0.000000,0.000000,0.000000
0.000000,-4.534649,1.317952,-0.154616,0.000000,0.000000,0.000000
0.000000,-4.534649,1.317952,-0.154616,0.000000,0.000000,0.000000
0.000000,-4.534622,1.317952,-0.154616,0.000000,0.000000,0.000000
0.000000,-4.534622,1.317952,-0.154616,0.000000,0.000000,0.000000
0.000000,-4.534622,1.317952,-0.154616,0.000000,0.000000,0.000000
0.000000,-4.534604,1.317952,-0.154616,0.000000,0.000000,0.000000
0.000000,-4.534604,1.317952,-0.154616,0.000000,0.000000,0.000000
0.000000,-4.534604,1.317952,-0.154616,0.000000,0.000000,0.000000
0.000000,-4.534604,1.317952,-0.154616,0.000000,0.000000,0.000000
0.000000,-4.534585,1.317952,-0.154616,0.000000,0.000000,0.000000
0.000000,-4.534585,1.317952,-0.154616,0.000000,0.000000,0.000000
0.000000,-4.534585,1.317952,-0.154616,0.000000,0.000000,0.000000
0.000000,-4.534582,1.317952,-0.154616,0.000000,0.000000,0.000000
0.000000,-4.534582,1.317952,-0.154616,0.000000,0.000000,0.000000
0.000000,-4.534582,1.317952,-0.154616,0.000000,0.000000,0.000000
0.000000,-4.534598,1.317952,-0.154616,0.000000,0.000000,0.000000
0.000000,-4.534598,1.317952,-0.154616,0.000000,0.000000,0.000000
0.000000,-4.534598,1.317952,-0.154616,0.000000,0.000000,0.000000
0.000000,-4.534598,1.317952,-0.154616,0.000000,0.000000,0.000000
0.000000,-4.534616,1.317952,-0.154616,0.000000,0.000000,0.000000
0.000000,-4.534616,1.317952,-0.154616,0.000000,0.000000,0.000000
0.000000,-4.534616,1.317952,-0.154616,0.000000,0.000000,0.000000
0.000000,-4.534638,1.317952,-0.154616,0.000000,0.000000,0.000000
0.000000,-4.534638,1.317952,-0.154616,0.000000,0.000000,0.000000
0.000000,-4.534638,1.317952,-0.154616,0.000000,0.000000,0.000000
0.000000,-4.534684,1.317952,-0.154616,0.000000,0.000000,0.000000
0.000000,-4.534684,1.317952,-0.154616,0.000000,0.000000,0.000000
0.000000,-4.534684,1.317952,-0.154616,0.000000,0.000000,0.000000
0.000000,-4.534684,1.317952,-0.154616,0.000000,0.000000,0.000000
0.000000,-4.534728,1.317952,-0.154616,0.000000,0.000000,0.000000
0.000000,-4.534728,1.317952,-0.154616,0.000000,0.000000,0.000000
0.000000,-4.534728,1.317952,-0.154616,0.000000,0.000000,0.000000
0.000000,-4.534741,1.317952,-0.154616,0.000000,0.000000,0.000000
0.000000,-4.534741,1.317952,-0.154616,0.000000,0.000000,0.000000
0.000000,-4.534741,1.317952,-0.154616,0.000000,0.000000,0.000000
0.000000,-4.534775,1.317952,-0.154616,0.000000,0.000000,0.000000
0.000000,-4.534775,1.317952,-0.154616,0.000000,0.000000,0.000000
0.000000,-4.534775,1.317952,-0.154616,0.000000,0.000000,0.000000
0.000000,-4.534775,1.317952,-0.154616,0.000000,0.000000,0.000000
0.000000,-4.534808,1.317952,-0.154616,0.000000,0.000000,0.000000
0.000000,-4.534808,1.317952,-0.154616,0.000000,0.000000,0.000000
0.000000,-4.534808,1.317952,-0.154616,0.000000,0.000000,0.000000
0.000000,-4.534834,1.317952,-0.154616,0.000000,0.000000,0.000000
0.000000,-4.534834,1.317952,-0.154616,0.000000,0.000000,0.000000
0.000000,-4.534834,1.317952,-0.154616,0.000000,0.000000,0.000000
0.000000,-4.534835,1.317952,-0.154616,0.000000,0.000000,0.000000
0.000000,-4.534835,1.317952,-0.154616,0.000000,0.000000,0.000000
0.000000,-4.534835,1.317952,-0.154616,0.000000,0.000000,0.000000
0.000000,-4.534835,1.317952,-0.154616,0.000000,0.000000,0.000000
0.000000,-4.534814,1.317952,-0.154616,0.000000,0.000000,0.000000
0.000000,-4.534814,1.317952,-0.154616,0.000000,0.000000,0.000000
0.000000,-4.534814,1.317952,-0.154616,0.000000,0.000000,0.000000
0.000000,-4.534795,1.317952,-0.154616,0.000000,0.000000,0.000000
0.000000,-4.534795,1.317952,-0.154616,0.000000,0.000000,0.000000
0.000000,-4.534795,1.317952,-0.154616,0.000000,0.000000,0.000000
0.000000,-4.534772,1.317952,-0.154616,0.000000,0.000000,0.000000
0.000000,-4.534772,1.317952,-0.154616,0.000000,0.000000,0.000000
0.000000,-4.534772,1.317952,-0.154616,0.000000,0.000000,0.000000
0.000000,-4.534772,1.317952,-0.154616,0.000000,0.000000,0.000000
0.000000,-4.534788,1.317952,-0.154616,0.000000,0.000000,0.000000
0.000000,-4.534788,1.317952,-0.154616,0.000000,0.000000,0.000000
0.000000,-4.534788,1.317952,-0.154616,0.000000,0.000000,0.000000
0.000000,-4.534821,1.317952,-0.154616,0.000000,0.000000,0.000000
0.000000,-4.534821,1.317952,-0.154616,0.000000,0.000000,0.000000
0.000000,-4.534821,1.317952,-0.154616,0.000000,0.000000,0.000000
0.000000,-4.534838,1.317952,-0.154616,0.000000,0.000000,0.000000
0.000000,-4.534838,1.317952,-0.154616,0.000000,0.000000,0.000000
0.000000,-4.534838,1.317952,-0.154616,0.000000,0.000000,0.000000
0.000000,-4.534838,1.317952,-0.154616,0.000000,0.000000,0.000000
0.000000,-4.534848,1.317952,-0.154616,0.000000,0.000000,0.000000
0.000000,-4.534848,1.317952,-0.154616,0.000000,0.000000,0.000000
0.000000,-4.534848,1.317952,-0.154616,0.000000,0.000000,0.000000
0.000000,-4.534836,1.317952,-0.154616,0.000000,0.000000,0.000000
0.000000,-4.534836,1.317952,-0.154616,0.000000,0.000000,0.000000
0.000000,-4.534836,1.317952,-0.154616,0.000000,0.000000,0.000000
0.000000,-4.534854,1.317952,-0.154616,0.000000,0.000000,0.000000
0.000000,-4.534854,1.317952,-0.154616,0.000000,0.000000,0.000000
0.000000,-4.534854,1.317952,-0.154616,0.000000,0.000000,0.000000
0.000000,-4.534854,1.317952,-0.154616,0.000000,0.000000,0.000000
0.000000,-4.534873,1.317952,-0.154616,0.000000,0.000000,0.000000
0.000000,-4.534873,1.317952,-0.154616,0.000000,0.000000,0.000000
0.000000,-4.534873,1.317952,-0.154616,0.000000,0.000000,0.000000
0.000000,-4.534872,1.317952,-0.154616,0.000000,0.000000,0.000000
0.000000,-4.534872,1.317952,-0.154616,0.000000,0.000000,0.000000
0.000000,-4.534872,1.317952,-0.154616,0.000000,0.000000,0.000000
0.000000,-4.534856,1.317952,-0.154616,0.000000,0.000000,0.000000
0.000000,-4.534856,1.317952,-0.154616,0.000000,0.000000,0.000000
0.000000,-4.534856,1.317952,-0.154616,0.000000,0.000000,0.000000
0.000000,-4.534856,1.317952,-0.154616,0.000000,0.000000,0.000000
0.000000,-4.534805,1.317952,-0.154616,0.000000,0.000000,0.000000
0.000000,-4.534805,1.317952,-0.154616,0.000000,0.000000,0.000000
0.000000,-4.534805,1.317952,-0.154616,0.000000,0.000000,0.000000
0.000000,-4.534783,1.317952,-0.154616,0.000000,0.000000,0.000000
0.000000,-4.534783,1.317952,-0.154616,0.000000,0.000000,0.000000
0.000000,-4.534783,1.317952,-0.154616,0.000000,0.000000,0.000000
0.000000,-4.534789,1.317952,-0.154616,0.000000,0.000000,0.000000
0.000000,-4.534789,1.317952,-0.154616,0.000000,0.000000,0.000000
0.000000,-4.534789,1.317952,-0.154616,0.000000,0.000000,0.000000
0.000000,-4.534789,1.317952,-0.154616,0.000000,0.000000,0.000000
0.000000,-4.534749,1.317952,-0.154616,0.000000,0.000000,0.000000
0.000000,-4.534749,1.317952,-0.154616,0.000000,0.000000,0.000000
0.000000,-4.534749,1.317952,-0.154616,0.000000,0.000000,0.000000
0.000000,-4.534687,1.317952,-0.154616,0.000000,0.000000,0.000000
0.000000,-4.534687,1.317952,-0.154616,0.000000,0.000000,0.000000
0.000000,-4.534687,1.317952,-0.154616,0.000000,0.000000,0.000000
0.000000,-4.534613,1.317952,-0.154616,0.000000,0.000000,0.000000
0.000000,-4.534613,1.317952,-0.154616,0.000000,0.000000,0.000000
0.000000,-4.534613,1.317952,-0.154616,0.000000,0.000000,0.000000
0.000000,-4.534613,1.317952,-0.154616,0.000000,0.000000,0.000000
0.000000,-4.534559,1.317952,-0.154616,0.000000,0.000000,0.000000
0.000000,-4.534559,1.317952,-0.154616,0.000000,0.000000,0.000000
0.000000,-4.534559,1.317952,-0.154616,0.000000,0.000000,0.000000
0.000000,-4.534525,1.317952,-0.154616,0.000000,0.000000,0.000000
0.000000,-4.534525,1.317952,-0.154616,0.000000,0.000000,0.000000
0.000000,-4.534525,1.317952,-0.154616,0.000000,0.000000,0.000000
0.000000,-4.534526,1.317952,-0.154616,0.000000,0.000000,0.000000
0.000000,-4.534526,1.317952,-0.154616,0.000000,0.000000,0.000000
0.000000,-4.534526,1.317952,-0.154616,0.000000,0.000000,0.000000
0.000000,-4.534526,1.317952,-0.154616,0.000000,0.000000,0.000000
0.000000,-4.534526,1.317952,-0.154616,0.000000,0.000000,0.000000
0.000000,-4.534526,1.317952,-0.154616,0.000000,0.000000,0.000000
0.000000,-4.534526,1.317952,-0.154616,0.000000,0.000000,0.000000
0.000000,-4.534528,1.317952,-0.154616,0.000000,0.000000,0.000000
0.000000,-4.534528,1.317952,-0.154616,0.000000,0.000000,0.000000
0.000000,-4.534528,1.317952,-0.154616,0.000000,0.000000,0.000000
0.000000,-4.534553,1.317952,-0.154616,0.000000,0.000000,0.000000
0.000000,-4.534553,1.317952,-0.154616,0.000000,0.000000,0.000000
0.000000,-4.534553,1.317952,-0.154616,0.000000,0.000000,0.000000
0.000000,-4.534553,1.317952,-0.154616,0.000000,0.000000,0.000000
0.000000,-4.534570,1.317952,-0.154616,0.000000,0.000000,0.000000
0.000000,-4.534570,1.317952,-0.154616,0.000000,0.000000,0.000000
0.000000,-4.534570,1.317952,-0.154616,0.000000,0.000000,0.000000
0.000000,-4.534585,1.317952,-0.154616,0.000000,0.000000,0.000000
0.000000,-4.534585,1.317952,-0.154616,0.000000,0.000000,0.000000
0.000000,-4.534585,1.317952,-0.154616,0.000000,0.000000,0.000000
0.000000,-4.534579,1.317952,-0.154616,0.000000,0.000000,0.000000
0.000000,-4.534579,1.317952,-0.154616,0.000000,0.000000,0.000000
0.000000,-4.534579,1.317952,-0.154616,0.000000,0.000000,0.000000
0.000000,-4.534579,1.317952,-0.154616,0.000000,0.000000,0.000000
0.000000,-4.534583,1.317952,-0.154616,0.000000,0.000000,0.000000
0.000000,-4.534583,1.317952,-0.154616,0.000000,0.000000,0.000000
0.000000,-4.534583,1.317952,-0.154616,0.000000,0.000000,0.000000
0.000000,-4.534564,1.317952,-0.154616,0.000000,0.000000,0.000000
0.000000,-4.534564,1.317952,-0.154616,0.000000,0.000000,0.000000
0.000000,-4.534564,1.317952,-0.154616,0.000000,0.000000,0.000000
0.000000,-4.534532,1.317952,-0.154616,0.000000,0.000000,0.000000
0.000000,-4.534532,1.317952,-0.154616,0.000000,0.000000,0.000000
0.000000,-4.534532,1.317952,-0.154616,0.000000,0.000000,0.000000
0.000000,-4.534532,1.317952,-0.154616,0.000000,0.000000,0.000000
0.000000,-4.534496,1.317952,-0.154616,0.000000,0.000000,0.000000
0.000000,-4.534496,1.317952,-0.154616,0.000000,0.000000,0.000000
0.000000,-4.534496,1.317952,-0.154616,0.000000,0.000000,0.000000
0.000000,-4.534474,1.317952,-0.154616,0.000000,0.000000,0.000000
0.000000,-4.534474,1.317952,-0.154616,0.000000,0.000000,0.000000
0.000000,-4.534474,1.317952,-0.154616,0.000000,0.000000,0.000000
0.000000,-4.534481,1.317952,-0.154616,0.000000,0.000000,0.000000
0.000000,-4.534481,1.317952,-0.154616,0.000000,0.000000,0.000000
0.000000,-4.534481,1.317952,-0.154616,0.000000,0.000000,0.000000
0.000000,-4.534481,1.317952,-0.154616,0.000000,0.000000,0.000000
0.000000,-4.534478,1.317952,-0.154616,0.000000,0.000000,0.000000
0.000000,-4.534478,1.317952,-0.154616,0.000000,0.000000,0.000000
0.000000,-4.534478,1.317952,-0.154616,0.000000,0.000000,0.000000
0.000000,-4.534491,1.317952,-0.154616,0.000000,0.000000,0.000000
0.000000,-4.534491,1.317952,-0.154616,0.000000,0.000000,0.000000
0.000000,-4.534491,1.317952,-0.154616,0.000000,0.000000,0.000000
0.000000,-4.534520,1.317952,-0.154616,0.000000,0.000000,0.000000
0.000000,-4.534520,1.317952,-0.154616,0.000000,0.000000,0.000000
0.000000,-4.534520,1.317952,-0.154616,0.000000,0.000000,0.000000
0.000000,-4.534520,1.317952,-0.154616,0.000000,0.000000,0.000000
0.000000,-4.534554,1.317952,-0.154616,0.000000,0.000000,0.000000
0.000000,-4.534554,1.317952,-0.154616,0.000000,0.000000,0.000000
0.000000,-4.534554,1.317952,-0.154616,0.000000,0.000000,0.000000
0.000000,-4.534621,1.317952,-0.154616,0.000000,0.000000,0.000000
0.000000,-4.534621,1.317952,-0.154616,0.000000,0.000000,0.000000
0.000000,-4.534621,1.317952,-0.154616,0.000000,0.000000,0.000000
0.000000,-4.534665,1.317952,-0.154616,0.000000,0.000000,0.000000
0.000000,-4.534665,1.317952,-0.154616,0.000000,0.000000,0.000000
0.000000,-4.534665,1.317952,-0.154616,0.000000,0.000000,0.000000
0.000000,-4.534665,1.317952,-0.154616,0.000000,0.000000,0.000000
0.000000,-4.534707,1.317952,-0.154616,0.000000,0.000000,0.000000
0.000000,-4.534707,1.317952,-0.154616,0.000000,0.000000,0.000000
0.000000,-4.534707,1.317952,-0.154616,0.000000,0.000000,0.000000
0.000000,-4.534755,1.317952,-0.154616,0.000000,0.000000,0.000000
0.000000,-4.534755,1.317952,-0.154616,0.000000,0.000000,0.000000
0.000000,-4.534755,1.317952,-0.154616,0.000000,0.000000,0.000000
0.000000,-4.534799,1.317952,-0.154616,0.000000,0.000000,0.000000
0.000000,-4.534799,1.317952,-0.154616,0.000000,0.000000,0.000000
0.000000,-4.534799,1.317952,-0.154616,0.000000,0.000000,0.000000
0.000000,-4.534799,1.317952,-0.154616,0.000000,0.000000,0.000000
0.000000,-4.534822,1.317952,-0.154616,0.000000,0.000000,0.000000
0.000000,-4.534822,1.317952,-0.154616,0.000000,0.000000,0.000000
0.000000,-4.534822,1.317952,-0.154616,0.000000,0.000000,0.000000
0.000000,-4.534808,1.317952,-0.154616,0.000000,0.000000,0.000000
0.000000,-4.534808,1.317952,-0.154616,0.000000,0.000000,0.000000
0.000000,-4.534808,1.317952,-0.154616,0.000000,0.000000,0.000000
0.000000,-4.534814,1.317952,-0.154616,0.000000,0.000000,0.000000
0.000000,-4.534814,1.317952,-0.154616,0.000000,0.000000,0.000000
0.000000,-4.534814,1.317952,-0.154616,0.000000,0.000000,0.000000
0.000000,-4.534814,1.317952,-0.154616,0.000000,0.000000,0.000000
0.000000,-4.534812,1.317952,-0.154616,0.000000,0.000000,0.000000
0.000000,-4.534812,1.317952,-0.154616,0.000000,0.000000,0.000000
0.000000,-4.534812,1.317952,-0.154616,0.000000,0.000000,0.000000
0.000000,-4.534805,1.317952,-0.154616,0.000000,0.000000,0.000000
0.000000,-4.534805,1.317952,-0.154616,0.000000,0.000000,0.000000
0.000000,-4.534805,1.317952,-0.154616,0.000000,0.000000,0.000000
0.000000,-4.534759,1.317952,-0.154616,0.000000,0.000000,0.000000
0.000000,-4.534759,1.317952,-0.154616,0.000000,0.000000,0.000000
0.000000,-4.534759,1.317952,-0.154616,0.000000,0.000000,0.000000
0.000000,-4.534759,1.317952,-0.154616,0.000000,0.000000,0.000000
0.000000,-4.534741,1.317952,-0.154616,0.000000,0.000000,0.000000
0.000000,-4.534741,1.317952,-0.154616,0.000000,0.000000,0.000000
0.000000,-4.534741,1.317952,-0.154616,0.000000,0.000000,0.000000
0.000000,-4.534757,1.317952,-0.154616,0.000000,0.000000,0.000000
0.000000,-4.534757,1.317952,-0.154616,0.000000,0.000000,0.000000
0.000000,-4.534757,1.317952,-0.154616,0.000000,0.000000,0.000000
0.000000,-4.534739,1.317952,-0.154616,0.000000,0.000000,0.000000
0.000000,-4.534739,1.317952,-0.154616,0.000000,0.000000,0.000000
0.000000,-4.534739,1.317952,-0.154616,0.000000,0.000000,0.000000
0.000000,-4.534739,1.317952,-0.154616,0.000000,0.000000,0.000000
0.000000,-4.534729,1.317952,-0.154616,0.000000,0.000000,0.000000
0.000000,-4.534729,1.317952,-0.154616,0.000000,0.000000,0.000000
0.000000,-4.534729,1.317952,-0.154616,0.000000,0.000000,0.000000
0.000000,-4.534704,1.317952,-0.154616,0.000000,0.000000,0.000000
0.000000,-4.534704,1.317952,-0.154616,0.000000,0.000000,0.000000
0.000000,-4.534704,1.317952,-0.154616,0.000000,0.000000,0.000000
0.000000,-4.534670,1.317952,-0.154616,0.000000,0.000000,0.000000
0.000000,-4.534670,1.317952,-0.154616,0.000000,0.000000,0.000000
0.000000,-4.534670,1.317952,-0.154616,0.000000,0.000000,0.000000
0.000000,-4.534670,1.317952,-0.154616,0.000000,0.000000,0.000000
0.000000,-4.534641,1.317952,-0.154616,0.000000,0.000000,0.000000
0.000000,-4.534641,1.317952,-0.154616,0.000000,0.000000,0.000000
0.000000,-4.534641,1.317952,-0.154616,0.000000,0.000000,0.000000
0.000000,-4.534628,1.317952,-0.154616,0.000000,0.000000,0.000000
0.000000,-4.534628,1.317952,-0.154616,0.000000,0.000000,0.000000
0.000000,-4.534628,1.317952,-0.154616,0.000000,0.000000,0.000000
0.000000,-4.534655,1.317952,-0.154616,0.000000,0.000000,0.000000
0.000000,-4.534655,1.317952,-0.154616,0.000000,0.000000,0.000000
0.000000,-4.534655,1.317952,-0.154616,0.000000,0.000000,0.000000
0.000000,-4.534655,1.317952,-0.154616,0.000000,0.000000,0.000000
0.000000,-4.534681,1.317952,-0.154616,0.000000,0.000000,0.000000
0.000000,-4.534681,1.317952,-0.154616,0.000000,0.000000,0.000000
0.000000,-4.534681,1.317952,-0.154616,0.000000,0.000000,0.000000
0.000000,-4.534702,1.317952,-0.154616,0.000000,0.000000,0.000000
0.000000,-4.534702,1.317952,-0.154616,0.000000,0.000000,0.000000
0.000000,-4.534702,1.317952,-0.154616,0.000000,0.000000,0.000000
0.000000,-4.534714,1.317952,-0.154616,0.000000,0.000000,0.000000
0.000000,-4.534714,1.317952,-0.154616,0.000000,0.000000,0.000000
0.000000,-4.534714,1.317952,-0.154616,0.000000,0.000000,0.000000
0.000000,-4.534714,1.317952,-0.154616,0.000000,0.000000,0.000000
0.000000,-4.534891,1.317952,-0.154616,0.000000,0.000000,0.000000
0.000000,-4.534891,1.317952,-0.154616,0.000000,0.000000,0.000000
0.000000,-4.534891,1.317952,-0.154616,0.000000,0.000000,0.000000
0.000000,-4.534866,1.317952,-0.154616,0.000000,0.000000,0.000000
0.000000,-4.534866,1.317952,-0.154616,0.000000,0.000000,0.000000
0.000000,-4.534866,1.317952,-0.154616,0.000000,0.000000,0.000000
0.000000,-4.534878,1.317952,-0.154616,0.000000,0.000000,0.000000
0.000000,-4.534878,1.317952,-0.154616,0.000000,0.000000,0.000000
0.000000,-4.534878,1.317952,-0.154616,0.000000,0.000000,0.000000
0.000000,-4.534878,1.317952,-0.154616,0.000000,0.000000,0.000000
0.000000,-4.534856,1.317952,-0.154616,0.000000,0.000000,0.000000
0.000000,-4.534856,1.317952,-0.154616,0.000000,0.000000,0.000000
0.000000,-4.534856,1.317952,-0.154616,0.000000,0.000000,0.000000
0.000000,-4.534828,1.317952,-0.154616,0.000000,0.000000,0.000000
0.000000,-4.534828,1.317952,-0.154616,0.000000,0.000000,0.000000
0.000000,-4.534828,1.317952,-0.154616,0.000000,0.000000,0.000000
0.000000,-4.534807,1.317952,-0.154616,0.000000,0.000000,0.000000
0.000000,-4.534807,1.317952,-0.154616,0.000000,0.000000,0.000000
0.000000,-4.534807,1.317952,-0.154616,0.000000,0.000000,0.000000
0.000000,-4.534807,1.317952,-0.154616,0.000000,0.000000,0.000000
0.000000,-4.534783,1.317952,-0.154616,0.000000,0.000000,0.000000
0.000000,-4.534783,1.317952,-0.154616,0.000000,0.000000,0.000000
0.000000,-4.534783,1.317952,-0.154616,0.000000,0.000000,0.000000
0.000000,-4.534749,1.317952,-0.154616,0.000000,0.000000,0.000000
0.000000,-4.534749,1.317952,-0.154616,0.000000,0.000000,0.000000
0.000000,-4.534749,1.317952,-0.154616,0.000000,0.000000,0.000000
0.000000,-4.534736,1.317952,-0.154616,0.000000,0.000000,0.000000
0.000000,-4.534736,1.317952,-0.154616,0.000000,0.000000,0.000000
0.000000,-4.534736,1.317952,-0.154616,0.000000,0.000000,0.000000
0.000000,-4.534736,1.317952,-0.154616,0.000000,0.000000,0.000000
0.000000,-4.534702,1.317952,-0.154616,0.000000,0.000000,0.000000
0.000000,-4.534702,1.317952,-0.154616,0.000000,0.000000,0.000000
0.000000,-4.534702,1.317952,-0.154616,0.000000,0.000000,0.000000
0.000000,-4.534692,1.317952,-0.154616,0.000000,0.000000,0.000000
0.000000,-4.534692,1.317952,-0.154616,0.000000,0.000000,0.000000
0.000000,-4.534692,1.317952,-0.154616,0.000000,0.000000,0.000000
0.000000,-4.534685,1.317952,-0.154616,0.000000,0.000000,0.000000
0.000000,-4.534685,1.317952,-0.154616,0.000000,0.000000,0.000000
0.000000,-4.534685,1.317952,-0.154616,0.000000,0.000000,0.000000
0.000000,-4.534685,1.317952,-0.154616,0.000000,0.000000,0.000000
0.000000,-4.534660,1.317952,-0.154616,0.000000,0.000000,0.000000
0.000000,-4.534660,1.317952,-0.154616,0.000000,0.000000,0.000000
0.000000,-4.534660,1.317952,-0.154616,0.000000,0.000000,0.000000
0.000000,-4.534643,1.317952,-0.154616,0.000000,0.000000,0.000000
0.000000,-4.534643,1.317952,-0.154616,0.000000,0.000000,0.000000
0.000000,-4.534643,1.317952,-0.154616,0.000000,0.000000,0.000000
0.000000,-4.534629,1.317952,-0.154616,0.000000,0.000000,0.000000
0.000000,-4.534629,1.317952,-0.154616,0.000000,0.000000,0.000000
0.000000,-4.534629,1.317952,-0.154616,0.000000,0.000000,0.000000
0.000000,-4.534629,1.317952,-0.154616,0.000000,0.000000,0.000000
0.000000,-4.534621,1.317952,-0.154616,0.000000,0.000000,0.000000
0.000000,-4.534621,1.317952,-0.154616,0.000000,0.000000,0.000000
0.000000,-4.534621,1.317952,-0.154616,0.000000,0.000000,0.000000
0.000000,-4.534608,1.317952,-0.154616,0.000000,0.000000,0.000000
0.000000,-4.534608,1.317952,-0.154616,0.000000,0.000000,0.000000
0.000000,-4.534608,1.317952,-0.154616,0.000000,0.000000,0.000000
0.000000,-4.534593,1.317952,-0.154616,0.000000,0.000000,0.000000
0.000000,-4.534593,1.317952,-0.154616,0.000000,0.000000,0.000000
0.000000,-4.534593,1.317952,-0.154616,0.000000,0.000000,0.000000
0.000000,-4.534593,1.317952,-0.154616,0.000000,0.000000,0.000000
0.000000,-4.534590,1.317952,-0.154616,0.000000,0.000000,0.000000
0.000000,-4.534590,1.317952,-0.154616,0.000000,0.000000,0.000000
0.000000,-4.534590,1.317952,-0.154616,0.000000,0.000000,0.000000
0.000000,-4.534577,1.317952,-0.154616,0.000000,0.000000,0.000000
0.000000,-4.534577,1.317952,-0.154616,0.000000,0.000000,0.000000
0.000000,-4.534577,1.317952,-0.154616,0.000000,0.000000,0.000000
0.000000,-4.534520,1.317952,-0.154616,0.000000,0.000000,0.000000
0.000000,-4.534520,1.317952,-0.154616,0.000000,0.000000,0.000000
0.000000,-4.534520,1.317952,-0.154616,0.000000,0.000000,0.000000
0.000000,-4.534520,1.317952,-0.154616,0.000000,0.000000,0.000000
0.000000,-4.534464,1.317952,-0.154616,0.000000,0.000000,0.000000
0.000000,-4.534464,1.317952,-0.154616,0.000000,0.000000,0.000000
0.000000,-4.534464,1.317952,-0.154616,0.000000,0.000000,0.000000
0.000000,-4.534407,1.317952,-0.154616,0.000000,0.000000,0.000000
0.000000,-4.534407,1.317952,-0.154616,0.000000,0.000000,0.000000
0.000000,-4.534407,1.317952,-0.154616,0.000000,0.000000,0.000000
0.000000,-4.534358,1.317952,-0.154616,0.000000,0.000000,0.000000
0.000000,-4.534358,1.317952,-0.154616,0.000000,0.000000,0.000000
0.000000,-4.534358,1.317952,-0.154616,0.000000,0.000000,0.000000
0.000000,-4.534358,1.317952,-0.154616,0.000000,0.000000,0.000000
0.000000,-4.534346,1.317952,-0.154616,0.000000,0.000000,0.000000
0.000000,-4.534346,1.317952,-0.154616,0.000000,0.000000,0.000000
0.000000,-4.534346,1.317952,-0.154616,0.000000,0.000000,0.000000
0.000000,-4.534340,1.317952,-0.154616,0.000000,0.000000,0.000000
0.000000,-4.534340,1.317952,-0.154616,0.000000,0.000000,0.000000
0.000000,-4.534340,1.317952,-0.154616,0.000000,0.000000,0.000000
0.000000,-4.534318,1.317952,-0.154616,0.000000,0.000000,0.000000
0.000000,-4.534318,1.317952,-0.154616,0.000000,0.000000,0.000000
0.000000,-4.534318,1.317952,-0.154616,0.000000,0.000000,0.000000
0.000000,-4.534318,1.317952,-0.154616,0.000000,0.000000,0.000000
0.000000,-4.534285,1.317952,-0.154616,0.000000,0.000000,0.000000
0.000000,-4.534285,1.317952,-0.154616,0.000000,0.000000,0.000000
0.000000,-4.534285,1.317952,-0.154616,0.000000,0.000000,0.000000
0.000000,-4.534252,1.317952,-0.154616,0.000000,0.000000,0.000000
0.000000,-4.534252,1.317952,-0.154616,0.000000,0.000000,0.000000
0.000000,-4.534252,1.317952,-0.154616,0.000000,0.000000,0.000000
0.000000,-4.534243,1.317952,-0.154616,0.000000,0.000000,0.000000
0.000000,-4.534243,1.317952,-0.154616,0.000000,0.000000,0.000000
0.000000,-4.534243,1.317952,-0.154616,0.000000,0.000000,0.000000
0.000000,-4.534243,1.317952,-0.154616,0.000000,0.000000,0.000000
0.000000,-4.534252,1.317952,-0.154616,0.000000,0.000000,0.000000
0.000000,-4.534252,1.317952,-0.154616,0.000000,0.000000,0.000000
0.000000,-4.534252,1.317952,-0.154616,0.000000,0.000000,0.000000
0.000000,-4.534251,1.317952,-0.154616,0.000000,0.000000,0.000000
0.000000,-4.534251,1.317952,-0.154616,0.000000,0.000000,0.000000
0.000000,-4.534251,1.317952,-0.154616,0.000000,0.000000,0.000000
0.000000,-4.534263,1.317952,-0.154616,0.000000,0.000000,0.000000
0.000000,-4.534263,1.317952,-0.154616,0.000000,0.000000,0.000000
0.000000,-4.534263,1.317952,-0.154616,0.000000,0.000000,0.000000
0.000000,-4.534263,1.317952,-0.154616,0.000000,0.000000,0.000000
0.000000,-4.534290,1.317952,-0.154616,0.000000,0.000000,0.000000
0.000000,-4.534290,1.317952,-0.154616,0.000000,0.000000,0.000000
0.000000,-4.534290,1.317952,-0.154616,0.000000,0.000000,0.000000
0.000000,-4.534286,1.317952,-0.154616,0.000000,0.000000,0.000000
0.000000,-4.534286,1.317952,-0.154616,0.000000,0.000000,0.000000
0.000000,-4.534286,1.317952,-0.154616,0.000000,0.000000,0.000000
0.000000,-4.534271,1.317952,-0.154616,0.000000,0.000000,0.000000
0.000000,-4.534271,1.317952,-0.154616,0.000000,0.000000,0.000000
0.000000,-4.534271,1.317952,-0.154616,0.000000,0.000000,0.000000
0.000000,-4.534271,1.317952,-0.154616,0.000000,0.000000,0.000000
0.000000,-4.534251,1.317952,-0.154616,0.000000,0.000000,0.000000
0.000000,-4.534251,1.317952,-0.154616,0.000000,0.000000,0.000000
0.000000,-4.534251,1.317952,-0.154616,0.000000,0.000000,0.000000
0.000000,-4.534229,1.317952,-0.154616,0.000000,0.000000,0.000000
0.000000,-4.534229,1.317952,-0.154616,0.000000,0.000000,0.000000
0.000000,-4.534229,1.317952,-0.154616,0.000000,0.000000,0.000000
0.000000,-4.534226,1.317952,-0.154616,0.000000,0.000000,0.000000
0.000000,-4.534226,1.317952,-0.154616,0.000000,0.000000,0.000000
0.000000,-4.534226,1.317952,-0.154616,0.000000,0.000000,0.000000
0.000000,-4.534226,1.317952,-0.154616,0.000000,0.000000,0.000000
0.000000,-4.534247,1.317952,-0.154616,0.000000,0.000000,0.000000
0.000000,-4.534247,1.317952,-0.154616,0.000000,0.000000,0.000000
0.000000,-4.534247,1.317952,-0.154616,0.000000,0.000000,0.000000
0.000000,-4.534232,1.317952,-0.154616,0.000000,0.000000,0.000000
0.000000,-4.534232,1.317952,-0.154616,0.000000,0.000000,0.000000
0.000000,-4.534232,1.317952,-0.154616,0.000000,0.000000,0.000000
0.000000,-4.534218,1.317952,-0.154616,0.000000,0.000000,0.000000
0.000000,-4.534218,1.317952,-0.154616,0.000000,0.000000,0.000000
0.000000,-4.534218,1.317952,-0.154616,0.000000,0.000000,0.000000
0.000000,-4.534218,1.317952,-0.154616,0.000000,0.000000,0.000000
0.000000,-4.534234,1.317952,-0.154616,0.000000,0.000000,0.000000
0.000000,-4.534234,1.317952,-0.154616,0.000000,0.000000,0.000000
0.000000,-4.534234,1.317952,-0.154616,0.000000,0.000000,0.000000
0.000000,-4.534255,1.317952,-0.154616,0.000000,0.000000,0.000000
0.000000,-4.534255,1.317952,-0.154616,0.000000,0.000000,0.000000
0.000000,-4.534255,1.317952,-0.154616,0.000000,0.000000,0.000000
0.000000,-4.534277,1.317952,-0.154616,0.000000,0.000000,0.000000
0.000000,-4.534277,1.317952,-0.154616,0.000000,0.000000,0.000000
0.000000,-4.534277,1.317952,-0.154616,0.000000,0.000000,0.000000
0.000000,-4.534277,1.317952,-0.154616,0.000000,0.000000,0.000000
0.000000,-4.534295,1.317952,-0.154616,0.000000,0.000000,0.000000
0.000000,-4.534295,1.317952,-0.154616,0.000000,0.000000,0.000000
0.000000,-4.534295,1.317952,-0.154616,0.000000,0.000000,0.000000
0.000000,-4.534321,1.317952,-0.154616,0.000000,0.000000,0.000000
0.000000,-4.534321,1.317952,-0.154616,0.000000,0.000000,0.000000
0.000000,-4.534321,1.317952,-0.154616,0.000000,0.000000,0.000000
0.000000,-4.534329,1.317952,-0.154616,0.000000,0.000000,0.000000
0.000000,-4.534329,1.317952,-0.154616,0.000000,0.000000,0.000000
0.000000,-4.534329,1.317952,-0.154616,0.000000,0.000000,0.000000
0.000000,-4.534329,1.317952,-0.154616,0.000000,0.000000,0.000000
0.000000,-4.534348,1.317952,-0.154616,0.000000,0.000000,0.000000
0.000000,-4.534348,1.317952,-0.154616,0.000000,0.000000,0.000000
0.000000,-4.534348,1.317952,-0.154616,0.000000,0.000000,0.000000
0.000000,-4.534388,1.317952,-0.154616,0.000000,0.000000,0.000000
0.000000,-4.534388,1.317952,-0.154616,0.000000,0.000000,0.000000
0.000000,-4.534388,1.317952,-0.154616,0.000000,0.000000,0.000000
0.000000,-4.534400,1.317952,-0.154616,0.000000,0.000000,0.000000
0.000000,-4.534400,1.317952,-0.154616,0.000000,0.000000,0.000000
0.000000,-4.534400,1.317952,-0.154616,0.000000,0.000000,0.000000
0.000000,-4.534400,1.317952,-0.154616,0.000000,0.000000,0.000000
0.000000,-4.534424,1.317952,-0.154616,0.000000,0.000000,0.000000
0.000000,-4.534424,1.317952,-0.154616,0.000000,0.000000,0.000000
0.000000,-4.534424,1.317952,-0.154616,0.000000,0.000000,0.000000
0.000000,-4.534415,1.317952,-0.154616,0.000000,0.000000,0.000000
0.000000,-4.534415,1.317952,-0.154616,0.000000,0.000000,0.000000
0.000000,-4.534415,1.317952,-0.154616,0.000000,0.000000,0.000000
0.000000,-4.534378,1.317952,-0.154616,0.000000,0.000000,0.000000
0.000000,-4.534378,1.317952,-0.154616,0.000000,0.000000,0.000000
0.000000,-4.534378,1.317952,-0.154616,0.000000,0.000000,0.000000
0.000000,-4.534378,1.317952,-0.154616,0.000000,0.000000,0.000000
0.000000,-4.534381,1.317952,-0.154616,0.000000,0.000000,0.000000
0.000000,-4.534381,1.317952,-0.154616,0.000000,0.000000,0.000000
0.000000,-4.534381,1.317952,-0.154616,0.000000,0.000000,0.000000
0.000000,-4.534390,1.317952,-0.154616,0.000000,0.000000,0.000000
0.000000,-4.534390,1.317952,-0.154616,0.000000,0.000000,0.000000
0.000000,-4.534390,1.317952,-0.154616,0.000000,0.000000,0.000000
0.000000,-4.534420,1.317952,-0.154616,0.000000,0.000000,0.000000
0.000000,-4.534420,1.317952,-0.154616,0.000000,0.000000,0.000000
0.000000,-4.534420,1.317952,-0.154616,0.000000,0.000000,0.000000
0.000000,-4.534420,1.317952,-0.154616,0.000000,0.000000,0.000000
0.000000,-4.534455,1.317952,-0.154616,0.000000,0.000000,0.000000
0.000000,-4.534455,1.317952,-0.154616,0.000000,0.000000,0.000000
0.000000,-4.534455,1.317952,-0.154616,0.000000,0.000000,0.000000
0.000000,-4.534494,1.317952,-0.154616,0.000000,0.000000,0.000000
0.000000,-4.534494,1.317952,-0.154616,0.000000,0.000000,0.000000
0.000000,-4.534494,1.317952,-0.154616,0.000000,0.000000,0.000000
0.000000,-4.534557,1.317952,-0.154616,0.000000,0.000000,0.000000
0.000000,-4.534557,1.317952,-0.154616,0.000000,0.000000,0.000000
0.000000,-4.534557,1.317952,-0.154616,0.000000,0.000000,0.000000
0.000000,-4.534557,1.317952,-0.154616,0.000000,0.000000,0.000000
0.000000,-4.534572,1.317952,-0.154616,0.000000,0.000000,0.000000
0.000000,-4.534572,1.317952,-0.154616,0.000000,0.000000,0.000000
0.000000,-4.534572,1.317952,-0.154616,0.000000,0.000000,0.000000
0.000000,-4.534532,1.317952,-0.154616,0.000000,0.000000,0.000000
0.000000,-4.534532,1.317952,-0.154616,0.000000,0.000000,0.000000
0.000000,-4.534532,1.317952,-0.154616,0.000000,0.000000,0.000000
0.000000,-4.534507,1.317952,-0.154616,0.000000,0.000000,0.000000
0.000000,-4.534507,1.317952,-0.154616,0.000000,0.000000,0.000000
0.000000,-4.534507,1.317952,-0.154616,0.000000,0.000000,0.000000
0.000000,-4.534507,1.317952,-0.154616,0.000000,0.000000,0.000000
0.000000,-4.534512,1.317952,-0.154616,0.000000,0.000000,0.000000
0.000000,-4.534512,1.317952,-0.154616,0.000000,0.000000,0.000000
0.000000,-4.534512,1.317952,-0.154616,0.000000,0.000000,0.000000
0.000000,-4.534556,1.317952,-0.154616,0.000000,0.000000,0.000000
0.000000,-4.534556,1.317952,-0.154616,0.000000,0.000000,0.000000
0.000000,-4.534556,1.317952,-0.154616,0.000000,0.000000,0.000000
0.000000,-4.534620,1.317952,-0.154616,0.000000,0.000000,0.000000
0.000000,-4.534620,1.317952,-0.154616,0.000000,0.000000,0.000000
0.000000,-4.534620,1.317952,-0.154616,0.000000,0.000000,0.000000
0.000000,-4.534620,1.317952,-0.154616,0.000000,0.000000,0.000000
0.000000,-4.534658,1.317952,-0.154616,0.000000,0.000000,0.000000
0.000000,-4.534658,1.317952,-0.154616,0.000000,0.000000,0.000000
0.000000,-4.534658,1.317952,-0.154616,0.000000,0.000000,0.000000
0.000000,-4.534682,1.317952,-0.154616,0.000000,0.000000,0.000000
0.000000,-4.534682,1.317952,-0.154616,0.000000,0.000000,0.000000
0.000000,-4.534682,1.317952,-0.154616,0.000000,0.000000,0.000000
0.000000,-4.534710,1.317952,-0.154616,0.000000,0.000000,0.000000
0.000000,-4.534710,1.317952,-0.154616,0.000000,0.000000,0.000000
0.000000,-4.534710,1.317952,-0.154616,0.000000,0.000000,0.000000
0.000000,-4.534710,1.317952,-0.154616,0.000000,0.000000,0.000000
0.000000,-4.534739,1.317952,-0.154616,0.000000,0.000000,0.000000
0.000000,-4.534739,1.317952,-0.154616,0.000000,0.000000,0.000000
0.000000,-4.534739,1.317952,-0.154616,0.000000,0.000000,0.000000
0.000000,-4.534777,1.317952,-0.154616,0.000000,0.000000,0.000000
0.000000,-4.534777,1.317952,-0.154616,0.000000,0.000000,0.000000
0.000000,-4.534777,1.317952,-0.154616,0.000000,0.000000,0.000000
0.000000,-4.534801,1.317952,-0.154616,0.000000,0.000000,0.000000
0.000000,-4.534801,1.317952,-0.154616,0.000000,0.000000,0.000000
0.000000,-4.534801,1.317952,-0.154616,0.000000,0.000000,0.000000
0.000000,-4.534801,1.317952,-0.154616,0.000000,0.000000,0.000000
0.000000,-4.534799,1.317952,-0.154616,0.000000,0.000000,0.000000
0.000000,-4.534799,1.317952,-0.154616,0.000000,0.000000,0.000000
0.000000,-4.534799,1.317952,-0.154616,0.000000,0.000000,0.000000
0.000000,-4.534770,1.317952,-0.154616,0.000000,0.000000,0.000000
0.000000,-4.534770,1.317952,-0.154616,0.000000,0.000000,0.000000
0.000000,-4.534770,1.317952,-0.154616,0.000000,0.000000,0.000000
0.000000,-4.534752,1.317952,-0.154616,0.000000,0.000000,0.000000
0.000000,-4.534752,1.317952,-0.154616,0.000000,0.000000,0.000000
0.000000,-4.534752,1.317952,-0.154616,0.000000,0.000000,0.000000
0.000000,-4.534752,1.317952,-0.154616,0.000000,0.000000,0.000000
0.000000,-4.534723,1.317952,-0.154616,0.000000,0.000000,0.000000
0.000000,-4.534723,1.317952,-0.154616,0.000000,0.000000,0.000000
0.000000,-4.534723,1.317952,-0.154616,0.000000,0.000000,0.000000
0.000000,-4.534754,1.317952,-0.154616,0.000000,0.000000,0.000000
0.000000,-4.534754,1.317952,-0.154616,0.000000,0.000000,0.000000
0.000000,-4.534754,1.317952,-0.154616,0.000000,0.000000,0.000000
0.000000,-4.534772,1.317952,-0.154616,0.000000,0.000000,0.000000
0.000000,-4.534772,1.317952,-0.154616,0.000000,0.000000,0.000000
0.000000,-4.534772,1.317952,-0.154616,0.000000,0.000000,0.000000
0.000000,-4.534772,1.317952,-0.154616,0.000000,0.000000,0.000000
0.000000,-4.534763,1.317952,-0.154616,0.000000,0.000000,0.000000
0.000000,-4.534763,1.317952,-0.154616,0.000000,0.000000,0.000000
0.000000,-4.534763,1.317952,-0.154616,0.000000,0.000000,0.000000
0.000000,-4.534768,1.317952,-0.154616,0.000000,0.000000,0.000000
0.000000,-4.534768,1.317952,-0.154616,0.000000,0.000000,0.000000
0.000000,-4.534768,1.317952,-0.154616,0.000000,0.000000,0.000000
0.000000,-4.534752,1.317952,-0.154616,0.000000,0.000000,0.000000
0.000000,-4.534752,1.317952,-0.154616,0.000000,0.000000,0.000000
0.000000,-4.534752,1.317952,-0.154616,0.000000,0.000000,0.000000
0.000000,-4.534752,1.317952,-0.154616,0.000000,0.000000,0.000000
0.000000,-4.534715,1.317952,-0.154616,0.000000,0.000000,0.000000
0.000000,-4.534715,1.317952,-0.154616,0.000000,0.000000,0.000000
0.000000,-4.534715,1.317952,-0.154616,0.000000,0.000000,0.000000
0.000000,-4.534663,1.317952,-0.154616,0.000000,0.000000,0.000000
0.000000,-4.534663,1.317952,-0.154616,0.000000,0.000000,0.000000
0.000000,-4.534663,1.317952,-0.154616,0.000000,0.000000,0.000000
0.000000,-4.534608,1.317952,-0.154616,0.000000,0.000000,0.000000
0.000000,-4.534608,1.317952,-0.154616,0.000000,0.000000,0.000000
0.000000,-4.534608,1.317952,-0.154616,0.000000,0.000000,0.000000
0.000000,-4.534608,1.317952,-0.154616,0.000000,0.000000,0.000000
0.000000,-4.534560,1.317952,-0.154616,0.000000,0.000000,0.000000
0.000000,-4.534560,1.317952,-0.154616,0.000000,0.000000,0.000000
0.000000,-4.534560,1.317952,-0.154616,0.000000,0.000000,0.000000
0.000000,-4.534526,1.317952,-0.154616,0.000000,0.000000,0.000000
0.000000,-4.534526,1.317952,-0.154616,0.000000,0.000000,0.000000
0.000000,-4.534526,1.317952,-0.154616,0.000000,0.000000,0.000000
0.000000,-4.534502,1.317952,-0.154616,0.000000,0.000000,0.000000
0.000000,-4.534502,1.317952,-0.154616,0.000000,0.000000,0.000000
0.000000,-4.534502,1.317952,-0.154616,0.000000,0.000000,0.000000
0.000000,-4.534502,1.317952,-0.154616,0.000000,0.000000,0.000000
0.000000,-4.534493,1.317952,-0.154616,0.000000,0.000000,0.000000
0.000000,-4.534493,1.317952,-0.154616,0.000000,0.000000,0.000000
0.000000,-4.534493,1.317952,-0.154616,0.000000,0.000000,0.000000
0.000000,-4.534463,1.317952,-0.154616,0.000000,0.000000,0.000000
0.000000,-4.534463,1.317952,-0.154616,0.000000,0.000000,0.000000
0.000000,-4.534463,1.317952,-0.154616,0.000000,0.000000,0.000000
0.000000,-4.534419,1.317952,-0.154616,0.000000,0.000000,0.000000
0.000000,-4.534419,1.317952,-0.154616,0.000000,0.000000,0.000000
0.000000,-4.534419,1.317952,-0.154616,0.000000,0.000000,0.000000
0.000000,-4.534419,1.317952,-0.154616,0.000000,0.000000,0.000000
0.000000,-4.534392,1.317952,-0.154616,0.000000,0.000000,0.000000
0.000000,-4.534392,1.317952,-0.154616,0.000000,0.000000,0.000000
0.000000,-4.534392,1.317952,-0.154616,0.000000,0.000000,0.000000
0.000000,-4.534391,1.317952,-0.154616,0.000000,0.000000,0.000000
0.000000,-4.534391,1.317952,-0.154616,0.000000,0.000000,0.000000
0.000000,-4.534391,1.317952,-0.154616,0.000000,0.000000,0.000000
0.000000,-4.534394,1.317952,-0.154616,0.000000,0.000000,0.000000
0.000000,-4.534394,1.317952,-0.154616,0.000000,0.000000,0.000000
0.000000,-4.534394,1.317952,-0.154616,0.000000,0.000000,0.000000
0.000000,-4.534394,1.317952,-0.154616,0.000000,0.000000,0.000000
0.000000,-4.534376,1.317952,-0.154616,0.000000,0.000000,0.000000
0.000000,-4.534376,1.317952,-0.154616,0.000000,0.000000,0.000000
0.000000,-4.534376,1.317952,-0.154616,0.000000,0.000000,0.000000
0.000000,-4.534339,1.317952,-0.154616,0.000000,0.000000,0.000000
0.000000,-4.534339,1.317952,-0.154616,0.000000,0.000000,0.000000
0.000000,-4.534339,1.317952,-0.154616,0.000000,0.000000,0.000000
0.000000,-4.534323,1.317952,-0.154616,0.000000,0.000000,0.000000
0.000000,-4.534323,1.317952,-0.154616,0.000000,0.000000,0.000000
0.000000,-4.534323,1.317952,-0.154616,0.000000,0.000000,0.000000
0.000000,-4.534323,1.317952,-0.154616,0.000000,0.000000,0.000000
0.000000,-4.534348,1.317952,-0.154616,0.000000,0.000000,0.000000
0.000000,-4.534348,1.317952,-0.154616,0.000000,0.000000,0.000000
0.000000,-4.534348,1.317952,-0.154616,0.000000,0.000000,0.000000
0.000000,-4.534409,1.317952,-0.154616,0.000000,0.000000,0.000000
0.000000,-4.534409,1.317952,-0.154616,0.000000,0.000000,0.000000
0.000000,-4.534409,1.317952,-0.154616,0.000000,0.000000,0.000000
0.000000,-4.534456,1.317952,-0.154616,0.000000,0.000000,0.000000
0.000000,-4.534456,1.317952,-0.154616,0.000000,0.000000,0.000000
0.000000,-4.534456,1.317952,-0.154616,0.000000,0.000000,0.000000
0.000000,-4.534456,1.317952,-0.154616,0.000000,0.000000,0.000000
0.000000,-4.534481,1.317952,-0.154616,0.000000,0.000000,0.000000
0.000000,-4.534481,1.317952,-0.154616,0.000000,0.000000,0.000000
0.000000,-4.534481,1.317952,-0.154616,0.000000,0.000000,0.000000
0.000000,-4.534499,1.317952,-0.154616,0.000000,0.000000,0.000000
0.000000,-4.534499,1.317952,-0.154616,0.000000,0.000000,0.000000
0.000000,-4.534499,1.317952,-0.154616,0.000000,0.000000,0.000000
0.000000,-4.534514,1.317952,-0.154616,0.000000,0.000000,0.000000
0.000000,-4.534514,1.317952,-0.154616,0.000000,0.000000,0.000000
0.000000,-4.534514,1.317952,-0.154616,0.000000,0.000000,0.000000
0.000000,-4.534514,1.317952,-0.154616,0.000000,0.000000,0.000000
0.000000,-4.534520,1.317952,-0.154616,0.000000,0.000000,0.000000
0.000000,-4.534520,1.317952,-0.154616,0.000000,0.000000,0.000000
0.000000,-4.534520,1.317952,-0.154616,0.000000,0.000000,0.000000
0.000000,-4.534527,1.317952,-0.154616,0.000000,0.000000,0.000000
0.000000,-4.534527,1.317952,-0.154616,0.000000,0.000000,0.000000
0.000000,-4.534527,1.317952,-0.154616,0.000000,0.000000,0.000000
0.000000,-4.534530,1.317952,-0.154616,0.000000,0.000000,0.000000
0.000000,-4.534530,1.317952,-0.154616,0.000000,0.000000,0.000000
0.000000,-4.534530,1.317952,-0.154616,0.000000,0.000000,0.000000
0.000000,-4.534530,1.317952,-0.154616,0.000000,0.000000,0.000000
0.000000,-4.534541,1.317952,-0.154616,0.000000,0.000000,0.000000
0.000000,-4.534541,1.317952,-0.154616,0.000000,0.000000,0.000000
0.000000,-4.534541,1.317952,-0.154616,0.000000,0.000000,0.000000
0.000000,-4.534561,1.317952,-0.154616,0.000000,0.000000,0.000000
0.000000,-4.534561,1.317952,-0.154616,0.000000,0.000000,0.000000
0.000000,-4.534561,1.317952,-0.154616,0.000000,0.000000,0.000000
0.000000,-4.534582,1.317952,-0.154616,0.000000,0.000000,0.000000
0.000000,-4.534582,1.317952,-0.154616,0.000000,0.000000,0.000000
0.000000,-4.534582,1.317952,-0.154616,0.000000,0.000000,0.000000
0.000000,-4.534582,1.317952,-0.154616,0.000000,0.000000,0.000000
0.000000,-4.534634,1.317952,-0.154616,0.000000,0.000000,0.000000
0.000000,-4.534634,1.317952,-0.154616,0.000000,0.000000,0.000000
0.000000,-4.534634,1.317952,-0.154616,0.000000,0.000000,0.000000
0.000000,-4.534667,1.317952,-0.154616,0.000000,0.000000,0.000000
0.000000,-4.534667,1.317952,-0.154616,0.000000,0.000000,0.000000
0.000000,-4.534667,1.317952,-0.154616,0.000000,0.000000,0.000000
0.000000,-4.534679,1.317952,-0.154616,0.000000,0.000000,0.000000
0.000000,-4.534679,1.317952,-0.154616,0.000000,0.000000,0.000000
0.000000,-4.534679,1.317952,-0.154616,0.000000,0.000000,0.000000
0.000000,-4.534679,1.317952,-0.154616,0.000000,0.000000,0.000000
0.000000,-4.534686,1.317952,-0.154616,0.000000,0.000000,0.000000
0.000000,-4.534686,1.317952,-0.154616,0.000000,0.000000,0.000000
0.000000,-4.534686,1.317952,-0.154616,0.000000,0.000000,0.000000
0.000000,-4.534688,1.317952,-0.154616,0.000000,0.000000,0.000000
0.000000,-4.534688,1.317952,-0.154616,0.000000,0.000000,0.000000
0.000000,-4.534688,1.317952,-0.154616,0.000000,0.000000,0.000000
0.000000,-4.534696,1.317952,-0.154616,0.000000,0.000000,0.000000
0.000000,-4.534696,1.317952,-0.154616,0.000000,0.000000,0.000000
0.000000,-4.534696,1.317952,-0.154616,0.000000,0.000000,0.000000
0.000000,-4.534696,1.317952,-0.154616,0.000000,0.000000,0.000000
0.000000,-4.534697,1.317952,-0.154616,0.000000,0.000000,0.000000
0.000000,-4.534697,1.317952,-0.154616,0.000000,0.000000,0.000000
0.000000,-4.534697,1.317952,-0.154616,0.000000,0.000000,0.000000
0.000000,-4.534736,1.317952,-0.154616,0.000000,0.000000,0.000000
0.000000,-4.534736,1.317952,-0.154616,0.000000,0.000000,0.000000
0.000000,-4.534736,1.317952,-0.154616,0.000000,0.000000,0.000000
0.000000,-4.534780,1.317952,-0.154616,0.000000,0.000000,0.000000
0.000000,-4.534780,1.317952,-0.154616,0.000000,0.000000,0.000000
0.000000,-4.534780,1.317952,-0.154616,0.000000,0.000000,0.000000
0.000000,-4.534780,1.317952,-0.154616,0.000000,0.000000,0.000000
0.000000,-4.534803,1.317952,-0.154616,0.000000,0.000000,0.000000
0.000000,-4.534803,1.317952,-0.154616,0.000000,0.000000,0.000000
0.000000,-4.534803,1.317952,-0.154616,0.000000,0.000000,0.000000
0.000000,-4.534879,1.317952,-0.154616,0.000000,0.000000,0.000000
0.000000,-4.534879,1.317952,-0.154616,0.000000,0.000000,0.000000
0.000000,-4.534879,1.317952,-0.154616,0.000000,0.000000,0.000000
0.000000,-4.535159,1.317952,-0.154616,0.000000,0.000000,0.000000
0.000000,-4.535159,1.317952,-0.154616,0.000000,0.000000,0.000000
0.000000,-4.534297,1.317952,-0.154616,0.000000,0.000000,0.000000
0.000000,-4.534297,1.317952,-0.154616,0.000000,0.000000,0.000000
0.000000,-4.533207,1.317952,-0.154616,0.000000,0.000000,0.000000
0.000000,-4.532534,1.317952,-0.154616,0.000000,0.000000,0.000000
0.000000,-4.532534,1.317952,-0.154616,0.000000,0.000000,0.000000
0.000000,-4.531991,1.317952,-0.154616,0.000000,0.000000,0.000000
0.000000,-4.531991,1.317952,-0.154616,0.000000,0.000000,0.000000
0.000000,-4.531745,1.317952,-0.154616,0.000000,0.000000,0.000000
0.000000,-4.531837,1.317952,-0.154616,0.000000,0.000000,0.000000
0.000000,-4.531837,1.317952,-0.154616,0.000000,0.000000,0.000000
0.000000,-4.531842,1.317952,-0.154616,0.000000,0.000000,0.000000
0.000000,-4.531842,1.317952,-0.154616,0.000000,0.000000,0.000000
0.000000,-4.531297,1.317952,-0.154616,0.000000,0.000000,0.000000
0.000000,-4.531355,1.317952,-0.154616,0.000000,0.000000,0.000000
0.000000,-4.531355,1.317952,-0.154616,0.000000,0.000000,0.000000
0.000000,-4.532481,1.317952,-0.154616,0.000000,0.000000,0.000000
0.000000,-4.532481,1.317952,-0.154616,0.000000,0.000000,0.000000
0.000000,-4.532699,1.317952,-0.154616,0.000000,0.000000,0.000000
0.000000,-4.530847,1.317952,-0.154616,0.000000,0.000000,0.000000
0.000000,-4.530847,1.317952,-0.154616,0.000000,0.000000,0.000000
0.000000,-4.528486,1.317952,-0.154616,0.000000,0.000000,0.000000
0.000000,-4.528486,1.317952,-0.154616,0.000000,0.000000,0.000000
0.000000,-4.525975,1.317857,-0.154616,0.000000,0.000000,0.000000
0.000000,-4.524760,1.317857,-0.154616,0.000000,0.000000,0.000000
0.000000,-4.524760,1.317857,-0.154616,0.000000,0.000000,0.000000
0.000000,-4.523412,1.317857,-0.154616,0.000000,0.000000,0.000000
0.000000,-4.523412,1.317857,-0.154616,0.000000,0.000000,0.000000
0.000000,-4.523094,1.317857,-0.154616,0.000000,0.000000,0.000000
0.000000,-4.523026,1.317857,-0.154616,0.000000,0.000000,0.000000
0.000000,-4.523026,1.317857,-0.154616,0.000000,0.000000,0.000000
0.000000,-4.523223,1.317857,-0.154616,0.000000,0.000000,0.000000
0.000000,-4.523223,1.317857,-0.154616,0.000000,0.000000,0.000000
0.000000,-4.523613,1.317857,-0.154616,0.000000,0.000000,0.000000
0.000000,-4.523546,1.317857,-0.154616,0.000000,0.000000,0.000000
0.000000,-4.523546,1.317857,-0.154616,0.000000,0.000000,0.000000
0.000000,-4.523713,1.317857,-0.154616,0.000000,0.000000,0.000000
0.000000,-4.523713,1.317857,-0.154616,0.000000,0.000000,0.000000
0.000000,-4.524072,1.317857,-0.154616,0.000000,0.000000,0.000000
0.000000,-4.524684,1.317857,-0.154616,0.000000,0.000000,0.000000
0.000000,-4.524684,1.317857,-0.154616,0.000000,0.000000,0.000000
0.000000,-4.525740,1.317857,-0.154616,0.000000,0.000000,0.000000
0.000000,-4.525740,1.317857,-0.154616,0.000000,0.000000,0.000000
0.000000,-4.527589,1.317857,-0.154616,0.000000,0.000000,0.000000
0.000000,-4.529097,1.317857,-0.154616,0.000000,0.000000,0.000000
0.000000,-4.529097,1.317857,-0.154616,0.000000,0.000000,0.000000
0.000000,-4.530956,1.317857,-0.154616,0.000000,0.000000,0.000000
0.000000,-4.530956,1.317857,-0.154616,0.000000,0.000000,0.000000
0.000000,-4.531798,1.317857,-0.154616,0.000000,0.000000,0.000000
0.000000,-4.532018,1.317857,-0.154616,0.000000,0.000000,0.000000
0.000000,-4.532018,1.317857,-0.154616,0.000000,0.000000,0.000000
0.000000,-4.532271,1.317857,-0.154616,0.000000,0.000000,0.000000
0.000000,-4.532271,1.317857,-0.154616,0.000000,0.000000,0.000000
0.000000,-4.532959,1.317857,-0.154616,0.000000,0.000000,0.000000
0.000000,-4.533250,1.317857,-0.154616,0.000000,0.000000,0.000000
0.000000,-4.533250,1.317857,-0.154616,0.000000,0.000000,0.000000
0.000000,-4.533726,1.317857,-0.154616,0.000000,0.000000,0.000000
0.000000,-4.533726,1.317857,-0.154616,0.000000,0.000000,0.000000
0.000000,-4.533814,1.317857,-0.154616,0.000000,0.000000,0.000000
0.000000,-4.533193,1.317857,-0.154616,0.000000,0.000000,0.000000
0.000000,-4.533193,1.317857,-0.154616,0.000000,0.000000,0.000000
0.000000,-4.532432,1.317857,-0.154616,0.000000,0.000000,0.000000
0.000000,-4.532432,1.317857,-0.154616,0.000000,0.000000,0.000000
0.000000,-4.531050,1.317857,-0.154616,0.000000,0.000000,0.000000
0.000000,-4.530189,1.317857,-0.154616,0.000000,0.000000,0.000000
0.000000,-4.530189,1.317857,-0.154616,0.000000,0.000000,0.000000
0.000000,-4.528914,1.317857,-0.154616,0.000000,0.000000,0.000000
0.000000,-4.528914,1.317857,-0.154616,0.000000,0.000000,0.000000
0.000000,-4.528530,1.317857,-0.154616,0.000000,0.000000,0.000000
0.000000,-4.528597,1.317857,-0.154616,0.000000,0.000000,0.000000
0.000000,-4.528597,1.317857,-0.154616,0.000000,0.000000,0.000000
0.000000,-4.528517,1.317857,-0.154616,0.000000,0.000000,0.000000
0.000000,-4.528517,1.317857,-0.154616,0.000000,0.000000,0.000000
0.000000,-4.527719,1.317857,-0.154616,0.000000,0.000000,0.000000
0.000000,-4.526987,1.317857,-0.154616,0.000000,0.000000,0.000000
0.000000,-4.526987,1.317857,-0.154616,0.000000,0.000000,0.000000
0.000000,-4.526104,1.317857,-0.154616,0.000000,0.000000,0.000000
0.000000,-4.526104,1.317857,-0.154616,0.000000,0.000000,0.000000
0.000000,-4.525655,1.317857,-0.154616,0.000000,0.000000,0.000000
0.000000,-4.525907,1.317857,-0.154616,0.000000,0.000000,0.000000
0.000000,-4.525907,1.317857,-0.154616,0.000000,0.000000,0.000000
0.000000,-4.526269,1.317857,-0.154616,0.000000,0.000000,0.000000
0.000000,-4.526269,1.317857,-0.154616,0.000000,0.000000,0.000000
0.000000,-4.526957,1.317857,-0.154616,0.000000,0.000000,0.000000
0.000000,-4.527780,1.317857,-0.154616,0.000000,0.000000,0.000000
0.000000,-4.527780,1.317857,-0.154616,0.000000,0.000000,0.000000
0.000000,-4.529490,1.317857,-0.154616,0.000000,0.000000,0.000000
0.000000,-4.529490,1.317857,-0.154616,0.000000,0.000000,0.000000
0.000000,-4.531563,1.317857,-0.154616,0.000000,0.000000,0.000000
0.000000,-4.535140,1.317857,-0.154616,0.000000,0.000000,0.000000
0.000000,-4.535140,1.317857,-0.154616,0.000000,0.000000,0.000000
0.000000,-4.538332,1.317857,-0.154616,0.000000,0.000000,0.000000
0.000000,-4.538332,1.317857,-0.154616,0.000000,0.000000,0.000000
0.000000,-4.543689,1.317857,-0.154616,0.000000,0.000000,0.000000
0.000000,-4.548424,1.317857,-0.154616,0.000000,0.000000,0.000000
0.000000,-4.548424,1.317857,-0.154616,0.000000,0.000000,0.000000
0.000000,-4.556426,1.317857,-0.154616,0.000000,0.000000,0.000000
0.000000,-4.556426,1.317857,-0.154616,0.000000,0.000000,0.000000
0.000000,-4.562260,1.317857,-0.154616,0.000000,0.000000,0.000000
0.000000,-4.571272,1.317857,-0.154616,0.000000,0.000000,0.000000
0.000000,-4.571272,1.317857,-0.154616,0.000000,0.000000,0.000000
0.000000,-4.577526,1.317857,-0.154616,0.000000,0.000000,0.000000
0.000000,-4.577526,1.317857,-0.154616,0.000000,0.000000,0.000000
0.000000,-4.587898,1.317857,-0.154616,0.000000,0.000000,0.000000
0.000000,-4.594108,1.317857,-0.154616,0.000000,0.000000,0.000000
0.000000,-4.594108,1.317857,-0.154616,0.000000,0.000000,0.000000
0.000000,-4.603444,1.317857,-0.154616,0.000000,0.000000,0.000000
0.000000,-4.603444,1.317857,-0.154616,0.000000,0.000000,0.000000
0.000000,-4.607298,1.317857,-0.154616,0.000000,0.000000,0.000000
0.000000,-4.611627,1.317952,-0.154616,0.000000,0.000000,0.000000
0.000000,-4.611627,1.317952,-0.154616,0.000000,0.000000,0.000000
0.000000,-4.610236,1.317952,-0.154616,0.000000,0.000000,0.000000
0.000000,-4.610236,1.317952,-0.154616,0.000000,0.000000,0.000000
0.000000,-4.603768,1.317952,-0.154616,0.000000,0.000000,0.000000
0.000000,-4.593455,1.317952,-0.154521,0.000000,0.000000,0.000000
0.000000,-4.593455,1.317952,-0.154521,0.000000,0.000000,0.000000
0.000000,-4.573373,1.317952,-0.154521,0.000000,0.000000,0.000000
0.000000,-4.573373,1.317952,-0.154521,0.000000,0.000000,0.000000
0.000000,-4.557264,1.317952,-0.154521,0.000000,0.000000,0.000000
0.000000,-4.535707,1.317952,-0.154521,0.000000,0.000000,0.000000
0.000000,-4.535707,1.317952,-0.154521,0.000000,0.000000,0.000000
0.000000,-4.522707,1.317952,-0.154425,0.000000,0.000000,0.000000
0.000000,-4.522707,1.317952,-0.154425,0.000000,0.000000,0.000000
0.000000,-4.507155,1.317952,-0.154425,0.000000,0.000000,0.000000
0.000000,-4.500865,1.317857,-0.154425,0.000000,0.000000,0.000000
0.000000,-4.500865,1.317857,-0.154425,0.000000,0.000000,0.000000
0.000000,-4.497057,1.317857,-0.154425,0.000000,0.000000,0.000000
0.000000,-4.497057,1.317761,-0.154425,0.000000,0.000000,0.000000
0.000000,-4.497377,1.317761,-0.154425,0.000000,0.000000,0.000000
0.000000,-4.500605,1.317761,-0.154425,0.000000,0.000000,0.000000
0.000000,-4.500605,1.317761,-0.154425,0.000000,0.000000,0.000000
0.000000,-4.504087,1.317665,-0.154425,0.000000,0.000000,0.000000
0.000000,-4.504087,1.317665,-0.154425,0.000000,0.000000,0.000000
0.000000,-4.510421,1.317665,-0.154425,0.000000,0.000000,0.000000
0.000000,-4.515625,1.317665,-0.154425,0.000000,0.000000,0.000000
0.000000,-4.515625,1.317665,-0.154425,0.000000,0.000000,0.000000
0.000000,-4.522350,1.317665,-0.154425,0.000000,0.000000,0.000000
0.000000,-4.522350,1.317665,-0.154425,0.000000,0.000000,0.000000
0.000000,-4.526239,1.317665,-0.154425,0.000000,0.000000,0.000000
0.000000,-4.530040,1.317665,-0.154425,0.000000,0.000000,0.000000
0.000000,-4.530040,1.317665,-0.154425,0.000000,0.000000,0.000000
0.000000,-4.531223,1.317665,-0.154425,0.000000,0.000000,0.000000
0.000000,-4.531223,1.317665,-0.154425,0.000000,0.000000,0.000000
0.000000,-4.530117,1.317665,-0.154425,0.000000,0.000000,0.000000
0.000000,-4.527785,1.317665,-0.154425,0.000000,0.000000,0.000000
0.000000,-4.527785,1.317665,-0.154425,0.000000,0.000000,0.000000
0.000000,-4.521985,1.317665,-0.154425,0.000000,0.000000,0.000000
0.000000,-4.521985,1.317665,-0.154425,0.000000,0.000000,0.000000
0.000000,-4.517578,1.317665,-0.154425,0.000000,0.000000,0.000000
0.000000,-4.510019,1.317569,-0.154425,0.000000,0.000000,0.000000
0.000000,-4.510019,1.317569,-0.154425,0.000000,0.000000,0.000000
0.000000,-4.505102,1.317473,-0.154425,0.000000,0.000000,0.000000
0.000000,-4.505102,1.317473,-0.154425,0.000000,0.000000,0.000000
0.000000,-4.497427,1.317377,-0.154329,0.000000,0.000000,0.000000
0.000000,-4.492534,1.317281,-0.154329,0.000000,0.000000,0.000000
0.000000,-4.492534,1.317090,-0.154329,0.000000,0.000000,0.000000
0.000000,-4.485384,1.316994,-0.154329,0.000000,0.000000,0.000000
0.000000,-4.485384,1.316898,-0.154233,0.000000,0.000000,0.000000
0.000000,-4.480207,1.316706,-0.154233,0.000000,0.000000,0.000000
0.000000,-4.471754,1.316515,-0.154233,0.000000,0.000000,0.000000
0.000000,-4.471754,1.316419,-0.154137,0.000000,0.000000,0.000000
0.000000,-4.466317,1.316227,-0.154137,0.000000,0.000000,0.000000
0.000000,-4.466317,1.316227,-0.154137,0.000000,0.000000,0.000000
0.000000,-4.458223,1.316131,-0.154041,0.000000,0.000000,0.000000
0.000000,-4.452788,1.316036,-0.154041,0.000000,0.000000,0.000000
0.000000,-4.452788,1.316036,-0.154041,0.000000,0.000000,0.000000
0.000000,-4.446398,1.316036,-0.154041,0.000000,0.000000,0.000000
0.000000,-4.446398,1.316036,-0.154041,0.000000,0.000000,0.000000
0.000000,-4.444352,1.315940,-0.154041,0.000000,0.000000,0.000000
0.000000,-4.444504,1.315940,-0.154041,0.000000,0.000000,0.000000
0.000000,-4.444504,1.315940,-0.154041,0.000000,0.000000,0.000000
0.000000,-4.446624,1.315940,-0.154041,0.000000,0.000000,0.000000
0.000000,-4.446624,1.315940,-0.154041,0.000000,0.000000,0.000000
0.000000,-4.451231,1.315940,-0.154041,0.000000,0.000000,0.000000
0.000000,-4.455102,1.315940,-0.154041,0.000000,0.000000,0.000000
0.000000,-4.455102,1.315844,-0.154041,0.000000,0.000000,0.000000
0.000000,-4.459956,1.315844,-0.154041,0.000000,0.000000,0.000000
0.000000,-4.459956,1.315844,-0.154041,0.000000,0.000000,0.000000
0.000000,-4.461849,1.315844,-0.154041,0.000000,0.000000,0.000000
0.000000,-4.463890,1.315748,-0.154041,0.000000,0.000000,0.000000
0.000000,-4.463890,1.315748,-0.154041,0.000000,0.000000,0.000000
0.000000,-4.464597,1.315748,-0.154041,0.000000,0.000000,0.000000
0.000000,-4.464597,1.315748,-0.154041,0.000000,0.000000,0.000000
0.000000,-4.464554,1.315652,-0.154041,0.000000,0.000000,0.000000
0.000000,-4.462569,1.315652,-0.154041,0.000000,0.000000,0.000000
0.000000,-4.462569,1.315556,-0.154041,0.000000,0.000000,0.000000
0.000000,-4.455652,1.315556,-0.154041,0.000000,0.000000,0.000000
0.000000,-4.455652,1.315365,-0.153945,0.000000,0.000000,0.000000
0.000000,-4.447911,1.315365,-0.153945,0.000000,0.000000,0.000000
0.000000,-4.436463,1.315173,-0.153945,0.000000,0.000000,0.000000
0.000000,-4.436463,1.315173,-0.153945,0.000000,0.000000,0.000000
0.000000,-4.432592,1.314982,-0.153945,0.000000,0.000000,0.000000
0.000000,-4.432592,1.314886,-0.153945,0.000000,0.000000,0.000000
0.000000,-4.435350,1.314790,-0.153945,0.000000,0.000000,0.000000
0.000000,-4.443383,1.314790,-0.153850,0.000000,0.000000,0.000000
0.000000,-4.443383,1.314694,-0.153850,0.000000,0.000000,0.000000
0.000000,-4.459219,1.314598,-0.153850,0.000000,0.000000,0.000000
0.000000,-4.459219,1.314407,-0.153850,0.000000,0.000000,0.000000
0.000000,-4.471924,1.314311,-0.153850,0.000000,0.000000,0.000000
0.000000,-4.495562,1.314119,-0.153850,0.000000,0.000000,0.000000
0.000000,-4.495562,1.313927,-0.153850,0.000000,0.000000,0.000000
0.000000,-4.513255,1.313640,-0.153850,0.000000,0.000000,0.000000
0.000000,-4.513255,1.313544,-0.153850,0.000000,0.000000,0.000000
0.000000,-4.534700,1.313257,-0.153850,0.000000,0.000000,0.000000
0.000000,-4.542603,1.313161,-0.153850,0.000000,0.000000,0.000000
0.000000,-4.542603,1.312969,-0.153850,0.000000,0.000000,0.000000
0.000000,-4.551227,1.312873,-0.153850,0.000000,0.000000,0.000000
0.000000,-4.551227,1.312777,-0.153850,0.000000,0.000000,0.000000
0.000000,-4.561170,1.312681,-0.153850,0.000000,0.000000,0.000000
0.000000,-4.587790,1.312586,-0.153850,0.000000,0.000000,0.000000
0.000000,-4.587790,1.312490,-0.153850,0.000000,0.000000,0.000000
0.000000,-4.614063,1.312394,-0.153850,0.000000,0.000000,0.000000
0.000000,-4.614063,1.312298,-0.153850,0.000000,0.000000,0.000000
0.000000,-4.660232,1.312202,-0.153850,0.000000,0.000000,0.000000
0.000000,-4.691512,1.312202,-0.153850,0.000000,0.000000,0.000000
0.000000,-4.691512,1.312202,-0.153850,0.000000,0.000000,0.000000
0.000000,-4.735179,1.312202,-0.153850,0.000000,0.000000,0.000000
0.000000,-4.735179,1.312202,-0.153850,0.000000,0.000000,0.000000
0.000000,-4.759570,1.312202,-0.153850,0.000000,0.000000,0.000000
0.000000,-4.792613,1.312011,-0.153850,0.000000,0.000000,0.000000
0.000000,-4.792613,1.311915,-0.153850,0.000000,0.000000,0.000000
0.000000,-4.812523,1.311723,-0.153850,0.000000,0.000000,0.000000
0.000000,-4.812523,1.311531,-0.153850,0.000000,0.000000,0.000000
0.000000,-4.838004,1.311244,-0.153850,0.000000,0.000000,0.000000
0.000000,-4.851325,1.311052,-0.153850,0.000000,0.000000,0.000000
0.000000,-4.851325,1.310669,-0.153850,0.000000,0.000000,0.000000
0.000000,-4.867555,1.310477,-0.153850,0.000000,0.000000,0.000000
0.000000,-4.867555,1.310094,-0.153850,0.000000,0.000000,0.000000
0.000000,-4.871529,1.309998,-0.153850,0.000000,0.000000,0.000000
0.000000,-4.868367,1.309807,-0.153850,0.000000,0.000000,0.000000
0.000000,-4.868367,1.309711,-0.153850,0.000000,0.000000,0.000000
0.000000,-4.862746,1.309519,-0.153850,0.000000,0.000000,0.000000
0.000000,-4.862746,1.309519,-0.153850,0.000000,0.000000,0.000000
0.000000,-4.861525,1.309232,-0.153850,0.000000,0.000000,0.000000
0.000000,-4.869442,1.309136,-0.153850,0.000000,0.000000,0.000000
0.000000,-4.869442,1.308848,-0.153850,0.000000,0.000000,0.000000
0.000000,-4.889821,1.308656,-0.153850,0.000000,0.000000,0.000000
0.000000,-4.889821,1.308369,-0.153850,0.000000,0.000000,0.000000
0.000000,-4.906590,1.308178,-0.153945,0.000000,0.000000,0.000000
0.000000,-4.932239,1.307890,-0.153945,0.000000,0.000000,0.000000
0.000000,-4.932239,1.307794,-0.153945,0.000000,0.000000,0.000000
0.000000,-4.947107,1.307507,-0.153945,0.000000,0.000000,0.000000
0.000000,-4.947107,1.307411,-0.154041,0.000000,0.000000,0.000000
0.000000,-4.964353,1.307219,-0.154041,0.000000,0.000000,0.000000
0.000000,-4.972482,1.307123,-0.154041,0.000000,0.000000,0.000000
0.000000,-4.972482,1.306932,-0.154041,0.000000,0.000000,0.000000
0.000000,-4.986627,1.306836,-0.154137,0.000000,0.000000,0.000000
0.000000,-4.986627,1.306644,-0.154137,0.000000,0.000000,0.000000
0.000000,-5.000099,1.306548,-0.154137,0.000000,0.000000,0.000000
0.000000,-5.025338,1.306261,-0.154233,0.000000,0.000000,0.000000
0.000000,-5.025338,1.306069,-0.154233,0.000000,0.000000,0.000000
0.000000,-5.046611,1.305686,-0.154233,0.000000,0.000000,0.000000
0.000000,-5.046611,1.305495,-0.154233,0.000000,0.000000,0.000000
0.000000,-5.080094,1.305111,-0.154233,0.000000,0.000000,0.000000
0.000000,-5.101978,1.304919,-0.154233,0.000000,0.000000,0.000000
0.000000,-5.101978,1.304728,-0.154233,0.000000,0.000000,0.000000
0.000000,-5.133195,1.304536,-0.154233,0.000000,0.000000,0.000000
0.000000,-5.133195,1.304344,-0.154233,0.000000,0.000000,0.000000
0.000000,-5.155067,1.304249,-0.154233,0.000000,0.000000,0.000000
0.000000,-5.191263,1.304057,-0.154233,0.000000,0.000000,0.000000
0.000000,-5.191263,1.303961,-0.154329,0.000000,0.000000,0.000000
0.000000,-5.219158,1.303674,-0.154329,0.000000,0.000000,0.000000
0.000000,-5.219158,1.303578,-0.154329,0.000000,0.000000,0.000000
0.000000,-5.266010,1.303195,-0.154329,0.000000,0.000000,0.000000
0.000000,-5.302421,1.303099,-0.154329,0.000000,0.000000,0.000000
0.000000,-5.302421,1.302716,-0.154329,0.000000,0.000000,0.000000
0.000000,-5.359316,1.302524,-0.154329,0.000000,0.000000,0.000000
0.000000,-5.359316,1.302236,-0.154329,0.000000,0.000000,0.000000
0.000000,-5.397089,1.302140,-0.154329,0.000000,0.000000,0.000000
0.000000,-5.449546,1.301853,-0.154329,0.000000,0.000000,0.000000
0.000000,-5.449546,1.301757,-0.154329,0.000000,0.000000,0.000000
0.000000,-5.483675,1.301565,-0.154329,0.000000,0.000000,0.000000
0.000000,-5.483675,1.301470,-0.154329,0.000000,0.000000,0.000000
0.000000,-5.537455,1.301278,-0.154329,0.000000,0.000000,0.000000
0.000000,-5.575278,1.301278,-0.154329,0.000000,0.000000,0.000000
0.000000,-5.575278,1.301087,-0.154329,0.000000,0.000000,0.000000
0.000000,-5.635555,1.300991,-0.154329,0.000000,0.000000,0.000000
0.000000,-5.635555,1.300799,-0.154329,0.000000,0.000000,0.000000
0.000000,-5.680965,1.300703,-0.154329,0.000000,0.000000,0.000000
0.000000,-5.753364,1.300512,-0.154329,0.000000,0.000000,0.000000
0.000000,-5.753364,1.300320,-0.154329,0.000000,0.000000,0.000000
0.000000,-5.804825,1.300032,-0.154329,0.000000,0.000000,0.000000
0.000000,-5.804825,1.299841,-0.154329,0.000000,0.000000,0.000000
0.000000,-5.879318,1.299457,-0.154329,0.000000,0.000000,0.000000
0.000000,-5.924577,1.299266,-0.154329,0.000000,0.000000,0.000000
0.000000,-5.924577,1.298978,-0.154329,0.000000,0.000000,0.000000
0.000000,-5.988198,1.298786,-0.154329,0.000000,0.000000,0.000000
0.000000,-5.988198,1.298595,-0.154329,0.000000,0.000000,0.000000
0.000000,-6.028379,1.298499,-0.154329,0.000000,0.000000,0.000000
0.000000,-6.088983,1.298212,-0.154329,0.000000,0.000000,0.000000
0.000000,-6.088983,1.298020,-0.154329,0.000000,0.000000,0.000000
0.000000,-6.131452,1.297733,-0.154329,0.000000,0.000000,0.000000
0.000000,-6.131452,1.297541,-0.154329,0.000000,0.000000,0.000000
0.000000,-6.197514,1.297062,-0.154329,0.000000,0.000000,0.000000
0.000000,-6.243189,1.296870,-0.154329,0.000000,0.000000,0.000000
0.000000,-6.243189,1.296582,-0.154329,0.000000,0.000000,0.000000
0.000000,-6.311171,1.296487,-0.154329,0.000000,0.000000,0.000000
0.000000,-6.311171,1.296295,-0.154329,0.000000,0.000000,0.000000
0.000000,-6.355536,1.296295,-0.154329,0.000000,0.000000,0.000000
0.000000,-6.422668,1.296104,-0.154329,0.000000,0.000000,0.000000
0.000000,-6.422668,1.296008,-0.154329,0.000000,0.000000,0.000000
0.000000,-6.468870,1.295816,-0.154329,0.000000,0.000000,0.000000
0.000000,-6.468870,1.295720,-0.154329,0.000000,0.000000,0.000000
0.000000,-6.539359,1.295529,-0.154329,0.000000,0.000000,0.000000
0.000000,-6.587500,1.295433,-0.154329,0.000000,0.000000,0.000000
0.000000,-6.587500,1.295241,-0.154329,0.000000,0.000000,0.000000
0.000000,-6.660964,1.295049,-0.154329,0.000000,0.000000,0.000000
0.000000,-6.660964,1.294762,-0.154329,0.000000,0.000000,0.000000
0.000000,-6.711868,1.294666,-0.154329,0.000000,0.000000,0.000000
0.000000,-6.788616,1.294283,-0.154329,0.000000,0.000000,0.000000
0.000000,-6.788616,1.294091,-0.154329,0.000000,0.000000,0.000000
0.000000,-6.838041,1.293804,-0.154329,0.000000,0.000000,0.000000
0.000000,-6.838041,1.293708,-0.154329,0.000000,0.000000,0.000000
0.000000,-6.907632,1.293516,-0.154329,0.000000,0.000000,0.000000
0.000000,-6.951668,1.293325,-0.154329,0.000000,0.000000,0.000000
0.000000,-6.951668,1.293133,-0.154329,0.000000,0.000000,0.000000
0.000000,-7.017558,1.293037,-0.154425,0.000000,0.000000,0.000000
0.000000,-7.017558,1.292845,-0.154425,0.000000,0.000000,0.000000
0.000000,-7.064318,1.292750,-0.154425,0.000000,0.000000,0.000000
0.000000,-7.139532,1.292558,-0.154425,0.000000,0.000000,0.000000
0.000000,-7.139532,1.292462,-0.154425,0.000000,0.000000,0.000000
0.000000,-7.195150,1.292270,-0.154425,0.000000,0.000000,0.000000
0.000000,-7.195150,1.292079,-0.154425,0.000000,0.000000,0.000000
0.000000,-7.283422,1.291887,-0.154425,0.000000,0.000000,0.000000
0.000000,-7.345671,1.291695,-0.154425,0.000000,0.000000,0.000000
0.000000,-7.345671,1.291504,-0.154425,0.000000,0.000000,0.000000
0.000000,-7.438694,1.291312,-0.154425,0.000000,0.000000,0.000000
0.000000,-7.438694,1.291025,-0.154425,0.000000,0.000000,0.000000
0.000000,-7.499401,1.290929,-0.154425,0.000000,0.000000,0.000000
0.000000,-7.587801,1.290737,-0.154425,0.000000,0.000000,0.000000
0.000000,-7.587801,1.290642,-0.154425,0.000000,0.000000,0.000000
0.000000,-7.646173,1.290450,-0.154425,0.000000,0.000000,0.000000
0.000000,-7.646173,1.290354,-0.154425,0.000000,0.000000,0.000000
0.000000,-7.733971,1.290162,-0.154425,0.000000,0.000000,0.000000
0.000000,-7.794567,1.290162,-0.154425,0.000000,0.000000,0.000000
0.000000,-7.794567,1.289971,-0.154425,0.000000,0.000000,0.000000
0.000000,-7.888369,1.289875,-0.154425,0.000000,0.000000,0.000000
0.000000,-7.888369,1.289683,-0.154425,0.000000,0.000000,0.000000
0.000000,-7.952161,1.289587,-0.154425,0.000000,0.000000,0.000000
0.000000,-8.046276,1.289300,-0.154425,0.000000,0.000000,0.000000
0.000000,-8.046276,1.289109,-0.154425,0.000000,0.000000,0.000000
0.000000,-8.106873,1.288725,-0.154425,0.000000,0.000000,0.000000
0.000000,-8.106873,1.288533,-0.154425,0.000000,0.000000,0.000000
0.000000,-8.193913,1.288150,-0.154425,0.000000,0.000000,0.000000
0.000000,-8.248738,1.287958,-0.154425,0.000000,0.000000,0.000000
0.000000,-8.248738,1.287671,-0.154425,0.000000,0.000000,0.000000
0.000000,-8.326488,1.287575,-0.154425,0.000000,0.000000,0.000000
0.000000,-8.326488,1.287383,-0.154425,0.000000,0.000000,0.000000
0.000000,-8.376762,1.287192,-0.154425,0.000000,0.000000,0.000000
0.000000,-8.453246,1.286904,-0.154425,0.000000,0.000000,0.000000
0.000000,-8.453246,1.286713,-0.154425,0.000000,0.000000,0.000000
0.000000,-8.506194,1.286330,-0.154425,0.000000,0.000000,0.000000
0.000000,-8.506194,1.286042,-0.154425,0.000000,0.000000,0.000000
0.000000,-8.587431,1.285659,-0.154425,0.000000,0.000000,0.000000
0.000000,-8.640068,1.285371,-0.154425,0.000000,0.000000,0.000000
0.000000,-8.640068,1.285084,-0.154425,0.000000,0.000000,0.000000
0.000000,-8.713755,1.284892,-0.154425,0.000000,0.000000,0.000000
0.000000,-8.713755,1.284604,-0.154425,0.000000,0.000000,0.000000
0.000000,-8.757852,1.284413,-0.154425,0.000000,0.000000,0.000000
0.000000,-8.820672,1.283934,-0.154425,0.000000,0.000000,0.000000
0.000000,-8.820672,1.283646,-0.154425,0.000000,0.000000,0.000000
0.000000,-8.860886,1.282880,-0.154425,0.000000,0.000000,0.000000
0.000000,-8.860886,1.282496,-0.154425,0.000000,0.000000,0.000000
0.000000,-8.919873,1.282017,-0.154425,0.000000,0.000000,0.000000
0.000000,-8.955552,1.281729,-0.154425,0.000000,0.000000,0.000000
0.000000,-8.955552,1.281442,-0.154425,0.000000,0.000000,0.000000
0.000000,-9.004440,1.281250,-0.154425,0.000000,0.000000,0.000000
0.000000,-9.004440,1.280675,-0.154425,0.000000,0.000000,0.000000
0.000000,-9.037389,1.280292,-0.154425,0.000000,0.000000,0.000000
0.000000,-9.088373,1.279621,-0.154425,0.000000,0.000000,0.000000
0.000000,-9.088373,1.279334,-0.154425,0.000000,0.000000,0.000000
0.000000,-9.121072,1.278855,-0.154425,0.000000,0.000000,0.000000
0.000000,-9.121072,1.278663,-0.154425,0.000000,0.000000,0.000000
0.000000,-9.167597,1.278184,-0.154425,0.000000,0.000000,0.000000
0.000000,-9.199071,1.277896,-0.154425,0.000000,0.000000,0.000000
0.000000,-9.199071,1.277225,-0.154425,0.000000,0.000000,0.000000
0.000000,-9.250321,1.276938,-0.154425,0.000000,0.000000,0.000000
0.000000,-9.250321,1.276267,-0.154425,0.000000,0.000000,0.000000
0.000000,-9.284868,1.276076,-0.154425,0.000000,0.000000,0.000000
0.000000,-9.333413,1.275692,-0.154425,0.000000,0.000000,0.000000
0.000000,-9.333413,1.275501,-0.154425,0.000000,0.000000,0.000000
0.000000,-9.365432,1.275021,-0.154425,0.000000,0.000000,0.000000
0.000000,-9.365432,1.274734,-0.154425,0.000000,0.000000,0.000000
0.000000,-9.416953,1.274159,-0.154425,0.000000,0.000000,0.000000
0.000000,-9.453147,1.273872,-0.154425,0.000000,0.000000,0.000000
0.000000,-9.453147,1.273584,-0.154425,0.000000,0.000000,0.000000
0.000000,-9.507166,1.273488,-0.154425,0.000000,0.000000,0.000000
0.000000,-9.507166,1.273201,-0.154425,0.000000,0.000000,0.000000
0.000000,-9.541744,1.273105,-0.154425,0.000000,0.000000,0.000000
0.000000,-9.594448,1.272626,-0.154425,0.000000,0.000000,0.000000
0.000000,-9.594448,1.272339,-0.154425,0.000000,0.000000,0.000000
0.000000,-9.630441,1.271572,-0.154425,0.000000,0.000000,0.000000
0.000000,-9.630441,1.271284,-0.154425,0.000000,0.000000,0.000000
0.000000,-9.682931,1.270709,-0.154425,0.000000,0.000000,0.000000
0.000000,-9.713132,1.270518,-0.154425,0.000000,0.000000,0.000000
0.000000,-9.713132,1.270038,-0.154425,0.000000,0.000000,0.000000
0.000000,-9.751669,1.269751,-0.154425,0.000000,0.000000,0.000000
0.000000,-9.751669,1.268889,-0.154425,0.000000,0.000000,0.000000
0.000000,-9.773677,1.268314,-0.154425,0.000000,0.000000,0.000000
0.000000,-9.802598,1.267452,-0.154425,0.000000,0.000000,0.000000
0.000000,-9.802598,1.266972,-0.154425,0.000000,0.000000,0.000000
0.000000,-9.817044,1.265918,-0.154425,0.000000,0.000000,0.000000
0.000000,-9.817044,1.265439,-0.154425,0.000000,0.000000,0.000000
0.000000,-9.834461,1.264481,-0.154425,0.000000,0.000000,0.000000
0.000000,-9.843621,1.264002,-0.154425,0.000000,0.000000,0.000000
0.000000,-9.843621,1.263043,-0.154425,0.000000,0.000000,0.000000
0.000000,-9.854047,1.262564,-0.154425,0.000000,0.000000,0.000000
0.000000,-9.854047,1.261702,-0.154425,0.000000,0.000000,0.000000
0.000000,-9.859784,1.261223,-0.154425,0.000000,0.000000,0.000000
0.000000,-9.867663,1.260265,-0.154425,0.000000,0.000000,0.000000
0.000000,-9.867663,1.259785,-0.154425,0.000000,0.000000,0.000000
0.000000,-9.875156,1.258923,-0.154425,0.000000,0.000000,0.000000
0.000000,-9.875156,1.258539,-0.154425,0.000000,0.000000,0.000000
0.000000,-9.888398,1.257773,-0.154425,0.000000,0.000000,0.000000
0.000000,-9.897339,1.257390,-0.154425,0.000000,0.000000,0.000000
0.000000,-9.897339,1.256719,-0.154425,0.000000,0.000000,0.000000
0.000000,-9.913177,1.256431,-0.154425,0.000000,0.000000,0.000000
0.000000,-9.913177,1.255665,-0.154425,0.000000,0.000000,0.000000
0.000000,-9.924074,1.255282,-0.154425,0.000000,0.000000,0.000000
0.000000,-9.946174,1.254419,-0.154425,0.000000,0.000000,0.000000
0.000000,-9.946174,1.253940,-0.154425,0.000000,0.000000,0.000000
0.000000,-9.961347,1.253078,-0.154425,0.000000,0.000000,0.000000
0.000000,-9.961347,1.252599,-0.154425,0.000000,0.000000,0.000000
0.000000,-9.983677,1.251640,-0.154425,0.000000,0.000000,0.000000
0.000000,-9.997877,1.251161,-0.154425,0.000000,0.000000,0.000000
0.000000,-9.997877,1.250107,-0.154425,0.000000,0.000000,0.000000
0.000000,-10.017018,1.249532,-0.154425,0.000000,0.000000,0.000000
0.000000,-10.017018,1.248382,-0.154425,0.000000,0.000000,0.000000
0.000000,-10.028374,1.247807,-0.154425,0.000000,0.000000,0.000000
0.000000,-10.044351,1.246848,-0.154425,0.000000,0.000000,0.000000
0.000000,-10.044351,1.246369,-0.154425,0.000000,0.000000,0.000000
0.000000,-10.052555,1.245315,-0.154425,0.000000,0.000000,0.000000
0.000000,-10.052555,1.244932,-0.154425,0.000000,0.000000,0.000000
0.000000,-10.065464,1.243973,-0.154425,0.000000,0.000000,0.000000
0.000000,-10.073394,1.243495,-0.154425,0.000000,0.000000,0.000000
0.000000,-10.073394,1.242536,-0.154425,0.000000,0.000000,0.000000
0.000000,-10.085493,1.242153,-0.154425,0.000000,0.000000,0.000000
0.000000,-10.085493,1.241290,-0.154425,0.000000,0.000000,0.000000
0.000000,-10.090718,1.240907,-0.154425,0.000000,0.000000,0.000000
0.000000,-10.096776,1.240045,-0.154425,0.000000,0.000000,0.000000
0.000000,-10.096776,1.239661,-0.154425,0.000000,0.000000,0.000000
0.000000,-10.100277,1.238799,-0.154425,0.000000,0.000000,0.000000
0.000000,-10.100277,1.238320,-0.154425,0.000000,0.000000,0.000000
0.000000,-10.104386,1.237362,-0.154425,0.000000,0.000000,0.000000
0.000000,-10.107594,1.236882,-0.154425,0.000000,0.000000,0.000000
0.000000,-10.107594,1.235829,-0.154425,0.000000,0.000000,0.000000
0.000000,-10.107350,1.235254,-0.154425,0.000000,0.000000,0.000000
0.000000,-10.107350,1.234295,-0.154425,0.000000,0.000000,0.000000
0.000000,-10.104865,1.233816,-0.154425,0.000000,0.000000,0.000000
0.000000,-10.100750,1.232666,-0.154425,0.000000,0.000000,0.000000
0.000000,-10.100750,1.232091,-0.154425,0.000000,0.000000,0.000000
0.000000,-10.097089,1.230942,-0.154425,0.000000,0.000000,0.000000
0.000000,-10.097089,1.230462,-0.154425,0.000000,0.000000,0.000000
0.000000,-10.094146,1.229408,-0.154425,0.000000,0.000000,0.000000
0.000000,-10.091995,1.228929,-0.154425,0.000000,0.000000,0.000000
0.000000,-10.091995,1.228163,-0.154425,0.000000,0.000000,0.000000
0.000000,-10.091756,1.227683,-0.154425,0.000000,0.000000,0.000000
0.000000,-10.091756,1.226629,-0.154425,0.000000,0.000000,0.000000
0.000000,-10.093588,1.226150,-0.154425,0.000000,0.000000,0.000000
0.000000,-10.099436,1.225288,-0.154425,0.000000,0.000000,0.000000
0.000000,-10.099436,1.224904,-0.154425,0.000000,0.000000,0.000000
0.000000,-10.103189,1.224042,-0.154425,0.000000,0.000000,0.000000
0.000000,-10.103189,1.223755,-0.154425,0.000000,0.000000,0.000000
0.000000,-10.110604,1.223275,-0.154425,0.000000,0.000000,0.000000
0.000000,-10.118061,1.222988,-0.154425,0.000000,0.000000,0.000000
0.000000,-10.118061,1.222317,-0.154425,0.000000,0.000000,0.000000
0.000000,-10.133697,1.221934,-0.154425,0.000000,0.000000,0.000000
0.000000,-10.133697,1.221167,-0.154425,0.000000,0.000000,0.000000
0.000000,-10.147760,1.220784,-0.154425,0.000000,0.000000,0.000000
0.000000,-10.169757,1.220209,-0.154425,0.000000,0.000000,0.000000
0.000000,-10.169757,1.219921,-0.154425,0.000000,0.000000,0.000000
0.000000,-10.184760,1.219250,-0.154425,0.000000,0.000000,0.000000
0.000000,-10.184760,1.218867,-0.154425,0.000000,0.000000,0.000000
0.000000,-10.209963,1.218100,-0.154425,0.000000,0.000000,0.000000
0.000000,-10.209963,1.217717,-0.154425,0.000000,0.000000,0.000000
0.000000,-10.226332,1.217046,-0.154425,0.000000,0.000000,0.000000
0.000000,-10.247889,1.216567,-0.154425,0.000000,0.000000,0.000000
0.000000,-10.247889,1.215705,-0.154425,0.000000,0.000000,0.000000
0.000000,-10.260746,1.215225,-0.154425,0.000000,0.000000,0.000000
0.000000,-10.278602,1.214363,-0.154425,0.000000,0.000000,0.000000
0.000000,-10.278602,1.213980,-0.154425,0.000000,0.000000,0.000000
0.000000,-10.287358,1.213117,-0.154425,0.000000,0.000000,0.000000
0.000000,-10.287358,1.212830,-0.154425,0.000000,0.000000,0.000000
0.000000,-10.298719,1.212064,-0.154425,0.000000,0.000000,0.000000
0.000000,-10.298719,1.211776,-0.154425,0.000000,0.000000,0.000000
0.000000,-10.305361,1.210913,-0.154425,0.000000,0.000000,0.000000
0.000000,-10.313230,1.210530,-0.154425,0.000000,0.000000,0.000000
0.000000,-10.313230,1.209668,-0.154425,0.000000,0.000000,0.000000
0.000000,-10.319524,1.209285,-0.154425,0.000000,0.000000,0.000000
0.000000,-10.328009,1.208709,-0.154425,0.000000,0.000000,0.000000
0.000000,-10.328009,1.208422,-0.154425,0.000000,0.000000,0.000000
0.000000,-10.333026,1.207656,-0.154425,0.000000,0.000000,0.000000
0.000000,-10.333026,1.207368,-0.154425,0.000000,0.000000,0.000000
0.000000,-10.344590,1.206697,-0.154425,0.000000,0.000000,0.000000
0.000000,-10.344590,1.206314,-0.154425,0.000000,0.000000,0.000000
0.000000,-10.352931,1.205739,-0.154425,0.000000,0.000000,0.000000
0.000000,-10.365862,1.205260,-0.154425,0.000000,0.000000,0.000000
0.000000,-10.365862,1.204589,-0.154425,0.000000,0.000000,0.000000
0.000000,-10.375903,1.204206,-0.154425,0.000000,0.000000,0.000000
0.000000,-10.393768,1.203631,-0.154425,0.000000,0.000000,0.000000
0.000000,-10.393768,1.203247,-0.154425,0.000000,0.000000,0.000000
0.000000,-10.405606,1.202577,-0.154425,0.000000,0.000000,0.000000
0.000000,-10.405606,1.202193,-0.154425,0.000000,0.000000,0.000000
0.000000,-10.426036,1.201331,-0.154425,0.000000,0.000000,0.000000
0.000000,-10.426036,1.200852,-0.154425,0.000000,0.000000,0.000000
0.000000,-10.439899,1.199990,-0.154425,0.000000,0.000000,0.000000
0.000000,-10.458569,1.199510,-0.154425,0.000000,0.000000,0.000000
0.000000,-10.458569,1.198552,-0.154425,0.000000,0.000000,0.000000
0.000000,-10.471116,1.198169,-0.154425,0.000000,0.000000,0.000000
0.000000,-10.490410,1.197211,-0.154425,0.000000,0.000000,0.000000
0.000000,-10.490410,1.196731,-0.154425,0.000000,0.000000,0.000000
0.000000,-10.502546,1.195869,-0.154425,0.000000,0.000000,0.000000
0.000000,-10.502546,1.195582,-0.154425,0.000000,0.000000,0.000000
0.000000,-10.522467,1.194719,-0.154425,0.000000,0.000000,0.000000
0.000000,-10.522467,1.194336,-0.154425,0.000000,0.000000,0.000000
0.000000,-10.535122,1.193377,-0.154425,0.000000,0.000000,0.000000
0.000000,-10.556910,1.192994,-0.154425,0.000000,0.000000,0.000000
0.000000,-10.556910,1.192132,-0.154425,0.000000,0.000000,0.000000
0.000000,-10.573089,1.191748,-0.154425,0.000000,0.000000,0.000000
0.000000,-10.597300,1.190982,-0.154425,0.000000,0.000000,0.000000
0.000000,-10.597300,1.190599,-0.154425,0.000000,0.000000,0.000000
0.000000,-10.615341,1.189928,-0.154425,0.000000,0.000000,0.000000
0.000000,-10.615341,1.189544,-0.154425,0.000000,0.000000,0.000000
0.000000,-10.640028,1.188778,-0.154425,0.000000,0.000000,0.000000
0.000000,-10.640028,1.188203,-0.154425,0.000000,0.000000,0.000000
0.000000,-10.656518,1.187244,-0.154425,0.000000,0.000000,0.000000
0.000000,-10.682545,1.186765,-0.154425,0.000000,0.000000,0.000000
0.000000,-10.682545,1.185807,-0.154425,0.000000,0.000000,0.000000
0.000000,-10.698460,1.185232,-0.154425,0.000000,0.000000,0.000000
0.000000,-10.721131,1.184465,-0.154425,0.000000,0.000000,0.000000
0.000000,-10.721131,1.183986,-0.154425,0.000000,0.000000,0.000000
0.000000,-10.735252,1.182836,-0.154425,0.000000,0.000000,0.000000
0.000000,-10.735252,1.182357,-0.154425,0.000000,0.000000,0.000000
0.000000,-10.755158,1.181303,-0.154425,0.000000,0.000000,0.000000
0.000000,-10.755158,1.180728,-0.154425,0.000000,0.000000,0.000000
0.000000,-10.769343,1.179578,-0.154425,0.000000,0.000000,0.000000
0.000000,-10.786465,1.179099,-0.154425,0.000000,0.000000,0.000000
0.000000,-10.786465,1.178141,-0.154425,0.000000,0.000000,0.000000
0.000000,-10.798813,1.177566,-0.154425,0.000000,0.000000,0.000000
0.000000,-10.816672,1.176512,-0.154425,0.000000,0.000000,0.000000
0.000000,-10.816672,1.176129,-0.154425,0.000000,0.000000,0.000000
0.000000,-10.829941,1.175074,-0.154425,0.000000,0.000000,0.000000
0.000000,-10.829941,1.174499,-0.154425,0.000000,0.000000,0.000000
0.000000,-10.849914,1.173541,-0.154425,0.000000,0.000000,0.000000
0.000000,-10.849914,1.173062,-0.154425,0.000000,0.000000,0.000000
0.000000,-10.863511,1.172104,-0.154425,0.000000,0.000000,0.000000
0.000000,-10.884027,1.171529,-0.154425,0.000000,0.000000,0.000000
0.000000,-10.884027,1.170475,-0.154425,0.000000,0.000000,0.000000
0.000000,-10.897553,1.169900,-0.154425,0.000000,0.000000,0.000000
0.000000,-10.897553,1.168750,-0.154425,0.000000,0.000000,0.000000
0.000000,-10.916439,1.168175,-0.154425,0.000000,0.000000,0.000000
0.000000,-10.927118,1.167025,-0.154425,0.000000,0.000000,0.000000
0.000000,-10.927118,1.166450,-0.154425,0.000000,0.000000,0.000000
0.000000,-10.940621,1.165204,-0.154425,0.000000,0.000000,0.000000
0.000000,-10.940621,1.164629,-0.154425,0.000000,0.000000,0.000000
0.000000,-10.947758,1.163384,-0.154425,0.000000,0.000000,0.000000
0.000000,-10.954041,1.162809,-0.154425,0.000000,0.000000,0.000000
0.000000,-10.954041,1.161659,-0.154425,0.000000,0.000000,0.000000
0.000000,-10.956076,1.160988,-0.154425,0.000000,0.000000,0.000000
0.000000,-10.956076,1.159743,-0.154425,0.000000,0.000000,0.000000
0.000000,-10.956100,1.159168,-0.154425,0.000000,0.000000,0.000000
0.000000,-10.956779,1.157826,-0.154425,0.000000,0.000000,0.000000
0.000000,-10.956779,1.157347,-0.154425,0.000000,0.000000,0.000000
0.000000,-10.957048,1.156292,-0.154425,0.000000,0.000000,0.000000
0.000000,-10.957048,1.155717,-0.154425,0.000000,0.000000,0.000000
0.000000,-10.958121,1.154376,-0.154425,0.000000,0.000000,0.000000
0.000000,-10.959863,1.153801,-0.154425,0.000000,0.000000,0.000000
0.000000,-10.959863,1.152459,-0.154425,0.000000,0.000000,0.000000
0.000000,-10.962585,1.151788,-0.154425,0.000000,0.000000,0.000000
0.000000,-10.962585,1.150638,-0.154425,0.000000,0.000000,0.000000
0.000000,-10.965913,1.149968,-0.154425,0.000000,0.000000,0.000000
0.000000,-10.967757,1.148530,-0.154425,0.000000,0.000000,0.000000
0.000000,-10.967757,1.147955,-0.154425,0.000000,0.000000,0.000000
0.000000,-10.968789,1.146614,-0.154425,0.000000,0.000000,0.000000
0.000000,-10.968789,1.146039,-0.154425,0.000000,0.000000,0.000000
0.000000,-10.969005,1.144889,-0.154425,0.000000,0.000000,0.000000
0.000000,-10.968561,1.144314,-0.154425,0.000000,0.000000,0.000000
0.000000,-10.968561,1.143164,-0.154425,0.000000,0.000000,0.000000
0.000000,-10.969220,1.142589,-0.154425,0.000000,0.000000,0.000000
0.000000,-10.969241,1.141343,-0.154425,0.000000,0.000000,0.000000
0.000000,-10.974225,1.140864,-0.154425,0.000000,0.000000,0.000000
0.000000,-10.978290,1.139906,-0.154425,0.000000,0.000000,0.000000
0.000000,-10.978290,1.139331,-0.154425,0.000000,0.000000,0.000000
0.000000,-10.987735,1.138181,-0.154425,0.000000,0.000000,0.000000
0.000000,-10.987735,1.137606,-0.154425,0.000000,0.000000,0.000000
0.000000,-10.996828,1.136552,-0.154425,0.000000,0.000000,0.000000
0.000000,-11.012994,1.135977,-0.154425,0.000000,0.000000,0.000000
0.000000,-11.012994,1.134827,-0.154425,0.000000,0.000000,0.000000
0.000000,-11.022522,1.134252,-0.154425,0.000000,0.000000,0.000000
0.000000,-11.022522,1.133007,-0.154425,0.000000,0.000000,0.000000
0.000000,-11.035087,1.132432,-0.154425,0.000000,0.000000,0.000000
0.000000,-11.042351,1.131282,-0.154425,0.000000,0.000000,0.000000
0.000000,-11.042351,1.130611,-0.154425,0.000000,0.000000,0.000000
0.000000,-11.052090,1.129461,-0.154425,0.000000,0.000000,0.000000
0.000000,-11.052090,1.128886,-0.154425,0.000000,0.000000,0.000000
0.000000,-11.058418,1.127736,-0.154425,0.000000,0.000000,0.000000
0.000000,-11.068357,1.127161,-0.154425,0.000000,0.000000,0.000000
0.000000,-11.068357,1.126107,-0.154425,0.000000,0.000000,0.000000
0.000000,-11.075503,1.125532,-0.154425,0.000000,0.000000,0.000000
0.000000,-11.075503,1.124478,-0.154425,0.000000,0.000000,0.000000
0.000000,-11.085941,1.123998,-0.154425,0.000000,0.000000,0.000000
0.000000,-11.092107,1.123040,-0.154425,0.000000,0.000000,0.000000
0.000000,-11.092107,1.122561,-0.154425,0.000000,0.000000,0.000000
0.000000,-11.102205,1.121411,-0.154425,0.000000,0.000000,0.000000
0.000000,-11.102205,1.120932,-0.154425,0.000000,0.000000,0.000000
0.000000,-11.111217,1.119782,-0.154425,0.000000,0.000000,0.000000
0.000000,-11.127643,1.119207,-0.154425,0.000000,0.000000,0.000000
0.000000,-11.127643,1.118153,-0.154425,0.000000,0.000000,0.000000
0.000000,-11.136263,1.117578,-0.154425,0.000000,0.000000,0.000000
0.000000,-11.136263,1.116333,-0.154425,0.000000,0.000000,0.000000
0.000000,-11.146275,1.115758,-0.154425,0.000000,0.000000,0.000000
0.000000,-11.151706,1.114608,-0.154425,0.000000,0.000000,0.000000
0.000000,-11.151706,1.114033,-0.154425,0.000000,0.000000,0.000000
0.000000,-11.159402,1.112883,-0.154425,0.000000,0.000000,0.000000
0.000000,-11.159402,1.112404,-0.154425,0.000000,0.000000,0.000000
0.000000,-11.163552,1.111350,-0.154425,0.000000,0.000000,0.000000
0.000000,-11.169606,1.110775,-0.154425,0.000000,0.000000,0.000000
0.000000,-11.169606,1.109720,-0.154425,0.000000,0.000000,0.000000
0.000000,-11.174464,1.109146,-0.154425,0.000000,0.000000,0.000000
0.000000,-11.174464,1.108092,-0.154425,0.000000,0.000000,0.000000
0.000000,-11.182564,1.107612,-0.154425,0.000000,0.000000,0.000000
0.000000,-11.186961,1.106654,-0.154425,0.000000,0.000000,0.000000
0.000000,-11.186961,1.106175,-0.154425,0.000000,0.000000,0.000000
0.000000,-11.194372,1.105025,-0.154425,0.000000,0.000000,0.000000
0.000000,-11.194372,1.104546,-0.154425,0.000000,0.000000,0.000000
0.000000,-11.199801,1.103396,-0.154425,0.000000,0.000000,0.000000
0.000000,-11.210094,1.102821,-0.154425,0.000000,0.000000,0.000000
0.000000,-11.210094,1.101671,-0.154425,0.000000,0.000000,0.000000
0.000000,-11.216136,1.101192,-0.154425,0.000000,0.000000,0.000000
0.000000,-11.216136,1.100042,-0.154425,0.000000,0.000000,0.000000
0.000000,-11.225555,1.099372,-0.154425,0.000000,0.000000,0.000000
0.000000,-11.231009,1.098317,-0.154425,0.000000,0.000000,0.000000
0.000000,-11.231009,1.097646,-0.154425,0.000000,0.000000,0.000000
0.000000,-11.237453,1.096401,-0.154425,0.000000,0.000000,0.000000
0.000000,-11.237453,1.095922,-0.154425,0.000000,0.000000,0.000000
0.000000,-11.239620,1.094676,-0.154425,0.000000,0.000000,0.000000
0.000000,-11.240900,1.094005,-0.154425,0.000000,0.000000,0.000000
0.000000,-11.240900,1.092855,-0.154425,0.000000,0.000000,0.000000
0.000000,-11.240970,1.092280,-0.154425,0.000000,0.000000,0.000000
0.000000,-11.240970,1.091130,-0.154425,0.000000,0.000000,0.000000
0.000000,-11.239668,1.090555,-0.154425,0.000000,0.000000,0.000000
0.000000,-11.237678,1.089405,-0.154425,0.000000,0.000000,0.000000
0.000000,-11.237678,1.088830,-0.154425,0.000000,0.000000,0.000000
0.000000,-11.234984,1.087585,-0.154425,0.000000,0.000000,0.000000
0.000000,-11.234984,1.087010,-0.154425,0.000000,0.000000,0.000000
0.000000,-11.233059,1.085668,-0.154425,0.000000,0.000000,0.000000
0.000000,-11.228785,1.085093,-0.154425,0.000000,0.000000,0.000000
0.000000,-11.228785,1.083847,-0.154425,0.000000,0.000000,0.000000
0.000000,-11.224859,1.083176,-0.154425,0.000000,0.000000,0.000000
0.000000,-11.224859,1.081835,-0.154425,0.000000,0.000000,0.000000
0.000000,-11.219053,1.081164,-0.154425,0.000000,0.000000,0.000000
0.000000,-11.214655,1.079919,-0.154425,0.000000,0.000000,0.000000
0.000000,-11.214655,1.079344,-0.154425,0.000000,0.000000,0.000000
0.000000,-11.205531,1.078098,-0.154425,0.000000,0.000000,0.000000
0.000000,-11.205531,1.077427,-0.154329,0.000000,0.000000,0.000000
0.000000,-11.198827,1.076277,-0.154329,0.000000,0.000000,0.000000
0.000000,-11.190280,1.075607,-0.154329,0.000000,0.000000,0.000000
0.000000,-11.190280,1.074265,-0.154329,0.000000,0.000000,0.000000
0.000000,-11.185401,1.073690,-0.154329,0.000000,0.000000,0.000000
0.000000,-11.185401,1.072444,-0.154329,0.000000,0.000000,0.000000
0.000000,-11.177876,1.071773,-0.154329,0.000000,0.000000,0.000000
0.000000,-11.172167,1.070432,-0.154329,0.000000,0.000000,0.000000
0.000000,-11.172167,1.069761,-0.154329,0.000000,0.000000,0.000000
0.000000,-11.164811,1.068420,-0.154329,0.000000,0.000000,0.000000
0.000000,-11.164811,1.067749,-0.154329,0.000000,0.000000,0.000000
0.000000,-11.159293,1.066407,-0.154329,0.000000,0.000000,0.000000
0.000000,-11.148268,1.065641,-0.154329,0.000000,0.000000,0.000000
0.000000,-11.148268,1.064395,-0.154329,0.000000,0.000000,0.000000
0.000000,-11.140334,1.063628,-0.154329,0.000000,0.000000,0.000000
0.000000,-11.140334,1.062478,-0.154329,0.000000,0.000000,0.000000
0.000000,-11.127867,1.061807,-0.154329,0.000000,0.000000,0.000000
0.000000,-11.119162,1.060370,-0.154329,0.000000,0.000000,0.000000
0.000000,-11.119162,1.059795,-0.154329,0.000000,0.000000,0.000000
0.000000,-11.106646,1.058549,-0.154329,0.000000,0.000000,0.000000
0.000000,-11.106646,1.057974,-0.154329,0.000000,0.000000,0.000000
0.000000,-11.099089,1.056824,-0.154329,0.000000,0.000000,0.000000
0.000000,-11.090343,1.056249,-0.154329,0.000000,0.000000,0.000000
0.000000,-11.090343,1.054908,-0.154329,0.000000,0.000000,0.000000
0.000000,-11.084980,1.054237,-0.154329,0.000000,0.000000,0.000000
0.000000,-11.084980,1.052895,-0.154329,0.000000,0.000000,0.000000
0.000000,-11.077397,1.052224,-0.154329,0.000000,0.000000,0.000000
0.000000,-11.071947,1.050979,-0.154329,0.000000,0.000000,0.000000
0.000000,-11.071947,1.050308,-0.154329,0.000000,0.000000,0.000000
0.000000,-11.062559,1.048871,-0.154329,0.000000,0.000000,0.000000
0.000000,-11.062559,1.048296,-0.154329,0.000000,0.000000,0.000000
0.000000,-11.055320,1.046954,-0.154329,0.000000,0.000000,0.000000
0.000000,-11.041686,1.046283,-0.154329,0.000000,0.000000,0.000000
0.000000,-11.041686,1.045038,-0.154329,0.000000,0.000000,0.000000
0.000000,-11.031229,1.044367,-0.154329,0.000000,0.000000,0.000000
0.000000,-11.031229,1.043121,-0.154329,0.000000,0.000000,0.000000
0.000000,-11.014335,1.042546,-0.154329,0.000000,0.000000,0.000000
0.000000,-11.003902,1.041205,-0.154329,0.000000,0.000000,0.000000
0.000000,-11.003902,1.040725,-0.154329,0.000000,0.000000,0.000000
0.000000,-10.990072,1.039480,-0.154329,0.000000,0.000000,0.000000
0.000000,-10.990072,1.038809,-0.154329,0.000000,0.000000,0.000000
0.000000,-10.981721,1.037563,-0.154329,0.000000,0.000000,0.000000
0.000000,-10.970259,1.036893,-0.154329,0.000000,0.000000,0.000000
0.000000,-10.970259,1.035455,-0.154329,0.000000,0.000000,0.000000
0.000000,-10.962688,1.034880,-0.154329,0.000000,0.000000,0.000000
0.000000,-10.962688,1.033539,-0.154329,0.000000,0.000000,0.000000
0.000000,-10.949209,1.032772,-0.154329,0.000000,0.000000,0.000000
0.000000,-10.938210,1.031430,-0.154329,0.000000,0.000000,0.000000
0.000000,-10.938210,1.030759,-0.154329,0.000000,0.000000,0.000000
0.000000,-10.919016,1.029418,-0.154329,0.000000,0.000000,0.000000
0.000000,-10.919016,1.028843,-0.154329,0.000000,0.000000,0.000000
0.000000,-10.904383,1.027501,-0.154329,0.000000,0.000000,0.000000
0.000000,-10.881842,1.026926,-0.154329,0.000000,0.000000,0.000000
0.000000,-10.881842,1.025584,-0.154329,0.000000,0.000000,0.000000
0.000000,-10.867399,1.024914,-0.154329,0.000000,0.000000,0.000000
0.000000,-10.867399,1.023860,-0.154329,0.000000,0.000000,0.000000
0.000000,-10.847884,1.023285,-0.154329,0.000000,0.000000,0.000000
0.000000,-10.836638,1.021943,-0.154329,0.000000,0.000000,0.000000
0.000000,-10.836638,1.021368,-0.154329,0.000000,0.000000,0.000000
0.000000,-10.822022,1.020027,-0.154329,0.000000,0.000000,0.000000
0.000000,-10.822022,1.019356,-0.154329,0.000000,0.000000,0.000000
0.000000,-10.812830,1.018015,-0.154233,0.000000,0.000000,0.000000
0.000000,-10.798240,1.017248,-0.154233,0.000000,0.000000,0.000000
0.000000,-10.798240,1.015811,-0.154233,0.000000,0.000000,0.000000
0.000000,-10.787706,1.015140,-0.154233,0.000000,0.000000,0.000000
0.000000,-10.787706,1.013702,-0.154233,0.000000,0.000000,0.000000
0.000000,-10.770169,1.013032,-0.154233,0.000000,0.000000,0.000000
0.000000,-10.756858,1.011786,-0.154233,0.000000,0.000000,0.000000
0.000000,-10.756858,1.011019,-0.154233,0.000000,0.000000,0.000000
0.000000,-10.735171,1.009869,-0.154233,0.000000,0.000000,0.000000
0.000000,-10.735171,1.009198,-0.154233,0.000000,0.000000,0.000000
0.000000,-10.720641,1.007953,-0.154233,0.000000,0.000000,0.000000
0.000000,-10.700082,1.007378,-0.154233,0.000000,0.000000,0.000000
0.000000,-10.700082,1.006132,-0.154233,0.000000,0.000000,0.000000
0.000000,-10.688518,1.005461,-0.154233,0.000000,0.000000,0.000000
0.000000,-10.688518,1.004311,-0.154233,0.000000,0.000000,0.000000
0.000000,-10.674230,1.003545,-0.154233,0.000000,0.000000,0.000000
0.000000,-10.665878,1.002203,-0.154233,0.000000,0.000000,0.000000
0.000000,-10.665878,1.001628,-0.154233,0.000000,0.000000,0.000000
0.000000,-10.652132,1.000286,-0.154233,0.000000,0.000000,0.000000
0.000000,-10.652132,0.999520,-0.154233,0.000000,0.000000,0.000000
0.000000,-10.641846,0.998178,-0.154233,0.000000,0.000000,0.000000
0.000000,-10.624067,0.997411,-0.154233,0.000000,0.000000,0.000000
0.000000,-10.624067,0.996166,-0.154233,0.000000,0.000000,0.000000
0.000000,-10.611115,0.995495,-0.154233,0.000000,0.000000,0.000000
0.000000,-10.611115,0.994154,-0.154233,0.000000,0.000000,0.000000
0.000000,-10.591051,0.993579,-0.154233,0.000000,0.000000,0.000000
0.000000,-10.578053,0.992237,-0.154233,0.000000,0.000000,0.000000
0.000000,-10.578053,0.991662,-0.154137,0.000000,0.000000,0.000000
0.000000,-10.559767,0.990512,-0.154137,0.000000,0.000000,0.000000
0.000000,-10.559767,0.990033,-0.154137,0.000000,0.000000,0.000000
0.000000,-10.549007,0.988787,-0.154137,0.000000,0.000000,0.000000
0.000000,-10.534758,0.988212,-0.154137,0.000000,0.000000,0.000000
0.000000,-10.534758,0.986871,-0.154137,0.000000,0.000000,0.000000
0.000000,-10.526406,0.986200,-0.154137,0.000000,0.000000,0.000000
0.000000,-10.526406,0.985050,-0.154137,0.000000,0.000000,0.000000
0.000000,-10.513676,0.984380,-0.154137,0.000000,0.000000,0.000000
0.000000,-10.503775,0.983038,-0.154137,0.000000,0.000000,0.000000
0.000000,-10.503775,0.982367,-0.154137,0.000000,0.000000,0.000000
0.000000,-10.485044,0.981025,-0.154137,0.000000,0.000000,0.000000
0.000000,-10.485044,0.980355,-0.154137,0.000000,0.000000,0.000000
0.000000,-10.470572,0.979205,-0.154137,0.000000,0.000000,0.000000
0.000000,-10.447206,0.978534,-0.154137,0.000000,0.000000,0.000000
0.000000,-10.447206,0.977288,-0.154137,0.000000,0.000000,0.000000
0.000000,-10.431649,0.976713,-0.154137,0.000000,0.000000,0.000000
0.000000,-10.431649,0.975467,-0.154137,0.000000,0.000000,0.000000
0.000000,-10.409874,0.974893,-0.154137,0.000000,0.000000,0.000000
0.000000,-10.396197,0.973839,-0.154137,0.000000,0.000000,0.000000
0.000000,-10.396197,0.973264,-0.154137,0.000000,0.000000,0.000000
0.000000,-10.379500,0.972018,-0.154137,0.000000,0.000000,0.000000
0.000000,-10.379500,0.971539,-0.154137,0.000000,0.000000,0.000000
0.000000,-10.370193,0.970293,-0.154137,0.000000,0.000000,0.000000
0.000000,-10.358013,0.969718,-0.154137,0.000000,0.000000,0.000000
0.000000,-10.358013,0.968568,-0.154041,0.000000,0.000000,0.000000
0.000000,-10.349216,0.967897,-0.154041,0.000000,0.000000,0.000000
0.000000,-10.349216,0.966555,-0.154041,0.000000,0.000000,0.000000
0.000000,-10.334892,0.965980,-0.154041,0.000000,0.000000,0.000000
0.000000,-10.325110,0.964639,-0.154041,0.000000,0.000000,0.000000
0.000000,-10.325110,0.964064,-0.154041,0.000000,0.000000,0.000000
0.000000,-10.309775,0.962914,-0.154041,0.000000,0.000000,0.000000
0.000000,-10.309775,0.962243,-0.154041,0.000000,0.000000,0.000000
0.000000,-10.298537,0.960997,-0.154041,0.000000,0.000000,0.000000
0.000000,-10.282349,0.960423,-0.154041,0.000000,0.000000,0.000000
0.000000,-10.282349,0.959177,-0.154041,0.000000,0.000000,0.000000
0.000000,-10.273013,0.958506,-0.154041,0.000000,0.000000,0.000000
0.000000,-10.273013,0.957548,-0.154041,0.000000,0.000000,0.000000
0.000000,-10.259768,0.957069,-0.154041,0.000000,0.000000,0.000000
0.000000,-10.251004,0.955823,-0.154041,0.000000,0.000000,0.000000
0.000000,-10.251004,0.955248,-0.154041,0.000000,0.000000,0.000000
0.000000,-10.239464,0.953906,-0.154041,0.000000,0.000000,0.000000
0.000000,-10.239464,0.953236,-0.154041,0.000000,0.000000,0.000000
0.000000,-10.232327,0.952086,-0.154041,0.000000,0.000000,0.000000
0.000000,-10.219509,0.951511,-0.154041,0.000000,0.000000,0.000000
0.000000,-10.219509,0.950169,-0.154041,0.000000,0.000000,0.000000
0.000000,-10.210884,0.949594,-0.153945,0.000000,0.000000,0.000000
0.000000,-10.210884,0.948349,-0.153945,0.000000,0.000000,0.000000
0.000000,-10.198696,0.947678,-0.153945,0.000000,0.000000,0.000000
0.000000,-10.190051,0.946528,-0.153945,0.000000,0.000000,0.000000
0.000000,-10.190051,0.945857,-0.153945,0.000000,0.000000,0.000000
0.000000,-10.176628,0.944515,-0.153945,0.000000,0.000000,0.000000
0.000000,-10.176628,0.944037,-0.153945,0.000000,0.000000,0.000000
0.000000,-10.168316,0.942887,-0.153945,0.000000,0.000000,0.000000
0.000000,-10.158407,0.942216,-0.153945,0.000000,0.000000,0.000000
0.000000,-10.158407,0.941066,-0.153945,0.000000,0.000000,0.000000
0.000000,-10.152720,0.940587,-0.153945,0.000000,0.000000,0.000000
0.000000,-10.152720,0.939150,-0.153945,0.000000,0.000000,0.000000
0.000000,-10.146325,0.938575,-0.153945,0.000000,0.000000,0.000000
0.000000,-10.142774,0.937232,-0.153945,0.000000,0.000000,0.000000
0.000000,-10.142774,0.936562,-0.153945,0.000000,0.000000,0.000000
0.000000,-10.137144,0.935220,-0.153945,0.000000,0.000000,0.000000
0.000000,-10.137144,0.934549,-0.153945,0.000000,0.000000,0.000000
0.000000,-10.132106,0.933016,-0.153945,0.000000,0.000000,0.000000
0.000000,-10.123664,0.932345,-0.153945,0.000000,0.000000,0.000000
0.000000,-10.123664,0.931004,-0.153945,0.000000,0.000000,0.000000
0.000000,-10.117998,0.930429,-0.153945,0.000000,0.000000,0.000000
0.000000,-10.117998,0.929183,-0.153945,0.000000,0.000000,0.000000
0.000000,-10.110769,0.928512,-0.153945,0.000000,0.000000,0.000000
0.000000,-10.107770,0.927171,-0.153945,0.000000,0.000000,0.000000
0.000000,-10.107770,0.926500,-0.153945,0.000000,0.000000,0.000000
0.000000,-10.104731,0.925062,-0.153945,0.000000,0.000000,0.000000
0.000000,-10.104731,0.924488,-0.153945,0.000000,0.000000,0.000000
0.000000,-10.100958,0.923338,-0.153945,0.000000,0.000000,0.000000
0.000000,-10.096446,0.922571,-0.153945,0.000000,0.000000,0.000000
0.000000,-10.096446,0.921230,-0.153945,0.000000,0.000000,0.000000
0.000000,-10.095089,0.920463,-0.153945,0.000000,0.000000,0.000000
0.000000,-10.095089,0.919026,-0.153945,0.000000,0.000000,0.000000
0.000000,-10.091424,0.918451,-0.153945,0.000000,0.000000,0.000000
0.000000,-10.086267,0.916822,-0.153945,0.000000,0.000000,0.000000
0.000000,-10.086267,0.916151,-0.153945,0.000000,0.000000,0.000000
0.000000,-10.076386,0.914714,-0.153945,0.000000,0.000000,0.000000
0.000000,-10.076386,0.914043,-0.153945,0.000000,0.000000,0.000000
0.000000,-10.069394,0.912797,-0.153945,0.000000,0.000000,0.000000
0.000000,-10.057283,0.912222,-0.153945,0.000000,0.000000,0.000000
0.000000,-10.057283,0.910880,-0.153945,0.000000,0.000000,0.000000
0.000000,-10.049581,0.910306,-0.153945,0.000000,0.000000,0.000000
0.000000,-10.049581,0.908964,-0.153945,0.000000,0.000000,0.000000
0.000000,-10.043587,0.908293,-0.153945,0.000000,0.000000,0.000000
0.000000,-10.041001,0.907143,-0.153945,0.000000,0.000000,0.000000
0.000000,-10.041001,0.906472,-0.153945,0.000000,0.000000,0.000000
0.000000,-10.037549,0.905131,-0.153945,0.000000,0.000000,0.000000
0.000000,-10.037549,0.904460,-0.153945,0.000000,0.000000,0.000000
0.000000,-10.035232,0.903023,-0.153945,0.000000,0.000000,0.000000
0.000000,-10.031199,0.902352,-0.153945,0.000000,0.000000,0.000000
0.000000,-10.031199,0.900914,-0.153945,0.000000,0.000000,0.000000
0.000000,-10.026660,0.900148,-0.153945,0.000000,0.000000,0.000000
0.000000,-10.026660,0.898710,-0.153945,0.000000,0.000000,0.000000
0.000000,-10.016586,0.897944,-0.153945,0.000000,0.000000,0.000000
0.000000,-10.007477,0.896602,-0.153945,0.000000,0.000000,0.000000
0.000000,-10.007477,0.895931,-0.153945,0.000000,0.000000,0.000000
0.000000,-9.992015,0.894494,-0.153945,0.000000,0.000000,0.000000
0.000000,-9.992015,0.893919,-0.153945,0.000000,0.000000,0.000000
0.000000,-9.982089,0.892577,-0.153945,0.000000,0.000000,0.000000
0.000000,-9.969023,0.891906,-0.153945,0.000000,0.000000,0.000000
0.000000,-9.969023,0.890757,-0.153945,0.000000,0.000000,0.000000
0.000000,-9.961548,0.890086,-0.153945,0.000000,0.000000,0.000000
0.000000,-9.961548,0.888649,-0.153945,0.000000,0.000000,0.000000
0.000000,-9.951478,0.888074,-0.153945,0.000000,0.000000,0.000000
0.000000,-9.945025,0.886541,-0.153945,0.000000,0.000000,0.000000
0.000000,-9.945025,0.885870,-0.153945,0.000000,0.000000,0.000000
0.000000,-9.936681,0.884528,-0.153945,0.000000,0.000000,0.000000
0.000000,-9.936681,0.883762,-0.153850,0.000000,0.000000,0.000000
0.000000,-9.930855,0.882420,-0.153850,0.000000,0.000000,0.000000
0.000000,-9.918494,0.881654,-0.153850,0.000000,0.000000,0.000000
0.000000,-9.918494,0.880216,-0.153850,0.000000,0.000000,0.000000
0.000000,-9.907448,0.879641,-0.153850,0.000000,0.000000,0.000000
0.000000,-9.907448,0.878108,-0.153850,0.000000,0.000000,0.000000
0.000000,-9.887897,0.877437,-0.153850,0.000000,0.000000,0.000000
0.000000,-9.873624,0.876191,-0.153850,0.000000,0.000000,0.000000
0.000000,-9.873624,0.875520,-0.153850,0.000000,0.000000,0.000000
0.000000,-9.854519,0.874370,-0.153850,0.000000,0.000000,0.000000
0.000000,-9.854519,0.873795,-0.153850,0.000000,0.000000,0.000000
0.000000,-9.843927,0.872549,-0.153850,0.000000,0.000000,0.000000
0.000000,-9.829286,0.871879,-0.153850,0.000000,0.000000,0.000000
0.000000,-9.829286,0.870633,-0.153850,0.000000,0.000000,0.000000
0.000000,-9.821421,0.869962,-0.153850,0.000000,0.000000,0.000000
0.000000,-9.821421,0.868716,-0.153850,0.000000,0.000000,0.000000
0.000000,-9.811152,0.868046,-0.153850,0.000000,0.000000,0.000000
0.000000,-9.802984,0.866608,-0.153850,0.000000,0.000000,0.000000
0.000000,-9.802984,0.866033,-0.153754,0.000000,0.000000,0.000000
0.000000,-9.788070,0.864692,-0.153754,0.000000,0.000000,0.000000
0.000000,-9.788070,0.863925,-0.153754,0.000000,0.000000,0.000000
0.000000,-9.776900,0.862679,-0.153754,0.000000,0.000000,0.000000
0.000000,-9.758272,0.862009,-0.153754,0.000000,0.000000,0.000000
0.000000,-9.758272,0.860667,-0.153754,0.000000,0.000000,0.000000
0.000000,-9.743925,0.860092,-0.153754,0.000000,0.000000,0.000000
0.000000,-9.743925,0.858751,-0.153754,0.000000,0.000000,0.000000
0.000000,-9.722501,0.858176,-0.153754,0.000000,0.000000,0.000000
0.000000,-9.710000,0.857026,-0.153754,0.000000,0.000000,0.000000
0.000000,-9.710000,0.856355,-0.153754,0.000000,0.000000,0.000000
0.000000,-9.693158,0.855205,-0.153754,0.000000,0.000000,0.000000
0.000000,-9.693158,0.854630,-0.153754,0.000000,0.000000,0.000000
0.000000,-9.682282,0.853289,-0.153754,0.000000,0.000000,0.000000
0.000000,-9.668421,0.852714,-0.153658,0.000000,0.000000,0.000000
0.000000,-9.668421,0.851468,-0.153658,0.000000,0.000000,0.000000
0.000000,-9.659067,0.850701,-0.153658,0.000000,0.000000,0.000000
0.000000,-9.659067,0.849455,-0.153658,0.000000,0.000000,0.000000
0.000000,-9.642614,0.848785,-0.153658,0.000000,0.000000,0.000000
0.000000,-9.629505,0.847443,-0.153658,0.000000,0.000000,0.000000
0.000000,-9.629505,0.846868,-0.153658,0.000000,0.000000,0.000000
0.000000,-9.607145,0.845526,-0.153658,0.000000,0.000000,0.000000
0.000000,-9.607145,0.844856,-0.153562,0.000000,0.000000,0.000000
0.000000,-9.590370,0.843706,-0.153562,0.000000,0.000000,0.000000
0.000000,-9.565289,0.843035,-0.153562,0.000000,0.000000,0.000000
0.000000,-9.565289,0.841789,-0.153562,0.000000,0.000000,0.000000
0.000000,-9.550816,0.841310,-0.153466,0.000000,0.000000,0.000000
0.000000,-9.550816,0.840065,-0.153466,0.000000,0.000000,0.000000
0.000000,-9.531975,0.839394,-0.153466,0.000000,0.000000,0.000000
0.000000,-9.519851,0.838244,-0.153466,0.000000,0.000000,0.000000
0.000000,-9.519851,0.837477,-0.153466,0.000000,0.000000,0.000000
0.000000,-9.502813,0.836231,-0.153466,0.000000,0.000000,0.000000
0.000000,-9.502813,0.835656,-0.153466,0.000000,0.000000,0.000000
0.000000,-9.491349,0.834411,-0.153466,0.000000,0.000000,0.000000
0.000000,-9.472203,0.833740,-0.153371,0.000000,0.000000,0.000000
0.000000,-9.472203,0.832494,-0.153371,0.000000,0.000000,0.000000
0.000000,-9.456554,0.831823,-0.153275,0.000000,0.000000,0.000000
0.000000,-9.456554,0.830482,-0.153275,0.000000,0.000000,0.000000
0.000000,-9.431225,0.829907,-0.153179,0.000000,0.000000,0.000000
0.000000,-9.413740,0.828565,-0.153083,0.000000,0.000000,0.000000
0.000000,-9.413740,0.827990,-0.152891,0.000000,0.000000,0.000000
0.000000,-9.386153,0.826840,-0.152796,0.000000,0.000000,0.000000
0.000000,-9.386153,0.826265,-0.152412,0.000000,0.000000,0.000000
0.000000,-9.367762,0.825115,-0.152125,0.000000,0.000000,0.000000
0.000000,-9.342360,0.824636,-0.151742,0.000000,0.000000,0.000000
0.000000,-9.342360,0.823391,-0.151550,0.000000,0.000000,0.000000
0.000000,-9.326883,0.822720,-0.151454,0.000000,0.000000,0.000000
0.000000,-9.326883,0.821666,-0.151358,0.000000,0.000000,0.000000
0.000000,-9.303588,0.821091,-0.151263,0.000000,0.000000,0.000000
0.000000,-9.288358,0.819749,-0.151263,0.000000,0.000000,0.000000
0.000000,-9.288358,0.819174,-0.151167,0.000000,0.000000,0.000000
0.000000,-9.264315,0.817928,-0.151167,0.000000,0.000000,0.000000
0.000000,-9.264315,0.817258,-0.151167,0.000000,0.000000,0.000000
0.000000,-9.247923,0.816108,-0.151071,0.000000,0.000000,0.000000
0.000000,-9.222929,0.815533,-0.151071,0.000000,0.000000,0.000000
0.000000,-9.222929,0.814287,-0.151071,0.000000,0.000000,0.000000
0.000000,-9.205907,0.813808,-0.150975,0.000000,0.000000,0.000000
0.000000,-9.205907,0.812754,-0.150975,0.000000,0.000000,0.000000
0.000000,-9.179209,0.812179,-0.150975,0.000000,0.000000,0.000000
0.000000,-9.161602,0.811029,-0.150975,0.000000,0.000000,0.000000
0.000000,-9.161602,0.810550,-0.150879,0.000000,0.000000,0.000000
0.000000,-9.138922,0.809496,-0.150879,0.000000,0.000000,0.000000
0.000000,-9.138922,0.808921,-0.150879,0.000000,0.000000,0.000000
0.000000,-9.125142,0.807963,-0.150879,0.000000,0.000000,0.000000
0.000000,-9.104851,0.807483,-0.150879,0.000000,0.000000,0.000000
0.000000,-9.104851,0.806334,-0.150783,0.000000,0.000000,0.000000
0.000000,-9.092407,0.805758,-0.150687,0.000000,0.000000,0.000000
0.000000,-9.092407,0.804513,-0.150687,0.000000,0.000000,0.000000
0.000000,-9.075041,0.803842,-0.150687,0.000000,0.000000,0.000000
0.000000,-9.062456,0.802692,-0.150592,0.000000,0.000000,0.000000
0.000000,-9.062456,0.802117,-0.150496,0.000000,0.000000,0.000000
0.000000,-9.040837,0.800871,-0.150400,0.000000,0.000000,0.000000
0.000000,-9.040837,0.800296,-0.150208,0.000000,0.000000,0.000000
0.000000,-9.026824,0.799051,-0.150113,0.000000,0.000000,0.000000
0.000000,-9.004735,0.798380,-0.149825,0.000000,0.000000,0.000000
0.000000,-9.004735,0.797230,-0.149633,0.000000,0.000000,0.000000
0.000000,-8.989506,0.796751,-0.149154,0.000000,0.000000,0.000000
0.000000,-8.989506,0.795505,-0.149059,0.000000,0.000000,0.000000
0.000000,-8.967154,0.794930,-0.148771,0.000000,0.000000,0.000000
0.000000,-8.951818,0.793876,-0.148771,0.000000,0.000000,0.000000
0.000000,-8.951818,0.793205,-0.148675,0.000000,0.000000,0.000000
0.000000,-8.929189,0.792151,-0.148675,0.000000,0.000000,0.000000
0.000000,-8.929189,0.791672,-0.148675,0.000000,0.000000,0.000000
0.000000,-8.913633,0.790618,-0.148675,0.000000,0.000000,0.000000
0.000000,-8.889696,0.790043,-0.148579,0.000000,0.000000,0.000000
0.000000,-8.889696,0.788989,-0.148579,0.000000,0.000000,0.000000
0.000000,-8.873876,0.788414,-0.148579,0.000000,0.000000,0.000000
0.000000,-8.873876,0.787072,-0.148579,0.000000,0.000000,0.000000
0.000000,-8.851236,0.786497,-0.148484,0.000000,0.000000,0.000000
0.000000,-8.835252,0.785347,-0.148484,0.000000,0.000000,0.000000
0.000000,-8.835252,0.784677,-0.148484,0.000000,0.000000,0.000000
0.000000,-8.810369,0.783527,-0.148484,0.000000,0.000000,0.000000
0.000000,-8.810369,0.782952,-0.148484,0.000000,0.000000,0.000000
0.000000,-8.794041,0.781802,-0.148484,0.000000,0.000000,0.000000
0.000000,-8.769973,0.781227,-0.148484,0.000000,0.000000,0.000000
0.000000,-8.769973,0.780173,-0.148484,0.000000,0.000000,0.000000
0.000000,-8.753675,0.779694,-0.148484,0.000000,0.000000,0.000000
0.000000,-8.753675,0.778544,-0.148484,0.000000,0.000000,0.000000
0.000000,-8.731597,0.778065,-0.148484,0.000000,0.000000,0.000000
0.000000,-8.720036,0.777106,-0.148484,0.000000,0.000000,0.000000
0.000000,-8.720036,0.776627,-0.148484,0.000000,0.000000,0.000000
0.000000,-8.704493,0.775669,-0.148484,0.000000,0.000000,0.000000
0.000000,-8.704493,0.775190,-0.148484,0.000000,0.000000,0.000000
0.000000,-8.694020,0.774232,-0.148484,0.000000,0.000000,0.000000
0.000000,-8.679984,0.773752,-0.148388,0.000000,0.000000,0.000000
0.000000,-8.679984,0.772602,-0.148388,0.000000,0.000000,0.000000
0.000000,-8.670818,0.772123,-0.148388,0.000000,0.000000,0.000000
0.000000,-8.670818,0.770973,-0.148388,0.000000,0.000000,0.000000
0.000000,-8.656710,0.770398,-0.148388,0.000000,0.000000,0.000000
0.000000,-8.646132,0.769344,-0.148388,0.000000,0.000000,0.000000
0.000000,-8.646132,0.768865,-0.148388,0.000000,0.000000,0.000000
0.000000,-8.629959,0.767715,-0.148388,0.000000,0.000000,0.000000
0.000000,-8.629959,0.767140,-0.148388,0.000000,0.000000,0.000000
0.000000,-8.617855,0.765990,-0.148388,0.000000,0.000000,0.000000
0.000000,-8.600384,0.765415,-0.148388,0.000000,0.000000,0.000000
0.000000,-8.600384,0.764266,-0.148388,0.000000,0.000000,0.000000
0.000000,-8.589306,0.763787,-0.148388,0.000000,0.000000,0.000000
0.000000,-8.589306,0.762732,-0.148388,0.000000,0.000000,0.000000
0.000000,-8.572136,0.762253,-0.148388,0.000000,0.000000,0.000000
0.000000,-8.561814,0.761103,-0.148388,0.000000,0.000000,0.000000
0.000000,-8.561814,0.760528,-0.148388,0.000000,0.000000,0.000000
0.000000,-8.545451,0.759474,-0.148388,0.000000,0.000000,0.000000
0.000000,-8.545451,0.758995,-0.148388,0.000000,0.000000,0.000000
0.000000,-8.532621,0.758132,-0.148388,0.000000,0.000000,0.000000
0.000000,-8.514477,0.757749,-0.148388,0.000000,0.000000,0.000000
0.000000,-8.514477,0.756695,-0.148388,0.000000,0.000000,0.000000
0.000000,-8.502243,0.756216,-0.148388,0.000000,0.000000,0.000000
0.000000,-8.502243,0.755162,-0.148388,0.000000,0.000000,0.000000
0.000000,-8.482878,0.754683,-0.148388,0.000000,0.000000,0.000000
0.000000,-8.471307,0.753629,-0.148388,0.000000,0.000000,0.000000
0.000000,-8.471307,0.753150,-0.148388,0.000000,0.000000,0.000000
0.000000,-8.454370,0.752191,-0.148388,0.000000,0.000000,0.000000
0.000000,-8.454370,0.751712,-0.148388,0.000000,0.000000,0.000000
0.000000,-8.442988,0.750562,-0.148388,0.000000,0.000000,0.000000
0.000000,-8.426189,0.750083,-0.148388,0.000000,0.000000,0.000000
0.000000,-8.426189,0.749029,-0.148388,0.000000,0.000000,0.000000
0.000000,-8.417804,0.748550,-0.148388,0.000000,0.000000,0.000000
0.000000,-8.417804,0.747592,-0.148388,0.000000,0.000000,0.000000
0.000000,-8.404242,0.747113,-0.148388,0.000000,0.000000,0.000000
0.000000,-8.396026,0.746154,-0.148388,0.000000,0.000000,0.000000
0.000000,-8.396026,0.745579,-0.148388,0.000000,0.000000,0.000000
0.000000,-8.385647,0.744621,-0.148388,0.000000,0.000000,0.000000
0.000000,-8.385647,0.744142,-0.148388,0.000000,0.000000,0.000000
0.000000,-8.379401,0.743184,-0.148388,0.000000,0.000000,0.000000
0.000000,-8.369670,0.742704,-0.148388,0.000000,0.000000,0.000000
0.000000,-8.369670,0.741746,-0.148388,0.000000,0.000000,0.000000
0.000000,-8.362587,0.741267,-0.148388,0.000000,0.000000,0.000000
0.000000,-8.362587,0.740309,-0.148388,0.000000,0.000000,0.000000
0.000000,-8.351130,0.739734,-0.148388,0.000000,0.000000,0.000000
0.000000,-8.343596,0.738775,-0.148388,0.000000,0.000000,0.000000
0.000000,-8.343596,0.738297,-0.148388,0.000000,0.000000,0.000000
0.000000,-8.333250,0.737338,-0.148388,0.000000,0.000000,0.000000
0.000000,-8.333250,0.736859,-0.148388,0.000000,0.000000,0.000000
0.000000,-8.323909,0.735901,-0.148388,0.000000,0.000000,0.000000
0.000000,-8.309864,0.735422,-0.148388,0.000000,0.000000,0.000000
0.000000,-8.309864,0.734368,-0.148388,0.000000,0.000000,0.000000
0.000000,-8.301248,0.733793,-0.148388,0.000000,0.000000,0.000000
0.000000,-8.301248,0.732834,-0.148388,0.000000,0.000000,0.000000
0.000000,-8.289340,0.732260,-0.148388,0.000000,0.000000,0.000000
0.000000,-8.280218,0.731301,-0.148388,0.000000,0.000000,0.000000
0.000000,-8.280218,0.730822,-0.148388,0.000000,0.000000,0.000000
0.000000,-8.266130,0.729864,-0.148388,0.000000,0.000000,0.000000
0.000000,-8.266130,0.729289,-0.148388,0.000000,0.000000,0.000000
0.000000,-8.257865,0.728235,-0.148388,0.000000,0.000000,0.000000
0.000000,-8.244399,0.727756,-0.148388,0.000000,0.000000,0.000000
0.000000,-8.244399,0.726606,-0.148388,0.000000,0.000000,0.000000
0.000000,-8.235375,0.726126,-0.148388,0.000000,0.000000,0.000000
0.000000,-8.235375,0.725264,-0.148388,0.000000,0.000000,0.000000
0.000000,-8.221310,0.724881,-0.148388,0.000000,0.000000,0.000000
0.000000,-8.211523,0.723922,-0.148388,0.000000,0.000000,0.000000
0.000000,-8.211523,0.723347,-0.148388,0.000000,0.000000,0.000000
0.000000,-8.196092,0.722293,-0.148388,0.000000,0.000000,0.000000
0.000000,-8.196092,0.721814,-0.148388,0.000000,0.000000,0.000000
0.000000,-8.187176,0.720760,-0.148388,0.000000,0.000000,0.000000
0.000000,-8.172884,0.720281,-0.148388,0.000000,0.000000,0.000000
0.000000,-8.172884,0.719419,-0.148388,0.000000,0.000000,0.000000
0.000000,-8.162494,0.718940,-0.148388,0.000000,0.000000,0.000000
0.000000,-8.162494,0.717790,-0.148388,0.000000,0.000000,0.000000
0.000000,-8.148063,0.717310,-0.148388,0.000000,0.000000,0.000000
0.000000,-8.138593,0.716256,-0.148388,0.000000,0.000000,0.000000
0.000000,-8.138593,0.715682,-0.148388,0.000000,0.000000,0.000000
0.000000,-8.124567,0.714723,-0.148388,0.000000,0.000000,0.000000
0.000000,-8.124567,0.714244,-0.148388,0.000000,0.000000,0.000000
0.000000,-8.114753,0.713382,-0.148388,0.000000,0.000000,0.000000
0.000000,-8.101401,0.712903,-0.148388,0.000000,0.000000,0.000000
0.000000,-8.101401,0.711848,-0.148388,0.000000,0.000000,0.000000
0.000000,-8.092907,0.711369,-0.148388,0.000000,0.000000,0.000000
0.000000,-8.092907,0.710411,-0.148388,0.000000,0.000000,0.000000
0.000000,-8.081544,0.709932,-0.148388,0.000000,0.000000,0.000000
0.000000,-8.073561,0.708973,-0.148388,0.000000,0.000000,0.000000
0.000000,-8.073561,0.708590,-0.148388,0.000000,0.000000,0.000000
0.000000,-8.062581,0.707632,-0.148388,0.000000,0.000000,0.000000
0.000000,-8.062581,0.707153,-0.148388,0.000000,0.000000,0.000000
0.000000,-8.055695,0.706099,-0.148388,0.000000,0.000000,0.000000
0.000000,-8.044120,0.705620,-0.148388,0.000000,0.000000,0.000000
0.000000,-8.044120,0.704661,-0.148388,0.000000,0.000000,0.000000
0.000000,-8.037275,0.704086,-0.148388,0.000000,0.000000,0.000000
0.000000,-8.037275,0.703224,-0.148388,0.000000,0.000000,0.000000
0.000000,-8.026778,0.702745,-0.148388,0.000000,0.000000,0.000000
0.000000,-8.019444,0.701691,-0.148388,0.000000,0.000000,0.000000
0.000000,-8.019444,0.701212,-0.148388,0.000000,0.000000,0.000000
0.000000,-8.006770,0.700158,-0.148388,0.000000,0.000000,0.000000
0.000000,-8.006770,0.699678,-0.148388,0.000000,0.000000,0.000000
0.000000,-7.999217,0.698720,-0.148388,0.000000,0.000000,0.000000
0.000000,-7.986300,0.698241,-0.148388,0.000000,0.000000,0.000000
0.000000,-7.986300,0.697379,-0.148388,0.000000,0.000000,0.000000
0.000000,-7.977058,0.696899,-0.148388,0.000000,0.000000,0.000000
0.000000,-7.977058,0.695941,-0.148388,0.000000,0.000000,0.000000
0.000000,-7.965205,0.695366,-0.148388,0.000000,0.000000,0.000000
0.000000,-7.956801,0.694408,-0.148388,0.000000,0.000000,0.000000
0.000000,-7.956801,0.694025,-0.148388,0.000000,0.000000,0.000000
0.000000,-7.945293,0.693066,-0.148388,0.000000,0.000000,0.000000
0.000000,-7.945293,0.692587,-0.148388,0.000000,0.000000,0.000000
0.000000,-7.937560,0.691821,-0.148388,0.000000,0.000000,0.000000
0.000000,-7.925605,0.691341,-0.148388,0.000000,0.000000,0.000000
0.000000,-7.925605,0.690383,-0.148388,0.000000,0.000000,0.000000
0.000000,-7.917078,0.689808,-0.148388,0.000000,0.000000,0.000000
0.000000,-7.917078,0.688850,-0.148388,0.000000,0.000000,0.000000
0.000000,-7.907048,0.688275,-0.148388,0.000000,0.000000,0.000000
0.000000,-7.901398,0.687221,-0.148388,0.000000,0.000000,0.000000
0.000000,-7.901398,0.686838,-0.148388,0.000000,0.000000,0.000000
0.000000,-7.892404,0.685784,-0.148388,0.000000,0.000000,0.000000
0.000000,-7.892404,0.685304,-0.148388,0.000000,0.000000,0.000000
0.000000,-7.887426,0.684155,-0.148388,0.000000,0.000000,0.000000
0.000000,-7.880638,0.683675,-0.148388,0.000000,0.000000,0.000000
0.000000,-7.880638,0.682621,-0.148388,0.000000,0.000000,0.000000
0.000000,-7.877736,0.682142,-0.148388,0.000000,0.000000,0.000000
0.000000,-7.877736,0.681184,-0.148388,0.000000,0.000000,0.000000
0.000000,-7.871942,0.680801,-0.148388,0.000000,0.000000,0.000000
0.000000,-7.867070,0.679938,-0.148388,0.000000,0.000000,0.000000
0.000000,-7.867070,0.679459,-0.148388,0.000000,0.000000,0.000000
0.000000,-7.861736,0.678501,-0.148388,0.000000,0.000000,0.000000
0.000000,-7.861736,0.678021,-0.148388,0.000000,0.000000,0.000000
0.000000,-7.859606,0.677159,-0.148388,0.000000,0.000000,0.000000
0.000000,-7.855904,0.676680,-0.148388,0.000000,0.000000,0.000000
0.000000,-7.855904,0.675817,-0.148388,0.000000,0.000000,0.000000
0.000000,-7.852943,0.675434,-0.148388,0.000000,0.000000,0.000000
0.000000,-7.852943,0.674668,-0.148388,0.000000,0.000000,0.000000
0.000000,-7.848366,0.674093,-0.148388,0.000000,0.000000,0.000000
0.000000,-7.843705,0.673038,-0.148388,0.000000,0.000000,0.000000
0.000000,-7.843705,0.672559,-0.148388,0.000000,0.000000,0.000000
0.000000,-7.837046,0.671601,-0.148388,0.000000,0.000000,0.000000
0.000000,-7.837046,0.671122,-0.148388,0.000000,0.000000,0.000000
0.000000,-7.831068,0.670068,-0.148388,0.000000,0.000000,0.000000
0.000000,-7.820353,0.669589,-0.148388,0.000000,0.000000,0.000000
0.000000,-7.820353,0.668439,-0.148388,0.000000,0.000000,0.000000
0.000000,-7.813154,0.667768,-0.148388,0.000000,0.000000,0.000000
0.000000,-7.813154,0.666810,-0.148388,0.000000,0.000000,0.000000
0.000000,-7.799697,0.666235,-0.148388,0.000000,0.000000,0.000000
0.000000,-7.790198,0.665085,-0.148388,0.000000,0.000000,0.000000
0.000000,-7.790198,0.664702,-0.148388,0.000000,0.000000,0.000000
0.000000,-7.776212,0.663743,-0.148388,0.000000,0.000000,0.000000
0.000000,-7.776212,0.663168,-0.148388,0.000000,0.000000,0.000000
0.000000,-7.766556,0.662114,-0.148388,0.000000,0.000000,0.000000
0.000000,-7.750836,0.661635,-0.148388,0.000000,0.000000,0.000000
0.000000,-7.750836,0.660677,-0.148388,0.000000,0.000000,0.000000
0.000000,-7.740522,0.660198,-0.148388,0.000000,0.000000,0.000000
0.000000,-7.740522,0.659335,-0.148388,0.000000,0.000000,0.000000
0.000000,-7.724880,0.658952,-0.148388,0.000000,0.000000,0.000000
0.000000,-7.715359,0.658090,-0.148388,0.000000,0.000000,0.000000
0.000000,-7.715359,0.657610,-0.148388,0.000000,0.000000,0.000000
0.000000,-7.700995,0.656556,-0.148388,0.000000,0.000000,0.000000
0.000000,-7.700995,0.656173,-0.148388,0.000000,0.000000,0.000000
0.000000,-7.691253,0.655215,-0.148388,0.000000,0.000000,0.000000
0.000000,-7.678097,0.654736,-0.148388,0.000000,0.000000,0.000000
0.000000,-7.678097,0.653777,-0.148388,0.000000,0.000000,0.000000
0.000000,-7.669113,0.653394,-0.148388,0.000000,0.000000,0.000000
0.000000,-7.669113,0.652436,-0.148388,0.000000,0.000000,0.000000
0.000000,-7.654330,0.651861,-0.148388,0.000000,0.000000,0.000000
0.000000,-7.642580,0.650711,-0.148388,0.000000,0.000000,0.000000
0.000000,-7.642580,0.650136,-0.148388,0.000000,0.000000,0.000000
0.000000,-7.625041,0.649082,-0.148388,0.000000,0.000000,0.000000
0.000000,-7.625041,0.648507,-0.148388,0.000000,0.000000,0.000000
0.000000,-7.612686,0.647644,-0.148388,0.000000,0.000000,0.000000
0.000000,-7.592722,0.647165,-0.148388,0.000000,0.000000,0.000000
0.000000,-7.592722,0.646111,-0.148388,0.000000,0.000000,0.000000
0.000000,-7.578804,0.645632,-0.148388,0.000000,0.000000,0.000000
0.000000,-7.578804,0.644578,-0.148388,0.000000,0.000000,0.000000
0.000000,-7.556263,0.644003,-0.148388,0.000000,0.000000,0.000000
0.000000,-7.541509,0.643045,-0.148388,0.000000,0.000000,0.000000
0.000000,-7.541509,0.642662,-0.148388,0.000000,0.000000,0.000000
0.000000,-7.518020,0.641799,-0.148388,0.000000,0.000000,0.000000
0.000000,-7.518020,0.641416,-0.148388,0.000000,0.000000,0.000000
0.000000,-7.501028,0.640362,-0.148388,0.000000,0.000000,0.000000
0.000000,-7.476170,0.639883,-0.148388,0.000000,0.000000,0.000000
0.000000,-7.476170,0.638829,-0.148388,0.000000,0.000000,0.000000
0.000000,-7.460309,0.638349,-0.148388,0.000000,0.000000,0.000000
0.000000,-7.460309,0.637295,-0.148388,0.000000,0.000000,0.000000
0.000000,-7.434410,0.636912,-0.148388,0.000000,0.000000,0.000000
0.000000,-7.417175,0.635954,-0.148388,0.000000,0.000000,0.000000
0.000000,-7.417175,0.635379,-0.148388,0.000000,0.000000,0.000000
0.000000,-7.393228,0.634325,-0.148388,0.000000,0.000000,0.000000
0.000000,-7.393228,0.633846,-0.148292,0.000000,0.000000,0.000000
0.000000,-7.378030,0.632791,-0.148292,0.000000,0.000000,0.000000
0.000000,-7.356021,0.632216,-0.148292,0.000000,0.000000,0.000000
0.000000,-7.356021,0.631354,-0.148292,0.000000,0.000000,0.000000
0.000000,-7.340726,0.630875,-0.148292,0.000000,0.000000,0.000000
0.000000,-7.340726,0.629821,-0.148292,0.000000,0.000000,0.000000
0.000000,-7.320498,0.629342,-0.148292,0.000000,0.000000,0.000000
0.000000,-7.308210,0.628383,-0.148292,0.000000,0.000000,0.000000
0.000000,-7.308210,0.627904,-0.148292,0.000000,0.000000,0.000000
0.000000,-7.289975,0.626850,-0.148292,0.000000,0.000000,0.000000
0.000000,-7.289975,0.626371,-0.148292,0.000000,0.000000,0.000000
0.000000,-7.277501,0.625604,-0.148292,0.000000,0.000000,0.000000
0.000000,-7.259599,0.625125,-0.148292,0.000000,0.000000,0.000000
0.000000,-7.259599,0.624167,-0.148292,0.000000,0.000000,0.000000
0.000000,-7.246756,0.623688,-0.148292,0.000000,0.000000,0.000000
0.000000,-7.246756,0.622730,-0.148292,0.000000,0.000000,0.000000
0.000000,-7.227489,0.622251,-0.148292,0.000000,0.000000,0.000000
0.000000,-7.214783,0.621292,-0.148292,0.000000,0.000000,0.000000
0.000000,-7.214783,0.620813,-0.148292,0.000000,0.000000,0.000000
0.000000,-7.193238,0.619855,-0.148292,0.000000,0.000000,0.000000
0.000000,-7.193238,0.619280,-0.148292,0.000000,0.000000,0.000000
0.000000,-7.179225,0.618226,-0.148292,0.000000,0.000000,0.000000
0.000000,-7.157334,0.617651,-0.148292,0.000000,0.000000,0.000000
0.000000,-7.157334,0.616692,-0.148292,0.000000,0.000000,0.000000
0.000000,-7.142209,0.616117,-0.148292,0.000000,0.000000,0.000000
0.000000,-7.142209,0.615063,-0.148292,0.000000,0.000000,0.000000
0.000000,-7.119793,0.614584,-0.148292,0.000000,0.000000,0.000000
0.000000,-7.103247,0.613626,-0.148292,0.000000,0.000000,0.000000
0.000000,-7.103247,0.613051,-0.148292,0.000000,0.000000,0.000000
0.000000,-7.076154,0.611997,-0.148292,0.000000,0.000000,0.000000
0.000000,-7.076154,0.611614,-0.148292,0.000000,0.000000,0.000000
0.000000,-7.059118,0.610559,-0.148292,0.000000,0.000000,0.000000
0.000000,-7.037141,0.609985,-0.148292,0.000000,0.000000,0.000000
0.000000,-7.037141,0.609122,-0.148292,0.000000,0.000000,0.000000
0.000000,-7.022707,0.608739,-0.148292,0.000000,0.000000,0.000000
0.000000,-7.022707,0.607972,-0.148292,0.000000,0.000000,0.000000
0.000000,-7.002225,0.607493,-0.148292,0.000000,0.000000,0.000000
0.000000,-6.989477,0.606439,-0.148292,0.000000,0.000000,0.000000
0.000000,-6.989477,0.605960,-0.148292,0.000000,0.000000,0.000000
0.000000,-6.973169,0.605002,-0.148292,0.000000,0.000000,0.000000
0.000000,-6.973169,0.604522,-0.148292,0.000000,0.000000,0.000000
0.000000,-6.961807,0.603660,-0.148292,0.000000,0.000000,0.000000
0.000000,-6.942822,0.603277,-0.148292,0.000000,0.000000,0.000000
0.000000,-6.942822,0.602319,-0.148292,0.000000,0.000000,0.000000
0.000000,-6.930452,0.601743,-0.148292,0.000000,0.000000,0.000000
0.000000,-6.930452,0.600785,-0.148292,0.000000,0.000000,0.000000
0.000000,-6.911684,0.600306,-0.148292,0.000000,0.000000,0.000000
0.000000,-6.900841,0.599252,-0.148292,0.000000,0.000000,0.000000
0.000000,-6.900841,0.598773,-0.148292,0.000000,0.000000,0.000000
0.000000,-6.886629,0.597910,-0.148292,0.000000,0.000000,0.000000
0.000000,-6.886629,0.597527,-0.148292,0.000000,0.000000,0.000000
0.000000,-6.877769,0.596473,-0.148292,0.000000,0.000000,0.000000
0.000000,-6.865386,0.595898,-0.148292,0.000000,0.000000,0.000000
0.000000,-6.865386,0.594940,-0.148292,0.000000,0.000000,0.000000
0.000000,-6.857055,0.594365,-0.148292,0.000000,0.000000,0.000000
0.000000,-6.857055,0.593407,-0.148292,0.000000,0.000000,0.000000
0.000000,-6.844138,0.592927,-0.148292,0.000000,0.000000,0.000000
0.000000,-6.835306,0.592065,-0.148292,0.000000,0.000000,0.000000
0.000000,-6.835306,0.591682,-0.148292,0.000000,0.000000,0.000000
0.000000,-6.822377,0.590532,-0.148292,0.000000,0.000000,0.000000
0.000000,-6.822377,0.590053,-0.148292,0.000000,0.000000,0.000000
0.000000,-6.812322,0.589094,-0.148292,0.000000,0.000000,0.000000
0.000000,-6.798232,0.588615,-0.148292,0.000000,0.000000,0.000000
0.000000,-6.798232,0.587561,-0.148292,0.000000,0.000000,0.000000
0.000000,-6.789686,0.587082,-0.148292,0.000000,0.000000,0.000000
0.000000,-6.789686,0.586124,-0.148292,0.000000,0.000000,0.000000
0.000000,-6.777246,0.585549,-0.148292,0.000000,0.000000,0.000000
0.000000,-6.768579,0.584495,-0.148292,0.000000,0.000000,0.000000
0.000000,-6.768579,0.584111,-0.148292,0.000000,0.000000,0.000000
0.000000,-6.755112,0.583153,-0.148292,0.000000,0.000000,0.000000
0.000000,-6.755112,0.582578,-0.148292,0.000000,0.000000,0.000000
0.000000,-6.746476,0.581716,-0.148292,0.000000,0.000000,0.000000
0.000000,-6.732689,0.581237,-0.148292,0.000000,0.000000,0.000000
0.000000,-6.732689,0.580374,-0.148292,0.000000,0.000000,0.000000
0.000000,-6.724307,0.579895,-0.148292,0.000000,0.000000,0.000000
0.000000,-6.724307,0.578937,-0.148292,0.000000,0.000000,0.000000
0.000000,-6.712974,0.578458,-0.148292,0.000000,0.000000,0.000000
0.000000,-6.706649,0.577691,-0.148292,0.000000,0.000000,0.000000
0.000000,-6.706649,0.577212,-0.148292,0.000000,0.000000,0.000000
0.000000,-6.698071,0.576254,-0.148292,0.000000,0.000000,0.000000
0.000000,-6.698071,0.575870,-0.148292,0.000000,0.000000,0.000000
0.000000,-6.692154,0.575104,-0.148292,0.000000,0.000000,0.000000
0.000000,-6.682218,0.574625,-0.148292,0.000000,0.000000,0.000000
0.000000,-6.682218,0.573570,-0.148292,0.000000,0.000000,0.000000
0.000000,-6.675159,0.573092,-0.148292,0.000000,0.000000,0.000000
0.000000,-6.675159,0.572133,-0.148292,0.000000,0.000000,0.000000
0.000000,-6.666580,0.571558,-0.148292,0.000000,0.000000,0.000000
0.000000,-6.660405,0.570600,-0.148292,0.000000,0.000000,0.000000
0.000000,-6.660405,0.570216,-0.148196,0.000000,0.000000,0.000000
0.000000,-6.650114,0.569258,-0.148196,0.000000,0.000000,0.000000
0.000000,-6.650114,0.568779,-0.148196,0.000000,0.000000,0.000000
0.000000,-6.643867,0.567629,-0.148196,0.000000,0.000000,0.000000
0.000000,-6.633089,0.567150,-0.148196,0.000000,0.000000,0.000000
0.000000,-6.633089,0.566096,-0.148196,0.000000,0.000000,0.000000
0.000000,-6.625418,0.565617,-0.148196,0.000000,0.000000,0.000000
0.000000,-6.625418,0.564850,-0.148196,0.000000,0.000000,0.000000
0.000000,-6.613962,0.564371,-0.148196,0.000000,0.000000,0.000000
0.000000,-6.607427,0.563509,-0.148196,0.000000,0.000000,0.000000
0.000000,-6.607427,0.563125,-0.148196,0.000000,0.000000,0.000000
0.000000,-6.597489,0.562071,-0.148196,0.000000,0.000000,0.000000
0.000000,-6.597489,0.561688,-0.148196,0.000000,0.000000,0.000000
0.000000,-6.590949,0.560826,-0.148196,0.000000,0.000000,0.000000
0.000000,-6.580565,0.560442,-0.148196,0.000000,0.000000,0.000000
0.000000,-6.580565,0.559676,-0.148196,0.000000,0.000000,0.000000
0.000000,-6.574001,0.559292,-0.148196,0.000000,0.000000,0.000000
0.000000,-6.574001,0.558622,-0.148196,0.000000,0.000000,0.000000
0.000000,-6.564250,0.558142,-0.148196,0.000000,0.000000,0.000000
0.000000,-6.555341,0.557088,-0.148196,0.000000,0.000000,0.000000
0.000000,-6.555341,0.556609,-0.148196,0.000000,0.000000,0.000000
0.000000,-6.541926,0.555747,-0.148196,0.000000,0.000000,0.000000
0.000000,-6.541926,0.555268,-0.148196,0.000000,0.000000,0.000000
0.000000,-6.533620,0.554405,-0.148196,0.000000,0.000000,0.000000
0.000000,-6.520500,0.553926,-0.148196,0.000000,0.000000,0.000000
0.000000,-6.520500,0.552968,-0.148196,0.000000,0.000000,0.000000
0.000000,-6.513053,0.552489,-0.148196,0.000000,0.000000,0.000000
0.000000,-6.513053,0.551435,-0.148196,0.000000,0.000000,0.000000
0.000000,-6.500646,0.550859,-0.148196,0.000000,0.000000,0.000000
0.000000,-6.490727,0.549901,-0.148196,0.000000,0.000000,0.000000
0.000000,-6.490727,0.549422,-0.148196,0.000000,0.000000,0.000000
0.000000,-6.474214,0.548464,-0.148196,0.000000,0.000000,0.000000
0.000000,-6.474214,0.548081,-0.148196,0.000000,0.000000,0.000000
0.000000,-6.463222,0.547218,-0.148196,0.000000,0.000000,0.000000
0.000000,-6.448183,0.546643,-0.148196,0.000000,0.000000,0.000000
0.000000,-6.448183,0.545685,-0.148196,0.000000,0.000000,0.000000
0.000000,-6.437260,0.545302,-0.148196,0.000000,0.000000,0.000000
0.000000,-6.437260,0.544439,-0.148196,0.000000,0.000000,0.000000
0.000000,-6.422521,0.544056,-0.148196,0.000000,0.000000,0.000000
0.000000,-6.413767,0.543289,-0.148196,0.000000,0.000000,0.000000
0.000000,-6.413767,0.542906,-0.148196,0.000000,0.000000,0.000000
0.000000,-6.403660,0.542140,-0.148196,0.000000,0.000000,0.000000
0.000000,-6.403660,0.541756,-0.148196,0.000000,0.000000,0.000000
0.000000,-6.397777,0.540894,-0.148196,0.000000,0.000000,0.000000
0.000000,-6.387686,0.540415,-0.148196,0.000000,0.000000,0.000000
0.000000,-6.387686,0.539456,-0.148196,0.000000,0.000000,0.000000
0.000000,-6.381233,0.539073,-0.148196,0.000000,0.000000,0.000000
0.000000,-6.381233,0.538115,-0.148196,0.000000,0.000000,0.000000
0.000000,-6.370275,0.537635,-0.148196,0.000000,0.000000,0.000000
0.000000,-6.361895,0.536581,-0.148196,0.000000,0.000000,0.000000
0.000000,-6.361895,0.536198,-0.148196,0.000000,0.000000,0.000000
0.000000,-6.348906,0.535144,-0.148196,0.000000,0.000000,0.000000
0.000000,-6.348906,0.534569,-0.148196,0.000000,0.000000,0.000000
0.000000,-6.339580,0.533611,-0.148196,0.000000,0.000000,0.000000
0.000000,-6.327671,0.533132,-0.148196,0.000000,0.000000,0.000000
0.000000,-6.327671,0.532173,-0.148196,0.000000,0.000000,0.000000
0.000000,-6.319127,0.531694,-0.148196,0.000000,0.000000,0.000000
0.000000,-6.319127,0.530832,-0.148196,0.000000,0.000000,0.000000
0.000000,-6.303160,0.530448,-0.148196,0.000000,0.000000,0.000000
0.000000,-6.292095,0.529490,-0.148196,0.000000,0.000000,0.000000
0.000000,-6.292095,0.528915,-0.148196,0.000000,0.000000,0.000000
0.000000,-6.274838,0.528053,-0.148196,0.000000,0.000000,0.000000
0.000000,-6.274838,0.527574,-0.148196,0.000000,0.000000,0.000000
0.000000,-6.263016,0.526615,-0.148196,0.000000,0.000000,0.000000
0.000000,-6.241227,0.526328,-0.148196,0.000000,0.000000,0.000000
0.000000,-6.241227,0.525561,-0.148196,0.000000,0.000000,0.000000
0.000000,-6.226116,0.525178,-0.148196,0.000000,0.000000,0.000000
0.000000,-6.226116,0.524411,-0.148196,0.000000,0.000000,0.000000
0.000000,-6.202463,0.523836,-0.148196,0.000000,0.000000,0.000000
0.000000,-6.186345,0.522974,-0.148196,0.000000,0.000000,0.000000
0.000000,-6.186345,0.522591,-0.148196,0.000000,0.000000,0.000000
0.000000,-6.165542,0.521824,-0.148196,0.000000,0.000000,0.000000
0.000000,-6.165542,0.521345,-0.148196,0.000000,0.000000,0.000000
0.000000,-6.152180,0.520387,-0.148196,0.000000,0.000000,0.000000
0.000000,-6.133202,0.520003,-0.148196,0.000000,0.000000,0.000000
0.000000,-6.133202,0.519045,-0.148196,0.000000,0.000000,0.000000
0.000000,-6.120009,0.518566,-0.148196,0.000000,0.000000,0.000000
0.000000,-6.120009,0.517512,-0.148196,0.000000,0.000000,0.000000
0.000000,-6.099600,0.517033,-0.148196,0.000000,0.000000,0.000000
0.000000,-6.087267,0.516074,-0.148196,0.000000,0.000000,0.000000
0.000000,-6.087267,0.515595,-0.148196,0.000000,0.000000,0.000000
0.000000,-6.066123,0.514637,-0.148196,0.000000,0.000000,0.000000
0.000000,-6.066123,0.514158,-0.148196,0.000000,0.000000,0.000000
0.000000,-6.050839,0.513200,-0.148196,0.000000,0.000000,0.000000
0.000000,-6.028017,0.512625,-0.148196,0.000000,0.000000,0.000000
0.000000,-6.028017,0.511762,-0.148196,0.000000,0.000000,0.000000
0.000000,-6.013369,0.511379,-0.148196,0.000000,0.000000,0.000000
0.000000,-6.013369,0.510517,-0.148196,0.000000,0.000000,0.000000
0.000000,-5.994065,0.510037,-0.148196,0.000000,0.000000,0.000000
0.000000,-5.980920,0.509271,-0.148196,0.000000,0.000000,0.000000
0.000000,-5.980920,0.508888,-0.148196,0.000000,0.000000,0.000000
0.000000,-5.962907,0.507929,-0.148196,0.000000,0.000000,0.000000
0.000000,-5.962907,0.507450,-0.148196,0.000000,0.000000,0.000000
0.000000,-5.950190,0.506492,-0.148196,0.000000,0.000000,0.000000
0.000000,-5.931353,0.506013,-0.148196,0.000000,0.000000,0.000000
0.000000,-5.931353,0.505150,-0.148196,0.000000,0.000000,0.000000
0.000000,-5.919736,0.504671,-0.148196,0.000000,0.000000,0.000000
0.000000,-5.919736,0.503809,-0.148196,0.000000,0.000000,0.000000
0.000000,-5.901452,0.503330,-0.148196,0.000000,0.000000,0.000000
0.000000,-5.889977,0.502467,-0.148196,0.000000,0.000000,0.000000
0.000000,-5.889977,0.501892,-0.148196,0.000000,0.000000,0.000000
0.000000,-5.870991,0.500838,-0.148196,0.000000,0.000000,0.000000
0.000000,-5.870991,0.500359,-0.148196,0.000000,0.000000,0.000000
0.000000,-5.857765,0.499401,-0.148196,0.000000,0.000000,0.000000
0.000000,-5.837224,0.499017,-0.148196,0.000000,0.000000,0.000000
0.000000,-5.837224,0.498155,-0.148196,0.000000,0.000000,0.000000
0.000000,-5.822821,0.497772,-0.148196,0.000000,0.000000,0.000000
0.000000,-5.822821,0.496909,-0.148196,0.000000,0.000000,0.000000
0.000000,-5.803463,0.496430,-0.148196,0.000000,0.000000,0.000000
0.000000,-5.789922,0.495472,-0.148196,0.000000,0.000000,0.000000
0.000000,-5.789922,0.494993,-0.148196,0.000000,0.000000,0.000000
0.000000,-5.770738,0.494130,-0.148196,0.000000,0.000000,0.000000
0.000000,-5.770738,0.493747,-0.148196,0.000000,0.000000,0.000000
0.000000,-5.758443,0.492885,-0.148196,0.000000,0.000000,0.000000
0.000000,-5.739852,0.492597,-0.148196,0.000000,0.000000,0.000000
0.000000,-5.739852,0.491926,-0.148196,0.000000,0.000000,0.000000
0.000000,-5.728114,0.491543,-0.148196,0.000000,0.000000,0.000000
0.000000,-5.728114,0.490585,-0.148196,0.000000,0.000000,0.000000
0.000000,-5.711157,0.490105,-0.148196,0.000000,0.000000,0.000000
0.000000,-5.700674,0.489147,-0.148196,0.000000,0.000000,0.000000
0.000000,-5.700674,0.488668,-0.148196,0.000000,0.000000,0.000000
0.000000,-5.684265,0.487710,-0.148196,0.000000,0.000000,0.000000
0.000000,-5.684265,0.487231,-0.148196,0.000000,0.000000,0.000000
0.000000,-5.672257,0.486464,-0.148196,0.000000,0.000000,0.000000
0.000000,-5.655417,0.485985,-0.148196,0.000000,0.000000,0.000000
0.000000,-5.655417,0.484931,-0.148196,0.000000,0.000000,0.000000
0.000000,-5.644830,0.484452,-0.148196,0.000000,0.000000,0.000000
0.000000,-5.644830,0.483398,-0.148196,0.000000,0.000000,0.000000
0.000000,-5.630045,0.482919,-0.148196,0.000000,0.000000,0.000000
0.000000,-5.619552,0.482056,-0.148196,0.000000,0.000000,0.000000
0.000000,-5.619552,0.481673,-0.148196,0.000000,0.000000,0.000000
0.000000,-5.604449,0.480906,-0.148196,0.000000,0.000000,0.000000
0.000000,-5.604449,0.480427,-0.148196,0.000000,0.000000,0.000000
0.000000,-5.596152,0.479565,-0.148196,0.000000,0.000000,0.000000
0.000000,-5.583554,0.479085,-0.148196,0.000000,0.000000,0.000000
0.000000,-5.583554,0.478223,-0.148196,0.000000,0.000000,0.000000
0.000000,-5.575873,0.477840,-0.148196,0.000000,0.000000,0.000000
0.000000,-5.575873,0.477073,-0.148196,0.000000,0.000000,0.000000
0.000000,-5.561865,0.476690,-0.148196,0.000000,0.000000,0.000000
0.000000,-5.551286,0.475827,-0.148196,0.000000,0.000000,0.000000
0.000000,-5.551286,0.475444,-0.148196,0.000000,0.000000,0.000000
0.000000,-5.534006,0.474581,-0.148196,0.000000,0.000000,0.000000
0.000000,-5.534006,0.474102,-0.148196,0.000000,0.000000,0.000000
0.000000,-5.521235,0.473240,-0.148196,0.000000,0.000000,0.000000
0.000000,-5.503246,0.472761,-0.148196,0.000000,0.000000,0.000000
0.000000,-5.503246,0.471994,-0.148196,0.000000,0.000000,0.000000
0.000000,-5.491698,0.471515,-0.148196,0.000000,0.000000,0.000000
0.000000,-5.491698,0.470653,-0.148196,0.000000,0.000000,0.000000
0.000000,-5.475425,0.470174,-0.148196,0.000000,0.000000,0.000000
0.000000,-5.465778,0.469311,-0.148196,0.000000,0.000000,0.000000
0.000000,-5.465778,0.468832,-0.148196,0.000000,0.000000,0.000000
0.000000,-5.449098,0.467874,-0.148196,0.000000,0.000000,0.000000
0.000000,-5.449098,0.467490,-0.148196,0.000000,0.000000,0.000000
0.000000,-5.438215,0.466724,-0.148196,0.000000,0.000000,0.000000
0.000000,-5.422773,0.466341,-0.148196,0.000000,0.000000,0.000000
0.000000,-5.422773,0.465478,-0.148196,0.000000,0.000000,0.000000
0.000000,-5.411773,0.464999,-0.148196,0.000000,0.000000,0.000000
0.000000,-5.411773,0.464232,-0.148196,0.000000,0.000000,0.000000
0.000000,-5.393120,0.463849,-0.148196,0.000000,0.000000,0.000000
0.000000,-5.379782,0.462987,-0.148196,0.000000,0.000000,0.000000
0.000000,-5.379782,0.462507,-0.148196,0.000000,0.000000,0.000000
0.000000,-5.360030,0.461741,-0.148196,0.000000,0.000000,0.000000
0.000000,-5.360030,0.461357,-0.148196,0.000000,0.000000,0.000000
0.000000,-5.347270,0.460495,-0.148196,0.000000,0.000000,0.000000
0.000000,-5.333972,0.460016,-0.148196,0.000000,0.000000,0.000000
0.000000,-5.333972,0.459249,-0.148196,0.000000,0.000000,0.000000
0.000000,-5.328408,0.458866,-0.148196,0.000000,0.000000,0.000000
0.000000,-5.328408,0.458195,-0.148196,0.000000,0.000000,0.000000
0.000000,-5.317502,0.457620,-0.148196,0.000000,0.000000,0.000000
0.000000,-5.309678,0.456662,-0.148196,0.000000,0.000000,0.000000
0.000000,-5.309678,0.456279,-0.148196,0.000000,0.000000,0.000000
0.000000,-5.301872,0.455416,-0.148196,0.000000,0.000000,0.000000
0.000000,-5.301872,0.454841,-0.148196,0.000000,0.000000,0.000000
0.000000,-5.296502,0.453979,-0.148196,0.000000,0.000000,0.000000
0.000000,-5.287364,0.453500,-0.148196,0.000000,0.000000,0.000000
0.000000,-5.287364,0.452541,-0.148196,0.000000,0.000000,0.000000
0.000000,-5.280802,0.452062,-0.148196,0.000000,0.000000,0.000000
0.000000,-5.280802,0.451008,-0.148196,0.000000,0.000000,0.000000
0.000000,-5.269680,0.450529,-0.148196,0.000000,0.000000,0.000000
0.000000,-5.262336,0.449571,-0.148196,0.000000,0.000000,0.000000
0.000000,-5.262336,0.449188,-0.148196,0.000000,0.000000,0.000000
0.000000,-5.248414,0.448421,-0.148196,0.000000,0.000000,0.000000
0.000000,-5.248414,0.448038,-0.148196,0.000000,0.000000,0.000000
0.000000,-5.238190,0.447175,-0.148196,0.000000,0.000000,0.000000
0.000000,-5.224055,0.446696,-0.148196,0.000000,0.000000,0.000000
0.000000,-5.224055,0.445738,-0.148196,0.000000,0.000000,0.000000
0.000000,-5.214257,0.445354,-0.148196,0.000000,0.000000,0.000000
0.000000,-5.214257,0.444492,-0.148196,0.000000,0.000000,0.000000
0.000000,-5.202522,0.444108,-0.148196,0.000000,0.000000,0.000000
0.000000,-5.194572,0.443246,-0.148196,0.000000,0.000000,0.000000
0.000000,-5.194572,0.442863,-0.148196,0.000000,0.000000,0.000000
0.000000,-5.184116,0.442096,-0.148196,0.000000,0.000000,0.000000
0.000000,-5.184116,0.441617,-0.148196,0.000000,0.000000,0.000000
0.000000,-5.175822,0.440563,-0.148196,0.000000,0.000000,0.000000
0.000000,-5.161345,0.440084,-0.148196,0.000000,0.000000,0.000000
0.000000,-5.161345,0.439126,-0.148196,0.000000,0.000000,0.000000
0.000000,-5.153092,0.438647,-0.148196,0.000000,0.000000,0.000000
0.000000,-5.153092,0.437688,-0.148196,0.000000,0.000000,0.000000
0.000000,-5.139251,0.437209,-0.148196,0.000000,0.000000,0.000000
0.000000,-5.128607,0.436251,-0.148196,0.000000,0.000000,0.000000
0.000000,-5.128607,0.435676,-0.148196,0.000000,0.000000,0.000000
0.000000,-5.112023,0.434526,-0.148196,0.000000,0.000000,0.000000
0.000000,-5.112023,0.434047,-0.148196,0.000000,0.000000,0.000000
0.000000,-5.099228,0.432993,-0.148196,0.000000,0.000000,0.000000
0.000000,-5.077361,0.432418,-0.148196,0.000000,0.000000,0.000000
0.000000,-5.077361,0.431556,-0.148196,0.000000,0.000000,0.000000
0.000000,-5.059994,0.431076,-0.148196,0.000000,0.000000,0.000000
0.000000,-5.059994,0.430118,-0.148196,0.000000,0.000000,0.000000
0.000000,-5.033694,0.429639,-0.148196,0.000000,0.000000,0.000000
0.000000,-5.015528,0.428776,-0.148196,0.000000,0.000000,0.000000
0.000000,-5.015528,0.428297,-0.148196,0.000000,0.000000,0.000000
0.000000,-4.987958,0.427531,-0.148196,0.000000,0.000000,0.000000
0.000000,-4.987958,0.427052,-0.148196,0.000000,0.000000,0.000000
0.000000,-4.967771,0.426285,-0.148196,0.000000,0.000000,0.000000
0.000000,-4.935159,0.425902,-0.148196,0.000000,0.000000,0.000000
0.000000,-4.935159,0.425039,-0.148196,0.000000,0.000000,0.000000
0.000000,-4.912960,0.424560,-0.148196,0.000000,0.000000,0.000000
0.000000,-4.912960,0.423602,-0.148196,0.000000,0.000000,0.000000
0.000000,-4.878766,0.423123,-0.148196,0.000000,0.000000,0.000000
0.000000,-4.856081,0.422260,-0.148196,0.000000,0.000000,0.000000
0.000000,-4.856081,0.421781,-0.148196,0.000000,0.000000,0.000000
0.000000,-4.820656,0.420823,-0.148196,0.000000,0.000000,0.000000
0.000000,-4.820656,0.420344,-0.148196,0.000000,0.000000,0.000000
0.000000,-4.797945,0.419481,-0.148196,0.000000,0.000000,0.000000
0.000000,-4.766504,0.419002,-0.148196,0.000000,0.000000,0.000000
0.000000,-4.766504,0.417948,-0.148196,0.000000,0.000000,0.000000
0.000000,-4.745292,0.417469,-0.148196,0.000000,0.000000,0.000000
0.000000,-4.745292,0.416415,-0.148196,0.000000,0.000000,0.000000
0.000000,-4.714312,0.415936,-0.148196,0.000000,0.000000,0.000000
0.000000,-4.692369,0.415073,-0.148196,0.000000,0.000000,0.000000
0.000000,-4.692369,0.414690,-0.148196,0.000000,0.000000,0.000000
0.000000,-4.659247,0.413732,-0.148196,0.000000,0.000000,0.000000
0.000000,-4.659247,0.413252,-0.148196,0.000000,0.000000,0.000000
0.000000,-4.637160,0.412294,-0.148196,0.000000,0.000000,0.000000
0.000000,-4.603922,0.411815,-0.148196,0.000000,0.000000,0.000000
0.000000,-4.603922,0.410953,-0.148196,0.000000,0.000000,0.000000
0.000000,-4.581980,0.410473,-0.148196,0.000000,0.000000,0.000000
0.000000,-4.581980,0.409803,-0.148196,0.000000,0.000000,0.000000
0.000000,-4.548598,0.409419,-0.148196,0.000000,0.000000,0.000000
0.000000,-4.526549,0.408749,-0.148196,0.000000,0.000000,0.000000
0.000000,-4.526549,0.408365,-0.148196,0.000000,0.000000,0.000000
0.000000,-4.492276,0.407407,-0.148196,0.000000,0.000000,0.000000
0.000000,-4.492276,0.406928,-0.148196,0.000000,0.000000,0.000000
0.000000,-4.469400,0.405970,-0.148196,0.000000,0.000000,0.000000
0.000000,-4.436199,0.405491,-0.148196,0.000000,0.000000,0.000000
0.000000,-4.436199,0.404532,-0.148196,0.000000,0.000000,0.000000
0.000000,-4.412867,0.404053,-0.148100,0.000000,0.000000,0.000000
0.000000,-4.412867,0.403191,-0.148100,0.000000,0.000000,0.000000
0.000000,-4.377360,0.402616,-0.148100,0.000000,0.000000,0.000000
0.000000,-4.353475,0.401562,-0.148100,0.000000,0.000000,0.000000
0.000000,-4.353475,0.401083,-0.148100,0.000000,0.000000,0.000000
0.000000,-4.318554,0.400124,-0.148004,0.000000,0.000000,0.000000
0.000000,-4.318554,0.399645,-0.148004,0.000000,0.000000,0.000000
0.000000,-4.296194,0.398782,-0.147909,0.000000,0.000000,0.000000
0.000000,-4.262897,0.398399,-0.147813,0.000000,0.000000,0.000000
0.000000,-4.262897,0.397441,-0.147813,0.000000,0.000000,0.000000
0.000000,-4.241615,0.396866,-0.147621,0.000000,0.000000,0.000000
0.000000,-4.241615,0.395908,-0.147429,0.000000,0.000000,0.000000
0.000000,-4.209847,0.395429,-0.147046,0.000000,0.000000,0.000000
0.000000,-4.189944,0.394566,-0.146758,0.000000,0.000000,0.000000
0.000000,-4.189944,0.394087,-0.146088,0.000000,0.000000,0.000000
0.000000,-4.160970,0.393225,-0.145800,0.000000,0.000000,0.000000
0.000000,-4.160970,0.392841,-0.145417,0.000000,0.000000,0.000000
0.000000,-4.141748,0.391979,-0.145321,0.000000,0.000000,0.000000
0.000000,-4.114876,0.391500,-0.145129,0.000000,0.000000,0.000000
0.000000,-4.114876,0.390542,-0.145034,0.000000,0.000000,0.000000
0.000000,-4.097401,0.390062,-0.144746,0.000000,0.000000,0.000000
0.000000,-4.097401,0.389296,-0.144650,0.000000,0.000000,0.000000
0.000000,-4.072235,0.388817,-0.144171,0.000000,0.000000,0.000000
0.000000,-4.055655,0.387954,-0.143884,0.000000,0.000000,0.000000
0.000000,-4.055655,0.387379,-0.143309,0.000000,0.000000,0.000000
0.000000,-4.031926,0.386421,-0.143021,0.000000,0.000000,0.000000
0.000000,-4.031926,0.385942,-0.142734,0.000000,0.000000,0.000000
0.000000,-4.015947,0.384792,-0.142542,0.000000,0.000000,0.000000
0.000000,-3.990763,0.384313,-0.142350,0.000000,0.000000,0.000000
0.000000,-3.990763,0.383259,-0.142255,0.000000,0.000000,0.000000
0.000000,-3.972985,0.382780,-0.141967,0.000000,0.000000,0.000000
0.000000,-3.972985,0.381821,-0.141776,0.000000,0.000000,0.000000
0.000000,-3.944337,0.381342,-0.141105,0.000000,0.000000,0.000000
0.000000,-3.925799,0.380288,-0.140721,0.000000,0.000000,0.000000
0.000000,-3.925799,0.379809,-0.140051,0.000000,0.000000,0.000000
0.000000,-3.900681,0.378755,-0.139763,0.000000,0.000000,0.000000
0.000000,-3.900681,0.378276,-0.139476,0.000000,0.000000,0.000000
0.000000,-3.886372,0.377317,-0.139380,0.000000,0.000000,0.000000
0.000000,-3.866330,0.376838,-0.139188,0.000000,0.000000,0.000000
0.000000,-3.866330,0.376072,-0.138997,0.000000,0.000000,0.000000
0.000000,-3.852327,0.375688,-0.138709,0.000000,0.000000,0.000000
0.000000,-3.852327,0.374730,-0.138422,0.000000,0.000000,0.000000
0.000000,-3.829619,0.374155,-0.138038,0.000000,0.000000,0.000000
0.000000,-3.813207,0.373101,-0.137751,0.000000,0.000000,0.000000
0.000000,-3.813207,0.372622,-0.137559,0.000000,0.000000,0.000000
0.000000,-3.787755,0.371472,-0.137463,0.000000,0.000000,0.000000
0.000000,-3.787755,0.370993,-0.137367,0.000000,0.000000,0.000000
0.000000,-3.768667,0.370131,-0.137272,0.000000,0.000000,0.000000
0.000000,-3.738755,0.369556,-0.137272,0.000000,0.000000,0.000000
0.000000,-3.738755,0.368406,-0.137272,0.000000,0.000000,0.000000
0.000000,-3.718291,0.367927,-0.137176,0.000000,0.000000,0.000000
0.000000,-3.718291,0.366872,-0.137080,0.000000,0.000000,0.000000
0.000000,-3.690362,0.366297,-0.137080,0.000000,0.000000,0.000000
0.000000,-3.674457,0.365435,-0.137080,0.000000,0.000000,0.000000
0.000000,-3.674457,0.364956,-0.136984,0.000000,0.000000,0.000000
0.000000,-3.654906,0.363902,-0.136984,0.000000,0.000000,0.000000
0.000000,-3.654906,0.363423,-0.136889,0.000000,0.000000,0.000000
0.000000,-3.643375,0.362369,-0.136889,0.000000,0.000000,0.000000
0.000000,-3.627909,0.361794,-0.136793,0.000000,0.000000,0.000000
0.000000,-3.627909,0.360739,-0.136793,0.000000,0.000000,0.000000
0.000000,-3.618915,0.360260,-0.136697,0.000000,0.000000,0.000000
0.000000,-3.618915,0.359302,-0.136697,0.000000,0.000000,0.000000
0.000000,-3.605778,0.358823,-0.136601,0.000000,0.000000,0.000000
0.000000,-3.596306,0.357673,-0.136505,0.000000,0.000000,0.000000
0.000000,-3.596306,0.357098,-0.136313,0.000000,0.000000,0.000000
0.000000,-3.582761,0.355948,-0.136218,0.000000,0.000000,0.000000
0.000000,-3.582761,0.355373,-0.135930,0.000000,0.000000,0.000000
0.000000,-3.574679,0.354223,-0.135739,0.000000,0.000000,0.000000
0.000000,-3.563968,0.353744,-0.135355,0.000000,0.000000,0.000000
0.000000,-3.563968,0.352499,-0.135164,0.000000,0.000000,0.000000
0.000000,-3.556757,0.351923,-0.134972,0.000000,0.000000,0.000000
0.000000,-3.556757,0.350869,-0.134876,0.000000,0.000000,0.000000
0.000000,-3.545530,0.350294,-0.134876,0.000000,0.000000,0.000000
0.000000,-3.536946,0.349144,-0.134780,0.000000,0.000000,0.000000
0.000000,-3.536946,0.348761,-0.134780,0.000000,0.000000,0.000000
0.000000,-3.521851,0.347707,-0.134780,0.000000,0.000000,0.000000
0.000000,-3.521851,0.347132,-0.134780,0.000000,0.000000,0.000000
0.000000,-3.510886,0.345982,-0.134685,0.000000,0.000000,0.000000
0.000000,-3.495209,0.345503,-0.134685,0.000000,0.000000,0.000000
0.000000,-3.495209,0.344353,-0.134685,0.000000,0.000000,0.000000
0.000000,-3.486426,0.343874,-0.134685,0.000000,0.000000,0.000000
0.000000,-3.486426,0.342916,-0.134685,0.000000,0.000000,0.000000
0.000000,-3.475811,0.342437,-0.134685,0.000000,0.000000,0.000000
0.000000,-3.468939,0.341383,-0.134685,0.000000,0.000000,0.000000
0.000000,-3.468939,0.340712,-0.134685,0.000000,0.000000,0.000000
0.000000,-3.458904,0.339562,-0.134685,0.000000,0.000000,0.000000
0.000000,-3.458904,0.338891,-0.134685,0.000000,0.000000,0.000000
0.000000,-3.451769,0.337741,-0.134589,0.000000,0.000000,0.000000
0.000000,-3.440100,0.337262,-0.134589,0.000000,0.000000,0.000000
0.000000,-3.440100,0.336016,-0.134589,0.000000,0.000000,0.000000
0.000000,-3.431567,0.335441,-0.134589,0.000000,0.000000,0.000000
0.000000,-3.431567,0.334291,-0.134589,0.000000,0.000000,0.000000
0.000000,-3.419790,0.333621,-0.134493,0.000000,0.000000,0.000000
0.000000,-3.412742,0.332471,-0.134493,0.000000,0.000000,0.000000
0.000000,-3.412742,0.331991,-0.134493,0.000000,0.000000,0.000000
0.000000,-3.403088,0.330937,-0.134493,0.000000,0.000000,0.000000
0.000000,-3.403088,0.330266,-0.134493,0.000000,0.000000,0.000000
0.000000,-3.396545,0.329212,-0.134493,0.000000,0.000000,0.000000
0.000000,-3.388847,0.328638,-0.134493,0.000000,0.000000,0.000000
0.000000,-3.388847,0.327488,-0.134493,0.000000,0.000000,0.000000
0.000000,-3.385033,0.326913,-0.134493,0.000000,0.000000,0.000000
0.000000,-3.385033,0.325954,-0.134493,0.000000,0.000000,0.000000
0.000000,-3.378577,0.325379,-0.134493,0.000000,0.000000,0.000000
0.000000,-3.372818,0.324229,-0.134493,0.000000,0.000000,0.000000
0.000000,-3.372818,0.323655,-0.134397,0.000000,0.000000,0.000000
0.000000,-3.363300,0.322409,-0.134397,0.000000,0.000000,0.000000
0.000000,-3.363300,0.321738,-0.134397,0.000000,0.000000,0.000000
0.000000,-3.355378,0.320684,-0.134397,0.000000,0.000000,0.000000
0.000000,-3.340332,0.320013,-0.134301,0.000000,0.000000,0.000000
0.000000,-3.340332,0.318767,-0.134301,0.000000,0.000000,0.000000
0.000000,-3.329066,0.318192,-0.134301,0.000000,0.000000,0.000000
0.000000,-3.329066,0.317042,-0.134205,0.000000,0.000000,0.000000
0.000000,-3.311951,0.316372,-0.134205,0.000000,0.000000,0.000000
0.000000,-3.300294,0.315318,-0.134205,0.000000,0.000000,0.000000
0.000000,-3.300294,0.314838,-0.134109,0.000000,0.000000,0.000000
0.000000,-3.283936,0.313689,-0.134109,0.000000,0.000000,0.000000
0.000000,-3.283936,0.313114,-0.134014,0.000000,0.000000,0.000000
0.000000,-3.273853,0.312060,-0.133918,0.000000,0.000000,0.000000
0.000000,-3.260341,0.311485,-0.133822,0.000000,0.000000,0.000000
0.000000,-3.260341,0.310431,-0.133822,0.000000,0.000000,0.000000
0.000000,-3.252266,0.309951,-0.133630,0.000000,0.000000,0.000000
0.000000,-3.252266,0.308897,-0.133534,0.000000,0.000000,0.000000
0.000000,-3.241276,0.308322,-0.133343,0.000000,0.000000,0.000000
0.000000,-3.233809,0.307173,-0.133151,0.000000,0.000000,0.000000
0.000000,-3.233809,0.306597,-0.132768,0.000000,0.000000,0.000000
0.000000,-3.221531,0.305352,-0.132576,0.000000,0.000000,0.000000
0.000000,-3.221531,0.304777,-0.132193,0.000000,0.000000,0.000000
0.000000,-3.212462,0.303627,-0.132097,0.000000,0.000000,0.000000
0.000000,-3.196967,0.303052,-0.132001,0.000000,0.000000,0.000000
0.000000,-3.196967,0.301806,-0.131905,0.000000,0.000000,0.000000
0.000000,-3.185729,0.301231,-0.131905,0.000000,0.000000,0.000000
0.000000,-3.185729,0.299985,-0.131809,0.000000,0.000000,0.000000
0.000000,-3.167485,0.299410,-0.131809,0.000000,0.000000,0.000000
0.000000,-3.154975,0.298452,-0.131714,0.000000,0.000000,0.000000
0.000000,-3.154975,0.297877,-0.131714,0.000000,0.000000,0.000000
0.000000,-3.138048,0.296727,-0.131618,0.000000,0.000000,0.000000
0.000000,-3.138048,0.296152,-0.131618,0.000000,0.000000,0.000000
0.000000,-3.129081,0.295098,-0.131618,0.000000,0.000000,0.000000
0.000000,-3.118331,0.294427,-0.131522,0.000000,0.000000,0.000000
0.000000,-3.118331,0.293469,-0.131522,0.000000,0.000000,0.000000
0.000000,-3.111436,0.293086,-0.131522,0.000000,0.000000,0.000000
0.000000,-3.111436,0.292032,-0.131426,0.000000,0.000000,0.000000
0.000000,-3.100596,0.291457,-0.131426,0.000000,0.000000,0.000000
0.000000,-3.093089,0.290403,-0.131426,0.000000,0.000000,0.000000
0.000000,-3.093089,0.289828,-0.131330,0.000000,0.000000,0.000000
0.000000,-3.081262,0.288678,-0.131234,0.000000,0.000000,0.000000
0.000000,-3.081262,0.288103,-0.131139,0.000000,0.000000,0.000000
0.000000,-3.072815,0.287049,-0.131043,0.000000,0.000000,0.000000
0.000000,-3.058745,0.286474,-0.130851,0.000000,0.000000,0.000000
0.000000,-3.058745,0.285324,-0.130660,0.000000,0.000000,0.000000
0.000000,-3.049773,0.284749,-0.130180,0.000000,0.000000,0.000000
0.000000,-3.049773,0.283599,-0.129893,0.000000,0.000000,0.000000
0.000000,-3.036041,0.283024,-0.129318,0.000000,0.000000,0.000000
0.000000,-3.026666,0.282066,-0.129126,0.000000,0.000000,0.000000
0.000000,-3.026666,0.281491,-0.128839,0.000000,0.000000,0.000000
0.000000,-3.012876,0.280341,-0.128743,0.000000,0.000000,0.000000
0.000000,-3.012876,0.279862,-0.128647,0.000000,0.000000,0.000000
0.000000,-3.003733,0.278808,-0.128551,0.000000,0.000000,0.000000
0.000000,-2.989167,0.278233,-0.128360,0.000000,0.000000,0.000000
0.000000,-2.989167,0.277179,-0.128264,0.000000,0.000000,0.000000
0.000000,-2.978394,0.276700,-0.127976,0.000000,0.000000,0.000000
0.000000,-2.978394,0.275645,-0.127689,0.000000,0.000000,0.000000
0.000000,-2.960574,0.275070,-0.127114,0.000000,0.000000,0.000000
0.000000,-2.949020,0.273920,-0.126731,0.000000,0.000000,0.000000
0.000000,-2.949020,0.273441,-0.126060,0.000000,0.000000,0.000000
0.000000,-2.931997,0.272196,-0.125868,0.000000,0.000000,0.000000
0.000000,-2.931997,0.271621,-0.125485,0.000000,0.000000,0.000000
0.000000,-2.920661,0.270566,-0.125197,0.000000,0.000000,0.000000
0.000000,-2.900023,0.269992,-0.124623,0.000000,0.000000,0.000000
0.000000,-2.900023,0.268746,-0.124239,0.000000,0.000000,0.000000
0.000000,-2.883129,0.268171,-0.123473,0.000000,0.000000,0.000000
0.000000,-2.883129,0.266829,-0.123185,0.000000,0.000000,0.000000
0.000000,-2.852191,0.266254,-0.122898,0.000000,0.000000,0.000000
0.000000,-2.830060,0.265200,-0.122706,0.000000,0.000000,0.000000
0.000000,-2.830060,0.264625,-0.122323,0.000000,0.000000,0.000000
0.000000,-2.797740,0.263475,-0.122131,0.000000,0.000000,0.000000
0.000000,-2.797740,0.262901,-0.121556,0.000000,0.000000,0.000000
0.000000,-2.775766,0.261655,-0.121269,0.000000,0.000000,0.000000
0.000000,-2.742843,0.261080,-0.120790,0.000000,0.000000,0.000000
0.000000,-2.742843,0.260026,-0.120694,0.000000,0.000000,0.000000
0.000000,-2.721261,0.259547,-0.120502,0.000000,0.000000,0.000000
0.000000,-2.721261,0.258396,-0.120502,0.000000,0.000000,0.000000
0.000000,-2.690862,0.257822,-0.120406,0.000000,0.000000,0.000000
0.000000,-2.670181,0.256576,-0.120406,0.000000,0.000000,0.000000
0.000000,-2.670181,0.255905,-0.120311,0.000000,0.000000,0.000000
0.000000,-2.636559,0.254755,-0.120215,0.000000,0.000000,0.000000
0.000000,-2.636559,0.254276,-0.120119,0.000000,0.000000,0.000000
0.000000,-2.613308,0.253126,-0.120023,0.000000,0.000000,0.000000
0.000000,-2.576970,0.252551,-0.119831,0.000000,0.000000,0.000000
0.000000,-2.576970,0.251401,-0.119640,0.000000,0.000000,0.000000
0.000000,-2.553693,0.250826,-0.119256,0.000000,0.000000,0.000000
0.000000,-2.553693,0.249676,-0.119065,0.000000,0.000000,0.000000
0.000000,-2.523557,0.249197,-0.118490,0.000000,0.000000,0.000000
0.000000,-2.505943,0.248143,-0.118298,0.000000,0.000000,0.000000
0.000000,-2.505943,0.247568,-0.118011,0.000000,0.000000,0.000000
0.000000,-2.479429,0.246418,-0.118011,0.000000,0.000000,0.000000
0.000000,-2.479429,0.245939,-0.117915,0.000000,0.000000,0.000000
0.000000,-2.462157,0.244789,-0.117915,0.000000,0.000000,0.000000
0.000000,-2.436196,0.244310,-0.117915,0.000000,0.000000,0.000000
0.000000,-2.436196,0.243256,-0.117819,0.000000,0.000000,0.000000
0.000000,-2.417943,0.242777,-0.117819,0.000000,0.000000,0.000000
0.000000,-2.417943,0.241627,-0.117819,0.000000,0.000000,0.000000
0.000000,-2.390145,0.241052,-0.117723,0.000000,0.000000,0.000000
0.000000,-2.373104,0.239998,-0.117627,0.000000,0.000000,0.000000
0.000000,-2.373104,0.239327,-0.117532,0.000000,0.000000,0.000000
0.000000,-2.350179,0.238273,-0.117436,0.000000,0.000000,0.000000
0.000000,-2.350179,0.237794,-0.117340,0.000000,0.000000,0.000000
0.000000,-2.336171,0.236644,-0.117244,0.000000,0.000000,0.000000
0.000000,-2.316950,0.235973,-0.117052,0.000000,0.000000,0.000000
0.000000,-2.316950,0.235015,-0.116861,0.000000,0.000000,0.000000
0.000000,-2.304879,0.234440,-0.116477,0.000000,0.000000,0.000000
0.000000,-2.304879,0.233290,-0.116286,0.000000,0.000000,0.000000
0.000000,-2.287055,0.232811,-0.115806,0.000000,0.000000,0.000000
0.000000,-2.275175,0.231757,-0.115615,0.000000,0.000000,0.000000
0.000000,-2.275175,0.231182,-0.115423,0.000000,0.000000,0.000000
0.000000,-2.259367,0.230032,-0.115423,0.000000,0.000000,0.000000
0.000000,-2.259367,0.229457,-0.115327,0.000000,0.000000,0.000000
0.000000,-2.248514,0.228403,-0.115327,0.000000,0.000000,0.000000
0.000000,-2.231010,0.227828,-0.115327,0.000000,0.000000,0.000000
0.000000,-2.231010,0.226870,-0.115327,0.000000,0.000000,0.000000
0.000000,-2.218044,0.226486,-0.115232,0.000000,0.000000,0.000000
0.000000,-2.218044,0.225528,-0.115232,0.000000,0.000000,0.000000
0.000000,-2.198209,0.224953,-0.115232,0.000000,0.000000,0.000000
0.000000,-2.184472,0.223803,-0.115136,0.000000,0.000000,0.000000
0.000000,-2.184472,0.223324,-0.115136,0.000000,0.000000,0.000000
0.000000,-2.165519,0.222078,-0.115040,0.000000,0.000000,0.000000
0.000000,-2.165519,0.221695,-0.115040,0.000000,0.000000,0.000000
0.000000,-2.154311,0.220641,-0.115040,0.000000,0.000000,0.000000
0.000000,-2.138674,0.220066,-0.114944,0.000000,0.000000,0.000000
0.000000,-2.138674,0.219012,-0.114944,0.000000,0.000000,0.000000
0.000000,-2.128318,0.218437,-0.114848,0.000000,0.000000,0.000000
0.000000,-2.128318,0.217287,-0.114848,0.000000,0.000000,0.000000
0.000000,-2.112695,0.216808,-0.114752,0.000000,0.000000,0.000000
0.000000,-2.102987,0.215945,-0.114752,0.000000,0.000000,0.000000
0.000000,-2.102987,0.215562,-0.114656,0.000000,0.000000,0.000000
0.000000,-2.089164,0.214700,-0.114656,0.000000,0.000000,0.000000
0.000000,-2.089164,0.214221,-0.114561,0.000000,0.000000,0.000000
0.000000,-2.080753,0.213166,-0.114561,0.000000,0.000000,0.000000
0.000000,-2.069894,0.212687,-0.114465,0.000000,0.000000,0.000000
0.000000,-2.069894,0.211825,-0.114465,0.000000,0.000000,0.000000
0.000000,-2.063598,0.211346,-0.114369,0.000000,0.000000,0.000000
0.000000,-2.063598,0.210579,-0.114369,0.000000,0.000000,0.000000
0.000000,-2.053036,0.210100,-0.114177,0.000000,0.000000,0.000000
0.000000,-2.045547,0.209237,-0.113986,0.000000,0.000000,0.000000
0.000000,-2.045547,0.208758,-0.113698,0.000000,0.000000,0.000000
0.000000,-2.032729,0.207704,-0.113411,0.000000,0.000000,0.000000
0.000000,-2.032729,0.207225,-0.112932,0.000000,0.000000,0.000000
0.000000,-2.024571,0.206171,-0.112740,0.000000,0.000000,0.000000
0.000000,-2.011619,0.205692,-0.112357,0.000000,0.000000,0.000000
0.000000,-2.011619,0.204734,-0.112261,0.000000,0.000000,0.000000
0.000000,-2.003161,0.204255,-0.112069,0.000000,0.000000,0.000000
0.000000,-2.003161,0.203200,-0.112069,0.000000,0.000000,0.000000
0.000000,-1.989849,0.202626,-0.111878,0.000000,0.000000,0.000000
0.000000,-1.980326,0.201571,-0.111782,0.000000,0.000000,0.000000
0.000000,-1.980326,0.201092,-0.111590,0.000000,0.000000,0.000000
0.000000,-1.965341,0.200134,-0.111398,0.000000,0.000000,0.000000
0.000000,-1.965341,0.199655,-0.111015,0.000000,0.000000,0.000000
0.000000,-1.955689,0.198792,-0.110728,0.000000,0.000000,0.000000
0.000000,-1.943259,0.198218,-0.110057,0.000000,0.000000,0.000000
0.000000,-1.943259,0.197259,-0.109769,0.000000,0.000000,0.000000
0.000000,-1.936360,0.196780,-0.109290,0.000000,0.000000,0.000000
0.000000,-1.936360,0.195822,-0.109195,0.000000,0.000000,0.000000
0.000000,-1.927371,0.195438,-0.108907,0.000000,0.000000,0.000000
0.000000,-1.920535,0.194576,-0.108811,0.000000,0.000000,0.000000
0.000000,-1.920535,0.194097,-0.108332,0.000000,0.000000,0.000000
0.000000,-1.906341,0.193234,-0.108045,0.000000,0.000000,0.000000
0.000000,-1.906341,0.192851,-0.107182,0.000000,0.000000,0.000000
0.000000,-1.896182,0.191893,-0.106799,0.000000,0.000000,0.000000
0.000000,-1.880736,0.191414,-0.106224,0.000000,0.000000,0.000000
0.000000,-1.880736,0.190551,-0.106032,0.000000,0.000000,0.000000
0.000000,-1.871814,0.190072,-0.105649,0.000000,0.000000,0.000000
0.000000,-1.871814,0.189114,-0.105457,0.000000,0.000000,0.000000
0.000000,-1.857811,0.188635,-0.104882,0.000000,0.000000,0.000000
0.000000,-1.847392,0.187772,-0.104595,0.000000,0.000000,0.000000
0.000000,-1.847392,0.187197,-0.104212,0.000000,0.000000,0.000000
0.000000,-1.831592,0.186143,-0.104116,0.000000,0.000000,0.000000
0.000000,-1.831592,0.185664,-0.104020,0.000000,0.000000,0.000000
0.000000,-1.820225,0.184610,-0.104020,0.000000,0.000000,0.000000
0.000000,-1.801994,0.184035,-0.103924,0.000000,0.000000,0.000000
0.000000,-1.801994,0.183077,-0.103924,0.000000,0.000000,0.000000
0.000000,-1.789362,0.182694,-0.103924,0.000000,0.000000,0.000000
0.000000,-1.789362,0.181927,-0.103828,0.000000,0.000000,0.000000
0.000000,-1.770513,0.181448,-0.103828,0.000000,0.000000,0.000000
0.000000,-1.758601,0.180490,-0.103828,0.000000,0.000000,0.000000
0.000000,-1.758601,0.180010,-0.103732,0.000000,0.000000,0.000000
0.000000,-1.744182,0.179148,-0.103732,0.000000,0.000000,0.000000
0.000000,-1.744182,0.178669,-0.103732,0.000000,0.000000,0.000000
0.000000,-1.736583,0.177806,-0.103732,0.000000,0.000000,0.000000
0.000000,-1.727602,0.177519,-0.103637,0.000000,0.000000,0.000000
0.000000,-1.727602,0.176752,-0.103637,0.000000,0.000000,0.000000
0.000000,-1.721414,0.176369,-0.103637,0.000000,0.000000,0.000000
0.000000,-1.721414,0.175507,-0.103637,0.000000,0.000000,0.000000
0.000000,-1.711029,0.175027,-0.103637,0.000000,0.000000,0.000000
0.000000,-1.703532,0.174069,-0.103637,0.000000,0.000000,0.000000
0.000000,-1.703532,0.173590,-0.103541,0.000000,0.000000,0.000000
0.000000,-1.691816,0.172728,-0.103541,0.000000,0.000000,0.000000
0.000000,-1.691816,0.172248,-0.103445,0.000000,0.000000,0.000000
0.000000,-1.684278,0.171386,-0.103445,0.000000,0.000000,0.000000
0.000000,-1.673465,0.170907,-0.103349,0.000000,0.000000,0.000000
0.000000,-1.673465,0.169949,-0.103349,0.000000,0.000000,0.000000
0.000000,-1.666781,0.169374,-0.103158,0.000000,0.000000,0.000000
0.000000,-1.666781,0.168415,-0.103062,0.000000,0.000000,0.000000
0.000000,-1.656831,0.167936,-0.102774,0.000000,0.000000,0.000000
0.000000,-1.650191,0.166978,-0.102582,0.000000,0.000000,0.000000
0.000000,-1.650191,0.166499,-0.102199,0.000000,0.000000,0.000000
0.000000,-1.639654,0.165541,-0.101912,0.000000,0.000000,0.000000
0.000000,-1.639654,0.165061,-0.101624,0.000000,0.000000,0.000000
0.000000,-1.632319,0.164007,-0.101528,0.000000,0.000000,0.000000
0.000000,-1.620027,0.163528,-0.101337,0.000000,0.000000,0.000000
0.000000,-1.620027,0.162570,-0.101337,0.000000,0.000000,0.000000
0.000000,-1.611600,0.162091,-0.101337,0.000000,0.000000,0.000000
0.000000,-1.611600,0.161324,-0.101337,0.000000,0.000000,0.000000
0.000000,-1.597120,0.160845,-0.101241,0.000000,0.000000,0.000000
0.000000,-1.586231,0.160078,-0.101241,0.000000,0.000000,0.000000
0.000000,-1.586231,0.159599,-0.101241,0.000000,0.000000,0.000000
0.000000,-1.569928,0.158737,-0.101241,0.000000,0.000000,0.000000
0.000000,-1.569928,0.158258,-0.101145,0.000000,0.000000,0.000000
0.000000,-1.559623,0.157395,-0.101145,0.000000,0.000000,0.000000
0.000000,-1.548098,0.157012,-0.101145,0.000000,0.000000,0.000000
0.000000,-1.548098,0.156150,-0.101049,0.000000,0.000000,0.000000
0.000000,-1.540623,0.155670,-0.101049,0.000000,0.000000,0.000000
0.000000,-1.540623,0.154712,-0.101049,0.000000,0.000000,0.000000
0.000000,-1.529896,0.154329,-0.101049,0.000000,0.000000,0.000000
0.000000,-1.522898,0.153275,-0.101049,0.000000,0.000000,0.000000
0.000000,-1.522898,0.152700,-0.100954,0.000000,0.000000,0.000000
0.000000,-1.512258,0.151742,-0.100954,0.000000,0.000000,0.000000
0.000000,-1.512258,0.151263,-0.100954,0.000000,0.000000,0.000000
0.000000,-1.506027,0.150304,-0.100954,0.000000,0.000000,0.000000
0.000000,-1.497008,0.149825,-0.100954,0.000000,0.000000,0.000000
0.000000,-1.497008,0.148962,-0.100954,0.000000,0.000000,0.000000
0.000000,-1.491419,0.148579,-0.100954,0.000000,0.000000,0.000000
0.000000,-1.491419,0.147621,-0.100954,0.000000,0.000000,0.000000
0.000000,-1.484193,0.147142,-0.100954,0.000000,0.000000,0.000000
0.000000,-1.480008,0.146183,-0.100954,0.000000,0.000000,0.000000
0.000000,-1.480008,0.145704,-0.100954,0.000000,0.000000,0.000000
0.000000,-1.476379,0.144842,-0.100954,0.000000,0.000000,0.000000
0.000000,-1.476379,0.144459,-0.100954,0.000000,0.000000,0.000000
0.000000,-1.474257,0.143692,-0.100954,0.000000,0.000000,0.000000
0.000000,-1.471527,0.143309,-0.100954,0.000000,0.000000,0.000000
0.000000,-1.471527,0.142446,-0.100954,0.000000,0.000000,0.000000
0.000000,-1.469436,0.141967,-0.100954,0.000000,0.000000,0.000000
0.000000,-1.469436,0.141009,-0.100954,0.000000,0.000000,0.000000
0.000000,-1.465070,0.140530,-0.100954,0.000000,0.000000,0.000000
0.000000,-1.462475,0.139572,-0.100954,0.000000,0.000000,0.000000
0.000000,-1.462475,0.139188,-0.100954,0.000000,0.000000,0.000000
0.000000,-1.458637,0.138326,-0.100857,0.000000,0.000000,0.000000
0.000000,-1.458637,0.137943,-0.100857,0.000000,0.000000,0.000000
0.000000,-1.456771,0.137080,-0.100857,0.000000,0.000000,0.000000
0.000000,-1.453853,0.136601,-0.100857,0.000000,0.000000,0.000000
0.000000,-1.453853,0.135547,-0.100857,0.000000,0.000000,0.000000
0.000000,-1.452859,0.135068,-0.100857,0.000000,0.000000,0.000000
0.000000,-1.452859,0.134205,-0.100857,0.000000,0.000000,0.000000
0.000000,-1.454047,0.133822,-0.100857,0.000000,0.000000,0.000000
0.000000,-1.455819,0.132959,-0.100857,0.000000,0.000000,0.000000
0.000000,-1.455819,0.132576,-0.100857,0.000000,0.000000,0.000000
0.000000,-1.459412,0.131714,-0.100857,0.000000,0.000000,0.000000
0.000000,-1.459412,0.131234,-0.100857,0.000000,0.000000,0.000000
0.000000,-1.462664,0.130276,-0.100857,0.000000,0.000000,0.000000
0.000000,-1.468642,0.129893,-0.100857,0.000000,0.000000,0.000000
0.000000,-1.468642,0.129126,-0.100857,0.000000,0.000000,0.000000
0.000000,-1.473378,0.128743,-0.100857,0.000000,0.000000,0.000000
0.000000,-1.473378,0.127881,-0.100857,0.000000,0.000000,0.000000
0.000000,-1.481022,0.127497,-0.100857,0.000000,0.000000,0.000000
0.000000,-1.487226,0.126731,-0.100857,0.000000,0.000000,0.000000
0.000000,-1.487226,0.126443,-0.100857,0.000000,0.000000,0.000000
0.000000,-1.497376,0.125485,-0.100857,0.000000,0.000000,0.000000
0.000000,-1.497376,0.125006,-0.100857,0.000000,0.000000,0.000000
0.000000,-1.505139,0.124239,-0.100857,0.000000,0.000000,0.000000
0.000000,-1.517638,0.123856,-0.100857,0.000000,0.000000,0.000000
0.000000,-1.517638,0.123089,-0.100857,0.000000,0.000000,0.000000
0.000000,-1.526939,0.122610,-0.100857,0.000000,0.000000,0.000000
0.000000,-1.526939,0.121748,-0.100857,0.000000,0.000000,0.000000
0.000000,-1.540216,0.121269,-0.100857,0.000000,0.000000,0.000000
0.000000,-1.549764,0.120311,-0.100857,0.000000,0.000000,0.000000
0.000000,-1.549764,0.119831,-0.100857,0.000000,0.000000,0.000000
0.000000,-1.563068,0.118969,-0.100857,0.000000,0.000000,0.000000
0.000000,-1.563068,0.118586,-0.100857,0.000000,0.000000,0.000000
0.000000,-1.572461,0.117819,-0.100857,0.000000,0.000000,0.000000
0.000000,-1.587234,0.117435,-0.100857,0.000000,0.000000,0.000000
0.000000,-1.587234,0.116573,-0.100857,0.000000,0.000000,0.000000
0.000000,-1.597604,0.116190,-0.100857,0.000000,0.000000,0.000000
0.000000,-1.597604,0.115519,-0.100857,0.000000,0.000000,0.000000
0.000000,-1.615142,0.115136,-0.100857,0.000000,0.000000,0.000000
0.000000,-1.628301,0.114273,-0.100857,0.000000,0.000000,0.000000
0.000000,-1.628301,0.113890,-0.100857,0.000000,0.000000,0.000000
0.000000,-1.650318,0.113123,-0.100857,0.000000,0.000000,0.000000
0.000000,-1.650318,0.112836,-0.100857,0.000000,0.000000,0.000000
0.000000,-1.666375,0.112165,-0.100857,0.000000,0.000000,0.000000
0.000000,-1.691262,0.111782,-0.100857,0.000000,0.000000,0.000000
0.000000,-1.691262,0.111015,-0.100857,0.000000,0.000000,0.000000
0.000000,-1.708867,0.110632,-0.100857,0.000000,0.000000,0.000000
0.000000,-1.708867,0.110057,-0.100857,0.000000,0.000000,0.000000
0.000000,-1.734955,0.109674,-0.100857,0.000000,0.000000,0.000000
0.000000,-1.752795,0.108811,-0.100857,0.000000,0.000000,0.000000
0.000000,-1.752795,0.108332,-0.100857,0.000000,0.000000,0.000000
0.000000,-1.780766,0.107565,-0.100857,0.000000,0.000000,0.000000
0.000000,-1.780766,0.107182,-0.100857,0.000000,0.000000,0.000000
0.000000,-1.800918,0.106320,-0.100857,0.000000,0.000000,0.000000
0.000000,-1.831452,0.105841,-0.100857,0.000000,0.000000,0.000000
0.000000,-1.831452,0.105074,-0.100857,0.000000,0.000000,0.000000
0.000000,-1.852959,0.104691,-0.100857,0.000000,0.000000,0.000000
0.000000,-1.852959,0.103924,-0.100857,0.000000,0.000000,0.000000
0.000000,-1.883382,0.103445,-0.100857,0.000000,0.000000,0.000000
0.000000,-1.903449,0.102487,-0.100857,0.000000,0.000000,0.000000
0.000000,-1.903449,0.102103,-0.100857,0.000000,0.000000,0.000000
0.000000,-1.935764,0.101241,-0.100857,0.000000,0.000000,0.000000
0.000000,-1.935764,0.100857,-0.100857,0.000000,0.000000,0.000000
0.000000,-1.958045,0.100091,-0.100857,0.000000,0.000000,0.000000
0.000000,-1.992044,0.099803,-0.100857,0.000000,0.000000,0.000000
0.000000,-1.992044,0.099133,-0.100857,0.000000,0.000000,0.000000
0.000000,-2.015733,0.098749,-0.100857,0.000000,0.000000,0.000000
0.000000,-2.015733,0.097983,-0.100857,0.000000,0.000000,0.000000
0.000000,-2.051162,0.097600,-0.100857,0.000000,0.000000,0.000000
0.000000,-2.075667,0.096737,-0.100857,0.000000,0.000000,0.000000
0.000000,-2.075667,0.096450,-0.100857,0.000000,0.000000,0.000000
0.000000,-2.114590,0.095875,-0.100857,0.000000,0.000000,0.000000
0.000000,-2.114590,0.095491,-0.100857,0.000000,0.000000,0.000000
0.000000,-2.141061,0.094725,-0.100857,0.000000,0.000000,0.000000
0.000000,-2.181435,0.094341,-0.100857,0.000000,0.000000,0.000000
0.000000,-2.181435,0.093671,-0.100857,0.000000,0.000000,0.000000
0.000000,-2.208285,0.093383,-0.100857,0.000000,0.000000,0.000000
0.000000,-2.208285,0.092617,-0.100857,0.000000,0.000000,0.000000
0.000000,-2.247384,0.092137,-0.100857,0.000000,0.000000,0.000000
0.000000,-2.274241,0.091275,-0.100857,0.000000,0.000000,0.000000
0.000000,-2.274241,0.090987,-0.100857,0.000000,0.000000,0.000000
0.000000,-2.314545,0.090221,-0.100857,0.000000,0.000000,0.000000
0.000000,-2.314545,0.089838,-0.100857,0.000000,0.000000,0.000000
0.000000,-2.341819,0.088879,-0.100857,0.000000,0.000000,0.000000
0.000000,-2.382746,0.088496,-0.100857,0.000000,0.000000,0.000000
0.000000,-2.382746,0.087634,-0.100857,0.000000,0.000000,0.000000
0.000000,-2.409947,0.087154,-0.100857,0.000000,0.000000,0.000000
0.000000,-2.409947,0.086292,-0.100857,0.000000,0.000000,0.000000
0.000000,-2.449171,0.085813,-0.100857,0.000000,0.000000,0.000000
0.000000,-2.476043,0.085046,-0.100857,0.000000,0.000000,0.000000
0.000000,-2.476043,0.084663,-0.100857,0.000000,0.000000,0.000000
0.000000,-2.515728,0.083800,-0.100857,0.000000,0.000000,0.000000
0.000000,-2.515728,0.083417,-0.100857,0.000000,0.000000,0.000000
0.000000,-2.541332,0.082650,-0.100857,0.000000,0.000000,0.000000
0.000000,-2.580332,0.082267,-0.100857,0.000000,0.000000,0.000000
0.000000,-2.580332,0.081501,-0.100857,0.000000,0.000000,0.000000
0.000000,-2.605675,0.081117,-0.100857,0.000000,0.000000,0.000000
0.000000,-2.605675,0.080351,-0.100857,0.000000,0.000000,0.000000
0.000000,-2.645218,0.079967,-0.100857,0.000000,0.000000,0.000000
0.000000,-2.671710,0.079297,-0.100857,0.000000,0.000000,0.000000
0.000000,-2.671710,0.079009,-0.100857,0.000000,0.000000,0.000000
0.000000,-2.711283,0.078243,-0.100857,0.000000,0.000000,0.000000
0.000000,-2.711283,0.077763,-0.100857,0.000000,0.000000,0.000000
0.000000,-2.737774,0.077188,-0.100857,0.000000,0.000000,0.000000
0.000000,-2.776664,0.076805,-0.100857,0.000000,0.000000,0.000000
0.000000,-2.776664,0.076039,-0.100857,0.000000,0.000000,0.000000
0.000000,-2.802108,0.075559,-0.100857,0.000000,0.000000,0.000000
0.000000,-2.802108,0.074697,-0.100857,0.000000,0.000000,0.000000
0.000000,-2.840363,0.074314,-0.100857,0.000000,0.000000,0.000000
0.000000,-2.865941,0.073451,-0.100857,0.000000,0.000000,0.000000
0.000000,-2.865941,0.072972,-0.100857,0.000000,0.000000,0.000000
0.000000,-2.903200,0.072110,-0.100857,0.000000,0.000000,0.000000
0.000000,-2.903200,0.071726,-0.100857,0.000000,0.000000,0.000000
0.000000,-2.928426,0.070960,-0.100857,0.000000,0.000000,0.000000
0.000000,-2.965293,0.070480,-0.100857,0.000000,0.000000,0.000000
0.000000,-2.965293,0.069522,-0.100857,0.000000,0.000000,0.000000
0.000000,-2.990222,0.069043,-0.100857,0.000000,0.000000,0.000000
0.000000,-2.990222,0.068181,-0.100857,0.000000,0.000000,0.000000
0.000000,-3.028722,0.067702,-0.100857,0.000000,0.000000,0.000000
0.000000,-3.054920,0.066839,-0.100857,0.000000,0.000000,0.000000
0.000000,-3.054920,0.066456,-0.100857,0.000000,0.000000,0.000000
0.000000,-3.094699,0.065785,-0.100857,0.000000,0.000000,0.000000
0.000000,-3.094699,0.065402,-0.100857,0.000000,0.000000,0.000000
0.000000,-3.120897,0.064443,-0.100857,0.000000,0.000000,0.000000
0.000000,-3.159935,0.063964,-0.100857,0.000000,0.000000,0.000000
0.000000,-3.159935,0.063102,-0.100857,0.000000,0.000000,0.000000
0.000000,-3.185980,0.062719,-0.100857,0.000000,0.000000,0.000000
0.000000,-3.185980,0.061952,-0.100857,0.000000,0.000000,0.000000
0.000000,-3.226000,0.061569,-0.100857,0.000000,0.000000,0.000000
0.000000,-3.252849,0.060898,-0.100857,0.000000,0.000000,0.000000
0.000000,-3.252849,0.060610,-0.100857,0.000000,0.000000,0.000000
0.000000,-3.292236,0.059940,-0.100857,0.000000,0.000000,0.000000
0.000000,-3.292236,0.059460,-0.100857,0.000000,0.000000,0.000000
0.000000,-3.317435,0.058502,-0.100857,0.000000,0.000000,0.000000
0.000000,-3.356786,0.058023,-0.100857,0.000000,0.000000,0.000000
0.000000,-3.356786,0.057256,-0.100857,0.000000,0.000000,0.000000
0.000000,-3.383866,0.056873,-0.100857,0.000000,0.000000,0.000000
0.000000,-3.383866,0.055915,-0.100857,0.000000,0.000000,0.000000
0.000000,-3.424522,0.055532,-0.100857,0.000000,0.000000,0.000000
0.000000,-3.452497,0.054669,-0.100857,0.000000,0.000000,0.000000
0.000000,-3.452497,0.054190,-0.100857,0.000000,0.000000,0.000000
0.000000,-3.495024,0.053136,-0.100857,0.000000,0.000000,0.000000
0.000000,-3.495024,0.052657,-0.100857,0.000000,0.000000,0.000000
0.000000,-3.523590,0.051794,-0.100857,0.000000,0.000000,0.000000
0.000000,-3.567589,0.051411,-0.100857,0.000000,0.000000,0.000000
0.000000,-3.567589,0.050453,-0.100857,0.000000,0.000000,0.000000
0.000000,-3.597254,0.050069,-0.100857,0.000000,0.000000,0.000000
0.000000,-3.597254,0.049303,-0.100857,0.000000,0.000000,0.000000
0.000000,-3.642712,0.048824,-0.100857,0.000000,0.000000,0.000000
0.000000,-3.673651,0.047961,-0.100857,0.000000,0.000000,0.000000
0.000000,-3.673651,0.047578,-0.100857,0.000000,0.000000,0.000000
0.000000,-3.721053,0.046715,-0.100857,0.000000,0.000000,0.000000
0.000000,-3.721053,0.046428,-0.100857,0.000000,0.000000,0.000000
0.000000,-3.754128,0.045661,-0.100857,0.000000,0.000000,0.000000
0.000000,-3.803599,0.045278,-0.100857,0.000000,0.000000,0.000000
0.000000,-3.803599,0.044416,-0.100857,0.000000,0.000000,0.000000
0.000000,-3.836153,0.044032,-0.100857,0.000000,0.000000,0.000000
0.000000,-3.836153,0.043266,-0.100857,0.000000,0.000000,0.000000
0.000000,-3.882936,0.042882,-0.100857,0.000000,0.000000,0.000000
0.000000,-3.912974,0.041924,-0.100857,0.000000,0.000000,0.000000
0.000000,-3.912974,0.041541,-0.100857,0.000000,0.000000,0.000000
0.000000,-3.957159,0.040774,-0.100857,0.000000,0.000000,0.000000
0.000000,-3.957159,0.040391,-0.100857,0.000000,0.000000,0.000000
0.000000,-3.986559,0.039528,-0.100857,0.000000,0.000000,0.000000
0.000000,-4.028301,0.039049,-0.100857,0.000000,0.000000,0.000000
0.000000,-4.028301,0.038283,-0.100857,0.000000,0.000000,0.000000
0.000000,-4.056255,0.037899,-0.100857,0.000000,0.000000,0.000000
0.000000,-4.056255,0.036941,-0.100857,0.000000,0.000000,0.000000
0.000000,-4.096585,0.036462,-0.100857,0.000000,0.000000,0.000000
0.000000,-4.123793,0.035599,-0.100857,0.000000,0.000000,0.000000
0.000000,-4.123793,0.035216,-0.100857,0.000000,0.000000,0.000000
0.000000,-4.165711,0.034258,-0.100857,0.000000,0.000000,0.000000
0.000000,-4.165711,0.033875,-0.100857,0.000000,0.000000,0.000000
0.000000,-4.193932,0.033108,-0.100857,0.000000,0.000000,0.000000
0.000000,-4.236153,0.032725,-0.100857,0.000000,0.000000,0.000000
0.000000,-4.236153,0.031958,-0.100857,0.000000,0.000000,0.000000
0.000000,-4.264192,0.031479,-0.100857,0.000000,0.000000,0.000000
0.000000,-4.264192,0.030521,-0.100857,0.000000,0.000000,0.000000
0.000000,-4.305776,0.030138,-0.100857,0.000000,0.000000,0.000000
0.000000,-4.334558,0.029371,-0.100857,0.000000,0.000000,0.000000
0.000000,-4.334558,0.029083,-0.100857,0.000000,0.000000,0.000000
0.000000,-4.377777,0.028221,-0.100857,0.000000,0.000000,0.000000
0.000000,-4.377777,0.027934,-0.100857,0.000000,0.000000,0.000000
0.000000,-4.406804,0.027263,-0.100857,0.000000,0.000000,0.000000
0.000000,-4.449001,0.026975,-0.100857,0.000000,0.000000,0.000000
0.000000,-4.449001,0.026209,-0.100857,0.000000,0.000000,0.000000
0.000000,-4.476030,0.025730,-0.100857,0.000000,0.000000,0.000000
0.000000,-4.476030,0.024771,-0.100857,0.000000,0.000000,0.000000
0.000000,-4.516446,0.024388,-0.100857,0.000000,0.000000,0.000000
0.000000,-4.543873,0.023621,-0.100857,0.000000,0.000000,0.000000
0.000000,-4.543873,0.023238,-0.100857,0.000000,0.000000,0.000000
0.000000,-4.583138,0.022375,-0.100857,0.000000,0.000000,0.000000
0.000000,-4.583138,0.021992,-0.100857,0.000000,0.000000,0.000000
0.000000,-4.609507,0.021321,-0.100857,0.000000,0.000000,0.000000
0.000000,-4.647115,0.020842,-0.100857,0.000000,0.000000,0.000000
0.000000,-4.647115,0.019884,-0.100857,0.000000,0.000000,0.000000
0.000000,-4.671323,0.019501,-0.100857,0.000000,0.000000,0.000000
0.000000,-4.671323,0.018638,-0.100857,0.000000,0.000000,0.000000
0.000000,-4.708147,0.018255,-0.100857,0.000000,0.000000,0.000000
0.000000,-4.733737,0.017584,-0.100857,0.000000,0.000000,0.000000
0.000000,-4.733737,0.017105,-0.100857,0.000000,0.000000,0.000000
0.000000,-4.771244,0.016434,-0.100857,0.000000,0.000000,0.000000
0.000000,-4.771244,0.016147,-0.100857,0.000000,0.000000,0.000000
0.000000,-4.795979,0.015476,-0.100857,0.000000,0.000000,0.000000
0.000000,-4.831390,0.014997,-0.100857,0.000000,0.000000,0.000000
0.000000,-4.831390,0.014134,-0.100857,0.000000,0.000000,0.000000
0.000000,-4.855004,0.013751,-0.100857,0.000000,0.000000,0.000000
0.000000,-4.855004,0.013080,-0.100857,0.000000,0.000000,0.000000
0.000000,-4.890405,0.012793,-0.100857,0.000000,0.000000,0.000000
0.000000,-4.913180,0.012026,-0.100857,0.000000,0.000000,0.000000
0.000000,-4.913180,0.011643,-0.100857,0.000000,0.000000,0.000000
0.000000,-4.944136,0.010876,-0.100857,0.000000,0.000000,0.000000
0.000000,-4.944136,0.010589,-0.100857,0.000000,0.000000,0.000000
0.000000,-4.963783,0.009918,-0.100857,0.000000,0.000000,0.000000
0.000000,-4.990514,0.009535,-0.100857,0.000000,0.000000,0.000000
0.000000,-4.990514,0.008672,-0.100857,0.000000,0.000000,0.000000
0.000000,-5.008255,0.008289,-0.100857,0.000000,0.000000,0.000000
0.000000,-5.008255,0.007618,-0.100857,0.000000,0.000000,0.000000
0.000000,-5.033842,0.007331,-0.100857,0.000000,0.000000,0.000000
0.000000,-5.050599,0.006468,-0.100857,0.000000,0.000000,0.000000
0.000000,-5.050599,0.006085,-0.100857,0.000000,0.000000,0.000000
0.000000,-5.073666,0.005223,-0.100857,0.000000,0.000000,0.000000
0.000000,-5.073666,0.004935,-0.100857,0.000000,0.000000,0.000000
0.000000,-5.088428,0.004169,-0.100857,0.000000,0.000000,0.000000
0.000000,-5.107596,0.003689,-0.100857,0.000000,0.000000,0.000000
0.000000,-5.107596,0.002923,-0.100857,0.000000,0.000000,0.000000
0.000000,-5.120139,0.002635,-0.100857,0.000000,0.000000,0.000000
0.000000,-5.120139,0.002060,-0.100857,0.000000,0.000000,0.000000
0.000000,-5.137958,0.001677,-0.100857,0.000000,0.000000,0.000000
0.000000,-5.148023,0.001006,-0.100857,0.000000,0.000000,0.000000
0.000000,-5.148023,0.000623,-0.100857,0.000000,0.000000,0.000000
0.000000,-5.160900,-0.000048,-0.100857,0.000000,0.000000,0.000000
0.000000,-5.160900,-0.000240,-0.100857,0.000000,0.000000,0.000000
0.000000,-5.169345,-0.000814,-0.100857,0.000000,0.000000,0.000000
0.000000,-5.179668,-0.001102,-0.100857,0.000000,0.000000,0.000000
0.000000,-5.179668,-0.001773,-0.100857,0.000000,0.000000,0.000000
0.000000,-5.186393,-0.002156,-0.100857,0.000000,0.000000,0.000000
0.000000,-5.186393,-0.002827,-0.100857,0.000000,0.000000,0.000000
0.000000,-5.194751,-0.003018,-0.100857,0.000000,0.000000,0.000000
0.000000,-5.199760,-0.003498,-0.100857,0.000000,0.000000,0.000000
0.000000,-5.199760,-0.003785,-0.100857,0.000000,0.000000,0.000000
0.000000,-5.205923,-0.004456,-0.100857,0.000000,0.000000,0.000000
0.000000,-5.205923,-0.004839,-0.100857,0.000000,0.000000,0.000000
0.000000,-5.210805,-0.005318,-0.100857,0.000000,0.000000,0.000000
0.000000,-5.218024,-0.005606,-0.100857,0.000000,0.000000,0.000000
0.000000,-5.218024,-0.005893,-0.100857,0.000000,0.000000,0.000000
0.000000,-5.224641,-0.006085,-0.100857,0.000000,0.000000,0.000000
0.000000,-5.224641,-0.006660,-0.100857,0.000000,0.000000,0.000000
0.000000,-5.235689,-0.007043,-0.100857,0.000000,0.000000,0.000000
0.000000,-5.244270,-0.007714,-0.100857,0.000000,0.000000,0.000000
0.000000,-5.244270,-0.008097,-0.100857,0.000000,0.000000,0.000000
0.000000,-5.257257,-0.008577,-0.100857,0.000000,0.000000,0.000000
0.000000,-5.257257,-0.008768,-0.100857,0.000000,0.000000,0.000000
0.000000,-5.268900,-0.009247,-0.100857,0.000000,0.000000,0.000000
0.000000,-5.286057,-0.009535,-0.100857,0.000000,0.000000,0.000000
0.000000,-5.286057,-0.010301,-0.100857,0.000000,0.000000,0.000000
0.000000,-5.296930,-0.010589,-0.100857,0.000000,0.000000,0.000000
0.000000,-5.296930,-0.011164,-0.100857,0.000000,0.000000,0.000000
0.000000,-5.310601,-0.011451,-0.100857,0.000000,0.000000,0.000000
0.000000,-5.321090,-0.011835,-0.100857,0.000000,0.000000,0.000000
0.000000,-5.321090,-0.012026,-0.100857,0.000000,0.000000,0.000000
0.000000,-5.337252,-0.012793,-0.100857,0.000000,0.000000,0.000000
0.000000,-5.337252,-0.013176,-0.100857,0.000000,0.000000,0.000000
0.000000,-5.348226,-0.013847,-0.100857,0.000000,0.000000,0.000000
0.000000,-5.363083,-0.014039,-0.100857,0.000000,0.000000,0.000000
0.000000,-5.363083,-0.014518,-0.100857,0.000000,0.000000,0.000000
0.000000,-5.373514,-0.014709,-0.100857,0.000000,0.000000,0.000000
0.000000,-5.373514,-0.015188,-0.100857,0.000000,0.000000,0.000000
0.000000,-5.388224,-0.015572,-0.100857,0.000000,0.000000,0.000000
0.000000,-5.396858,-0.016147,-0.100857,0.000000,0.000000,0.000000
0.000000,-5.396858,-0.016434,-0.100857,0.000000,0.000000,0.000000
0.000000,-5.408017,-0.016722,-0.100857,0.000000,0.000000,0.000000
0.000000,-5.408017,-0.016818,-0.100857,0.000000,0.000000,0.000000
0.000000,-5.415911,-0.017105,-0.100857,0.000000,0.000000,0.000000
0.000000,-5.427982,-0.017392,-0.100857,0.000000,0.000000,0.000000
0.000000,-5.427982,-0.017967,-0.100857,0.000000,0.000000,0.000000
0.000000,-5.436157,-0.018255,-0.100857,0.000000,0.000000,0.000000
0.000000,-5.436157,-0.018734,-0.100857,0.000000,0.000000,0.000000
0.000000,-5.449849,-0.019022,-0.100857,0.000000,0.000000,0.000000
0.000000,-5.461382,-0.019213,-0.100857,0.000000,0.000000,0.000000
0.000000,-5.461382,-0.019405,-0.100857,0.000000,0.000000,0.000000
0.000000,-5.479671,-0.019597,-0.100857,0.000000,0.000000,0.000000
0.000000,-5.479671,-0.019788,-0.100857,0.000000,0.000000,0.000000
0.000000,-5.491837,-0.020267,-0.100857,0.000000,0.000000,0.000000
0.000000,-5.509212,-0.020651,-0.100857,0.000000,0.000000,0.000000
0.000000,-5.509212,-0.021130,-0.100857,0.000000,0.000000,0.000000
0.000000,-5.522193,-0.021321,-0.100857,0.000000,0.000000,0.000000
0.000000,-5.522193,-0.021609,-0.100857,0.000000,0.000000,0.000000
0.000000,-5.542475,-0.021705,-0.100857,0.000000,0.000000,0.000000
0.000000,-5.557299,-0.021896,-0.100857,0.000000,0.000000,0.000000
0.000000,-5.557299,-0.021992,-0.100857,0.000000,0.000000,0.000000
0.000000,-5.577153,-0.022280,-0.100857,0.000000,0.000000,0.000000
0.000000,-5.577153,-0.022471,-0.100857,0.000000,0.000000,0.000000
0.000000,-5.589608,-0.022759,-0.100857,0.000000,0.000000,0.000000
0.000000,-5.607208,-0.022951,-0.100857,0.000000,0.000000,0.000000
0.000000,-5.607208,-0.023334,-0.100857,0.000000,0.000000,0.000000
0.000000,-5.620978,-0.023525,-0.100857,0.000000,0.000000,0.000000
0.000000,-5.620978,-0.024005,-0.100857,0.000000,0.000000,0.000000
0.000000,-5.641387,-0.024196,-0.100857,0.000000,0.000000,0.000000
0.000000,-5.655305,-0.024388,-0.100857,0.000000,0.000000,0.000000
0.000000,-5.655305,-0.024484,-0.100857,0.000000,0.000000,0.000000
0.000000,-5.673414,-0.024675,-0.100857,0.000000,0.000000,0.000000
0.000000,-5.673414,-0.024771,-0.100857,0.000000,0.000000,0.000000
0.000000,-5.685377,-0.025059,-0.100857,0.000000,0.000000,0.000000
0.000000,-5.702844,-0.025155,-0.100857,0.000000,0.000000,0.000000
0.000000,-5.702844,-0.025442,-0.100857,0.000000,0.000000,0.000000
0.000000,-5.716658,-0.025538,-0.100857,0.000000,0.000000,0.000000
0.000000,-5.716658,-0.025921,-0.100857,0.000000,0.000000,0.000000
0.000000,-5.740332,-0.026017,-0.100857,0.000000,0.000000,0.000000
0.000000,-5.758836,-0.026496,-0.100857,0.000000,0.000000,0.000000
0.000000,-5.758836,-0.026688,-0.100857,0.000000,0.000000,0.000000
0.000000,-5.786677,-0.027071,-0.100857,0.000000,0.000000,0.000000
0.000000,-5.786677,-0.027167,-0.100857,0.000000,0.000000,0.000000
0.000000,-5.804510,-0.027454,-0.100857,0.000000,0.000000,0.000000
0.000000,-5.829055,-0.027646,-0.100857,0.000000,0.000000,0.000000
0.000000,-5.829055,-0.027934,-0.100857,0.000000,0.000000,0.000000
0.000000,-5.844517,-0.028125,-0.100857,0.000000,0.000000,0.000000
0.000000,-5.844517,-0.028508,-0.100857,0.000000,0.000000,0.000000
0.000000,-5.867567,-0.028796,-0.100857,0.000000,0.000000,0.000000
0.000000,-5.884243,-0.029467,-0.100857,0.000000,0.000000,0.000000
0.000000,-5.884243,-0.029658,-0.100857,0.000000,0.000000,0.000000
0.000000,-5.911255,-0.030042,-0.100857,0.000000,0.000000,0.000000
0.000000,-5.911255,-0.030233,-0.100857,0.000000,0.000000,0.000000
0.000000,-5.930206,-0.030425,-0.100857,0.000000,0.000000,0.000000
0.000000,-5.959182,-0.030521,-0.100857,0.000000,0.000000,0.000000
0.000000,-5.959182,-0.030808,-0.100857,0.000000,0.000000,0.000000
0.000000,-5.977925,-0.031000,-0.100857,0.000000,0.000000,0.000000
0.000000,-5.977925,-0.031575,-0.100857,0.000000,0.000000,0.000000
0.000000,-6.006725,-0.031862,-0.100954,0.000000,0.000000,0.000000
0.000000,-6.027123,-0.032437,-0.100954,0.000000,0.000000,0.000000
0.000000,-6.027123,-0.032725,-0.100954,0.000000,0.000000,0.000000
0.000000,-6.060858,-0.033012,-0.100954,0.000000,0.000000,0.000000
0.000000,-6.060858,-0.033108,-0.100954,0.000000,0.000000,0.000000
0.000000,-6.083746,-0.033396,-0.100954,0.000000,0.000000,0.000000
0.000000,-6.118081,-0.033587,-0.100954,0.000000,0.000000,0.000000
0.000000,-6.118081,-0.034162,-0.100954,0.000000,0.000000,0.000000
0.000000,-6.139772,-0.034450,-0.100954,0.000000,0.000000,0.000000
0.000000,-6.139772,-0.035120,-0.100954,0.000000,0.000000,0.000000
0.000000,-6.173631,-0.035408,-0.100954,0.000000,0.000000,0.000000
0.000000,-6.197361,-0.035791,-0.100954,0.000000,0.000000,0.000000
0.000000,-6.197361,-0.035887,-0.100954,0.000000,0.000000,0.000000
0.000000,-6.235564,-0.036079,-0.100954,0.000000,0.000000,0.000000
0.000000,-6.235564,-0.036270,-0.100954,0.000000,0.000000,0.000000
0.000000,-6.260265,-0.036749,-0.100954,0.000000,0.000000,0.000000
0.000000,-6.296649,-0.037037,-0.100954,0.000000,0.000000,0.000000
0.000000,-6.296649,-0.037708,-0.100954,0.000000,0.000000,0.000000
0.000000,-6.320004,-0.037995,-0.100954,0.000000,0.000000,0.000000
0.000000,-6.320004,-0.038378,-0.100954,0.000000,0.000000,0.000000
0.000000,-6.356247,-0.038570,-0.100954,0.000000,0.000000,0.000000
0.000000,-6.379773,-0.038858,-0.100954,0.000000,0.000000,0.000000
0.000000,-6.379773,-0.038954,-0.100954,0.000000,0.000000,0.000000
0.000000,-6.413675,-0.039529,-0.100954,0.000000,0.000000,0.000000
0.000000,-6.413675,-0.039816,-0.100954,0.000000,0.000000,0.000000
0.000000,-6.433884,-0.040583,-0.100954,0.000000,0.000000,0.000000
0.000000,-6.463258,-0.040870,-0.100954,0.000000,0.000000,0.000000
0.000000,-6.463258,-0.041445,-0.100954,0.000000,0.000000,0.000000
0.000000,-6.482817,-0.041637,-0.100954,0.000000,0.000000,0.000000
0.000000,-6.482817,-0.042020,-0.100954,0.000000,0.000000,0.000000
0.000000,-6.512166,-0.042212,-0.100954,0.000000,0.000000,0.000000
0.000000,-6.529678,-0.042882,-0.100954,0.000000,0.000000,0.000000
0.000000,-6.529678,-0.043362,-0.100954,0.000000,0.000000,0.000000
0.000000,-6.554037,-0.044128,-0.100954,0.000000,0.000000,0.000000
0.000000,-6.554037,-0.044416,-0.100954,0.000000,0.000000,0.000000
0.000000,-6.569611,-0.044895,-0.100954,0.000000,0.000000,0.000000
0.000000,-6.595574,-0.045182,-0.100954,0.000000,0.000000,0.000000
0.000000,-6.595574,-0.045853,-0.100954,0.000000,0.000000,0.000000
0.000000,-6.613573,-0.046332,-0.100954,0.000000,0.000000,0.000000
0.000000,-6.613573,-0.047195,-0.100954,0.000000,0.000000,0.000000
0.000000,-6.639908,-0.047482,-0.100954,0.000000,0.000000,0.000000
0.000000,-6.655887,-0.048153,-0.100954,0.000000,0.000000,0.000000
0.000000,-6.655887,-0.048536,-0.100954,0.000000,0.000000,0.000000
0.000000,-6.680413,-0.049207,-0.100954,0.000000,0.000000,0.000000
0.000000,-6.680413,-0.049590,-0.100954,0.000000,0.000000,0.000000
0.000000,-6.696061,-0.050165,-0.100954,0.000000,0.000000,0.000000
0.000000,-6.719387,-0.050453,-0.100954,0.000000,0.000000,0.000000
0.000000,-6.719387,-0.051123,-0.100954,0.000000,0.000000,0.000000
0.000000,-6.733301,-0.051507,-0.100954,0.000000,0.000000,0.000000
0.000000,-6.733301,-0.052369,-0.100954,0.000000,0.000000,0.000000
0.000000,-6.755902,-0.052657,-0.100954,0.000000,0.000000,0.000000
0.000000,-6.770483,-0.053327,-0.100954,0.000000,0.000000,0.000000
0.000000,-6.770483,-0.053615,-0.100954,0.000000,0.000000,0.000000
0.000000,-6.792269,-0.054286,-0.100954,0.000000,0.000000,0.000000
0.000000,-6.792269,-0.054669,-0.100954,0.000000,0.000000,0.000000
0.000000,-6.805494,-0.055340,-0.100954,0.000000,0.000000,0.000000
0.000000,-6.824400,-0.055628,-0.100954,0.000000,0.000000,0.000000
0.000000,-6.824400,-0.056202,-0.100954,0.000000,0.000000,0.000000
0.000000,-6.834617,-0.056586,-0.100954,0.000000,0.000000,0.000000
0.000000,-6.834617,-0.057448,-0.100954,0.000000,0.000000,0.000000
0.000000,-6.850196,-0.057927,-0.100954,0.000000,0.000000,0.000000
0.000000,-6.860481,-0.058598,-0.100954,0.000000,0.000000,0.000000
0.000000,-6.860481,-0.058886,-0.100954,0.000000,0.000000,0.000000
0.000000,-6.875947,-0.059652,-0.100954,0.000000,0.000000,0.000000
0.000000,-6.875947,-0.060131,-0.100954,0.000000,0.000000,0.000000
0.000000,-6.885688,-0.060898,-0.100954,0.000000,0.000000,0.000000
0.000000,-6.899498,-0.061281,-0.100954,0.000000,0.000000,0.000000
0.000000,-6.899498,-0.062144,-0.100954,0.000000,0.000000,0.000000
0.000000,-6.907118,-0.062623,-0.100954,0.000000,0.000000,0.000000
0.000000,-6.907118,-0.063485,-0.100954,0.000000,0.000000,0.000000
0.000000,-6.918079,-0.063869,-0.100954,0.000000,0.000000,0.000000
0.000000,-6.926208,-0.064731,-0.100954,0.000000,0.000000,0.000000
0.000000,-6.926208,-0.065018,-0.100954,0.000000,0.000000,0.000000
0.000000,-6.938526,-0.065881,-0.100954,0.000000,0.000000,0.000000
0.000000,-6.938526,-0.066264,-0.100954,0.000000,0.000000,0.000000
0.000000,-6.946062,-0.067031,-0.100954,0.000000,0.000000,0.000000
0.000000,-6.957825,-0.067414,-0.100954,0.000000,0.000000,0.000000
0.000000,-6.957825,-0.068181,-0.100954,0.000000,0.000000,0.000000
0.000000,-6.964819,-0.068660,-0.100954,0.000000,0.000000,0.000000
0.000000,-6.964819,-0.069426,-0.100954,0.000000,0.000000,0.000000
0.000000,-6.976159,-0.069714,-0.100954,0.000000,0.000000,0.000000
0.000000,-6.983466,-0.070385,-0.100954,0.000000,0.000000,0.000000
0.000000,-6.983466,-0.070768,-0.100954,0.000000,0.000000,0.000000
0.000000,-6.994882,-0.071535,-0.100954,0.000000,0.000000,0.000000
0.000000,-6.994882,-0.071918,-0.100954,0.000000,0.000000,0.000000
0.000000,-7.002081,-0.072589,-0.100954,0.000000,0.000000,0.000000
0.000000,-7.013185,-0.072876,-0.100954,0.000000,0.000000,0.000000
0.000000,-7.013185,-0.073739,-0.100954,0.000000,0.000000,0.000000
0.000000,-7.020362,-0.074218,-0.100954,0.000000,0.000000,0.000000
0.000000,-7.020362,-0.074984,-0.100954,0.000000,0.000000,0.000000
0.000000,-7.032201,-0.075272,-0.100954,0.000000,0.000000,0.000000
0.000000,-7.039578,-0.076038,-0.100954,0.000000,0.000000,0.000000
0.000000,-7.039578,-0.076422,-0.100954,0.000000,0.000000,0.000000
0.000000,-7.049915,-0.077380,-0.100954,0.000000,0.000000,0.000000
0.000000,-7.049915,-0.077763,-0.100954,0.000000,0.000000,0.000000
0.000000,-7.056734,-0.078530,-0.100954,0.000000,0.000000,0.000000
0.000000,-7.066101,-0.079009,-0.100954,0.000000,0.000000,0.000000
0.000000,-7.066101,-0.079871,-0.100954,0.000000,0.000000,0.000000
0.000000,-7.071856,-0.080351,-0.100954,0.000000,0.000000,0.000000
0.000000,-7.071856,-0.081213,-0.100954,0.000000,0.000000,0.000000
0.000000,-7.081916,-0.081596,-0.100954,0.000000,0.000000,0.000000
0.000000,-7.087968,-0.082459,-0.100954,0.000000,0.000000,0.000000
0.000000,-7.087968,-0.082842,-0.100954,0.000000,0.000000,0.000000
0.000000,-7.096871,-0.083609,-0.100954,0.000000,0.000000,0.000000
0.000000,-7.096871,-0.083992,-0.100954,0.000000,0.000000,0.000000
0.000000,-7.102956,-0.084854,-0.100954,0.000000,0.000000,0.000000
0.000000,-7.112425,-0.085238,-0.100954,0.000000,0.000000,0.000000
0.000000,-7.112425,-0.086100,-0.100954,0.000000,0.000000,0.000000
0.000000,-7.119607,-0.086484,-0.100954,0.000000,0.000000,0.000000
0.000000,-7.119607,-0.087250,-0.100954,0.000000,0.000000,0.000000
0.000000,-7.131476,-0.087634,-0.100954,0.000000,0.000000,0.000000
0.000000,-7.139292,-0.088400,-0.100954,0.000000,0.000000,0.000000
0.000000,-7.139292,-0.088688,-0.100954,0.000000,0.000000,0.000000
0.000000,-7.151349,-0.089358,-0.100954,0.000000,0.000000,0.000000
0.000000,-7.151349,-0.089742,-0.100954,0.000000,0.000000,0.000000
0.000000,-7.158719,-0.090700,-0.100954,0.000000,0.000000,0.000000
0.000000,-7.170117,-0.091179,-0.100954,0.000000,0.000000,0.000000
0.000000,-7.170117,-0.092041,-0.100954,0.000000,0.000000,0.000000
0.000000,-7.178666,-0.092425,-0.100954,0.000000,0.000000,0.000000
0.000000,-7.178666,-0.093287,-0.100954,0.000000,0.000000,0.000000
0.000000,-7.192850,-0.093671,-0.100954,0.000000,0.000000,0.000000
0.000000,-7.203537,-0.094437,-0.100954,0.000000,0.000000,0.000000
0.000000,-7.203537,-0.094820,-0.100954,0.000000,0.000000,0.000000
0.000000,-7.220046,-0.095683,-0.100954,0.000000,0.000000,0.000000
0.000000,-7.220046,-0.096258,-0.100954,0.000000,0.000000,0.000000
0.000000,-7.230457,-0.097120,-0.100954,0.000000,0.000000,0.000000
0.000000,-7.248334,-0.097504,-0.100954,0.000000,0.000000,0.000000
0.000000,-7.248334,-0.098462,-0.100954,0.000000,0.000000,0.000000
0.000000,-7.261701,-0.098845,-0.100954,0.000000,0.000000,0.000000
0.000000,-7.261701,-0.099612,-0.100954,0.000000,0.000000,0.000000
0.000000,-7.282705,-0.099995,-0.100954,0.000000,0.000000,0.000000
0.000000,-7.297139,-0.100857,-0.100954,0.000000,0.000000,0.000000
0.000000,-7.297139,-0.101241,-0.100954,0.000000,0.000000,0.000000
0.000000,-7.317936,-0.102199,-0.100954,0.000000,0.000000,0.000000
0.000000,-7.317936,-0.102582,-0.100954,0.000000,0.000000,0.000000
0.000000,-7.331525,-0.103445,-0.100954,0.000000,0.000000,0.000000
0.000000,-7.353183,-0.103828,-0.100954,0.000000,0.000000,0.000000
0.000000,-7.353183,-0.104595,-0.100954,0.000000,0.000000,0.000000
0.000000,-7.367581,-0.105074,-0.100954,0.000000,0.000000,0.000000
0.000000,-7.367581,-0.105841,-0.100954,0.000000,0.000000,0.000000
0.000000,-7.389968,-0.106224,-0.100954,0.000000,0.000000,0.000000
0.000000,-7.404428,-0.107182,-0.100954,0.000000,0.000000,0.000000
0.000000,-7.404428,-0.107661,-0.100954,0.000000,0.000000,0.000000
0.000000,-7.426532,-0.108524,-0.100954,0.000000,0.000000,0.000000
0.000000,-7.426532,-0.108907,-0.100954,0.000000,0.000000,0.000000
0.000000,-7.442531,-0.109865,-0.100954,0.000000,0.000000,0.000000
0.000000,-7.467070,-0.110249,-0.100954,0.000000,0.000000,0.000000
0.000000,-7.467070,-0.111207,-0.100954,0.000000,0.000000,0.000000
0.000000,-7.483711,-0.111686,-0.100954,0.000000,0.000000,0.000000
0.000000,-7.483711,-0.112740,-0.100954,0.000000,0.000000,0.000000
0.000000,-7.509129,-0.113219,-0.100954,0.000000,0.000000,0.000000
0.000000,-7.525820,-0.114082,-0.100954,0.000000,0.000000,0.000000
0.000000,-7.525820,-0.114561,-0.100954,0.000000,0.000000,0.000000
0.000000,-7.552631,-0.115519,-0.100954,0.000000,0.000000,0.000000
0.000000,-7.552631,-0.115902,-0.100954,0.000000,0.000000,0.000000
0.000000,-7.570471,-0.116765,-0.100954,0.000000,0.000000,0.000000
0.000000,-7.598672,-0.117244,-0.100954,0.000000,0.000000,0.000000
0.000000,-7.598672,-0.118106,-0.100954,0.000000,0.000000,0.000000
0.000000,-7.617579,-0.118586,-0.100954,0.000000,0.000000,0.000000
0.000000,-7.617579,-0.119448,-0.100954,0.000000,0.000000,0.000000
0.000000,-7.648085,-0.119927,-0.100954,0.000000,0.000000,0.000000
0.000000,-7.669303,-0.120790,-0.100954,0.000000,0.000000,0.000000
0.000000,-7.669303,-0.121269,-0.100954,0.000000,0.000000,0.000000
0.000000,-7.700526,-0.122131,-0.100954,0.000000,0.000000,0.000000
0.000000,-7.700526,-0.122514,-0.100954,0.000000,0.000000,0.000000
0.000000,-7.721492,-0.123473,-0.100954,0.000000,0.000000,0.000000
0.000000,-7.751536,-0.124048,-0.100954,0.000000,0.000000,0.000000
0.000000,-7.751536,-0.125006,-0.100954,0.000000,0.000000,0.000000
0.000000,-7.770622,-0.125581,-0.100954,0.000000,0.000000,0.000000
0.000000,-7.770622,-0.126635,-0.100954,0.000000,0.000000,0.000000
0.000000,-7.800340,-0.127210,-0.100954,0.000000,0.000000,0.000000
0.000000,-7.819663,-0.128072,-0.100954,0.000000,0.000000,0.000000
0.000000,-7.819663,-0.128647,-0.100954,0.000000,0.000000,0.000000
0.000000,-7.849182,-0.129701,-0.100954,0.000000,0.000000,0.000000
0.000000,-7.849182,-0.130276,-0.100954,0.000000,0.000000,0.000000
0.000000,-7.868391,-0.131330,-0.100954,0.000000,0.000000,0.000000
0.000000,-7.898725,-0.131905,-0.100954,0.000000,0.000000,0.000000
0.000000,-7.898725,-0.132864,-0.100954,0.000000,0.000000,0.000000
0.000000,-7.919569,-0.133247,-0.100954,0.000000,0.000000,0.000000
0.000000,-7.919569,-0.134205,-0.100954,0.000000,0.000000,0.000000
0.000000,-7.952388,-0.134685,-0.100954,0.000000,0.000000,0.000000
0.000000,-7.973985,-0.135643,-0.100954,0.000000,0.000000,0.000000
0.000000,-7.973985,-0.136122,-0.100954,0.000000,0.000000,0.000000
0.000000,-8.005429,-0.137080,-0.100954,0.000000,0.000000,0.000000
0.000000,-8.005429,-0.137559,-0.100954,0.000000,0.000000,0.000000
0.000000,-8.026686,-0.138422,-0.100954,0.000000,0.000000,0.000000
0.000000,-8.058191,-0.138805,-0.100954,0.000000,0.000000,0.000000
0.000000,-8.058191,-0.139763,-0.100954,0.000000,0.000000,0.000000
0.000000,-8.078744,-0.140242,-0.100954,0.000000,0.000000,0.000000
0.000000,-8.078744,-0.141296,-0.100954,0.000000,0.000000,0.000000
0.000000,-8.107971,-0.141871,-0.100954,0.000000,0.000000,0.000000
0.000000,-8.127313,-0.142926,-0.100954,0.000000,0.000000,0.000000
0.000000,-8.127313,-0.143500,-0.100954,0.000000,0.000000,0.000000
0.000000,-8.155783,-0.144459,-0.100954,0.000000,0.000000,0.000000
0.000000,-8.155783,-0.145034,-0.100954,0.000000,0.000000,0.000000
0.000000,-8.174712,-0.146183,-0.100954,0.000000,0.000000,0.000000
0.000000,-8.202849,-0.146758,-0.100954,0.000000,0.000000,0.000000
0.000000,-8.202849,-0.147813,-0.100954,0.000000,0.000000,0.000000
0.000000,-8.220672,-0.148388,-0.100954,0.000000,0.000000,0.000000
0.000000,-8.220672,-0.149442,-0.100954,0.000000,0.000000,0.000000
0.000000,-8.248431,-0.149825,-0.101049,0.000000,0.000000,0.000000
0.000000,-8.267561,-0.150879,-0.101049,0.000000,0.000000,0.000000
0.000000,-8.267561,-0.151358,-0.101049,0.000000,0.000000,0.000000
0.000000,-8.298245,-0.152412,-0.101049,0.000000,0.000000,0.000000
0.000000,-8.298245,-0.152796,-0.101049,0.000000,0.000000,0.000000
0.000000,-8.318987,-0.153754,-0.101049,0.000000,0.000000,0.000000
0.000000,-8.350689,-0.154233,-0.101145,0.000000,0.000000,0.000000
0.000000,-8.350689,-0.155096,-0.101145,0.000000,0.000000,0.000000
0.000000,-8.371437,-0.155479,-0.101145,0.000000,0.000000,0.000000
0.000000,-8.371437,-0.156341,-0.101145,0.000000,0.000000,0.000000
0.000000,-8.400914,-0.156820,-0.101145,0.000000,0.000000,0.000000
0.000000,-8.419294,-0.157874,-0.101145,0.000000,0.000000,0.000000
0.000000,-8.419294,-0.158354,-0.101145,0.000000,0.000000,0.000000
0.000000,-8.443303,-0.159408,-0.101145,0.000000,0.000000,0.000000
0.000000,-8.443303,-0.159887,-0.101145,0.000000,0.000000,0.000000
0.000000,-8.458052,-0.160845,-0.101145,0.000000,0.000000,0.000000
0.000000,-8.477761,-0.161324,-0.101145,0.000000,0.000000,0.000000
0.000000,-8.477761,-0.162282,-0.101145,0.000000,0.000000,0.000000
0.000000,-8.490606,-0.162857,-0.101145,0.000000,0.000000,0.000000
0.000000,-8.490606,-0.163912,-0.101145,0.000000,0.000000,0.000000
0.000000,-8.506812,-0.164487,-0.101145,0.000000,0.000000,0.000000
0.000000,-8.517859,-0.165541,-0.101241,0.000000,0.000000,0.000000
0.000000,-8.517859,-0.166020,-0.101241,0.000000,0.000000,0.000000
0.000000,-8.535194,-0.166882,-0.101241,0.000000,0.000000,0.000000
0.000000,-8.535194,-0.167265,-0.101241,0.000000,0.000000,0.000000
0.000000,-8.547804,-0.168224,-0.101241,0.000000,0.000000,0.000000
0.000000,-8.566772,-0.168799,-0.101241,0.000000,0.000000,0.000000
0.000000,-8.566772,-0.169757,-0.101241,0.000000,0.000000,0.000000
0.000000,-8.579664,-0.170236,-0.101241,0.000000,0.000000,0.000000
0.000000,-8.579664,-0.171098,-0.101241,0.000000,0.000000,0.000000
0.000000,-8.598564,-0.171482,-0.101241,0.000000,0.000000,0.000000
0.000000,-8.611076,-0.172153,-0.101241,0.000000,0.000000,0.000000
0.000000,-8.611076,-0.172536,-0.101337,0.000000,0.000000,0.000000
0.000000,-8.628923,-0.173207,-0.101337,0.000000,0.000000,0.000000
0.000000,-8.628923,-0.173686,-0.101337,0.000000,0.000000,0.000000
0.000000,-8.640072,-0.174644,-0.101337,0.000000,0.000000,0.000000
0.000000,-8.654767,-0.175027,-0.101337,0.000000,0.000000,0.000000
0.000000,-8.654767,-0.175794,-0.101337,0.000000,0.000000,0.000000
0.000000,-8.665618,-0.176177,-0.101337,0.000000,0.000000,0.000000
0.000000,-8.665618,-0.177135,-0.101337,0.000000,0.000000,0.000000
0.000000,-8.681607,-0.177519,-0.101337,0.000000,0.000000,0.000000
0.000000,-8.692990,-0.178285,-0.101337,0.000000,0.000000,0.000000
0.000000,-8.692990,-0.178765,-0.101433,0.000000,0.000000,0.000000
0.000000,-8.707586,-0.179723,-0.101433,0.000000,0.000000,0.000000
0.000000,-8.707586,-0.180298,-0.101433,0.000000,0.000000,0.000000
0.000000,-8.717156,-0.181160,-0.101433,0.000000,0.000000,0.000000
0.000000,-8.731171,-0.181544,-0.101433,0.000000,0.000000,0.000000
0.000000,-8.731171,-0.182406,-0.101433,0.000000,0.000000,0.000000
0.000000,-8.741155,-0.182789,-0.101433,0.000000,0.000000,0.000000
0.000000,-8.741155,-0.183556,-0.101433,0.000000,0.000000,0.000000
0.000000,-8.756393,-0.183939,-0.101433,0.000000,0.000000,0.000000
0.000000,-8.768126,-0.184802,-0.101433,0.000000,0.000000,0.000000
0.000000,-8.768126,-0.185281,-0.101433,0.000000,0.000000,0.000000
0.000000,-8.786440,-0.186048,-0.101433,0.000000,0.000000,0.000000
0.000000,-8.786440,-0.186335,-0.101433,0.000000,0.000000,0.000000
0.000000,-8.800027,-0.187102,-0.101433,0.000000,0.000000,0.000000
0.000000,-8.821172,-0.187389,-0.101433,0.000000,0.000000,0.000000
0.000000,-8.821172,-0.188251,-0.101433,0.000000,0.000000,0.000000
0.000000,-8.835665,-0.188539,-0.101433,0.000000,0.000000,0.000000
0.000000,-8.835665,-0.189210,-0.101528,0.000000,0.000000,0.000000
0.000000,-8.856049,-0.189593,-0.101528,0.000000,0.000000,0.000000
0.000000,-8.870037,-0.190360,-0.101528,0.000000,0.000000,0.000000
0.000000,-8.870037,-0.190839,-0.101528,0.000000,0.000000,0.000000
0.000000,-8.891817,-0.191605,-0.101528,0.000000,0.000000,0.000000
0.000000,-8.891817,-0.191893,-0.101528,0.000000,0.000000,0.000000
0.000000,-8.906966,-0.192564,-0.101528,0.000000,0.000000,0.000000
0.000000,-8.928073,-0.193043,-0.101624,0.000000,0.000000,0.000000
0.000000,-8.928073,-0.193905,-0.101624,0.000000,0.000000,0.000000
0.000000,-8.942687,-0.194288,-0.101624,0.000000,0.000000,0.000000
0.000000,-8.942687,-0.194959,-0.101624,0.000000,0.000000,0.000000
0.000000,-8.965134,-0.195439,-0.101624,0.000000,0.000000,0.000000
0.000000,-8.980458,-0.196301,-0.101624,0.000000,0.000000,0.000000
0.000000,-8.980458,-0.196780,-0.101624,0.000000,0.000000,0.000000
0.000000,-9.003520,-0.197643,-0.101624,0.000000,0.000000,0.000000
0.000000,-9.003520,-0.198026,-0.101720,0.000000,0.000000,0.000000
0.000000,-9.020114,-0.198888,-0.101720,0.000000,0.000000,0.000000
0.000000,-9.043856,-0.199272,-0.101720,0.000000,0.000000,0.000000
0.000000,-9.043856,-0.199942,-0.101720,0.000000,0.000000,0.000000
0.000000,-9.060082,-0.200326,-0.101720,0.000000,0.000000,0.000000
0.000000,-9.060082,-0.201092,-0.101720,0.000000,0.000000,0.000000
0.000000,-9.085162,-0.201571,-0.101720,0.000000,0.000000,0.000000
0.000000,-9.101736,-0.202434,-0.101720,0.000000,0.000000,0.000000
0.000000,-9.101736,-0.202817,-0.101816,0.000000,0.000000,0.000000
0.000000,-9.127888,-0.203584,-0.101816,0.000000,0.000000,0.000000
0.000000,-9.127888,-0.203967,-0.101816,0.000000,0.000000,0.000000
0.000000,-9.146681,-0.204734,-0.101816,0.000000,0.000000,0.000000
0.000000,-9.175563,-0.205021,-0.101816,0.000000,0.000000,0.000000
0.000000,-9.175563,-0.205692,-0.101816,0.000000,0.000000,0.000000
0.000000,-9.194616,-0.206075,-0.101816,0.000000,0.000000,0.000000
0.000000,-9.194616,-0.206938,-0.101816,0.000000,0.000000,0.000000
0.000000,-9.222826,-0.207513,-0.101816,0.000000,0.000000,0.000000
0.000000,-9.241940,-0.208375,-0.101912,0.000000,0.000000,0.000000
0.000000,-9.241940,-0.208758,-0.101912,0.000000,0.000000,0.000000
0.000000,-9.271796,-0.209621,-0.101912,0.000000,0.000000,0.000000
0.000000,-9.271796,-0.210100,-0.101912,0.000000,0.000000,0.000000
0.000000,-9.290855,-0.210963,-0.101912,0.000000,0.000000,0.000000
0.000000,-9.317228,-0.211346,-0.101912,0.000000,0.000000,0.000000
0.000000,-9.317228,-0.212208,-0.101912,0.000000,0.000000,0.000000
0.000000,-9.333510,-0.212783,-0.102008,0.000000,0.000000,0.000000
0.000000,-9.333510,-0.213742,-0.102008,0.000000,0.000000,0.000000
0.000000,-9.357203,-0.214221,-0.102008,0.000000,0.000000,0.000000
0.000000,-9.373244,-0.215083,-0.102008,0.000000,0.000000,0.000000
0.000000,-9.373244,-0.215562,-0.102008,0.000000,0.000000,0.000000
0.000000,-9.398529,-0.216329,-0.102008,0.000000,0.000000,0.000000
0.000000,-9.398529,-0.216712,-0.102103,0.000000,0.000000,0.000000
0.000000,-9.414601,-0.217574,-0.102103,0.000000,0.000000,0.000000
0.000000,-9.438535,-0.218054,-0.102103,0.000000,0.000000,0.000000
0.000000,-9.438535,-0.219012,-0.102199,0.000000,0.000000,0.000000
0.000000,-9.454169,-0.219395,-0.102199,0.000000,0.000000,0.000000
0.000000,-9.454169,-0.220258,-0.102199,0.000000,0.000000,0.000000
0.000000,-9.479064,-0.220737,-0.102199,0.000000,0.000000,0.000000
0.000000,-9.495407,-0.221407,-0.102199,0.000000,0.000000,0.000000
0.000000,-9.495407,-0.221887,-0.102199,0.000000,0.000000,0.000000
0.000000,-9.519036,-0.222653,-0.102199,0.000000,0.000000,0.000000
0.000000,-9.519036,-0.223132,-0.102199,0.000000,0.000000,0.000000
0.000000,-9.533426,-0.224282,-0.102199,0.000000,0.000000,0.000000
0.000000,-9.561531,-0.224761,-0.102199,0.000000,0.000000,0.000000
0.000000,-9.561531,-0.225720,-0.102199,0.000000,0.000000,0.000000
0.000000,-9.584048,-0.226199,-0.102199,0.000000,0.000000,0.000000
0.000000,-9.584048,-0.227253,-0.102199,0.000000,0.000000,0.000000
0.000000,-9.616058,-0.227732,-0.102199,0.000000,0.000000,0.000000
0.000000,-9.634681,-0.228786,-0.102199,0.000000,0.000000,0.000000
0.000000,-9.634681,-0.229361,-0.102199,0.000000,0.000000,0.000000
0.000000,-9.659108,-0.230319,-0.102199,0.000000,0.000000,0.000000
0.000000,-9.659108,-0.230798,-0.102295,0.000000,0.000000,0.000000
0.000000,-9.674580,-0.231853,-0.102295,0.000000,0.000000,0.000000
0.000000,-9.699558,-0.232332,-0.102391,0.000000,0.000000,0.000000
0.000000,-9.699558,-0.233194,-0.102391,0.000000,0.000000,0.000000
0.000000,-9.716192,-0.233577,-0.102582,0.000000,0.000000,0.000000
0.000000,-9.716192,-0.234536,-0.102582,0.000000,0.000000,0.000000
0.000000,-9.742579,-0.235015,-0.102774,0.000000,0.000000,0.000000
0.000000,-9.759511,-0.235973,-0.102966,0.000000,0.000000,0.000000
0.000000,-9.759511,-0.236356,-0.103349,0.000000,0.000000,0.000000
0.000000,-9.785984,-0.237219,-0.103637,0.000000,0.000000,0.000000
0.000000,-9.785984,-0.237698,-0.104116,0.000000,0.000000,0.000000
0.000000,-9.803329,-0.238560,-0.104307,0.000000,0.000000,0.000000
0.000000,-9.827595,-0.238944,-0.104595,0.000000,0.000000,0.000000
0.000000,-9.827595,-0.239902,-0.104595,0.000000,0.000000,0.000000
0.000000,-9.842793,-0.240381,-0.104691,0.000000,0.000000,0.000000
0.000000,-9.842793,-0.241435,-0.104691,0.000000,0.000000,0.000000
0.000000,-9.865704,-0.241915,-0.104691,0.000000,0.000000,0.000000
0.000000,-9.883541,-0.243064,-0.104691,0.000000,0.000000,0.000000
0.000000,-9.883541,-0.243544,-0.104786,0.000000,0.000000,0.000000
0.000000,-9.913815,-0.244502,-0.104786,0.000000,0.000000,0.000000
0.000000,-9.913815,-0.244981,-0.104882,0.000000,0.000000,0.000000
0.000000,-9.934598,-0.246131,-0.104882,0.000000,0.000000,0.000000
0.000000,-9.962124,-0.246706,-0.104882,0.000000,0.000000,0.000000
0.000000,-9.962124,-0.247760,-0.104882,0.000000,0.000000,0.000000
0.000000,-9.979173,-0.248335,-0.104978,0.000000,0.000000,0.000000
0.000000,-9.979173,-0.249293,-0.104978,0.000000,0.000000,0.000000
0.000000,-10.004689,-0.249676,-0.104978,0.000000,0.000000,0.000000
0.000000,-10.021657,-0.250443,-0.105074,0.000000,0.000000,0.000000
0.000000,-10.021657,-0.250922,-0.105074,0.000000,0.000000,0.000000
0.000000,-10.047861,-0.251880,-0.105170,0.000000,0.000000,0.000000
0.000000,-10.047861,-0.252359,-0.105266,0.000000,0.000000,0.000000
0.000000,-10.064993,-0.253222,-0.105266,0.000000,0.000000,0.000000
0.000000,-10.088130,-0.253605,-0.105457,0.000000,0.000000,0.000000
0.000000,-10.088130,-0.254372,-0.105457,0.000000,0.000000,0.000000
0.000000,-10.101437,-0.254851,-0.105649,0.000000,0.000000,0.000000
0.000000,-10.101437,-0.255522,-0.105745,0.000000,0.000000,0.000000
0.000000,-10.117853,-0.255905,-0.105937,0.000000,0.000000,0.000000
0.000000,-10.127566,-0.256768,-0.106032,0.000000,0.000000,0.000000
0.000000,-10.127566,-0.257247,-0.106320,0.000000,0.000000,0.000000
0.000000,-10.138328,-0.258205,-0.106511,0.000000,0.000000,0.000000
0.000000,-10.138328,-0.258588,-0.106703,0.000000,0.000000,0.000000
0.000000,-10.145234,-0.259355,-0.106799,0.000000,0.000000,0.000000
0.000000,-10.155323,-0.259834,-0.106895,0.000000,0.000000,0.000000
0.000000,-10.155323,-0.260696,-0.106895,0.000000,0.000000,0.000000
0.000000,-10.163835,-0.261176,-0.106895,0.000000,0.000000,0.000000
0.000000,-10.163835,-0.262038,-0.106991,0.000000,0.000000,0.000000
0.000000,-10.178689,-0.262613,-0.106991,0.000000,0.000000,0.000000
0.000000,-10.190664,-0.263571,-0.106991,0.000000,0.000000,0.000000
0.000000,-10.190664,-0.263955,-0.107086,0.000000,0.000000,0.000000
0.000000,-10.210450,-0.264817,-0.107086,0.000000,0.000000,0.000000
0.000000,-10.210450,-0.265296,-0.107086,0.000000,0.000000,0.000000
0.000000,-10.224264,-0.266159,-0.107086,0.000000,0.000000,0.000000
0.000000,-10.243324,-0.266542,-0.107182,0.000000,0.000000,0.000000
0.000000,-10.243324,-0.267404,-0.107182,0.000000,0.000000,0.000000
0.000000,-10.255581,-0.267787,-0.107182,0.000000,0.000000,0.000000
0.000000,-10.255581,-0.268650,-0.107182,0.000000,0.000000,0.000000
0.000000,-10.273006,-0.268937,-0.107278,0.000000,0.000000,0.000000
0.000000,-10.285365,-0.269608,-0.107278,0.000000,0.000000,0.000000
0.000000,-10.285365,-0.269800,-0.107278,0.000000,0.000000,0.000000
0.000000,-10.302636,-0.270566,-0.107278,0.000000,0.000000,0.000000
0.000000,-10.302636,-0.270854,-0.107374,0.000000,0.000000,0.000000
0.000000,-10.314135,-0.271525,-0.107374,0.000000,0.000000,0.000000
0.000000,-10.329369,-0.271812,-0.107374,0.000000,0.000000,0.000000
0.000000,-10.329369,-0.272291,-0.107374,0.000000,0.000000,0.000000
0.000000,-10.338951,-0.272579,-0.107470,0.000000,0.000000,0.000000
0.000000,-10.338951,-0.273346,-0.107470,0.000000,0.000000,0.000000
0.000000,-10.350118,-0.273825,-0.107470,0.000000,0.000000,0.000000
0.000000,-10.357740,-0.274496,-0.107470,0.000000,0.000000,0.000000
0.000000,-10.357740,-0.274783,-0.107470,0.000000,0.000000,0.000000
0.000000,-10.367296,-0.275358,-0.107470,0.000000,0.000000,0.000000
0.000000,-10.367296,-0.275645,-0.107470,0.000000,0.000000,0.000000
0.000000,-10.373743,-0.276508,-0.107470,0.000000,0.000000,0.000000
0.000000,-10.381701,-0.276891,-0.107470,0.000000,0.000000,0.000000
0.000000,-10.381701,-0.277562,-0.107470,0.000000,0.000000,0.000000
0.000000,-10.387918,-0.277849,-0.107470,0.000000,0.000000,0.000000
0.000000,-10.387918,-0.278520,-0.107470,0.000000,0.000000,0.000000
0.000000,-10.396626,-0.278999,-0.107470,0.000000,0.000000,0.000000
0.000000,-10.403921,-0.279862,-0.107470,0.000000,0.000000,0.000000
0.000000,-10.403921,-0.280149,-0.107565,0.000000,0.000000,0.000000
0.000000,-10.414983,-0.280820,-0.107565,0.000000,0.000000,0.000000
0.000000,-10.414983,-0.281203,-0.107565,0.000000,0.000000,0.000000
0.000000,-10.423781,-0.281874,-0.107565,0.000000,0.000000,0.000000
0.000000,-10.437552,-0.282257,-0.107661,0.000000,0.000000,0.000000
0.000000,-10.437552,-0.282832,-0.107661,0.000000,0.000000,0.000000
0.000000,-10.446787,-0.283120,-0.107661,0.000000,0.000000,0.000000
0.000000,-10.446787,-0.283599,-0.107661,0.000000,0.000000,0.000000
0.000000,-10.459534,-0.283886,-0.107757,0.000000,0.000000,0.000000
0.000000,-10.468534,-0.284653,-0.107853,0.000000,0.000000,0.000000
0.000000,-10.468534,-0.285036,-0.107853,0.000000,0.000000,0.000000
0.000000,-10.481544,-0.285611,-0.107949,0.000000,0.000000,0.000000
0.000000,-10.481544,-0.285803,-0.108045,0.000000,0.000000,0.000000
0.000000,-10.490676,-0.286282,-0.108045,0.000000,0.000000,0.000000
0.000000,-10.504572,-0.286570,-0.108236,0.000000,0.000000,0.000000
0.000000,-10.504572,-0.287240,-0.108332,0.000000,0.000000,0.000000
0.000000,-10.513693,-0.287528,-0.108619,0.000000,0.000000,0.000000
0.000000,-10.513693,-0.288007,-0.108907,0.000000,0.000000,0.000000
0.000000,-10.527040,-0.288198,-0.109482,0.000000,0.000000,0.000000
0.000000,-10.536458,-0.288582,-0.109865,0.000000,0.000000,0.000000
0.000000,-10.536458,-0.288774,-0.110344,0.000000,0.000000,0.000000
0.000000,-10.551043,-0.289349,-0.110536,0.000000,0.000000,0.000000
0.000000,-10.551043,-0.289732,-0.110823,0.000000,0.000000,0.000000
0.000000,-10.560615,-0.290498,-0.110919,0.000000,0.000000,0.000000
0.000000,-10.574921,-0.290786,-0.111303,0.000000,0.000000,0.000000
0.000000,-10.574921,-0.291361,-0.111494,0.000000,0.000000,0.000000
0.000000,-10.586030,-0.291553,-0.112165,0.000000,0.000000,0.000000
0.000000,-10.586030,-0.292128,-0.112548,0.000000,0.000000,0.000000
0.000000,-10.602690,-0.292511,-0.113123,0.000000,0.000000,0.000000
0.000000,-10.611670,-0.293373,-0.113315,0.000000,0.000000,0.000000
0.000000,-10.611670,-0.293757,-0.113698,0.000000,0.000000,0.000000
0.000000,-10.622929,-0.294427,-0.113794,0.000000,0.000000,0.000000
0.000000,-10.622929,-0.294715,-0.114273,0.000000,0.000000,0.000000
0.000000,-10.631490,-0.295481,-0.114561,0.000000,0.000000,0.000000
0.000000,-10.648129,-0.295961,-0.115327,0.000000,0.000000,0.000000
0.000000,-10.648129,-0.296727,-0.115710,0.000000,0.000000,0.000000
0.000000,-10.660515,-0.297111,-0.116190,0.000000,0.000000,0.000000
0.000000,-10.660515,-0.297781,-0.116286,0.000000,0.000000,0.000000
0.000000,-10.681693,-0.298260,-0.116477,0.000000,0.000000,0.000000
0.000000,-10.695114,-0.299123,-0.116573,0.000000,0.000000,0.000000
0.000000,-10.695114,-0.299506,-0.116861,0.000000,0.000000,0.000000
0.000000,-10.720227,-0.300369,-0.116956,0.000000,0.000000,0.000000
0.000000,-10.720227,-0.300848,-0.117436,0.000000,0.000000,0.000000
0.000000,-10.738890,-0.301806,-0.117723,0.000000,0.000000,0.000000
0.000000,-10.768479,-0.302189,-0.118202,0.000000,0.000000,0.000000
0.000000,-10.768479,-0.303052,-0.118394,0.000000,0.000000,0.000000
0.000000,-10.786163,-0.303435,-0.118586,0.000000,0.000000,0.000000
0.000000,-10.786163,-0.304298,-0.118681,0.000000,0.000000,0.000000
0.000000,-10.811864,-0.304777,-0.118681,0.000000,0.000000,0.000000
0.000000,-10.827159,-0.305543,-0.118777,0.000000,0.000000,0.000000
0.000000,-10.827159,-0.306023,-0.118873,0.000000,0.000000,0.000000
0.000000,-10.851600,-0.306981,-0.118873,0.000000,0.000000,0.000000
0.000000,-10.851600,-0.307556,-0.119065,0.000000,0.000000,0.000000
0.000000,-10.867498,-0.308418,-0.119065,0.000000,0.000000,0.000000
0.000000,-10.891180,-0.308897,-0.119256,0.000000,0.000000,0.000000
0.000000,-10.891180,-0.309951,-0.119352,0.000000,0.000000,0.000000
0.000000,-10.904399,-0.310431,-0.119544,0.000000,0.000000,0.000000
0.000000,-10.904399,-0.311485,-0.119735,0.000000,0.000000,0.000000
0.000000,-10.922938,-0.312059,-0.120023,0.000000,0.000000,0.000000
0.000000,-10.933496,-0.313114,-0.120215,0.000000,0.000000,0.000000
0.000000,-10.933496,-0.313689,-0.120694,0.000000,0.000000,0.000000
0.000000,-10.950572,-0.314743,-0.120885,0.000000,0.000000,0.000000
0.000000,-10.950572,-0.315318,-0.121077,0.000000,0.000000,0.000000
0.000000,-10.962899,-0.316276,-0.121173,0.000000,0.000000,0.000000
0.000000,-10.985316,-0.316755,-0.121269,0.000000,0.000000,0.000000
0.000000,-10.985316,-0.317905,-0.121269,0.000000,0.000000,0.000000
0.000000,-11.001700,-0.318384,-0.121365,0.000000,0.000000,0.000000
0.000000,-11.001700,-0.319534,-0.121365,0.000000,0.000000,0.000000
0.000000,-11.029506,-0.320109,-0.121460,0.000000,0.000000,0.000000
0.000000,-11.048541,-0.321163,-0.121460,0.000000,0.000000,0.000000
0.000000,-11.048541,-0.321642,-0.121556,0.000000,0.000000,0.000000
0.000000,-11.075996,-0.322601,-0.121652,0.000000,0.000000,0.000000
0.000000,-11.075996,-0.323175,-0.121748,0.000000,0.000000,0.000000
0.000000,-11.092186,-0.324325,-0.121748,0.000000,0.000000,0.000000
0.000000,-11.113523,-0.324900,-0.121844,0.000000,0.000000,0.000000
0.000000,-11.113523,-0.326146,-0.121844,0.000000,0.000000,0.000000
0.000000,-11.127297,-0.326625,-0.121939,0.000000,0.000000,0.000000
0.000000,-11.127297,-0.327679,-0.122035,0.000000,0.000000,0.000000
0.000000,-11.148379,-0.328158,-0.122131,0.000000,0.000000,0.000000
0.000000,-11.162820,-0.329404,-0.122227,0.000000,0.000000,0.000000
0.000000,-11.162820,-0.329883,-0.122419,0.000000,0.000000,0.000000
0.000000,-11.185425,-0.331033,-0.122514,0.000000,0.000000,0.000000
0.000000,-11.185425,-0.331704,-0.122898,0.000000,0.000000,0.000000
0.000000,-11.201799,-0.332662,-0.123089,0.000000,0.000000,0.000000
0.000000,-11.227507,-0.333141,-0.123569,0.000000,0.000000,0.000000
0.000000,-11.227507,-0.334291,-0.123760,0.000000,0.000000,0.000000
0.000000,-11.245219,-0.334866,-0.123952,0.000000,0.000000,0.000000
0.000000,-11.245219,-0.335825,-0.124048,0.000000,0.000000,0.000000
0.000000,-11.272048,-0.336400,-0.124048,0.000000,0.000000,0.000000
0.000000,-11.290327,-0.337549,-0.124143,0.000000,0.000000,0.000000
0.000000,-11.290327,-0.337933,-0.124143,0.000000,0.000000,0.000000
0.000000,-11.317902,-0.338987,-0.124239,0.000000,0.000000,0.000000
0.000000,-11.317902,-0.339562,-0.124335,0.000000,0.000000,0.000000
0.000000,-11.336201,-0.340616,-0.124335,0.000000,0.000000,0.000000
0.000000,-11.359933,-0.341191,-0.124431,0.000000,0.000000,0.000000
0.000000,-11.359933,-0.342341,-0.124431,0.000000,0.000000,0.000000
0.000000,-11.374366,-0.342820,-0.124527,0.000000,0.000000,0.000000
0.000000,-11.374366,-0.343874,-0.124527,0.000000,0.000000,0.000000
0.000000,-11.393246,-0.344353,-0.124623,0.000000,0.000000,0.000000
0.000000,-11.406268,-0.345503,-0.124718,0.000000,0.000000,0.000000
0.000000,-11.406268,-0.345982,-0.124814,0.000000,0.000000,0.000000
0.000000,-11.425491,-0.346940,-0.124910,0.000000,0.000000,0.000000
0.000000,-11.425491,-0.347420,-0.125102,0.000000,0.000000,0.000000
0.000000,-11.438890,-0.348378,-0.125293,0.000000,0.000000,0.000000
0.000000,-11.458747,-0.348761,-0.125677,0.000000,0.000000,0.000000
0.000000,-11.458747,-0.349528,-0.125964,0.000000,0.000000,0.000000
0.000000,-11.472289,-0.349911,-0.126539,0.000000,0.000000,0.000000
0.000000,-11.472289,-0.350773,-0.126827,0.000000,0.000000,0.000000
0.000000,-11.491699,-0.351253,-0.127114,0.000000,0.000000,0.000000
0.000000,-11.505196,-0.352019,-0.127210,0.000000,0.000000,0.000000
0.000000,-11.505196,-0.352403,-0.127306,0.000000,0.000000,0.000000
0.000000,-11.524316,-0.353169,-0.127402,0.000000,0.000000,0.000000
0.000000,-11.524316,-0.353553,-0.127593,0.000000,0.000000,0.000000
0.000000,-11.538164,-0.354319,-0.127785,0.000000,0.000000,0.000000
0.000000,-11.557999,-0.354607,-0.128168,0.000000,0.000000,0.000000
0.000000,-11.557999,-0.355277,-0.128456,0.000000,0.000000,0.000000
0.000000,-11.571156,-0.355565,-0.129222,0.000000,0.000000,0.000000
0.000000,-11.571156,-0.356332,-0.129510,0.000000,0.000000,0.000000
0.000000,-11.587595,-0.356811,-0.129989,0.000000,0.000000,0.000000
0.000000,-11.597952,-0.357481,-0.130180,0.000000,0.000000,0.000000
0.000000,-11.597952,-0.357865,-0.130468,0.000000,0.000000,0.000000
0.000000,-11.612155,-0.358536,-0.130564,0.000000,0.000000,0.000000
0.000000,-11.612155,-0.358919,-0.130947,0.000000,0.000000,0.000000
0.000000,-11.624340,-0.359685,-0.131234,0.000000,0.000000,0.000000
0.000000,-11.643627,-0.360069,-0.132001,0.000000,0.000000,0.000000
0.000000,-11.643627,-0.360739,-0.132289,0.000000,0.000000,0.000000
0.000000,-11.657484,-0.361027,-0.132768,0.000000,0.000000,0.000000
0.000000,-11.657484,-0.361889,-0.132960,0.000000,0.000000,0.000000
0.000000,-11.676001,-0.362368,-0.133151,0.000000,0.000000,0.000000
0.000000,-11.688378,-0.363231,-0.133343,0.000000,0.000000,0.000000
0.000000,-11.688378,-0.363614,-0.133630,0.000000,0.000000,0.000000
0.000000,-11.708421,-0.364285,-0.133918,0.000000,0.000000,0.000000
0.000000,-11.708421,-0.364668,-0.134397,0.000000,0.000000,0.000000
0.000000,-11.722844,-0.365339,-0.134685,0.000000,0.000000,0.000000
0.000000,-11.742931,-0.365722,-0.135164,0.000000,0.000000,0.000000
0.000000,-11.742931,-0.366201,-0.135259,0.000000,0.000000,0.000000
0.000000,-11.754728,-0.366489,-0.135355,0.000000,0.000000,0.000000
0.000000,-11.754728,-0.367256,-0.135451,0.000000,0.000000,0.000000
0.000000,-11.770406,-0.367639,-0.135451,0.000000,0.000000,0.000000
0.000000,-11.781572,-0.368310,-0.135451,0.000000,0.000000,0.000000
0.000000,-11.781572,-0.368597,-0.135547,0.000000,0.000000,0.000000
0.000000,-11.800236,-0.369076,-0.135643,0.000000,0.000000,0.000000
0.000000,-11.800236,-0.369364,-0.135739,0.000000,0.000000,0.000000
0.000000,-11.812592,-0.370035,-0.135739,0.000000,0.000000,0.000000
0.000000,-11.826632,-0.370418,-0.135834,0.000000,0.000000,0.000000
0.000000,-11.826632,-0.370993,-0.135930,0.000000,0.000000,0.000000
0.000000,-11.833235,-0.371280,-0.136122,0.000000,0.000000,0.000000
0.000000,-11.833235,-0.371664,-0.136218,0.000000,0.000000,0.000000
0.000000,-11.841606,-0.372047,-0.136409,0.000000,0.000000,0.000000
0.000000,-11.847685,-0.372718,-0.136505,0.000000,0.000000,0.000000
0.000000,-11.847685,-0.373101,-0.136889,0.000000,0.000000,0.000000
0.000000,-11.855452,-0.373772,-0.137176,0.000000,0.000000,0.000000
0.000000,-11.855452,-0.373964,-0.137559,0.000000,0.000000,0.000000
0.000000,-11.861104,-0.374443,-0.137751,0.000000,0.000000,0.000000
0.000000,-11.869894,-0.374730,-0.137847,0.000000,0.000000,0.000000
0.000000,-11.869894,-0.375401,-0.137847,0.000000,0.000000,0.000000
0.000000,-11.876948,-0.375784,-0.137943,0.000000,0.000000,0.000000
0.000000,-11.876948,-0.376551,-0.137943,0.000000,0.000000,0.000000
0.000000,-11.887573,-0.376838,-0.137943,0.000000,0.000000,0.000000
0.000000,-11.895514,-0.377509,-0.138038,0.000000,0.000000,0.000000
0.000000,-11.895514,-0.377892,-0.138038,0.000000,0.000000,0.000000
0.000000,-11.907369,-0.378659,-0.138038,0.000000,0.000000,0.000000
0.000000,-11.907369,-0.379042,-0.138038,0.000000,0.000000,0.000000
0.000000,-11.914285,-0.379617,-0.138038,0.000000,0.000000,0.000000
0.000000,-11.922450,-0.379905,-0.138038,0.000000,0.000000,0.000000
0.000000,-11.922450,-0.380480,-0.138038,0.000000,0.000000,0.000000
0.000000,-11.927239,-0.380767,-0.138134,0.000000,0.000000,0.000000
0.000000,-11.927239,-0.381438,-0.138134,0.000000,0.000000,0.000000
0.000000,-11.933770,-0.381725,-0.138134,0.000000,0.000000,0.000000
0.000000,-11.937646,-0.382205,-0.138134,0.000000,0.000000,0.000000
0.000000,-11.937646,-0.382492,-0.138230,0.000000,0.000000,0.000000
0.000000,-11.943994,-0.382875,-0.138230,0.000000,0.000000,0.000000
0.000000,-11.943994,-0.383163,-0.138230,0.000000,0.000000,0.000000
0.000000,-11.948817,-0.383738,-0.138326,0.000000,0.000000,0.000000
0.000000,-11.953705,-0.384025,-0.138326,0.000000,0.000000,0.000000
0.000000,-11.953705,-0.384505,-0.138326,0.000000,0.000000,0.000000
0.000000,-11.955304,-0.384696,-0.138326,0.000000,0.000000,0.000000
0.000000,-11.955304,-0.384984,-0.138422,0.000000,0.000000,0.000000
0.000000,-11.955627,-0.385080,-0.138422,0.000000,0.000000,0.000000
0.000000,-11.954348,-0.385463,-0.138422,0.000000,0.000000,0.000000
0.000000,-11.954348,-0.385654,-0.138422,0.000000,0.000000,0.000000
0.000000,-11.948120,-0.386134,-0.138517,0.000000,0.000000,0.000000
0.000000,-11.948120,-0.386325,-0.138517,0.000000,0.000000,0.000000
0.000000,-11.942280,-0.386804,-0.138517,0.000000,0.000000,0.000000
0.000000,-11.932188,-0.386900,-0.138517,0.000000,0.000000,0.000000
0.000000,-11.932188,-0.387092,-0.138517,0.000000,0.000000,0.000000
0.000000,-11.926257,-0.387188,-0.138517,0.000000,0.000000,0.000000
0.000000,-11.926257,-0.387284,-0.138517,0.000000,0.000000,0.000000
0.000000,-11.914483,-0.387475,-0.138517,0.000000,0.000000,0.000000
0.000000,-11.906229,-0.387667,-0.138517,0.000000,0.000000,0.000000
0.000000,-11.906229,-0.387763,-0.138517,0.000000,0.000000,0.000000
0.000000,-11.892323,-0.387954,-0.138517,0.000000,0.000000,0.000000
0.000000,-11.892323,-0.388050,-0.138517,0.000000,0.000000,0.000000
0.000000,-11.883795,-0.388242,-0.138517,0.000000,0.000000,0.000000
0.000000,-11.869168,-0.388433,-0.138517,0.000000,0.000000,0.000000
0.000000,-11.869168,-0.388625,-0.138517,0.000000,0.000000,0.000000
0.000000,-11.859927,-0.388817,-0.138517,0.000000,0.000000,0.000000
0.000000,-11.859927,-0.389104,-0.138517,0.000000,0.000000,0.000000
0.000000,-11.843437,-0.389200,-0.138517,0.000000,0.000000,0.000000
0.000000,-11.832704,-0.389488,-0.138517,0.000000,0.000000,0.000000
0.000000,-11.832704,-0.389583,-0.138517,0.000000,0.000000,0.000000
0.000000,-11.814834,-0.389775,-0.138517,0.000000,0.000000,0.000000
0.000000,-11.814834,-0.389871,-0.138517,0.000000,0.000000,0.000000
0.000000,-11.803161,-0.389966,-0.138517,0.000000,0.000000,0.000000
0.000000,-11.785324,-0.390062,-0.138517,0.000000,0.000000,0.000000
0.000000,-11.785324,-0.390254,-0.138517,0.000000,0.000000,0.000000
0.000000,-11.775455,-0.390254,-0.138517,0.000000,0.000000,0.000000
0.000000,-11.775455,-0.390350,-0.138517,0.000000,0.000000,0.000000
0.000000,-11.761527,-0.390446,-0.138517,0.000000,0.000000,0.000000
0.000000,-11.753696,-0.390542,-0.138517,0.000000,0.000000,0.000000
0.000000,-11.753696,-0.390542,-0.138517,0.000000,0.000000,0.000000
0.000000,-11.741352,-0.390733,-0.138517,0.000000,0.000000,0.000000
0.000000,-11.741352,-0.390733,-0.138517,0.000000,0.000000,0.000000
0.000000,-11.734072,-0.390925,-0.138517,0.000000,0.000000,0.000000
0.000000,-11.721846,-0.391021,-0.138517,0.000000,0.000000,0.000000
0.000000,-11.721846,-0.391308,-0.138517,0.000000,0.000000,0.000000
0.000000,-11.713637,-0.391404,-0.138517,0.000000,0.000000,0.000000
0.000000,-11.713637,-0.391691,-0.138517,0.000000,0.000000,0.000000
0.000000,-11.701064,-0.391883,-0.138517,0.000000,0.000000,0.000000
0.000000,-11.694712,-0.392267,-0.138422,0.000000,0.000000,0.000000
0.000000,-11.694712,-0.392458,-0.138422,0.000000,0.000000,0.000000
0.000000,-11.687598,-0.392650,-0.138422,0.000000,0.000000,0.000000
0.000000,-11.687598,-0.392745,-0.138422,0.000000,0.000000,0.000000
0.000000,-11.685586,-0.392841,-0.138422,0.000000,0.000000,0.000000
0.000000,-11.684862,-0.392937,-0.138422,0.000000,0.000000,0.000000
0.000000,-11.684862,-0.393129,-0.138422,0.000000,0.000000,0.000000
0.000000,-11.686039,-0.393225,-0.138422,0.000000,0.000000,0.000000
0.000000,-11.686039,-0.393416,-0.138422,0.000000,0.000000,0.000000
0.000000,-11.689683,-0.393512,-0.138422,0.000000,0.000000,0.000000
0.000000,-11.694050,-0.393704,-0.138422,0.000000,0.000000,0.000000
0.000000,-11.694050,-0.393895,-0.138422,0.000000,0.000000,0.000000
0.000000,-11.702265,-0.394183,-0.138422,0.000000,0.000000,0.000000
0.000000,-11.702265,-0.394279,-0.138422,0.000000,0.000000,0.000000
0.000000,-11.708363,-0.394758,-0.138422,0.000000,0.000000,0.000000
0.000000,-11.718006,-0.394949,-0.138422,0.000000,0.000000,0.000000
0.000000,-11.718006,-0.395333,-0.138422,0.000000,0.000000,0.000000
0.000000,-11.726519,-0.395429,-0.138422,0.000000,0.000000,0.000000
0.000000,-11.726519,-0.395620,-0.138422,0.000000,0.000000,0.000000
0.000000,-11.742490,-0.395716,-0.138422,0.000000,0.000000,0.000000
0.000000,-11.757023,-0.395908,-0.138422,0.000000,0.000000,0.000000
0.000000,-11.757023,-0.396003,-0.138517,0.000000,0.000000,0.000000
0.000000,-11.783175,-0.396291,-0.138517,0.000000,0.000000,0.000000
0.000000,-11.783175,-0.396387,-0.138709,0.000000,0.000000,0.000000
0.000000,-11.804288,-0.396579,-0.138709,0.000000,0.000000,0.000000
0.000000,-11.837065,-0.396770,-0.138997,0.000000,0.000000,0.000000
0.000000,-11.837065,-0.396962,-0.139092,0.000000,0.000000,0.000000
0.000000,-11.859370,-0.397058,-0.139476,0.000000,0.000000,0.000000
0.000000,-11.859370,-0.397345,-0.139667,0.000000,0.000000,0.000000
0.000000,-11.890702,-0.397537,-0.140146,0.000000,0.000000,0.000000
0.000000,-11.909952,-0.397728,-0.140338,0.000000,0.000000,0.000000
0.000000,-11.909952,-0.397825,-0.140530,0.000000,0.000000,0.000000
0.000000,-11.937696,-0.398016,-0.140530,0.000000,0.000000,0.000000
0.000000,-11.937696,-0.398016,-0.140626,0.000000,0.000000,0.000000
0.000000,-11.957842,-0.398208,-0.140626,0.000000,0.000000,0.000000
0.000000,-11.990945,-0.398208,-0.140721,0.000000,0.000000,0.000000
0.000000,-11.990945,-0.398304,-0.140817,0.000000,0.000000,0.000000
0.000000,-12.016768,-0.398399,-0.140913,0.000000,0.000000,0.000000
0.000000,-12.016768,-0.398399,-0.141009,0.000000,0.000000,0.000000
0.000000,-12.055717,-0.398399,-0.141201,0.000000,0.000000,0.000000
0.000000,-12.080783,-0.398399,-0.141296,0.000000,0.000000,0.000000
0.000000,-12.080783,-0.398399,-0.141488,0.000000,0.000000,0.000000
0.000000,-12.114032,-0.398399,-0.141584,0.000000,0.000000,0.000000
0.000000,-12.114032,-0.398399,-0.141871,0.000000,0.000000,0.000000
0.000000,-12.133558,-0.398399,-0.142063,0.000000,0.000000,0.000000
0.000000,-12.158548,-0.398399,-0.142638,0.000000,0.000000,0.000000
0.000000,-12.158548,-0.398399,-0.142926,0.000000,0.000000,0.000000
0.000000,-12.173093,-0.398399,-0.143500,0.000000,0.000000,0.000000
0.000000,-12.173093,-0.398399,-0.143692,0.000000,0.000000,0.000000
0.000000,-12.192084,-0.398399,-0.143884,0.000000,0.000000,0.000000
0.000000,-12.204814,-0.398399,-0.143884,0.000000,0.000000,0.000000
0.000000,-12.204814,-0.398399,-0.143980,0.000000,0.000000,0.000000
0.000000,-12.224293,-0.398399,-0.144075,0.000000,0.000000,0.000000
0.000000,-12.224293,-0.398399,-0.144267,0.000000,0.000000,0.000000
0.000000,-12.239775,-0.398399,-0.144363,0.000000,0.000000,0.000000
0.000000,-12.262536,-0.398399,-0.144650,0.000000,0.000000,0.000000
0.000000,-12.262536,-0.398399,-0.144842,0.000000,0.000000,0.000000
0.000000,-12.277196,-0.398399,-0.145321,0.000000,0.000000,0.000000
0.000000,-12.277196,-0.398399,-0.145513,0.000000,0.000000,0.000000
0.000000,-12.295884,-0.398399,-0.146088,0.000000,0.000000,0.000000
0.000000,-12.307251,-0.398399,-0.146183,0.000000,0.000000,0.000000
0.000000,-12.307251,-0.398399,-0.146375,0.000000,0.000000,0.000000
0.000000,-12.323092,-0.398399,-0.146471,0.000000,0.000000,0.000000
0.000000,-12.323092,-0.398399,-0.146471,0.000000,0.000000,0.000000
0.000000,-12.335144,-0.398399,-0.146567,0.000000,0.000000,0.000000
0.000000,-12.355011,-0.398399,-0.146663,0.000000,0.000000,0.000000
0.000000,-12.355011,-0.398399,-0.146663,0.000000,0.000000,0.000000
0.000000,-12.370286,-0.398399,-0.146854,0.000000,0.000000,0.000000
0.000000,-12.370286,-0.398399,-0.146854,0.000000,0.000000,0.000000
0.000000,-12.392425,-0.398399,-0.147046,0.000000,0.000000,0.000000
0.000000,-12.405537,-0.398399,-0.147238,0.000000,0.000000,0.000000
0.000000,-12.405537,-0.398399,-0.147525,0.000000,0.000000,0.000000
0.000000,-12.422955,-0.398399,-0.147717,0.000000,0.000000,0.000000
0.000000,-12.422955,-0.398399,-0.148292,0.000000,0.000000,0.000000
0.000000,-12.433282,-0.398399,-0.148675,0.000000,0.000000,0.000000
0.000000,-12.448306,-0.398399,-0.149250,0.000000,0.000000,0.000000
0.000000,-12.448306,-0.398399,-0.149346,0.000000,0.000000,0.000000
0.000000,-12.458023,-0.398399,-0.149538,0.000000,0.000000,0.000000
0.000000,-12.458023,-0.398399,-0.149633,0.000000,0.000000,0.000000
0.000000,-12.473927,-0.398399,-0.149729,0.000000,0.000000,0.000000
0.000000,-12.486367,-0.398399,-0.149825,0.000000,0.000000,0.000000
0.000000,-12.486367,-0.398399,-0.150017,0.000000,0.000000,0.000000
0.000000,-12.508776,-0.398399,-0.150113,0.000000,0.000000,0.000000
0.000000,-12.508776,-0.398399,-0.150496,0.000000,0.000000,0.000000
0.000000,-12.524585,-0.398399,-0.150783,0.000000,0.000000,0.000000
0.000000,-12.545797,-0.398399,-0.151263,0.000000,0.000000,0.000000
0.000000,-12.545797,-0.398399,-0.151550,0.000000,0.000000,0.000000
0.000000,-12.557074,-0.398399,-0.151837,0.000000,0.000000,0.000000
0.000000,-12.557074,-0.398399,-0.151933,0.000000,0.000000,0.000000
0.000000,-12.572919,-0.398399,-0.151933,0.000000,0.000000,0.000000
0.000000,-12.584158,-0.398399,-0.151933,0.000000,0.000000,0.000000
0.000000,-12.584158,-0.398399,-0.152029,0.000000,0.000000,0.000000
0.000000,-12.604329,-0.398399,-0.152125,0.000000,0.000000,0.000000
0.000000,-12.604329,-0.398399,-0.152221,0.000000,0.000000,0.000000
0.000000,-12.619589,-0.398399,-0.152221,0.000000,0.000000,0.000000
0.000000,-12.642457,-0.398399,-0.152317,0.000000,0.000000,0.000000
0.000000,-12.642457,-0.398399,-0.152412,0.000000,0.000000,0.000000
0.000000,-12.656018,-0.398399,-0.152508,0.000000,0.000000,0.000000
0.000000,-12.656018,-0.398399,-0.152604,0.000000,0.000000,0.000000
0.000000,-12.672712,-0.398399,-0.152700,0.000000,0.000000,0.000000
0.000000,-12.681151,-0.398399,-0.152796,0.000000,0.000000,0.000000
0.000000,-12.681151,-0.398399,-0.153083,0.000000,0.000000,0.000000
0.000000,-12.692536,-0.398399,-0.153179,0.000000,0.000000,0.000000
0.000000,-12.692536,-0.398399,-0.153658,0.000000,0.000000,0.000000
0.000000,-12.700449,-0.398399,-0.153850,0.000000,0.000000,0.000000
0.000000,-12.713395,-0.398399,-0.154329,0.000000,0.000000,0.000000
0.000000,-12.713395,-0.398399,-0.154521,0.000000,0.000000,0.000000
0.000000,-12.723575,-0.398399,-0.154616,0.000000,0.000000,0.000000
0.000000,-12.723575,-0.398399,-0.154712,0.000000,0.000000,0.000000
0.000000,-12.741141,-0.398399,-0.154712,0.000000,0.000000,0.000000
0.000000,-12.755508,-0.398399,-0.154712,0.000000,0.000000,0.000000
0.000000,-12.755508,-0.398399,-0.154808,0.000000,0.000000,0.000000
0.000000,-12.778883,-0.398399,-0.154808,0.000000,0.000000,0.000000
0.000000,-12.778883,-0.398399,-0.154904,0.000000,0.000000,0.000000
0.000000,-12.794710,-0.398399,-0.154904,0.000000,0.000000,0.000000
0.000000,-12.815738,-0.398399,-0.154904,0.000000,0.000000,0.000000
0.000000,-12.815738,-0.398399,-0.155000,0.000000,0.000000,0.000000
0.000000,-12.828031,-0.398399,-0.155000,0.000000,0.000000,0.000000
0.000000,-12.828031,-0.398399,-0.155000,0.000000,0.000000,0.000000
0.000000,-12.843648,-0.398399,-0.155096,0.000000,0.000000,0.000000
0.000000,-12.853770,-0.398399,-0.155096,0.000000,0.000000,0.000000
0.000000,-12.853770,-0.398399,-0.155191,0.000000,0.000000,0.000000
0.000000,-12.869091,-0.398399,-0.155191,0.000000,0.000000,0.000000
0.000000,-12.869091,-0.398399,-0.155383,0.000000,0.000000,0.000000
0.000000,-12.880516,-0.398399,-0.155383,0.000000,0.000000,0.000000
0.000000,-12.897318,-0.398399,-0.155479,0.000000,0.000000,0.000000
0.000000,-12.897318,-0.398399,-0.155575,0.000000,0.000000,0.000000
0.000000,-12.908965,-0.398399,-0.155766,0.000000,0.000000,0.000000
0.000000,-12.908965,-0.398399,-0.155862,0.000000,0.000000,0.000000
0.000000,-12.925799,-0.398399,-0.156245,0.000000,0.000000,0.000000
0.000000,-12.936670,-0.398399,-0.156437,0.000000,0.000000,0.000000
0.000000,-12.936670,-0.398399,-0.156724,0.000000,0.000000,0.000000
0.000000,-12.952132,-0.398399,-0.156916,0.000000,0.000000,0.000000
0.000000,-12.952132,-0.398304,-0.157108,0.000000,0.000000,0.000000
0.000000,-12.963863,-0.398304,-0.157204,0.000000,0.000000,0.000000
0.000000,-12.982604,-0.398304,-0.157300,0.000000,0.000000,0.000000
0.000000,-12.982604,-0.398208,-0.157300,0.000000,0.000000,0.000000
0.000000,-12.998002,-0.398208,-0.157395,0.000000,0.000000,0.000000
0.000000,-12.998002,-0.398208,-0.157395,0.000000,0.000000,0.000000
0.000000,-13.024050,-0.398208,-0.157491,0.000000,0.000000,0.000000
0.000000,-13.042861,-0.398208,-0.157491,0.000000,0.000000,0.000000
0.000000,-13.042861,-0.398208,-0.157587,0.000000,0.000000,0.000000
0.000000,-13.070310,-0.398208,-0.157683,0.000000,0.000000,0.000000
0.000000,-13.070310,-0.398208,-0.157683,0.000000,0.000000,0.000000
0.000000,-13.088369,-0.398208,-0.157779,0.000000,0.000000,0.000000
0.000000,-13.114980,-0.398208,-0.157874,0.000000,0.000000,0.000000
0.000000,-13.114980,-0.398208,-0.157970,0.000000,0.000000,0.000000
0.000000,-13.133084,-0.398208,-0.158066,0.000000,0.000000,0.000000
0.000000,-13.133084,-0.398112,-0.158162,0.000000,0.000000,0.000000
0.000000,-13.160760,-0.398112,-0.158354,0.000000,0.000000,0.000000
0.000000,-13.179664,-0.398112,-0.158545,0.000000,0.000000,0.000000
0.000000,-13.179664,-0.398112,-0.159024,0.000000,0.000000,0.000000
0.000000,-13.209247,-0.398112,-0.159312,0.000000,0.000000,0.000000
0.000000,-13.209247,-0.398016,-0.159982,0.000000,0.000000,0.000000
0.000000,-13.230289,-0.398016,-0.160270,0.000000,0.000000,0.000000
0.000000,-13.263714,-0.398016,-0.160653,0.000000,0.000000,0.000000
0.000000,-13.263714,-0.398016,-0.160845,0.000000,0.000000,0.000000
0.000000,-13.288280,-0.398016,-0.161228,0.000000,0.000000,0.000000
0.000000,-13.288280,-0.398016,-0.161420,0.000000,0.000000,0.000000
0.000000,-13.330404,-0.398016,-0.162187,0.000000,0.000000,0.000000
0.000000,-13.362531,-0.398016,-0.162666,0.000000,0.000000,0.000000
0.000000,-13.362531,-0.398016,-0.163432,0.000000,0.000000,0.000000
0.000000,-13.413833,-0.397920,-0.163720,0.000000,0.000000,0.000000
0.000000,-13.413833,-0.397920,-0.164199,0.000000,0.000000,0.000000
0.000000,-13.449208,-0.397920,-0.164582,0.000000,0.000000,0.000000
0.000000,-13.503966,-0.397920,-0.165445,0.000000,0.000000,0.000000
0.000000,-13.503966,-0.397920,-0.165828,0.000000,0.000000,0.000000
0.000000,-13.542482,-0.397920,-0.166499,0.000000,0.000000,0.000000
0.000000,-13.542482,-0.397920,-0.166786,0.000000,0.000000,0.000000
0.000000,-13.602319,-0.397920,-0.167361,0.000000,0.000000,0.000000
0.000000,-13.643863,-0.397920,-0.167840,0.000000,0.000000,0.000000
0.000000,-13.643863,-0.397920,-0.168703,0.000000,0.000000,0.000000
0.000000,-13.708117,-0.397920,-0.168990,0.000000,0.000000,0.000000
0.000000,-13.708117,-0.397920,-0.169470,0.000000,0.000000,0.000000
0.000000,-13.751877,-0.397920,-0.169853,0.000000,0.000000,0.000000
0.000000,-13.818475,-0.397920,-0.170619,0.000000,0.000000,0.000000
0.000000,-13.818475,-0.397920,-0.171098,0.000000,0.000000,0.000000
0.000000,-13.863888,-0.397920,-0.171865,0.000000,0.000000,0.000000
0.000000,-13.863888,-0.397920,-0.172153,0.000000,0.000000,0.000000
0.000000,-13.931952,-0.397920,-0.172728,0.000000,0.000000,0.000000
0.000000,-13.977450,-0.397920,-0.173111,0.000000,0.000000,0.000000
0.000000,-13.977450,-0.397920,-0.173877,0.000000,0.000000,0.000000
0.000000,-14.046490,-0.397920,-0.174165,0.000000,0.000000,0.000000
0.000000,-14.046490,-0.397920,-0.174644,0.000000,0.000000,0.000000
0.000000,-14.093441,-0.397920,-0.174836,0.000000,0.000000,0.000000
0.000000,-14.163545,-0.397920,-0.175219,0.000000,0.000000,0.000000
0.000000,-14.163545,-0.397920,-0.175506,0.000000,0.000000,0.000000
0.000000,-14.210610,-0.397920,-0.176369,0.000000,0.000000,0.000000
0.000000,-14.210610,-0.397920,-0.176752,0.000000,0.000000,0.000000
0.000000,-14.280528,-0.397920,-0.177615,0.000000,0.000000,0.000000
0.000000,-14.326658,-0.397825,-0.177902,0.000000,0.000000,0.000000
0.000000,-14.326658,-0.397825,-0.178765,0.000000,0.000000,0.000000
0.000000,-14.392515,-0.397825,-0.179340,0.000000,0.000000,0.000000
0.000000,-14.392515,-0.397825,-0.180202,0.000000,0.000000,0.000000
0.000000,-14.436715,-0.397825,-0.180585,0.000000,0.000000,0.000000
0.000000,-14.504501,-0.397825,-0.181544,0.000000,0.000000,0.000000
0.000000,-14.504501,-0.397728,-0.182119,0.000000,0.000000,0.000000
0.000000,-14.551564,-0.397728,-0.183173,0.000000,0.000000,0.000000
0.000000,-14.551564,-0.397728,-0.183652,0.000000,0.000000,0.000000
0.000000,-14.623253,-0.397728,-0.184514,0.000000,0.000000,0.000000
0.000000,-14.672326,-0.397633,-0.184994,0.000000,0.000000,0.000000
0.000000,-14.672326,-0.397633,-0.185664,0.000000,0.000000,0.000000
0.000000,-14.747252,-0.397633,-0.185952,0.000000,0.000000,0.000000
0.000000,-14.747252,-0.397633,-0.186431,0.000000,0.000000,0.000000
0.000000,-14.799239,-0.397633,-0.186814,0.000000,0.000000,0.000000
0.000000,-14.877426,-0.397633,-0.187772,0.000000,0.000000,0.000000
0.000000,-14.877426,-0.397633,-0.188251,0.000000,0.000000,0.000000
0.000000,-14.929528,-0.397633,-0.188922,0.000000,0.000000,0.000000
0.000000,-14.929528,-0.397633,-0.189210,0.000000,0.000000,0.000000
0.000000,-15.005391,-0.397633,-0.189880,0.000000,0.000000,0.000000
0.000000,-15.056151,-0.397633,-0.190360,0.000000,0.000000,0.000000
0.000000,-15.056151,-0.397633,-0.191031,0.000000,0.000000,0.000000
0.000000,-15.132660,-0.397633,-0.191318,0.000000,0.000000,0.000000
0.000000,-15.132660,-0.397537,-0.191893,0.000000,0.000000,0.000000
0.000000,-15.185869,-0.397537,-0.192276,0.000000,0.000000,0.000000
0.000000,-15.265558,-0.397537,-0.193330,0.000000,0.000000,0.000000
0.000000,-15.265558,-0.397441,-0.193809,0.000000,0.000000,0.000000
0.000000,-15.320453,-0.397441,-0.194768,0.000000,0.000000,0.000000
0.000000,-15.320453,-0.397345,-0.195247,0.000000,0.000000,0.000000
0.000000,-15.402268,-0.397345,-0.196397,0.000000,0.000000,0.000000
0.000000,-15.457315,-0.397249,-0.196972,0.000000,0.000000,0.000000
0.000000,-15.457315,-0.397249,-0.197930,0.000000,0.000000,0.000000
0.000000,-15.539535,-0.397153,-0.198601,0.000000,0.000000,0.000000
0.000000,-15.539535,-0.397058,-0.199751,0.000000,0.000000,0.000000
0.000000,-15.596594,-0.396962,-0.200230,0.000000,0.000000,0.000000
0.000000,-15.683462,-0.396866,-0.201380,0.000000,0.000000,0.000000
0.000000,-15.683462,-0.396674,-0.201955,0.000000,0.000000,0.000000
0.000000,-15.743777,-0.396579,-0.202817,0.000000,0.000000,0.000000
0.000000,-15.743777,-0.396387,-0.203296,0.000000,0.000000,0.000000
0.000000,-15.834981,-0.396291,-0.204350,0.000000,0.000000,0.000000
0.000000,-15.897861,-0.396003,-0.204829,0.000000,0.000000,0.000000
0.000000,-15.897861,-0.395908,-0.205596,0.000000,0.000000,0.000000
0.000000,-15.991413,-0.395812,-0.205979,0.000000,0.000000,0.000000
0.000000,-15.991413,-0.395716,-0.206842,0.000000,0.000000,0.000000
0.000000,-16.054512,-0.395620,-0.207321,0.000000,0.000000,0.000000
0.000000,-16.147631,-0.395525,-0.208087,0.000000,0.000000,0.000000
0.000000,-16.147631,-0.395525,-0.208375,0.000000,0.000000,0.000000
0.000000,-16.212795,-0.395429,-0.209237,0.000000,0.000000,0.000000
0.000000,-16.212795,-0.395333,-0.209812,0.000000,0.000000,0.000000
0.000000,-16.310148,-0.395237,-0.210867,0.000000,0.000000,0.000000
0.000000,-16.375999,-0.395141,-0.211346,0.000000,0.000000,0.000000
0.000000,-16.375999,-0.395141,-0.212592,0.000000,0.000000,0.000000
0.000000,-16.472174,-0.395045,-0.213262,0.000000,0.000000,0.000000
0.000000,-16.472174,-0.394949,-0.214412,0.000000,0.000000,0.000000
0.000000,-16.536839,-0.394854,-0.215083,0.000000,0.000000,0.000000
0.000000,-16.633213,-0.394854,-0.216520,0.000000,0.000000,0.000000
0.000000,-16.633213,-0.394662,-0.217095,0.000000,0.000000,0.000000
0.000000,-16.699850,-0.394662,-0.218437,0.000000,0.000000,0.000000
0.000000,-16.699850,-0.394470,-0.218916,0.000000,0.000000,0.000000
0.000000,-16.802073,-0.394470,-0.219970,0.000000,0.000000,0.000000
0.000000,-16.873245,-0.394375,-0.220545,0.000000,0.000000,0.000000
0.000000,-16.873245,-0.394279,-0.221695,0.000000,0.000000,0.000000
0.000000,-16.981699,-0.394087,-0.222174,0.000000,0.000000,0.000000
0.000000,-16.981699,-0.393991,-0.223132,0.000000,0.000000,0.000000
0.000000,-17.054647,-0.393800,-0.223611,0.000000,0.000000,0.000000
0.000000,-17.162134,-0.393608,-0.224474,0.000000,0.000000,0.000000
0.000000,-17.162134,-0.393321,-0.224857,0.000000,0.000000,0.000000
0.000000,-17.233418,-0.393225,-0.225815,0.000000,0.000000,0.000000
0.000000,-17.233418,-0.392937,-0.226391,0.000000,0.000000,0.000000
0.000000,-17.336416,-0.392745,-0.227540,0.000000,0.000000,0.000000
0.000000,-17.404078,-0.392554,-0.228116,0.000000,0.000000,0.000000
0.000000,-17.404078,-0.392458,-0.229361,0.000000,0.000000,0.000000
0.000000,-17.498415,-0.392171,-0.230032,0.000000,0.000000,0.000000
0.000000,-17.498415,-0.392075,-0.231182,0.000000,0.000000,0.000000
0.000000,-17.560806,-0.391883,-0.231948,0.000000,0.000000,0.000000
0.000000,-17.654608,-0.391691,-0.233290,0.000000,0.000000,0.000000
0.000000,-17.654608,-0.391404,-0.233865,0.000000,0.000000,0.000000
0.000000,-17.721149,-0.391212,-0.235111,0.000000,0.000000,0.000000
0.000000,-17.721149,-0.390733,-0.235686,0.000000,0.000000,0.000000
0.000000,-17.824163,-0.390542,-0.236740,0.000000,0.000000,0.000000
0.000000,-17.895504,-0.390062,-0.237411,0.000000,0.000000,0.000000
0.000000,-17.895504,-0.389871,-0.238560,0.000000,0.000000,0.000000
0.000000,-18.002771,-0.389583,-0.239135,0.000000,0.000000,0.000000
0.000000,-18.002771,-0.389488,-0.240189,0.000000,0.000000,0.000000
0.000000,-18.075066,-0.389296,-0.240764,0.000000,0.000000,0.000000
0.000000,-18.179075,-0.389104,-0.241531,0.000000,0.000000,0.000000
0.000000,-18.179075,-0.388817,-0.241915,0.000000,0.000000,0.000000
0.000000,-18.248377,-0.388625,-0.242873,0.000000,0.000000,0.000000
0.000000,-18.248377,-0.388050,-0.243448,0.000000,0.000000,0.000000
0.000000,-18.348364,-0.387763,-0.244406,0.000000,0.000000,0.000000
0.000000,-18.414541,-0.387188,-0.244885,0.000000,0.000000,0.000000
0.000000,-18.414541,-0.386900,-0.246227,0.000000,0.000000,0.000000
0.000000,-18.510210,-0.386517,-0.246802,0.000000,0.000000,0.000000
0.000000,-18.510210,-0.386421,-0.248047,0.000000,0.000000,0.000000
0.000000,-18.574116,-0.386038,-0.248814,0.000000,0.000000,0.000000
0.000000,-18.668034,-0.385846,-0.250060,0.000000,0.000000,0.000000
0.000000,-18.668034,-0.385271,-0.250731,0.000000,0.000000,0.000000
0.000000,-18.732431,-0.384984,-0.251976,0.000000,0.000000,0.000000
0.000000,-18.732431,-0.384313,-0.252551,0.000000,0.000000,0.000000
0.000000,-18.829212,-0.384121,-0.253605,0.000000,0.000000,0.000000
0.000000,-18.894869,-0.383834,-0.254180,0.000000,0.000000,0.000000
0.000000,-18.894869,-0.383738,-0.255234,0.000000,0.000000,0.000000
0.000000,-18.993023,-0.383738,-0.255618,0.000000,0.000000,0.000000
0.000000,-18.993023,-0.383642,-0.256672,0.000000,0.000000,0.000000
0.000000,-19.060575,-0.383355,-0.257151,0.000000,0.000000,0.000000
0.000000,-19.163799,-0.383259,-0.257918,0.000000,0.000000,0.000000
0.000000,-19.163799,-0.382971,-0.258301,0.000000,0.000000,0.000000
0.000000,-19.232933,-0.382780,-0.259259,0.000000,0.000000,0.000000
0.000000,-19.232933,-0.382396,-0.259834,0.000000,0.000000,0.000000
0.000000,-19.335327,-0.382205,-0.260984,0.000000,0.000000,0.000000
0.000000,-19.403236,-0.381917,-0.261559,0.000000,0.000000,0.000000
0.000000,-19.403236,-0.381821,-0.262805,0.000000,0.000000,0.000000
0.000000,-19.504990,-0.381534,-0.263380,0.000000,0.000000,0.000000
0.000000,-19.504990,-0.381438,-0.264529,0.000000,0.000000,0.000000
0.000000,-19.572803,-0.381246,-0.265200,0.000000,0.000000,0.000000
0.000000,-19.674944,-0.381150,-0.266446,0.000000,0.000000,0.000000
0.000000,-19.674944,-0.380959,-0.267117,0.000000,0.000000,0.000000
0.000000,-19.743353,-0.380959,-0.268363,0.000000,0.000000,0.000000
0.000000,-19.743353,-0.380767,-0.269033,0.000000,0.000000,0.000000
0.000000,-19.847252,-0.380671,-0.270183,0.000000,0.000000,0.000000
0.000000,-19.916719,-0.380480,-0.270854,0.000000,0.000000,0.000000
0.000000,-19.916719,-0.380480,-0.272004,0.000000,0.000000,0.000000
0.000000,-20.023546,-0.380384,-0.272579,0.000000,0.000000,0.000000
0.000000,-20.023546,-0.380288,-0.273729,0.000000,0.000000,0.000000
0.000000,-20.096338,-0.380192,-0.274208,0.000000,0.000000,0.000000
0.000000,-20.208332,-0.380096,-0.275070,0.000000,0.000000,0.000000
0.000000,-20.208332,-0.379905,-0.275645,0.000000,0.000000,0.000000
0.000000,-20.282372,-0.379809,-0.276891,0.000000,0.000000,0.000000
0.000000,-20.282372,-0.379617,-0.277466,0.000000,0.000000,0.000000
0.000000,-20.390812,-0.379617,-0.278712,0.000000,0.000000,0.000000
0.000000,-20.461077,-0.379330,-0.279383,0.000000,0.000000,0.000000
0.000000,-20.461077,-0.379330,-0.280628,0.000000,0.000000,0.000000
0.000000,-20.565241,-0.379234,-0.281299,0.000000,0.000000,0.000000
0.000000,-20.565241,-0.379138,-0.282737,0.000000,0.000000,0.000000
0.000000,-20.633734,-0.379042,-0.283407,0.000000,0.000000,0.000000
0.000000,-20.737286,-0.379042,-0.284653,0.000000,0.000000,0.000000
0.000000,-20.737286,-0.378947,-0.285324,0.000000,0.000000,0.000000
0.000000,-20.806942,-0.378947,-0.286378,0.000000,0.000000,0.000000
0.000000,-20.806942,-0.378851,-0.287049,0.000000,0.000000,0.000000
0.000000,-20.912498,-0.378755,-0.288198,0.000000,0.000000,0.000000
0.000000,-20.983339,-0.378755,-0.288678,0.000000,0.000000,0.000000
0.000000,-20.983339,-0.378755,-0.289828,0.000000,0.000000,0.000000
0.000000,-21.091185,-0.378755,-0.290403,0.000000,0.000000,0.000000
0.000000,-21.091185,-0.378755,-0.291457,0.000000,0.000000,0.000000
0.000000,-21.163792,-0.378755,-0.291936,0.000000,0.000000,0.000000
0.000000,-21.274170,-0.378755,-0.293182,0.000000,0.000000,0.000000
0.000000,-21.274170,-0.378755,-0.293757,0.000000,0.000000,0.000000
0.000000,-21.347481,-0.378755,-0.295002,0.000000,0.000000,0.000000
0.000000,-21.347481,-0.378755,-0.295769,0.000000,0.000000,0.000000
0.000000,-21.456490,-0.378755,-0.297015,0.000000,0.000000,0.000000
0.000000,-21.527964,-0.378659,-0.297685,0.000000,0.000000,0.000000
0.000000,-21.527964,-0.378659,-0.299123,0.000000,0.000000,0.000000
0.000000,-21.634706,-0.378563,-0.299698,0.000000,0.000000,0.000000
0.000000,-21.634706,-0.378563,-0.301039,0.000000,0.000000,0.000000
0.000000,-21.705580,-0.378563,-0.301614,0.000000,0.000000,0.000000
0.000000,-21.813044,-0.378563,-0.302668,0.000000,0.000000,0.000000
0.000000,-21.813044,-0.378563,-0.303243,0.000000,0.000000,0.000000
0.000000,-21.885681,-0.378563,-0.304585,0.000000,0.000000,0.000000
0.000000,-21.885681,-0.378563,-0.305160,0.000000,0.000000,0.000000
0.000000,-21.997078,-0.378563,-0.306310,0.000000,0.000000,0.000000
0.000000,-22.071585,-0.378563,-0.306885,0.000000,0.000000,0.000000
0.000000,-22.071585,-0.378563,-0.307939,0.000000,0.000000,0.000000
0.000000,-22.182842,-0.378563,-0.308418,0.000000,0.000000,0.000000
0.000000,-22.182842,-0.378563,-0.309664,0.000000,0.000000,0.000000
0.000000,-22.255217,-0.378563,-0.310335,0.000000,0.000000,0.000000
0.000000,-22.362120,-0.378563,-0.311580,0.000000,0.000000,0.000000
0.000000,-22.362120,-0.378563,-0.312251,0.000000,0.000000,0.000000
0.000000,-22.432369,-0.378563,-0.313593,0.000000,0.000000,0.000000
0.000000,-22.432369,-0.378563,-0.314264,0.000000,0.000000,0.000000
0.000000,-22.536242,-0.378563,-0.315797,0.000000,0.000000,0.000000
0.000000,-22.604998,-0.378563,-0.316468,0.000000,0.000000,0.000000
0.000000,-22.604998,-0.378563,-0.317809,0.000000,0.000000,0.000000
0.000000,-22.709219,-0.378563,-0.318480,0.000000,0.000000,0.000000
0.000000,-22.709219,-0.378563,-0.319534,0.000000,0.000000,0.000000
0.000000,-22.780111,-0.378563,-0.320109,0.000000,0.000000,0.000000
0.000000,-22.888359,-0.378563,-0.321259,0.000000,0.000000,0.000000
0.000000,-22.888359,-0.378563,-0.321738,0.000000,0.000000,0.000000
0.000000,-22.961742,-0.378563,-0.322696,0.000000,0.000000,0.000000
0.000000,-22.961742,-0.378563,-0.323175,0.000000,0.000000,0.000000
0.000000,-23.071749,-0.378563,-0.324229,0.000000,0.000000,0.000000
0.000000,-23.144163,-0.378563,-0.324709,0.000000,0.000000,0.000000
0.000000,-23.144163,-0.378563,-0.325763,0.000000,0.000000,0.000000
0.000000,-23.249582,-0.378563,-0.326433,0.000000,0.000000,0.000000
0.000000,-23.249582,-0.378563,-0.327679,0.000000,0.000000,0.000000
0.000000,-23.318626,-0.378563,-0.328350,0.000000,0.000000,0.000000
0.000000,-23.420383,-0.378563,-0.329692,0.000000,0.000000,0.000000
0.000000,-23.420383,-0.378563,-0.330362,0.000000,0.000000,0.000000
0.000000,-23.488022,-0.378563,-0.331800,0.000000,0.000000,0.000000
0.000000,-23.488022,-0.378563,-0.332470,0.000000,0.000000,0.000000
0.000000,-23.588713,-0.378563,-0.333812,0.000000,0.000000,0.000000
0.000000,-23.657299,-0.378563,-0.334483,0.000000,0.000000,0.000000
0.000000,-23.657299,-0.378563,-0.335633,0.000000,0.000000,0.000000
0.000000,-23.763371,-0.378563,-0.336208,0.000000,0.000000,0.000000
0.000000,-23.763371,-0.378563,-0.337549,0.000000,0.000000,0.000000
0.000000,-23.836542,-0.378563,-0.338125,0.000000,0.000000,0.000000
0.000000,-23.949959,-0.378563,-0.339274,0.000000,0.000000,0.000000
0.000000,-23.949959,-0.378563,-0.339849,0.000000,0.000000,0.000000
0.000000,-24.027302,-0.378563,-0.340807,0.000000,0.000000,0.000000
0.000000,-24.027302,-0.378563,-0.341191,0.000000,0.000000,0.000000
0.000000,-24.144192,-0.378563,-0.342245,0.000000,0.000000,0.000000
0.000000,-24.221298,-0.378563,-0.342916,0.000000,0.000000,0.000000
0.000000,-24.221298,-0.378563,-0.344066,0.000000,0.000000,0.000000
0.000000,-24.330351,-0.378563,-0.344736,0.000000,0.000000,0.000000
0.000000,-24.330351,-0.378563,-0.346174,0.000000,0.000000,0.000000
0.000000,-24.400488,-0.378563,-0.346844,0.000000,0.000000,0.000000
0.000000,-24.503103,-0.378563,-0.348378,0.000000,0.000000,0.000000
0.000000,-24.503103,-0.378563,-0.349049,0.000000,0.000000,0.000000
0.000000,-24.572060,-0.378563,-0.350486,0.000000,0.000000,0.000000
0.000000,-24.572060,-0.378563,-0.351157,0.000000,0.000000,0.000000
0.000000,-24.676069,-0.378563,-0.352307,0.000000,0.000000,0.000000
0.000000,-24.747355,-0.378563,-0.352882,0.000000,0.000000,0.000000
0.000000,-24.747355,-0.378467,-0.354127,0.000000,0.000000,0.000000
0.000000,-24.857117,-0.378467,-0.354702,0.000000,0.000000,0.000000
0.000000,-24.857117,-0.378467,-0.355757,0.000000,0.000000,0.000000
0.000000,-24.932930,-0.378467,-0.356332,0.000000,0.000000,0.000000
0.000000,-25.048180,-0.378467,-0.357386,0.000000,0.000000,0.000000
0.000000,-25.048180,-0.378467,-0.357865,0.000000,0.000000,0.000000
0.000000,-25.126097,-0.378467,-0.359015,0.000000,0.000000,0.000000
0.000000,-25.126097,-0.378467,-0.359590,0.000000,0.000000,0.000000
0.000000,-25.241451,-0.378467,-0.360739,0.000000,0.000000,0.000000
0.000000,-25.315992,-0.378467,-0.361410,0.000000,0.000000,0.000000
0.000000,-25.315992,-0.378371,-0.362752,0.000000,0.000000,0.000000
0.000000,-25.422850,-0.378371,-0.363423,0.000000,0.000000,0.000000
0.000000,-25.422850,-0.378276,-0.364860,0.000000,0.000000,0.000000
0.000000,-25.494474,-0.378180,-0.365531,0.000000,0.000000,0.000000
0.000000,-25.599611,-0.378180,-0.366968,0.000000,0.000000,0.000000
0.000000,-25.599611,-0.378084,-0.367735,0.000000,0.000000,0.000000
0.000000,-25.668583,-0.378084,-0.368885,0.000000,0.000000,0.000000
0.000000,-25.668583,-0.377892,-0.369555,0.000000,0.000000,0.000000
0.000000,-25.777372,-0.377892,-0.370897,0.000000,0.000000,0.000000
0.000000,-25.852865,-0.377797,-0.371472,0.000000,0.000000,0.000000
0.000000,-25.852865,-0.377701,-0.372622,0.000000,0.000000,0.000000
0.000000,-25.965578,-0.377701,-0.373197,0.000000,0.000000,0.000000
0.000000,-25.965578,-0.377605,-0.374251,0.000000,0.000000,0.000000
0.000000,-26.042414,-0.377509,-0.374634,0.000000,0.000000,0.000000
0.000000,-26.155302,-0.377413,-0.375880,0.000000,0.000000,0.000000
0.000000,-26.155302,-0.377126,-0.376455,0.000000,0.000000,0.000000
0.000000,-26.227882,-0.376934,-0.377605,0.000000,0.000000,0.000000
0.000000,-26.227882,-0.376551,-0.378180,0.000000,0.000000,0.000000
0.000000,-26.331976,-0.376359,-0.379426,0.000000,0.000000,0.000000
0.000000,-26.396185,-0.375976,-0.380001,0.000000,0.000000,0.000000
0.000000,-26.396185,-0.375880,-0.381246,0.000000,0.000000,0.000000
0.000000,-26.486082,-0.375497,-0.382013,0.000000,0.000000,0.000000
0.000000,-26.486082,-0.375401,-0.383163,0.000000,0.000000,0.000000
0.000000,-26.545837,-0.375018,-0.383834,0.000000,0.000000,0.000000
0.000000,-26.636278,-0.374826,-0.385080,0.000000,0.000000,0.000000
0.000000,-26.636278,-0.374443,-0.385559,0.000000,0.000000,0.000000
0.000000,-26.699915,-0.374155,-0.386708,0.000000,0.000000,0.000000
0.000000,-26.699915,-0.373580,-0.387379,0.000000,0.000000,0.000000
0.000000,-26.796957,-0.373293,-0.388338,0.000000,0.000000,0.000000
0.000000,-26.862719,-0.373005,-0.388912,0.000000,0.000000,0.000000
0.000000,-26.862719,-0.372814,-0.389966,0.000000,0.000000,0.000000
0.000000,-26.959772,-0.372622,-0.390350,0.000000,0.000000,0.000000
0.000000,-26.959772,-0.372430,-0.391212,0.000000,0.000000,0.000000
0.000000,-27.022938,-0.372047,-0.391691,0.000000,0.000000,0.000000
0.000000,-27.114429,-0.371855,-0.392841,0.000000,0.000000,0.000000
0.000000,-27.114429,-0.371185,-0.393321,0.000000,0.000000,0.000000
0.000000,-27.174414,-0.370801,-0.394470,0.000000,0.000000,0.000000
0.000000,-27.174414,-0.370226,-0.395045,0.000000,0.000000,0.000000
0.000000,-27.260244,-0.370035,-0.396291,0.000000,0.000000,0.000000
0.000000,-27.315571,-0.369651,-0.396866,0.000000,0.000000,0.000000
0.000000,-27.315571,-0.369555,-0.398112,0.000000,0.000000,0.000000
0.000000,-27.396288,-0.369076,-0.398687,0.000000,0.000000,0.000000
0.000000,-27.396288,-0.368885,-0.399645,0.000000,0.000000,0.000000
0.000000,-27.452234,-0.368118,-0.400124,0.000000,0.000000,0.000000
0.000000,-27.539864,-0.367831,-0.401274,0.000000,0.000000,0.000000
0.000000,-27.539864,-0.367352,-0.401753,0.000000,0.000000,0.000000
0.000000,-27.599792,-0.367160,-0.402712,0.000000,0.000000,0.000000
0.000000,-27.599792,-0.366873,-0.403286,0.000000,0.000000,0.000000
0.000000,-27.688936,-0.366777,-0.404245,0.000000,0.000000,0.000000
0.000000,-27.749048,-0.366393,-0.404724,0.000000,0.000000,0.000000
0.000000,-27.749048,-0.366106,-0.405586,0.000000,0.000000,0.000000
0.000000,-27.839909,-0.365531,-0.406065,0.000000,0.000000,0.000000
0.000000,-27.839909,-0.365243,-0.406928,0.000000,0.000000,0.000000
0.000000,-27.901621,-0.364860,-0.407215,0.000000,0.000000,0.000000
0.000000,-27.992874,-0.364668,-0.407886,0.000000,0.000000,0.000000
0.000000,-27.992874,-0.364477,-0.408365,0.000000,0.000000,0.000000
0.000000,-28.053522,-0.364381,-0.409132,0.000000,0.000000,0.000000
0.000000,-28.053522,-0.363997,-0.409515,0.000000,0.000000,0.000000
0.000000,-28.145187,-0.363806,-0.410090,0.000000,0.000000,0.000000
0.000000,-28.207308,-0.363327,-0.410378,0.000000,0.000000,0.000000
0.000000,-28.207308,-0.363135,-0.411336,0.000000,0.000000,0.000000
0.000000,-28.302206,-0.362752,-0.411911,0.000000,0.000000,0.000000
0.000000,-28.302206,-0.362656,-0.412965,0.000000,0.000000,0.000000
0.000000,-28.371416,-0.362368,-0.413540,0.000000,0.000000,0.000000
0.000000,-28.483727,-0.362177,-0.414882,0.000000,0.000000,0.000000
0.000000,-28.483727,-0.361985,-0.415552,0.000000,0.000000,0.000000
0.000000,-28.557034,-0.361985,-0.416702,0.000000,0.000000,0.000000
0.000000,-28.557034,-0.361698,-0.417277,0.000000,0.000000,0.000000
0.000000,-28.661106,-0.361602,-0.418236,0.000000,0.000000,0.000000
0.000000,-28.728722,-0.361410,-0.418619,0.000000,0.000000,0.000000
0.000000,-28.728722,-0.361314,-0.419577,0.000000,0.000000,0.000000
0.000000,-28.831366,-0.361123,-0.420152,0.000000,0.000000,0.000000
0.000000,-28.831366,-0.361027,-0.421206,0.000000,0.000000,0.000000
0.000000,-28.902174,-0.360739,-0.421685,0.000000,0.000000,0.000000
0.000000,-29.011868,-0.360548,-0.422835,0.000000,0.000000,0.000000
0.000000,-29.011868,-0.360164,-0.423314,0.000000,0.000000,0.000000
0.000000,-29.084558,-0.359973,-0.424273,0.000000,0.000000,0.000000
0.000000,-29.084558,-0.359685,-0.424752,0.000000,0.000000,0.000000
0.000000,-29.192038,-0.359494,-0.426093,0.000000,0.000000,0.000000
0.000000,-29.262608,-0.359206,-0.426668,0.000000,0.000000,0.000000
0.000000,-29.262608,-0.359110,-0.427914,0.000000,0.000000,0.000000
0.000000,-29.366682,-0.358919,-0.428585,0.000000,0.000000,0.000000
0.000000,-29.366682,-0.358727,-0.429831,0.000000,0.000000,0.000000
0.000000,-29.434458,-0.358440,-0.430501,0.000000,0.000000,0.000000
0.000000,-29.533251,-0.358248,-0.431939,0.000000,0.000000,0.000000
0.000000,-29.533251,-0.357865,-0.432514,0.000000,0.000000,0.000000
0.000000,-29.598703,-0.357673,-0.433759,0.000000,0.000000,0.000000
0.000000,-29.598703,-0.357098,-0.434430,0.000000,0.000000,0.000000
0.000000,-29.697544,-0.356811,-0.435484,0.000000,0.000000,0.000000
0.000000,-29.764957,-0.356427,-0.436059,0.000000,0.000000,0.000000
0.000000,-29.764957,-0.356332,-0.437305,0.000000,0.000000,0.000000
0.000000,-29.867773,-0.356044,-0.437784,0.000000,0.000000,0.000000
0.000000,-29.867773,-0.355948,-0.438742,0.000000,0.000000,0.000000
0.000000,-29.937675,-0.355469,-0.439221,0.000000,0.000000,0.000000
0.000000,-30.042700,-0.355181,-0.440275,0.000000,0.000000,0.000000
0.000000,-30.042700,-0.354607,-0.440659,0.000000,0.000000,0.000000
0.000000,-30.112617,-0.354223,-0.441713,0.000000,0.000000,0.000000
0.000000,-30.112617,-0.353648,-0.442288,0.000000,0.000000,0.000000
0.000000,-30.213301,-0.353457,-0.443438,0.000000,0.000000,0.000000
0.000000,-30.276415,-0.353073,-0.444013,0.000000,0.000000,0.000000
0.000000,-30.276415,-0.352978,-0.445354,0.000000,0.000000,0.000000
0.000000,-30.363955,-0.352499,-0.446025,0.000000,0.000000,0.000000
0.000000,-30.363955,-0.352115,-0.447175,0.000000,0.000000,0.000000
0.000000,-30.420839,-0.351349,-0.447846,0.000000,0.000000,0.000000
0.000000,-30.505121,-0.350965,-0.449188,0.000000,0.000000,0.000000
0.000000,-30.505121,-0.350390,-0.449763,0.000000,0.000000,0.000000
0.000000,-30.562019,-0.350103,-0.451008,0.000000,0.000000,0.000000
0.000000,-30.562019,-0.349719,-0.451487,0.000000,0.000000,0.000000
0.000000,-30.645786,-0.349432,-0.452350,0.000000,0.000000,0.000000
0.000000,-30.703375,-0.348761,-0.452925,0.000000,0.000000,0.000000
0.000000,-30.703375,-0.348378,-0.453979,0.000000,0.000000,0.000000
0.000000,-30.791504,-0.347803,-0.454362,0.000000,0.000000,0.000000
0.000000,-30.791504,-0.347611,-0.455129,0.000000,0.000000,0.000000
0.000000,-30.850876,-0.347324,-0.455512,0.000000,0.000000,0.000000
0.000000,-30.935747,-0.347132,-0.456279,0.000000,0.000000,0.000000
0.000000,-30.935747,-0.346557,-0.456566,0.000000,0.000000,0.000000
0.000000,-30.990898,-0.346270,-0.457045,0.000000,0.000000,0.000000
0.000000,-30.990898,-0.345695,-0.457333,0.000000,0.000000,0.000000
0.000000,-31.071091,-0.345407,-0.458004,0.000000,0.000000,0.000000
0.000000,-31.122919,-0.345120,-0.458483,0.000000,0.000000,0.000000
0.000000,-31.122919,-0.344928,-0.459632,0.000000,0.000000,0.000000
0.000000,-31.197596,-0.344640,-0.460112,0.000000,0.000000,0.000000
0.000000,-31.197596,-0.344449,-0.461166,0.000000,0.000000,0.000000
0.000000,-31.246872,-0.343874,-0.461741,0.000000,0.000000,0.000000
0.000000,-31.322264,-0.343586,-0.462795,0.000000,0.000000,0.000000
0.000000,-31.322264,-0.342916,-0.463370,0.000000,0.000000,0.000000
0.000000,-31.375177,-0.342628,-0.464711,0.000000,0.000000,0.000000
0.000000,-31.375177,-0.342149,-0.465286,0.000000,0.000000,0.000000
0.000000,-31.457373,-0.341958,-0.466436,0.000000,0.000000,0.000000
0.000000,-31.514357,-0.341670,-0.467011,0.000000,0.000000,0.000000
0.000000,-31.514357,-0.341383,-0.468065,0.000000,0.000000,0.000000
0.000000,-31.604065,-0.340712,-0.468544,0.000000,0.000000,0.000000
0.000000,-31.604065,-0.340424,-0.469599,0.000000,0.000000,0.000000
0.000000,-31.666069,-0.339849,-0.470174,0.000000,0.000000,0.000000
0.000000,-31.758823,-0.339658,-0.471132,0.000000,0.000000,0.000000
0.000000,-31.758823,-0.339370,-0.471611,0.000000,0.000000,0.000000
0.000000,-31.818378,-0.339274,-0.472569,0.000000,0.000000,0.000000
0.000000,-31.818378,-0.338891,-0.472952,0.000000,0.000000,0.000000
0.000000,-31.905231,-0.338699,-0.473623,0.000000,0.000000,0.000000
0.000000,-31.963335,-0.338029,-0.473911,0.000000,0.000000,0.000000
0.000000,-31.963335,-0.337645,-0.474677,0.000000,0.000000,0.000000
0.000000,-32.050301,-0.337070,-0.475156,0.000000,0.000000,0.000000
0.000000,-32.050301,-0.336783,-0.476115,0.000000,0.000000,0.000000
0.000000,-32.107029,-0.336400,-0.476594,0.000000,0.000000,0.000000
0.000000,-32.188389,-0.336208,-0.477456,0.000000,0.000000,0.000000
0.000000,-32.188389,-0.335729,-0.478031,0.000000,0.000000,0.000000
0.000000,-32.241665,-0.335346,-0.479181,0.000000,0.000000,0.000000
0.000000,-32.241665,-0.334579,-0.479661,0.000000,0.000000,0.000000
0.000000,-32.319645,-0.334291,-0.480906,0.000000,0.000000,0.000000
0.000000,-32.371925,-0.333716,-0.481481,0.000000,0.000000,0.000000
0.000000,-32.371925,-0.333525,-0.482631,0.000000,0.000000,0.000000
0.000000,-32.447662,-0.333045,-0.483206,0.000000,0.000000,0.000000
0.000000,-32.447662,-0.332758,-0.484356,0.000000,0.000000,0.000000
0.000000,-32.498615,-0.331896,-0.484835,0.000000,0.000000,0.000000
0.000000,-32.577614,-0.331608,-0.485602,0.000000,0.000000,0.000000
0.000000,-32.577614,-0.331033,-0.486081,0.000000,0.000000,0.000000
0.000000,-32.632656,-0.330746,-0.487039,0.000000,0.000000,0.000000
0.000000,-32.632656,-0.330266,-0.487518,0.000000,0.000000,0.000000
0.000000,-32.714012,-0.329979,-0.488189,0.000000,0.000000,0.000000
0.000000,-32.769363,-0.329212,-0.488572,0.000000,0.000000,0.000000
0.000000,-32.769363,-0.328829,-0.489434,0.000000,0.000000,0.000000
0.000000,-32.853485,-0.328350,-0.489818,0.000000,0.000000,0.000000
0.000000,-32.853485,-0.328063,-0.490393,0.000000,0.000000,0.000000
0.000000,-32.908978,-0.327584,-0.490680,0.000000,0.000000,0.000000
0.000000,-32.989628,-0.327200,-0.491543,0.000000,0.000000,0.000000
0.000000,-32.989628,-0.326433,-0.492022,0.000000,0.000000,0.000000
0.000000,-33.043255,-0.326050,-0.493076,0.000000,0.000000,0.000000
0.000000,-33.043255,-0.325379,-0.493555,0.000000,0.000000,0.000000
0.000000,-33.122658,-0.325188,-0.494514,0.000000,0.000000,0.000000
0.000000,-33.173824,-0.324613,-0.495089,0.000000,0.000000,0.000000
0.000000,-33.173824,-0.324229,-0.495951,0.000000,0.000000,0.000000
0.000000,-33.249317,-0.323463,-0.496430,0.000000,0.000000,0.000000
0.000000,-33.249317,-0.323080,-0.497484,0.000000,0.000000,0.000000
0.000000,-33.301434,-0.322409,-0.498059,0.000000,0.000000,0.000000
0.000000,-33.381119,-0.322121,-0.499113,0.000000,0.000000,0.000000
0.000000,-33.381119,-0.321451,-0.499592,0.000000,0.000000,0.000000
0.000000,-33.434597,-0.320971,-0.500742,0.000000,0.000000,0.000000
0.000000,-33.434597,-0.320109,-0.501221,0.000000,0.000000,0.000000
0.000000,-33.513691,-0.319822,-0.501988,0.000000,0.000000,0.000000
0.000000,-33.565422,-0.319246,-0.502467,0.000000,0.000000,0.000000
0.000000,-33.565422,-0.318863,-0.503521,0.000000,0.000000,0.000000
0.000000,-33.640236,-0.318096,-0.504000,0.000000,0.000000,0.000000
0.000000,-33.640236,-0.317713,-0.504767,0.000000,0.000000,0.000000
0.000000,-33.689987,-0.317042,-0.505150,0.000000,0.000000,0.000000
0.000000,-33.764004,-0.316755,-0.505917,0.000000,0.000000,0.000000
0.000000,-33.764004,-0.316084,-0.506300,0.000000,0.000000,0.000000
0.000000,-33.812347,-0.315701,-0.506875,0.000000,0.000000,0.000000
0.000000,-33.812347,-0.314934,-0.507163,0.000000,0.000000,0.000000
0.000000,-33.884029,-0.314647,-0.507833,0.000000,0.000000,0.000000
0.000000,-33.932598,-0.314168,-0.508217,0.000000,0.000000,0.000000
0.000000,-33.932598,-0.313976,-0.509175,0.000000,0.000000,0.000000
0.000000,-34.004082,-0.313305,-0.509558,0.000000,0.000000,0.000000
0.000000,-34.004082,-0.312922,-0.510325,0.000000,0.000000,0.000000
0.000000,-34.051414,-0.312155,-0.510708,0.000000,0.000000,0.000000
0.000000,-34.122478,-0.311868,-0.511762,0.000000,0.000000,0.000000
0.000000,-34.122478,-0.311293,-0.512241,0.000000,0.000000,0.000000
0.000000,-34.170219,-0.311005,-0.513104,0.000000,0.000000,0.000000
0.000000,-34.170219,-0.310335,-0.513679,0.000000,0.000000,0.000000
0.000000,-34.242432,-0.309951,-0.514733,0.000000,0.000000,0.000000
0.000000,-34.291973,-0.309089,-0.515212,0.000000,0.000000,0.000000
0.000000,-34.291973,-0.308801,-0.516074,0.000000,0.000000,0.000000
0.000000,-34.367924,-0.308131,-0.516554,0.000000,0.000000,0.000000
0.000000,-34.367924,-0.307747,-0.517608,0.000000,0.000000,0.000000
0.000000,-34.418644,-0.306885,-0.517991,0.000000,0.000000,0.000000
0.000000,-34.494865,-0.306502,-0.518758,0.000000,0.000000,0.000000
0.000000,-34.494865,-0.305831,-0.519141,0.000000,0.000000,0.000000
0.000000,-34.545532,-0.305543,-0.520099,0.000000,0.000000,0.000000
0.000000,-34.545532,-0.304777,-0.520483,0.000000,0.000000,0.000000
0.000000,-34.618862,-0.304394,-0.521153,0.000000,0.000000,0.000000
0.000000,-34.665829,-0.303627,-0.521537,0.000000,0.000000,0.000000
0.000000,-34.665829,-0.303243,-0.522303,0.000000,0.000000,0.000000
0.000000,-34.733833,-0.302572,-0.522782,0.000000,0.000000,0.000000
0.000000,-34.733833,-0.302285,-0.523357,0.000000,0.000000,0.000000
0.000000,-34.777916,-0.301518,-0.523645,0.000000,0.000000,0.000000
0.000000,-34.842335,-0.301135,-0.524124,0.000000,0.000000,0.000000
0.000000,-34.842335,-0.300560,-0.524411,0.000000,0.000000,0.000000
0.000000,-34.885715,-0.300369,-0.525370,0.000000,0.000000,0.000000
0.000000,-34.885715,-0.299794,-0.525849,0.000000,0.000000,0.000000
0.000000,-34.950256,-0.299410,-0.526615,0.000000,0.000000,0.000000
0.000000,-34.993904,-0.298548,-0.526999,0.000000,0.000000,0.000000
0.000000,-34.993904,-0.298165,-0.528053,0.000000,0.000000,0.000000
0.000000,-35.059658,-0.297590,-0.528532,0.000000,0.000000,0.000000
0.000000,-35.059658,-0.297302,-0.529299,0.000000,0.000000,0.000000
0.000000,-35.103848,-0.296727,-0.529778,0.000000,0.000000,0.000000
0.000000,-35.171696,-0.296344,-0.530736,0.000000,0.000000,0.000000
0.000000,-35.171696,-0.295577,-0.531311,0.000000,0.000000,0.000000
0.000000,-35.219589,-0.295290,-0.532173,0.000000,0.000000,0.000000
0.000000,-35.219589,-0.294811,-0.532557,0.000000,0.000000,0.000000
0.000000,-35.293594,-0.294523,-0.533515,0.000000,0.000000,0.000000
0.000000,-35.343647,-0.293948,-0.533898,0.000000,0.000000,0.000000
0.000000,-35.343647,-0.293565,-0.534665,0.000000,0.000000,0.000000
0.000000,-35.421520,-0.292799,-0.534857,0.000000,0.000000,0.000000
0.000000,-35.421520,-0.292415,-0.535623,0.000000,0.000000,0.000000
0.000000,-35.474358,-0.291936,-0.536102,0.000000,0.000000,0.000000
0.000000,-35.551689,-0.291649,-0.537060,0.000000,0.000000,0.000000
0.000000,-35.551689,-0.290882,-0.537539,0.000000,0.000000,0.000000
0.000000,-35.601315,-0.290498,-0.538210,0.000000,0.000000,0.000000
0.000000,-35.601315,-0.289732,-0.538690,0.000000,0.000000,0.000000
0.000000,-35.674244,-0.289349,-0.539456,0.000000,0.000000,0.000000
0.000000,-35.721260,-0.288678,-0.539840,0.000000,0.000000,0.000000
0.000000,-35.721260,-0.288294,-0.540319,0.000000,0.000000,0.000000
0.000000,-35.790424,-0.287432,-0.540606,0.000000,0.000000,0.000000
0.000000,-35.790424,-0.287049,-0.541277,0.000000,0.000000,0.000000
0.000000,-35.836430,-0.286378,-0.541756,0.000000,0.000000,0.000000
0.000000,-35.903667,-0.286090,-0.542619,0.000000,0.000000,0.000000
0.000000,-35.903667,-0.285324,-0.543002,0.000000,0.000000,0.000000
0.000000,-35.947803,-0.284940,-0.543768,0.000000,0.000000,0.000000
0.000000,-35.947803,-0.284174,-0.544152,0.000000,0.000000,0.000000
0.000000,-36.011127,-0.283886,-0.545110,0.000000,0.000000,0.000000
0.000000,-36.052868,-0.283311,-0.545589,0.000000,0.000000,0.000000
0.000000,-36.052868,-0.282928,-0.546356,0.000000,0.000000,0.000000
0.000000,-36.116467,-0.282066,-0.546835,0.000000,0.000000,0.000000
0.000000,-36.116467,-0.281682,-0.547985,0.000000,0.000000,0.000000
0.000000,-36.161434,-0.281107,-0.548368,0.000000,0.000000,0.000000
0.000000,-36.231827,-0.280916,-0.549326,0.000000,0.000000,0.000000
0.000000,-36.231827,-0.280341,-0.549710,0.000000,0.000000,0.000000
0.000000,-36.280430,-0.280053,-0.550668,0.000000,0.000000,0.000000
0.000000,-36.280430,-0.279383,-0.551051,0.000000,0.000000,0.000000
0.000000,-36.357094,-0.278999,-0.551722,0.000000,0.000000,0.000000
0.000000,-36.411674,-0.278520,-0.552009,0.000000,0.000000,0.000000
0.000000,-36.411674,-0.278329,-0.552872,0.000000,0.000000,0.000000
0.000000,-36.494499,-0.277945,-0.553351,0.000000,0.000000,0.000000
0.000000,-36.494499,-0.277562,-0.553926,0.000000,0.000000,0.000000
0.000000,-36.548691,-0.276795,-0.554214,0.000000,0.000000,0.000000
0.000000,-36.628399,-0.276508,-0.554693,0.000000,0.000000,0.000000
0.000000,-36.628399,-0.275837,-0.555076,0.000000,0.000000,0.000000
0.000000,-36.678509,-0.275645,-0.555938,0.000000,0.000000,0.000000
0.000000,-36.678509,-0.275070,-0.556322,0.000000,0.000000,0.000000
0.000000,-36.749767,-0.274783,-0.556897,0.000000,0.000000,0.000000
0.000000,-36.794945,-0.273921,-0.557088,0.000000,0.000000,0.000000
0.000000,-36.794945,-0.273442,-0.557759,0.000000,0.000000,0.000000
0.000000,-36.860905,-0.272675,-0.558142,0.000000,0.000000,0.000000
0.000000,-36.860905,-0.272291,-0.559101,0.000000,0.000000,0.000000
0.000000,-36.903473,-0.271429,-0.559580,0.000000,0.000000,0.000000
0.000000,-36.964184,-0.270950,-0.560442,0.000000,0.000000,0.000000
0.000000,-36.964184,-0.270087,-0.560921,0.000000,0.000000,0.000000
0.000000,-37.002846,-0.269704,-0.561975,0.000000,0.000000,0.000000
0.000000,-37.002846,-0.268842,-0.562454,0.000000,0.000000,0.000000
0.000000,-37.057465,-0.268363,-0.563221,0.000000,0.000000,0.000000
0.000000,-37.094479,-0.267596,-0.563700,0.000000,0.000000,0.000000
0.000000,-37.094479,-0.267308,-0.564754,0.000000,0.000000,0.000000
0.000000,-37.151279,-0.266638,-0.565233,0.000000,0.000000,0.000000
0.000000,-37.151279,-0.266254,-0.566000,0.000000,0.000000,0.000000
0.000000,-37.191826,-0.265488,-0.566479,0.000000,0.000000,0.000000
0.000000,-37.254410,-0.265105,-0.567342,0.000000,0.000000,0.000000
0.000000,-37.254410,-0.264434,-0.567629,0.000000,0.000000,0.000000
0.000000,-37.297985,-0.264146,-0.568204,0.000000,0.000000,0.000000
0.000000,-37.297985,-0.263667,-0.568491,0.000000,0.000000,0.000000
0.000000,-37.365444,-0.263284,-0.569258,0.000000,0.000000,0.000000
0.000000,-37.412037,-0.262517,-0.569737,0.000000,0.000000,0.000000
0.000000,-37.412037,-0.262326,-0.570504,0.000000,0.000000,0.000000
0.000000,-37.482956,-0.261846,-0.570792,0.000000,0.000000,0.000000
0.000000,-37.482956,-0.261655,-0.571175,0.000000,0.000000,0.000000
0.000000,-37.528950,-0.261176,-0.571462,0.000000,0.000000,0.000000
0.000000,-37.596817,-0.260792,-0.572037,0.000000,0.000000,0.000000
0.000000,-37.596817,-0.260026,-0.572421,0.000000,0.000000,0.000000
0.000000,-37.642284,-0.259738,-0.572900,0.000000,0.000000,0.000000
0.000000,-37.642284,-0.259068,-0.573092,0.000000,0.000000,0.000000
0.000000,-37.710430,-0.258780,-0.573379,0.000000,0.000000,0.000000
0.000000,-37.752689,-0.258301,-0.573570,0.000000,0.000000,0.000000
0.000000,-37.752689,-0.257918,-0.573954,0.000000,0.000000,0.000000
0.000000,-37.813961,-0.257055,-0.574337,0.000000,0.000000,0.000000
0.000000,-37.813961,-0.256672,-0.575200,0.000000,0.000000,0.000000
0.000000,-37.853989,-0.256001,-0.575679,0.000000,0.000000,0.000000
0.000000,-37.910458,-0.255618,-0.576445,0.000000,0.000000,0.000000
0.000000,-37.910458,-0.254755,-0.576828,0.000000,0.000000,0.000000
0.000000,-37.945026,-0.254276,-0.577691,0.000000,0.000000,0.000000
0.000000,-37.945026,-0.253413,-0.578266,0.000000,0.000000,0.000000
0.000000,-37.994553,-0.252934,-0.579129,0.000000,0.000000,0.000000
0.000000,-38.027569,-0.252072,-0.579512,0.000000,0.000000,0.000000
0.000000,-38.027569,-0.251689,-0.580566,0.000000,0.000000,0.000000
0.000000,-38.076649,-0.250922,-0.581045,0.000000,0.000000,0.000000
0.000000,-38.076649,-0.250539,-0.582003,0.000000,0.000000,0.000000
0.000000,-38.110390,-0.249772,-0.582386,0.000000,0.000000,0.000000
0.000000,-38.162289,-0.249293,-0.583153,0.000000,0.000000,0.000000
0.000000,-38.162289,-0.248527,-0.583536,0.000000,0.000000,0.000000
0.000000,-38.198368,-0.248143,-0.584207,0.000000,0.000000,0.000000
0.000000,-38.198368,-0.247568,-0.584495,0.000000,0.000000,0.000000
0.000000,-38.253113,-0.247281,-0.584878,0.000000,0.000000,0.000000
0.000000,-38.291145,-0.246706,-0.585166,0.000000,0.000000,0.000000
0.000000,-38.291145,-0.246322,-0.585836,0.000000,0.000000,0.000000
0.000000,-38.348930,-0.245652,-0.586220,0.000000,0.000000,0.000000
0.000000,-38.348930,-0.245364,-0.586890,0.000000,0.000000,0.000000
0.000000,-38.387356,-0.244885,-0.587082,0.000000,0.000000,0.000000
0.000000,-38.442894,-0.244598,-0.587370,0.000000,0.000000,0.000000
0.000000,-38.442894,-0.243927,-0.587466,0.000000,0.000000,0.000000
0.000000,-38.478962,-0.243544,-0.587849,0.000000,0.000000,0.000000
0.000000,-38.478962,-0.242873,-0.588136,0.000000,0.000000,0.000000
0.000000,-38.534126,-0.242585,-0.588807,0.000000,0.000000,0.000000
0.000000,-38.570007,-0.242010,-0.589190,0.000000,0.000000,0.000000
0.000000,-38.570007,-0.241723,-0.589669,0.000000,0.000000,0.000000
0.000000,-38.621319,-0.240956,-0.589765,0.000000,0.000000,0.000000
0.000000,-38.621319,-0.240573,-0.590053,0.000000,0.000000,0.000000
0.000000,-38.654324,-0.239806,-0.590148,0.000000,0.000000,0.000000
0.000000,-38.704769,-0.239423,-0.590532,0.000000,0.000000,0.000000
0.000000,-38.704769,-0.238656,-0.590724,0.000000,0.000000,0.000000
0.000000,-38.737423,-0.238273,-0.591490,0.000000,0.000000,0.000000
0.000000,-38.737423,-0.237315,-0.591873,0.000000,0.000000,0.000000
0.000000,-38.783733,-0.236931,-0.592544,0.000000,0.000000,0.000000
0.000000,-38.811108,-0.236261,-0.592736,0.000000,0.000000,0.000000
0.000000,-38.811108,-0.235877,-0.593215,0.000000,0.000000,0.000000
0.000000,-38.846497,-0.235015,-0.593407,0.000000,0.000000,0.000000
0.000000,-38.846497,-0.234536,-0.594077,0.000000,0.000000,0.000000
0.000000,-38.870285,-0.233865,-0.594557,0.000000,0.000000,0.000000
0.000000,-38.907448,-0.233482,-0.595323,0.000000,0.000000,0.000000
0.000000,-38.907448,-0.232619,-0.595611,0.000000,0.000000,0.000000
0.000000,-38.933140,-0.232236,-0.596090,0.000000,0.000000,0.000000
0.000000,-38.933140,-0.231469,-0.596473,0.000000,0.000000,0.000000
0.000000,-38.971848,-0.231086,-0.597335,0.000000,0.000000,0.000000
0.000000,-38.999706,-0.230415,-0.597719,0.000000,0.000000,0.000000
0.000000,-38.999706,-0.230032,-0.598485,0.000000,0.000000,0.000000
0.000000,-39.043953,-0.229265,-0.598773,0.000000,0.000000,0.000000
0.000000,-39.043953,-0.228882,-0.599444,0.000000,0.000000,0.000000
0.000000,-39.075096,-0.228403,-0.599827,0.000000,0.000000,0.000000
0.000000,-39.124096,-0.228116,-0.600689,0.000000,0.000000,0.000000
0.000000,-39.124096,-0.227349,-0.600881,0.000000,0.000000,0.000000
0.000000,-39.159222,-0.226966,-0.601360,0.000000,0.000000,0.000000
0.000000,-39.159222,-0.226199,-0.601552,0.000000,0.000000,0.000000
0.000000,-39.214870,-0.225911,-0.602127,0.000000,0.000000,0.000000
0.000000,-39.251434,-0.225240,-0.602510,0.000000,0.000000,0.000000
0.000000,-39.251434,-0.224953,-0.603277,0.000000,0.000000,0.000000
0.000000,-39.305988,-0.224091,-0.603564,0.000000,0.000000,0.000000
0.000000,-39.305988,-0.223611,-0.604043,0.000000,0.000000,0.000000
0.000000,-39.341259,-0.222941,-0.604235,0.000000,0.000000,0.000000
0.000000,-39.392452,-0.222653,-0.604618,0.000000,0.000000,0.000000
0.000000,-39.392452,-0.221791,-0.604906,0.000000,0.000000,0.000000
0.000000,-39.426811,-0.221312,-0.605577,0.000000,0.000000,0.000000
0.000000,-39.426811,-0.220449,-0.605864,0.000000,0.000000,0.000000
0.000000,-39.479252,-0.220066,-0.606247,0.000000,0.000000,0.000000
0.000000,-39.513306,-0.219203,-0.606439,0.000000,0.000000,0.000000
0.000000,-39.513306,-0.218820,-0.606631,0.000000,0.000000,0.000000
0.000000,-39.560314,-0.217862,-0.606727,0.000000,0.000000,0.000000
0.000000,-39.560314,-0.217479,-0.607014,0.000000,0.000000,0.000000
0.000000,-39.591488,-0.216808,-0.607206,0.000000,0.000000,0.000000
0.000000,-39.637245,-0.216329,-0.607685,0.000000,0.000000,0.000000
0.000000,-39.637245,-0.215370,-0.608068,0.000000,0.000000,0.000000
0.000000,-39.667244,-0.214891,-0.608835,0.000000,0.000000,0.000000
0.000000,-39.667244,-0.214029,-0.609122,0.000000,0.000000,0.000000
0.000000,-39.706966,-0.213646,-0.609505,0.000000,0.000000,0.000000
0.000000,-39.733128,-0.212687,-0.609697,0.000000,0.000000,0.000000
0.000000,-39.733128,-0.212304,-0.610176,0.000000,0.000000,0.000000
0.000000,-39.773033,-0.211537,-0.610464,0.000000,0.000000,0.000000
0.000000,-39.773033,-0.211154,-0.611230,0.000000,0.000000,0.000000
0.000000,-39.802406,-0.210100,-0.611614,0.000000,0.000000,0.000000
0.000000,-39.847569,-0.209621,-0.612093,0.000000,0.000000,0.000000
0.000000,-39.847569,-0.208758,-0.612284,0.000000,0.000000,0.000000
0.000000,-39.877880,-0.208375,-0.612859,0.000000,0.000000,0.000000
0.000000,-39.877880,-0.207417,-0.613147,0.000000,0.000000,0.000000
0.000000,-39.922592,-0.206938,-0.614105,0.000000,0.000000,0.000000
0.000000,-39.952961,-0.206075,-0.614584,0.000000,0.000000,0.000000
0.000000,-39.952961,-0.205596,-0.615255,0.000000,0.000000,0.000000
0.000000,-39.997478,-0.204542,-0.615542,0.000000,0.000000,0.000000
0.000000,-39.997478,-0.204063,-0.616309,0.000000,0.000000,0.000000
0.000000,-40.026371,-0.203104,-0.616693,0.000000,0.000000,0.000000
0.000000,-40.067249,-0.202626,-0.617363,0.000000,0.000000,0.000000
0.000000,-40.067249,-0.201763,-0.617555,0.000000,0.000000,0.000000
0.000000,-40.096375,-0.201284,-0.617938,0.000000,0.000000,0.000000
0.000000,-40.096375,-0.200422,-0.618034,0.000000,0.000000,0.000000
0.000000,-40.139561,-0.199942,-0.618513,0.000000,0.000000,0.000000
0.000000,-40.167774,-0.198984,-0.618801,0.000000,0.000000,0.000000
0.000000,-40.167774,-0.198505,-0.619567,0.000000,0.000000,0.000000
0.000000,-40.207062,-0.197738,-0.619855,0.000000,0.000000,0.000000
0.000000,-40.207062,-0.197259,-0.620238,0.000000,0.000000,0.000000
0.000000,-40.229664,-0.196397,-0.620334,0.000000,0.000000,0.000000
0.000000,-40.258492,-0.195918,-0.620430,0.000000,0.000000,0.000000
0.000000,-40.258492,-0.195151,-0.620430,0.000000,0.000000,0.000000
0.000000,-40.276661,-0.194768,-0.620526,0.000000,0.000000,0.000000
0.000000,-40.276661,-0.193905,-0.620621,0.000000,0.000000,0.000000
0.000000,-40.303917,-0.193426,-0.620813,0.000000,0.000000,0.000000
0.000000,-40.321121,-0.192468,-0.620909,0.000000,0.000000,0.000000
0.000000,-40.321121,-0.191989,-0.621196,0.000000,0.000000,0.000000
0.000000,-40.343525,-0.191031,-0.621388,0.000000,0.000000,0.000000
0.000000,-40.343525,-0.190455,-0.621867,0.000000,0.000000,0.000000
0.000000,-40.356228,-0.189497,-0.622059,0.000000,0.000000,0.000000
0.000000,-40.371796,-0.189018,-0.622346,0.000000,0.000000,0.000000
0.000000,-40.371796,-0.188060,-0.622442,0.000000,0.000000,0.000000
0.000000,-40.381207,-0.187485,-0.622634,0.000000,0.000000,0.000000
0.000000,-40.381207,-0.186527,-0.622634,0.000000,0.000000,0.000000
0.000000,-40.396961,-0.186048,-0.622730,0.000000,0.000000,0.000000
0.000000,-40.408642,-0.184994,-0.622730,0.000000,0.000000,0.000000
0.000000,-40.408642,-0.184610,-0.622730,0.000000,0.000000,0.000000
0.000000,-40.425426,-0.183748,-0.622730,0.000000,0.000000,0.000000
0.000000,-40.425426,-0.183269,-0.622825,0.000000,0.000000,0.000000
0.000000,-40.434170,-0.182214,-0.622825,0.000000,0.000000,0.000000
0.000000,-40.443550,-0.181735,-0.622825,0.000000,0.000000,0.000000
0.000000,-40.443550,-0.180777,-0.622825,0.000000,0.000000,0.000000
0.000000,-40.448799,-0.180298,-0.622825,0.000000,0.000000,0.000000
0.000000,-40.448799,-0.179340,-0.622921,0.000000,0.000000,0.000000
0.000000,-40.455082,-0.178860,-0.622921,0.000000,0.000000,0.000000
0.000000,-40.459003,-0.177998,-0.622921,0.000000,0.000000,0.000000
0.000000,-40.459003,-0.177423,-0.622921,0.000000,0.000000,0.000000
0.000000,-40.463985,-0.176369,-0.622921,0.000000,0.000000,0.000000
0.000000,-40.463985,-0.175794,-0.622921,0.000000,0.000000,0.000000
0.000000,-40.467541,-0.174548,-0.622921,0.000000,0.000000,0.000000
0.000000,-40.470379,-0.173877,-0.622921,0.000000,0.000000,0.000000
0.000000,-40.470379,-0.172728,-0.622921,0.000000,0.000000,0.000000
0.000000,-40.472252,-0.172057,-0.622921,0.000000,0.000000,0.000000
0.000000,-40.472252,-0.170811,-0.622921,0.000000,0.000000,0.000000
0.000000,-40.472225,-0.170236,-0.623017,0.000000,0.000000,0.000000
0.000000,-40.472183,-0.169086,-0.623017,0.000000,0.000000,0.000000
0.000000,-40.472183,-0.168511,-0.623017,0.000000,0.000000,0.000000
0.000000,-40.466431,-0.167361,-0.623017,0.000000,0.000000,0.000000
0.000000,-40.466431,-0.166786,-0.623017,0.000000,0.000000,0.000000
0.000000,-40.460815,-0.165541,-0.623017,0.000000,0.000000,0.000000
0.000000,-40.449123,-0.165061,-0.623017,0.000000,0.000000,0.000000
0.000000,-40.449123,-0.163912,-0.623017,0.000000,0.000000,0.000000
0.000000,-40.441761,-0.163337,-0.623017,0.000000,0.000000,0.000000
0.000000,-40.441761,-0.162282,-0.623017,0.000000,0.000000,0.000000
0.000000,-40.431480,-0.161803,-0.623017,0.000000,0.000000,0.000000
0.000000,-40.425598,-0.160653,-0.623017,0.000000,0.000000,0.000000
0.000000,-40.425598,-0.160078,-0.623017,0.000000,0.000000,0.000000
0.000000,-40.417240,-0.159024,-0.623017,0.000000,0.000000,0.000000
0.000000,-40.417240,-0.158449,-0.623017,0.000000,0.000000,0.000000
0.000000,-40.412708,-0.157204,-0.623017,0.000000,0.000000,0.000000
0.000000,-40.407509,-0.156629,-0.623017,0.000000,0.000000,0.000000
0.000000,-40.407509,-0.155383,-0.623017,0.000000,0.000000,0.000000
0.000000,-40.405460,-0.154712,-0.623017,0.000000,0.000000,0.000000
0.000000,-40.405460,-0.153562,-0.623017,0.000000,0.000000,0.000000
0.000000,-40.400429,-0.152891,-0.623017,0.000000,0.000000,0.000000
0.000000,-40.395084,-0.151550,-0.623017,0.000000,0.000000,0.000000
0.000000,-40.395084,-0.150975,-0.623017,0.000000,0.000000,0.000000
0.000000,-40.382530,-0.149825,-0.623017,0.000000,0.000000,0.000000
0.000000,-40.382530,-0.149250,-0.623017,0.000000,0.000000,0.000000
0.000000,-40.372807,-0.148100,-0.623017,0.000000,0.000000,0.000000
0.000000,-40.356403,-0.147429,-0.623017,0.000000,0.000000,0.000000
0.000000,-40.356403,-0.146183,-0.623017,0.000000,0.000000,0.000000
0.000000,-40.345806,-0.145608,-0.623017,0.000000,0.000000,0.000000
0.000000,-40.345806,-0.144459,-0.623017,0.000000,0.000000,0.000000
0.000000,-40.331390,-0.143788,-0.623017,0.000000,0.000000,0.000000
0.000000,-40.322842,-0.142542,-0.623017,0.000000,0.000000,0.000000
0.000000,-40.322842,-0.141871,-0.623017,0.000000,0.000000,0.000000
0.000000,-40.310406,-0.140434,-0.623017,0.000000,0.000000,0.000000
0.000000,-40.310406,-0.139859,-0.623017,0.000000,0.000000,0.000000
0.000000,-40.299889,-0.138422,-0.623017,0.000000,0.000000,0.000000
0.000000,-40.281788,-0.137655,-0.623017,0.000000,0.000000,0.000000
0.000000,-40.281788,-0.136409,-0.623017,0.000000,0.000000,0.000000
0.000000,-40.267731,-0.135739,-0.622921,0.000000,0.000000,0.000000
0.000000,-40.267731,-0.134397,-0.622921,0.000000,0.000000,0.000000
0.000000,-40.245552,-0.133822,-0.622921,0.000000,0.000000,0.000000
0.000000,-40.228573,-0.132480,-0.622921,0.000000,0.000000,0.000000
0.000000,-40.228573,-0.131905,-0.622921,0.000000,0.000000,0.000000
0.000000,-40.201824,-0.130851,-0.622921,0.000000,0.000000,0.000000
0.000000,-40.201824,-0.130180,-0.622825,0.000000,0.000000,0.000000
0.000000,-40.182178,-0.129126,-0.622825,0.000000,0.000000,0.000000
0.000000,-40.154182,-0.128551,-0.622825,0.000000,0.000000,0.000000
0.000000,-40.154182,-0.127402,-0.622730,0.000000,0.000000,0.000000
0.000000,-40.135113,-0.126827,-0.622730,0.000000,0.000000,0.000000
0.000000,-40.135113,-0.125772,-0.622730,0.000000,0.000000,0.000000
0.000000,-40.109165,-0.125197,-0.622730,0.000000,0.000000,0.000000
0.000000,-40.092064,-0.124143,-0.622730,0.000000,0.000000,0.000000
0.000000,-40.092064,-0.123569,-0.622730,0.000000,0.000000,0.000000
0.000000,-40.070656,-0.122514,-0.622730,0.000000,0.000000,0.000000
0.000000,-40.070656,-0.121939,-0.622730,0.000000,0.000000,0.000000
0.000000,-40.056980,-0.120790,-0.622730,0.000000,0.000000,0.000000
0.000000,-40.040096,-0.120311,-0.622634,0.000000,0.000000,0.000000
0.000000,-40.040096,-0.119160,-0.622634,0.000000,0.000000,0.000000
0.000000,-40.028255,-0.118681,-0.622634,0.000000,0.000000,0.000000
0.000000,-40.028255,-0.117723,-0.622634,0.000000,0.000000,0.000000
0.000000,-40.012539,-0.117244,-0.622634,0.000000,0.000000,0.000000
0.000000,-40.000576,-0.116286,-0.622634,0.000000,0.000000,0.000000
0.000000,-40.000576,-0.115710,-0.622634,0.000000,0.000000,0.000000
0.000000,-39.981869,-0.114752,-0.622634,0.000000,0.000000,0.000000
0.000000,-39.981869,-0.114369,-0.622538,0.000000,0.000000,0.000000
0.000000,-39.968800,-0.113411,-0.622538,0.000000,0.000000,0.000000
0.000000,-39.949932,-0.113028,-0.622538,0.000000,0.000000,0.000000
0.000000,-39.949932,-0.112261,-0.622538,0.000000,0.000000,0.000000
0.000000,-39.937740,-0.111878,-0.622538,0.000000,0.000000,0.000000
0.000000,-39.937740,-0.111111,-0.622538,0.000000,0.000000,0.000000
0.000000,-39.921173,-0.110632,-0.622538,0.000000,0.000000,0.000000
0.000000,-39.911388,-0.109865,-0.622538,0.000000,0.000000,0.000000
0.000000,-39.911388,-0.109386,-0.622538,0.000000,0.000000,0.000000
0.000000,-39.900646,-0.108619,-0.622538,0.000000,0.000000,0.000000
0.000000,-39.900646,-0.108236,-0.622538,0.000000,0.000000,0.000000
0.000000,-39.893307,-0.107374,-0.622538,0.000000,0.000000,0.000000
0.000000,-39.885075,-0.106895,-0.622538,0.000000,0.000000,0.000000
0.000000,-39.885075,-0.106128,-0.622538,0.000000,0.000000,0.000000
0.000000,-39.879391,-0.105745,-0.622538,0.000000,0.000000,0.000000
0.000000,-39.879391,-0.104786,-0.622538,0.000000,0.000000,0.000000
0.000000,-39.872753,-0.104403,-0.622538,0.000000,0.000000,0.000000
0.000000,-39.867817,-0.103541,-0.622538,0.000000,0.000000,0.000000
0.000000,-39.867817,-0.103062,-0.622538,0.000000,0.000000,0.000000
0.000000,-39.860920,-0.102295,-0.622538,0.000000,0.000000,0.000000
0.000000,-39.860920,-0.101816,-0.622538,0.000000,0.000000,0.000000
0.000000,-39.855240,-0.101049,-0.622538,0.000000,0.000000,0.000000
0.000000,-39.846973,-0.100666,-0.622538,0.000000,0.000000,0.000000
0.000000,-39.846973,-0.099899,-0.622538,0.000000,0.000000,0.000000
0.000000,-39.841354,-0.099420,-0.622538,0.000000,0.000000,0.000000
0.000000,-39.841354,-0.098558,-0.622538,0.000000,0.000000,0.000000
0.000000,-39.833244,-0.098174,-0.622442,0.000000,0.000000,0.000000
0.000000,-39.827736,-0.097504,-0.622442,0.000000,0.000000,0.000000
0.000000,-39.827736,-0.097120,-0.622442,0.000000,0.000000,0.000000
0.000000,-39.821072,-0.096354,-0.622442,0.000000,0.000000,0.000000
0.000000,-39.821072,-0.095970,-0.622442,0.000000,0.000000,0.000000
0.000000,-39.816887,-0.095299,-0.622442,0.000000,0.000000,0.000000
0.000000,-39.812008,-0.095012,-0.622442,0.000000,0.000000,0.000000
0.000000,-39.812008,-0.094341,-0.622442,0.000000,0.000000,0.000000
0.000000,-39.807716,-0.093862,-0.622442,0.000000,0.000000,0.000000
0.000000,-39.807716,-0.093096,-0.622442,0.000000,0.000000,0.000000
0.000000,-39.801285,-0.092808,-0.622442,0.000000,0.000000,0.000000
0.000000,-39.796341,-0.092137,-0.622442,0.000000,0.000000,0.000000
0.000000,-39.796341,-0.091850,-0.622442,0.000000,0.000000,0.000000
0.000000,-39.789310,-0.090987,-0.622442,0.000000,0.000000,0.000000
0.000000,-39.789310,-0.090604,-0.622442,0.000000,0.000000,0.000000
0.000000,-39.784645,-0.089933,-0.622442,0.000000,0.000000,0.000000
0.000000,-39.779854,-0.089550,-0.622442,0.000000,0.000000,0.000000
0.000000,-39.779854,-0.088784,-0.622442,0.000000,0.000000,0.000000
0.000000,-39.775986,-0.088400,-0.622442,0.000000,0.000000,0.000000
0.000000,-39.775986,-0.087538,-0.622346,0.000000,0.000000,0.000000
0.000000,-39.770863,-0.087154,-0.622346,0.000000,0.000000,0.000000
0.000000,-39.766350,-0.086580,-0.622346,0.000000,0.000000,0.000000
0.000000,-39.766350,-0.086196,-0.622346,0.000000,0.000000,0.000000
0.000000,-39.759510,-0.085430,-0.622346,0.000000,0.000000,0.000000
0.000000,-39.759510,-0.085142,-0.622346,0.000000,0.000000,0.000000
0.000000,-39.754776,-0.084471,-0.622346,0.000000,0.000000,0.000000
0.000000,-39.748604,-0.084184,-0.622346,0.000000,0.000000,0.000000
0.000000,-39.748604,-0.083609,-0.622346,0.000000,0.000000,0.000000
0.000000,-39.743633,-0.083225,-0.622346,0.000000,0.000000,0.000000
0.000000,-39.743633,-0.082459,-0.622346,0.000000,0.000000,0.000000
0.000000,-39.735821,-0.082075,-0.622346,0.000000,0.000000,0.000000
0.000000,-39.729584,-0.081501,-0.622346,0.000000,0.000000,0.000000
0.000000,-39.729584,-0.081309,-0.622346,0.000000,0.000000,0.000000
0.000000,-39.719601,-0.080638,-0.622346,0.000000,0.000000,0.000000
0.000000,-39.719601,-0.080255,-0.622346,0.000000,0.000000,0.000000
0.000000,-39.712990,-0.079584,-0.622346,0.000000,0.000000,0.000000
0.000000,-39.704895,-0.079201,-0.622346,0.000000,0.000000,0.000000
0.000000,-39.704895,-0.078722,-0.622346,0.000000,0.000000,0.000000
0.000000,-39.699135,-0.078338,-0.622346,0.000000,0.000000,0.000000
0.000000,-39.699135,-0.077763,-0.622346,0.000000,0.000000,0.000000
0.000000,-39.690166,-0.077284,-0.622346,0.000000,0.000000,0.000000
0.000000,-39.683830,-0.076518,-0.622346,0.000000,0.000000,0.000000
0.000000,-39.683830,-0.076230,-0.622346,0.000000,0.000000,0.000000
0.000000,-39.676430,-0.075655,-0.622346,0.000000,0.000000,0.000000
0.000000,-39.676430,-0.075272,-0.622346,0.000000,0.000000,0.000000
0.000000,-39.671673,-0.074505,-0.622346,0.000000,0.000000,0.000000
0.000000,-39.665100,-0.074122,-0.622346,0.000000,0.000000,0.000000
0.000000,-39.665100,-0.073451,-0.622346,0.000000,0.000000,0.000000
0.000000,-39.660244,-0.073164,-0.622346,0.000000,0.000000,0.000000
0.000000,-39.660244,-0.072493,-0.622346,0.000000,0.000000,0.000000
0.000000,-39.653557,-0.072110,-0.622346,0.000000,0.000000,0.000000
0.000000,-39.648502,-0.071343,-0.622346,0.000000,0.000000,0.000000
0.000000,-39.648502,-0.070960,-0.622346,0.000000,0.000000,0.000000
0.000000,-39.640404,-0.070385,-0.622346,0.000000,0.000000,0.000000
0.000000,-39.640404,-0.070002,-0.622346,0.000000,0.000000,0.000000
0.000000,-39.634777,-0.069330,-0.622346,0.000000,0.000000,0.000000
0.000000,-39.627098,-0.069043,-0.622346,0.000000,0.000000,0.000000
0.000000,-39.627098,-0.068372,-0.622346,0.000000,0.000000,0.000000
0.000000,-39.622868,-0.068085,-0.622346,0.000000,0.000000,0.000000
0.000000,-39.622868,-0.067606,-0.622346,0.000000,0.000000,0.000000
0.000000,-39.618389,-0.067414,-0.622346,0.000000,0.000000,0.000000
0.000000,-39.616100,-0.066839,-0.622346,0.000000,0.000000,0.000000
0.000000,-39.616100,-0.066456,-0.622346,0.000000,0.000000,0.000000
0.000000,-39.614368,-0.065785,-0.622346,0.000000,0.000000,0.000000
0.000000,-39.614368,-0.065497,-0.622346,0.000000,0.000000,0.000000
0.000000,-39.614185,-0.065018,-0.622346,0.000000,0.000000,0.000000
0.000000,-39.616444,-0.064827,-0.622346,0.000000,0.000000,0.000000
0.000000,-39.616444,-0.064348,-0.622346,0.000000,0.000000,0.000000
0.000000,-39.618435,-0.064060,-0.622346,0.000000,0.000000,0.000000
0.000000,-39.618435,-0.063485,-0.622346,0.000000,0.000000,0.000000
0.000000,-39.624866,-0.063102,-0.622346,0.000000,0.000000,0.000000
0.000000,-39.629025,-0.062719,-0.622346,0.000000,0.000000,0.000000
0.000000,-39.629025,-0.062527,-0.622346,0.000000,0.000000,0.000000
0.000000,-39.634991,-0.062335,-0.622346,0.000000,0.000000,0.000000
0.000000,-39.634991,-0.062144,-0.622346,0.000000,0.000000,0.000000
0.000000,-39.637424,-0.061760,-0.622346,0.000000,0.000000,0.000000
0.000000,-39.642544,-0.061473,-0.622346,0.000000,0.000000,0.000000
0.000000,-39.642544,-0.060898,-0.622346,0.000000,0.000000,0.000000
0.000000,-39.644821,-0.060514,-0.622346,0.000000,0.000000,0.000000
0.000000,-39.644821,-0.060035,-0.622346,0.000000,0.000000,0.000000
0.000000,-39.648270,-0.059940,-0.622346,0.000000,0.000000,0.000000
0.000000,-39.648289,-0.059652,-0.622346,0.000000,0.000000,0.000000
0.000000,-39.648289,-0.059556,-0.622346,0.000000,0.000000,0.000000
0.000000,-39.648907,-0.059173,-0.622346,0.000000,0.000000,0.000000
0.000000,-39.648907,-0.058981,-0.622346,0.000000,0.000000,0.000000
0.000000,-39.648205,-0.058311,-0.622346,0.000000,0.000000,0.000000
0.000000,-39.647362,-0.058023,-0.622346,0.000000,0.000000,0.000000
0.000000,-39.647362,-0.057448,-0.622346,0.000000,0.000000,0.000000
0.000000,-39.643986,-0.057256,-0.622346,0.000000,0.000000,0.000000
0.000000,-39.643986,-0.056969,-0.622346,0.000000,0.000000,0.000000
0.000000,-39.636574,-0.056777,-0.622346,0.000000,0.000000,0.000000
0.000000,-39.629238,-0.056394,-0.622346,0.000000,0.000000,0.000000
0.000000,-39.629238,-0.056107,-0.622346,0.000000,0.000000,0.000000
0.000000,-39.617344,-0.055532,-0.622346,0.000000,0.000000,0.000000
0.000000,-39.617344,-0.055148,-0.622346,0.000000,0.000000,0.000000
0.000000,-39.608395,-0.054573,-0.622346,0.000000,0.000000,0.000000
0.000000,-39.595100,-0.054382,-0.622346,0.000000,0.000000,0.000000
0.000000,-39.595100,-0.054094,-0.622346,0.000000,0.000000,0.000000
0.000000,-39.584110,-0.053998,-0.622346,0.000000,0.000000,0.000000
0.000000,-39.584110,-0.053711,-0.622346,0.000000,0.000000,0.000000
0.000000,-39.566582,-0.053519,-0.622346,0.000000,0.000000,0.000000
0.000000,-39.553879,-0.053040,-0.622346,0.000000,0.000000,0.000000
0.000000,-39.553879,-0.052752,-0.622346,0.000000,0.000000,0.000000
0.000000,-39.535286,-0.052369,-0.622346,0.000000,0.000000,0.000000
0.000000,-39.535286,-0.052177,-0.622346,0.000000,0.000000,0.000000
0.000000,-39.520859,-0.051890,-0.622346,0.000000,0.000000,0.000000
0.000000,-39.497307,-0.051794,-0.622346,0.000000,0.000000,0.000000
0.000000,-39.497307,-0.051603,-0.622346,0.000000,0.000000,0.000000
0.000000,-39.479809,-0.051507,-0.622346,0.000000,0.000000,0.000000
0.000000,-39.479809,-0.051315,-0.622346,0.000000,0.000000,0.000000
0.000000,-39.453808,-0.051219,-0.622346,0.000000,0.000000,0.000000
0.000000,-39.434967,-0.051028,-0.622346,0.000000,0.000000,0.000000
0.000000,-39.434967,-0.050836,-0.622346,0.000000,0.000000,0.000000
0.000000,-39.402332,-0.050453,-0.622346,0.000000,0.000000,0.000000
0.000000,-39.402332,-0.050165,-0.622346,0.000000,0.000000,0.000000
0.000000,-39.375534,-0.049686,-0.622346,0.000000,0.000000,0.000000
0.000000,-39.332096,-0.049495,-0.622346,0.000000,0.000000,0.000000
0.000000,-39.332096,-0.049207,-0.622346,0.000000,0.000000,0.000000
0.000000,-39.300507,-0.049111,-0.622346,0.000000,0.000000,0.000000
0.000000,-39.300507,-0.048919,-0.622346,0.000000,0.000000,0.000000
0.000000,-39.249500,-0.048824,-0.622346,0.000000,0.000000,0.000000
0.000000,-39.213394,-0.048536,-0.622346,0.000000,0.000000,0.000000
0.000000,-39.213394,-0.048345,-0.622346,0.000000,0.000000,0.000000
0.000000,-39.156548,-0.048057,-0.622346,0.000000,0.000000,0.000000
0.000000,-39.156548,-0.047770,-0.622346,0.000000,0.000000,0.000000
0.000000,-39.114819,-0.047386,-0.622346,0.000000,0.000000,0.000000
0.000000,-39.048267,-0.047195,-0.622346,0.000000,0.000000,0.000000
0.000000,-39.048267,-0.046811,-0.622346,0.000000,0.000000,0.000000
0.000000,-39.000748,-0.046620,-0.622346,0.000000,0.000000,0.000000
0.000000,-39.000748,-0.046332,-0.622346,0.000000,0.000000,0.000000
0.000000,-38.928223,-0.046236,-0.622346,0.000000,0.000000,0.000000
0.000000,-38.878803,-0.046045,-0.622346,0.000000,0.000000,0.000000
0.000000,-38.878803,-0.045853,-0.622346,0.000000,0.000000,0.000000
0.000000,-38.804569,-0.045470,-0.622346,0.000000,0.000000,0.000000
0.000000,-38.804569,-0.045278,-0.622346,0.000000,0.000000,0.000000
0.000000,-38.753353,-0.044703,-0.622346,0.000000,0.000000,0.000000
0.000000,-38.676735,-0.044416,-0.622346,0.000000,0.000000,0.000000
0.000000,-38.676735,-0.043745,-0.622346,0.000000,0.000000,0.000000
0.000000,-38.624649,-0.043458,-0.622346,0.000000,0.000000,0.000000
0.000000,-38.624649,-0.043074,-0.622346,0.000000,0.000000,0.000000
0.000000,-38.547146,-0.042882,-0.622346,0.000000,0.000000,0.000000
0.000000,-38.495556,-0.042403,-0.622346,0.000000,0.000000,0.000000
0.000000,-38.495556,-0.042116,-0.622346,0.000000,0.000000,0.000000
0.000000,-38.420788,-0.041349,-0.622346,0.000000,0.000000,0.000000
0.000000,-38.420788,-0.040966,-0.622346,0.000000,0.000000,0.000000
0.000000,-38.371250,-0.040295,-0.622346,0.000000,0.000000,0.000000
0.000000,-38.295517,-0.040008,-0.622346,0.000000,0.000000,0.000000
0.000000,-38.295517,-0.039433,-0.622346,0.000000,0.000000,0.000000
0.000000,-38.243839,-0.039049,-0.622346,0.000000,0.000000,0.000000
0.000000,-38.243839,-0.038187,-0.622346,0.000000,0.000000,0.000000
0.000000,-38.166607,-0.037803,-0.622346,0.000000,0.000000,0.000000
0.000000,-38.115261,-0.037133,-0.622346,0.000000,0.000000,0.000000
0.000000,-38.115261,-0.036845,-0.622346,0.000000,0.000000,0.000000
0.000000,-38.036358,-0.036079,-0.622346,0.000000,0.000000,0.000000
0.000000,-38.036358,-0.035695,-0.622346,0.000000,0.000000,0.000000
0.000000,-37.984325,-0.034929,-0.622346,0.000000,0.000000,0.000000
0.000000,-37.903770,-0.034641,-0.622346,0.000000,0.000000,0.000000
0.000000,-37.903770,-0.034066,-0.622346,0.000000,0.000000,0.000000
0.000000,-37.849796,-0.033683,-0.622346,0.000000,0.000000,0.000000
0.000000,-37.849796,-0.032916,-0.622346,0.000000,0.000000,0.000000
0.000000,-37.766239,-0.032533,-0.622346,0.000000,0.000000,0.000000
0.000000,-37.710602,-0.031862,-0.622346,0.000000,0.000000,0.000000
0.000000,-37.710602,-0.031575,-0.622346,0.000000,0.000000,0.000000
0.000000,-37.625107,-0.030808,-0.622346,0.000000,0.000000,0.000000
0.000000,-37.625107,-0.030425,-0.622346,0.000000,0.000000,0.000000
0.000000,-37.569939,-0.029562,-0.622346,0.000000,0.000000,0.000000
0.000000,-37.487064,-0.029179,-0.622346,0.000000,0.000000,0.000000
0.000000,-37.487064,-0.028508,-0.622346,0.000000,0.000000,0.000000
0.000000,-37.432564,-0.028125,-0.622346,0.000000,0.000000,0.000000
0.000000,-37.432564,-0.027167,-0.622346,0.000000,0.000000,0.000000
0.000000,-37.350212,-0.026784,-0.622346,0.000000,0.000000,0.000000
0.000000,-37.296776,-0.025825,-0.622346,0.000000,0.000000,0.000000
0.000000,-37.296776,-0.025346,-0.622346,0.000000,0.000000,0.000000
0.000000,-37.216301,-0.024292,-0.622346,0.000000,0.000000,0.000000
0.000000,-37.216301,-0.023813,-0.622346,0.000000,0.000000,0.000000
0.000000,-37.163406,-0.022855,-0.622346,0.000000,0.000000,0.000000
0.000000,-37.083622,-0.022280,-0.622346,0.000000,0.000000,0.000000
0.000000,-37.083622,-0.021130,-0.622346,0.000000,0.000000,0.000000
0.000000,-37.031532,-0.020651,-0.622346,0.000000,0.000000,0.000000
0.000000,-37.031532,-0.019501,-0.622346,0.000000,0.000000,0.000000
0.000000,-36.951126,-0.018926,-0.622346,0.000000,0.000000,0.000000
0.000000,-36.897415,-0.017967,-0.622346,0.000000,0.000000,0.000000
0.000000,-36.897415,-0.017488,-0.622346,0.000000,0.000000,0.000000
0.000000,-36.814289,-0.016434,-0.622346,0.000000,0.000000,0.000000
0.000000,-36.814289,-0.015955,-0.622346,0.000000,0.000000,0.000000
0.000000,-36.758434,-0.014997,-0.622346,0.000000,0.000000,0.000000
0.000000,-36.673122,-0.014518,-0.622346,0.000000,0.000000,0.000000
0.000000,-36.673122,-0.013464,-0.622346,0.000000,0.000000,0.000000
0.000000,-36.616081,-0.012985,-0.622346,0.000000,0.000000,0.000000
0.000000,-36.616081,-0.012122,-0.622346,0.000000,0.000000,0.000000
0.000000,-36.529305,-0.011643,-0.622346,0.000000,0.000000,0.000000
0.000000,-36.471691,-0.010493,-0.622346,0.000000,0.000000,0.000000
0.000000,-36.471691,-0.009918,-0.622346,0.000000,0.000000,0.000000
0.000000,-36.385544,-0.008864,-0.622346,0.000000,0.000000,0.000000
0.000000,-36.385544,-0.008289,-0.622346,0.000000,0.000000,0.000000
0.000000,-36.328106,-0.007139,-0.622346,0.000000,0.000000,0.000000
0.000000,-36.242699,-0.006564,-0.622346,0.000000,0.000000,0.000000
0.000000,-36.242699,-0.005223,-0.622346,0.000000,0.000000,0.000000
0.000000,-36.186344,-0.004647,-0.622346,0.000000,0.000000,0.000000
0.000000,-36.186344,-0.003498,-0.622346,0.000000,0.000000,0.000000
0.000000,-36.102562,-0.002827,-0.622346,0.000000,0.000000,0.000000
0.000000,-36.046310,-0.001677,-0.622346,0.000000,0.000000,0.000000
0.000000,-36.046310,-0.001102,-0.622346,0.000000,0.000000,0.000000
0.000000,-35.961460,0.000144,-0.622346,0.000000,0.000000,0.000000
0.000000,-35.961460,0.000719,-0.622346,0.000000,0.000000,0.000000
0.000000,-35.903927,0.001773,-0.622346,0.000000,0.000000,0.000000
0.000000,-35.817097,0.002444,-0.622346,0.000000,0.000000,0.000000
0.000000,-35.817097,0.003498,-0.622346,0.000000,0.000000,0.000000
0.000000,-35.758465,0.003977,-0.622346,0.000000,0.000000,0.000000
0.000000,-35.758465,0.005031,-0.622346,0.000000,0.000000,0.000000
0.000000,-35.670570,0.005510,-0.622346,0.000000,0.000000,0.000000
0.000000,-35.612156,0.006564,-0.622346,0.000000,0.000000,0.000000
0.000000,-35.612156,0.007043,-0.622346,0.000000,0.000000,0.000000
0.000000,-35.526333,0.008193,-0.622346,0.000000,0.000000,0.000000
0.000000,-35.526333,0.008672,-0.622346,0.000000,0.000000,0.000000
0.000000,-35.469345,0.009727,-0.622346,0.000000,0.000000,0.000000
0.000000,-35.384056,0.010301,-0.622346,0.000000,0.000000,0.000000
0.000000,-35.384056,0.011451,-0.622346,0.000000,0.000000,0.000000
0.000000,-35.325768,0.012026,-0.622346,0.000000,0.000000,0.000000
0.000000,-35.325768,0.013080,-0.622346,0.000000,0.000000,0.000000
0.000000,-35.238930,0.013655,-0.622346,0.000000,0.000000,0.000000
0.000000,-35.179932,0.014709,-0.622346,0.000000,0.000000,0.000000
0.000000,-35.179932,0.015188,-0.622346,0.000000,0.000000,0.000000
0.000000,-35.092224,0.016243,-0.622346,0.000000,0.000000,0.000000
0.000000,-35.092224,0.016818,-0.622346,0.000000,0.000000,0.000000
0.000000,-35.032513,0.017776,-0.622346,0.000000,0.000000,0.000000
0.000000,-34.943035,0.018351,-0.622346,0.000000,0.000000,0.000000
0.000000,-34.943035,0.019405,-0.622346,0.000000,0.000000,0.000000
0.000000,-34.882915,0.019884,-0.622346,0.000000,0.000000,0.000000
0.000000,-34.882915,0.020842,-0.622346,0.000000,0.000000,0.000000
0.000000,-34.794338,0.021321,-0.622346,0.000000,0.000000,0.000000
0.000000,-34.735371,0.022375,-0.622346,0.000000,0.000000,0.000000
0.000000,-34.735371,0.022855,-0.622346,0.000000,0.000000,0.000000
0.000000,-34.648880,0.023813,-0.622346,0.000000,0.000000,0.000000
0.000000,-34.648880,0.024388,-0.622346,0.000000,0.000000,0.000000
0.000000,-34.591591,0.025442,-0.622346,0.000000,0.000000,0.000000
0.000000,-34.507946,0.025921,-0.622346,0.000000,0.000000,0.000000
0.000000,-34.507946,0.026880,-0.622346,0.000000,0.000000,0.000000
0.000000,-34.451694,0.027454,-0.622346,0.000000,0.000000,0.000000
0.000000,-34.451694,0.028508,-0.622346,0.000000,0.000000,0.000000
0.000000,-34.368149,0.029083,-0.622346,0.000000,0.000000,0.000000
0.000000,-34.311764,0.030042,-0.622346,0.000000,0.000000,0.000000
0.000000,-34.311764,0.030521,-0.622346,0.000000,0.000000,0.000000
0.000000,-34.227467,0.031383,-0.622346,0.000000,0.000000,0.000000
0.000000,-34.227467,0.031862,-0.622346,0.000000,0.000000,0.000000
0.000000,-34.169983,0.032917,-0.622346,0.000000,0.000000,0.000000
0.000000,-34.083824,0.033396,-0.622346,0.000000,0.000000,0.000000
0.000000,-34.083824,0.034354,-0.622346,0.000000,0.000000,0.000000
0.000000,-34.025490,0.034929,-0.622346,0.000000,0.000000,0.000000
0.000000,-34.025490,0.035887,-0.622346,0.000000,0.000000,0.000000
0.000000,-33.938862,0.036366,-0.622346,0.000000,0.000000,0.000000
0.000000,-33.880882,0.037229,-0.622346,0.000000,0.000000,0.000000
0.000000,-33.880882,0.037708,-0.622346,0.000000,0.000000,0.000000
0.000000,-33.794834,0.038666,-0.622346,0.000000,0.000000,0.000000
0.000000,-33.794834,0.039145,-0.622346,0.000000,0.000000,0.000000
0.000000,-33.737080,0.040104,-0.622346,0.000000,0.000000,0.000000
0.000000,-33.651775,0.040583,-0.622346,0.000000,0.000000,0.000000
0.000000,-33.651775,0.041637,-0.622346,0.000000,0.000000,0.000000
0.000000,-33.593922,0.042116,-0.622346,0.000000,0.000000,0.000000
0.000000,-33.593922,0.042978,-0.622346,0.000000,0.000000,0.000000
0.000000,-33.507439,0.043458,-0.622346,0.000000,0.000000,0.000000
0.000000,-33.447777,0.044512,-0.622346,0.000000,0.000000,0.000000
0.000000,-33.447777,0.044991,-0.622346,0.000000,0.000000,0.000000
0.000000,-33.359589,0.045853,-0.622346,0.000000,0.000000,0.000000
0.000000,-33.359589,0.046428,-0.622346,0.000000,0.000000,0.000000
0.000000,-33.299408,0.047386,-0.622346,0.000000,0.000000,0.000000
0.000000,-33.209641,0.047865,-0.622346,0.000000,0.000000,0.000000
0.000000,-33.209641,0.048728,-0.622346,0.000000,0.000000,0.000000
0.000000,-33.149094,0.049111,-0.622346,0.000000,0.000000,0.000000
0.000000,-33.149094,0.050069,-0.622346,0.000000,0.000000,0.000000
0.000000,-33.060123,0.050549,-0.622346,0.000000,0.000000,0.000000
0.000000,-33.001072,0.051411,-0.622346,0.000000,0.000000,0.000000
0.000000,-33.001072,0.051794,-0.622346,0.000000,0.000000,0.000000
0.000000,-32.914101,0.052752,-0.622346,0.000000,0.000000,0.000000
0.000000,-32.914101,0.053136,-0.622346,0.000000,0.000000,0.000000
0.000000,-32.856121,0.053902,-0.622346,0.000000,0.000000,0.000000
0.000000,-32.770561,0.054286,-0.622346,0.000000,0.000000,0.000000
0.000000,-32.770561,0.055148,-0.622346,0.000000,0.000000,0.000000
0.000000,-32.713058,0.055628,-0.622346,0.000000,0.000000,0.000000
0.000000,-32.713058,0.056586,-0.622346,0.000000,0.000000,0.000000
0.000000,-32.628414,0.056969,-0.622346,0.000000,0.000000,0.000000
0.000000,-32.570751,0.057927,-0.622251,0.000000,0.000000,0.000000
0.000000,-32.570751,0.058406,-0.622251,0.000000,0.000000,0.000000
0.000000,-32.487251,0.059365,-0.622251,0.000000,0.000000,0.000000
0.000000,-32.487251,0.059844,-0.622155,0.000000,0.000000,0.000000
0.000000,-32.430874,0.060898,-0.622155,0.000000,0.000000,0.000000
0.000000,-32.347904,0.061473,-0.622155,0.000000,0.000000,0.000000
0.000000,-32.347904,0.062335,-0.622059,0.000000,0.000000,0.000000
0.000000,-32.292240,0.062814,-0.622059,0.000000,0.000000,0.000000
0.000000,-32.292240,0.063773,-0.621963,0.000000,0.000000,0.000000
0.000000,-32.209286,0.064156,-0.621867,0.000000,0.000000,0.000000
0.000000,-32.153156,0.064923,-0.621867,0.000000,0.000000,0.000000
0.000000,-32.153156,0.065306,-0.621771,0.000000,0.000000,0.000000
0.000000,-32.069149,0.066168,-0.621675,0.000000,0.000000,0.000000
0.000000,-32.069149,0.066551,-0.621484,0.000000,0.000000,0.000000
0.000000,-32.012875,0.067414,-0.621388,0.000000,0.000000,0.000000
0.000000,-31.929884,0.067702,-0.621292,0.000000,0.000000,0.000000
0.000000,-31.929884,0.068372,-0.621196,0.000000,0.000000,0.000000
0.000000,-31.873829,0.068660,-0.620813,0.000000,0.000000,0.000000
0.000000,-31.873829,0.069426,-0.620621,0.000000,0.000000,0.000000
0.000000,-31.792850,0.069810,-0.620142,0.000000,0.000000,0.000000
0.000000,-31.738350,0.070480,-0.619951,0.000000,0.000000,0.000000
0.000000,-31.738350,0.070768,-0.619567,0.000000,0.000000,0.000000
0.000000,-31.657381,0.071343,-0.619472,0.000000,0.000000,0.000000
0.000000,-31.657381,0.071822,-0.619472,0.000000,0.000000,0.000000
0.000000,-31.604361,0.072685,-0.619472,0.000000,0.000000,0.000000
0.000000,-31.529732,0.073068,-0.619472,0.000000,0.000000,0.000000
0.000000,-31.529732,0.073739,-0.619472,0.000000,0.000000,0.000000
0.000000,-31.479099,0.074122,-0.619472,0.000000,0.000000,0.000000
0.000000,-31.479099,0.074984,-0.619472,0.000000,0.000000,0.000000
0.000000,-31.405819,0.075464,-0.619472,0.000000,0.000000,0.000000
0.000000,-31.357187,0.076230,-0.619472,0.000000,0.000000,0.000000
0.000000,-31.357187,0.076709,-0.619376,0.000000,0.000000,0.000000
0.000000,-31.284828,0.077572,-0.619376,0.000000,0.000000,0.000000
0.000000,-31.284828,0.078051,-0.619376,0.000000,0.000000,0.000000
0.000000,-31.236130,0.078817,-0.619376,0.000000,0.000000,0.000000
0.000000,-31.165543,0.079201,-0.619376,0.000000,0.000000,0.000000
0.000000,-31.165543,0.079871,-0.619280,0.000000,0.000000,0.000000
0.000000,-31.117546,0.080351,-0.619280,0.000000,0.000000,0.000000
0.000000,-31.117546,0.081117,-0.619184,0.000000,0.000000,0.000000
0.000000,-31.046967,0.081405,-0.619184,0.000000,0.000000,0.000000
0.000000,-30.999231,0.081884,-0.619184,0.000000,0.000000,0.000000
0.000000,-30.999231,0.082171,-0.619088,0.000000,0.000000,0.000000
0.000000,-30.928869,0.082842,-0.618992,0.000000,0.000000,0.000000
0.000000,-30.928869,0.083321,-0.618896,0.000000,0.000000,0.000000
0.000000,-30.882669,0.083992,-0.618801,0.000000,0.000000,0.000000
0.000000,-30.814009,0.084184,-0.618609,0.000000,0.000000,0.000000
0.000000,-30.814009,0.084663,-0.618418,0.000000,0.000000,0.000000
0.000000,-30.766758,0.084950,-0.617938,0.000000,0.000000,0.000000
0.000000,-30.766758,0.085525,-0.617651,0.000000,0.000000,0.000000
0.000000,-30.698732,0.085908,-0.616884,0.000000,0.000000,0.000000
0.000000,-30.654367,0.086483,-0.616597,0.000000,0.000000,0.000000
0.000000,-30.654367,0.086675,-0.616213,0.000000,0.000000,0.000000
0.000000,-30.591246,0.087059,-0.616117,0.000000,0.000000,0.000000
0.000000,-30.591246,0.087250,-0.615734,0.000000,0.000000,0.000000
0.000000,-30.551300,0.087729,-0.615542,0.000000,0.000000,0.000000
0.000000,-30.494938,0.088017,-0.615063,0.000000,0.000000,0.000000
0.000000,-30.494938,0.088879,-0.614776,0.000000,0.000000,0.000000
0.000000,-30.454967,0.089167,-0.614105,0.000000,0.000000,0.000000
0.000000,-30.454967,0.089646,-0.613914,0.000000,0.000000,0.000000
0.000000,-30.395130,0.089933,-0.613626,0.000000,0.000000,0.000000
0.000000,-30.354692,0.090317,-0.613530,0.000000,0.000000,0.000000
0.000000,-30.354692,0.090604,-0.613243,0.000000,0.000000,0.000000
0.000000,-30.297682,0.091275,-0.613147,0.000000,0.000000,0.000000
0.000000,-30.297682,0.091658,-0.612763,0.000000,0.000000,0.000000
0.000000,-30.256823,0.092425,-0.612572,0.000000,0.000000,0.000000
0.000000,-30.194715,0.092617,-0.611709,0.000000,0.000000,0.000000
0.000000,-30.194715,0.093096,-0.611326,0.000000,0.000000,0.000000
0.000000,-30.153032,0.093287,-0.610559,0.000000,0.000000,0.000000
0.000000,-30.153032,0.093958,-0.610272,0.000000,0.000000,0.000000
0.000000,-30.094667,0.094341,-0.609601,0.000000,0.000000,0.000000
0.000000,-30.052929,0.095108,-0.609218,0.000000,0.000000,0.000000
0.000000,-30.052929,0.095299,-0.608260,0.000000,0.000000,0.000000
0.000000,-29.984449,0.095779,-0.607877,0.000000,0.000000,0.000000
0.000000,-29.984449,0.095970,-0.607110,0.000000,0.000000,0.000000
0.000000,-29.934244,0.096450,-0.606631,0.000000,0.000000,0.000000
0.000000,-29.858166,0.096833,-0.605481,0.000000,0.000000,0.000000
0.000000,-29.858166,0.097504,-0.605002,0.000000,0.000000,0.000000
0.000000,-29.803921,0.097791,-0.604139,0.000000,0.000000,0.000000
0.000000,-29.803921,0.098174,-0.603660,0.000000,0.000000,0.000000
0.000000,-29.720758,0.098366,-0.602702,0.000000,0.000000,0.000000
0.000000,-29.663830,0.098749,-0.602319,0.000000,0.000000,0.000000
0.000000,-29.663830,0.099133,-0.601648,0.000000,0.000000,0.000000
0.000000,-29.576591,0.099899,-0.601264,0.000000,0.000000,0.000000
0.000000,-29.576591,0.100187,-0.600306,0.000000,0.000000,0.000000
0.000000,-29.515942,0.100666,-0.599923,0.000000,0.000000,0.000000
0.000000,-29.425575,0.100857,-0.599348,0.000000,0.000000,0.000000
0.000000,-29.425575,0.101145,-0.599060,0.000000,0.000000,0.000000
0.000000,-29.364746,0.101336,-0.598581,0.000000,0.000000,0.000000
0.000000,-29.364746,0.101816,-0.598102,0.000000,0.000000,0.000000
0.000000,-29.274796,0.102103,-0.597239,0.000000,0.000000,0.000000
0.000000,-29.213837,0.102774,-0.596856,0.000000,0.000000,0.000000
0.000000,-29.213837,0.103062,-0.596185,0.000000,0.000000,0.000000
0.000000,-29.122240,0.103349,-0.595802,0.000000,0.000000,0.000000
0.000000,-29.122240,0.103541,-0.594844,0.000000,0.000000,0.000000
0.000000,-29.060081,0.103828,-0.594269,0.000000,0.000000,0.000000
0.000000,-28.970299,0.104020,-0.593407,0.000000,0.000000,0.000000
0.000000,-28.970299,0.104595,-0.592927,0.000000,0.000000,0.000000
0.000000,-28.910110,0.104882,-0.591682,0.000000,0.000000,0.000000
0.000000,-28.910110,0.105553,-0.591107,0.000000,0.000000,0.000000
0.000000,-28.823139,0.105841,-0.590053,0.000000,0.000000,0.000000
0.000000,-28.764181,0.106128,-0.589382,0.000000,0.000000,0.000000
0.000000,-28.764181,0.106224,-0.588232,0.000000,0.000000,0.000000
0.000000,-28.676533,0.106416,-0.587657,0.000000,0.000000,0.000000
0.000000,-28.676533,0.106607,-0.586507,0.000000,0.000000,0.000000
0.000000,-28.616135,0.107086,-0.585932,0.000000,0.000000,0.000000
0.000000,-28.524546,0.107374,-0.585070,0.000000,0.000000,0.000000
0.000000,-28.524546,0.108045,-0.584686,0.000000,0.000000,0.000000
0.000000,-28.460209,0.108428,-0.583728,0.000000,0.000000,0.000000
0.000000,-28.460209,0.108811,-0.583249,0.000000,0.000000,0.000000
0.000000,-28.363672,0.109003,-0.582482,0.000000,0.000000,0.000000
0.000000,-28.297922,0.109386,-0.582195,0.000000,0.000000,0.000000
0.000000,-28.297922,0.109578,-0.581237,0.000000,0.000000,0.000000
0.000000,-28.201477,0.110057,-0.580757,0.000000,0.000000,0.000000
0.000000,-28.201477,0.110440,-0.580087,0.000000,0.000000,0.000000
0.000000,-28.136969,0.111303,-0.579703,0.000000,0.000000,0.000000
0.000000,-28.040728,0.111590,-0.579033,0.000000,0.000000,0.000000
0.000000,-28.040728,0.111974,-0.578553,0.000000,0.000000,0.000000
0.000000,-27.976467,0.112069,-0.577499,0.000000,0.000000,0.000000
0.000000,-27.976467,0.112357,-0.577020,0.000000,0.000000,0.000000
0.000000,-27.881662,0.112548,-0.575966,0.000000,0.000000,0.000000
0.000000,-27.818298,0.113219,-0.575295,0.000000,0.000000,0.000000
0.000000,-27.818298,0.113602,-0.574050,0.000000,0.000000,0.000000
0.000000,-27.724791,0.114082,-0.573475,0.000000,0.000000,0.000000
0.000000,-27.724791,0.114273,-0.572037,0.000000,0.000000,0.000000
0.000000,-27.662786,0.114561,-0.571367,0.000000,0.000000,0.000000
0.000000,-27.571192,0.114656,-0.570121,0.000000,0.000000,0.000000
0.000000,-27.571192,0.114944,-0.569546,0.000000,0.000000,0.000000
0.000000,-27.510523,0.115232,-0.568587,0.000000,0.000000,0.000000
0.000000,-27.510523,0.115806,-0.568204,0.000000,0.000000,0.000000
0.000000,-27.418604,0.116190,-0.567342,0.000000,0.000000,0.000000
0.000000,-27.355658,0.116860,-0.566767,0.000000,0.000000,0.000000
0.000000,-27.355658,0.117052,-0.566000,0.000000,0.000000,0.000000
0.000000,-27.260487,0.117435,-0.565617,0.000000,0.000000,0.000000
0.000000,-27.260487,0.117531,-0.564754,0.000000,0.000000,0.000000
0.000000,-27.197670,0.117915,-0.564275,0.000000,0.000000,0.000000
0.000000,-27.105711,0.118202,-0.563317,0.000000,0.000000,0.000000
0.000000,-27.105711,0.118873,-0.562934,0.000000,0.000000,0.000000
0.000000,-27.044340,0.119256,-0.562071,0.000000,0.000000,0.000000
0.000000,-27.044340,0.119831,-0.561496,0.000000,0.000000,0.000000
0.000000,-26.953211,0.119927,-0.560442,0.000000,0.000000,0.000000
0.000000,-26.892635,0.120215,-0.560059,0.000000,0.000000,0.000000
0.000000,-26.892635,0.120311,-0.558909,0.000000,0.000000,0.000000
0.000000,-26.801510,0.120694,-0.558334,0.000000,0.000000,0.000000
0.000000,-26.801510,0.120981,-0.557088,0.000000,0.000000,0.000000
0.000000,-26.739935,0.121652,-0.556418,0.000000,0.000000,0.000000
0.000000,-26.647305,0.121939,-0.555076,0.000000,0.000000,0.000000
0.000000,-26.647305,0.122514,-0.554405,0.000000,0.000000,0.000000
0.000000,-26.585901,0.122610,-0.553063,0.000000,0.000000,0.000000
0.000000,-26.585901,0.122898,-0.552489,0.000000,0.000000,0.000000
0.000000,-26.495796,0.123089,-0.551339,0.000000,0.000000,0.000000
0.000000,-26.435759,0.123473,-0.550764,0.000000,0.000000,0.000000
0.000000,-26.435759,0.123760,-0.549710,0.000000,0.000000,0.000000
0.000000,-26.344139,0.124527,-0.549326,0.000000,0.000000,0.000000
0.000000,-26.344139,0.124910,-0.548560,0.000000,0.000000,0.000000
0.000000,-26.278584,0.125389,-0.548080,0.000000,0.000000,0.000000
0.000000,-26.178078,0.125677,-0.547122,0.000000,0.000000,0.000000
0.000000,-26.178078,0.125964,-0.546739,0.000000,0.000000,0.000000
0.000000,-26.111242,0.126156,-0.545972,0.000000,0.000000,0.000000
0.000000,-26.111242,0.126731,-0.545589,0.000000,0.000000,0.000000
0.000000,-26.013744,0.127114,-0.544439,0.000000,0.000000,0.000000
0.000000,-25.948727,0.127976,-0.543960,0.000000,0.000000,0.000000
0.000000,-25.948727,0.128264,-0.542906,0.000000,0.000000,0.000000
0.000000,-25.851843,0.128743,-0.542331,0.000000,0.000000,0.000000
0.000000,-25.851843,0.128935,-0.541085,0.000000,0.000000,0.000000
0.000000,-25.788054,0.129318,-0.540510,0.000000,0.000000,0.000000
0.000000,-25.693958,0.129606,-0.539265,0.000000,0.000000,0.000000
0.000000,-25.693958,0.130372,-0.538594,0.000000,0.000000,0.000000
0.000000,-25.630009,0.130660,-0.537444,0.000000,0.000000,0.000000
0.000000,-25.630009,0.131139,-0.536773,0.000000,0.000000,0.000000
0.000000,-25.532152,0.131234,-0.535623,0.000000,0.000000,0.000000
0.000000,-25.466173,0.131618,-0.535144,0.000000,0.000000,0.000000
0.000000,-25.466173,0.131714,-0.533994,0.000000,0.000000,0.000000
0.000000,-25.366409,0.132385,-0.533419,0.000000,0.000000,0.000000
0.000000,-25.366409,0.132768,-0.532269,0.000000,0.000000,0.000000
0.000000,-25.298475,0.133439,-0.531790,0.000000,0.000000,0.000000
0.000000,-25.196335,0.133726,-0.530640,0.000000,0.000000,0.000000
0.000000,-25.196335,0.134109,-0.530161,0.000000,0.000000,0.000000
0.000000,-25.128950,0.134205,-0.529299,0.000000,0.000000,0.000000
0.000000,-25.128950,0.134589,-0.528724,0.000000,0.000000,0.000000
0.000000,-25.029556,0.134876,-0.527574,0.000000,0.000000,0.000000
0.000000,-24.962723,0.135643,-0.526999,0.000000,0.000000,0.000000
0.000000,-24.962723,0.135930,-0.525945,0.000000,0.000000,0.000000
0.000000,-24.862125,0.136505,-0.525370,0.000000,0.000000,0.000000
0.000000,-24.862125,0.136697,-0.524124,0.000000,0.000000,0.000000
0.000000,-24.794952,0.136984,-0.523549,0.000000,0.000000,0.000000
0.000000,-24.695940,0.137176,-0.522207,0.000000,0.000000,0.000000
0.000000,-24.695940,0.137655,-0.521537,0.000000,0.000000,0.000000
0.000000,-24.629562,0.138038,-0.520291,0.000000,0.000000,0.000000
0.000000,-24.629562,0.138709,-0.519620,0.000000,0.000000,0.000000
0.000000,-24.529232,0.139092,-0.518470,0.000000,0.000000,0.000000
0.000000,-24.461277,0.139476,-0.517895,0.000000,0.000000,0.000000
0.000000,-24.461277,0.139667,-0.516745,0.000000,0.000000,0.000000
0.000000,-24.359980,0.139955,-0.516170,0.000000,0.000000,0.000000
0.000000,-24.359980,0.140146,-0.515212,0.000000,0.000000,0.000000
0.000000,-24.291576,0.140722,-0.514637,0.000000,0.000000,0.000000
0.000000,-24.189346,0.141105,-0.513583,0.000000,0.000000,0.000000
0.000000,-24.189346,0.141776,-0.513104,0.000000,0.000000,0.000000
0.000000,-24.120483,0.142063,-0.512050,0.000000,0.000000,0.000000
0.000000,-24.120483,0.142350,-0.511475,0.000000,0.000000,0.000000
0.000000,-24.018723,0.142542,-0.510421,0.000000,0.000000,0.000000
0.000000,-23.951361,0.143021,-0.509846,0.000000,0.000000,0.000000
0.000000,-23.951361,0.143309,-0.508504,0.000000,0.000000,0.000000
0.000000,-23.851681,0.144075,-0.507929,0.000000,0.000000,0.000000
0.000000,-23.851681,0.144459,-0.506588,0.000000,0.000000,0.000000
0.000000,-23.784466,0.144938,-0.505917,0.000000,0.000000,0.000000
0.000000,-23.684301,0.145129,-0.504671,0.000000,0.000000,0.000000
0.000000,-23.684301,0.145417,-0.504096,0.000000,0.000000,0.000000
0.000000,-23.617180,0.145513,-0.502754,0.000000,0.000000,0.000000
0.000000,-23.617180,0.146088,-0.502275,0.000000,0.000000,0.000000
0.000000,-23.516804,0.146375,-0.501317,0.000000,0.000000,0.000000
0.000000,-23.447714,0.147142,-0.500838,0.000000,0.000000,0.000000
0.000000,-23.447714,0.147429,-0.499688,0.000000,0.000000,0.000000
0.000000,-23.343058,0.147813,-0.499209,0.000000,0.000000,0.000000
0.000000,-23.343058,0.148004,-0.498155,0.000000,0.000000,0.000000
0.000000,-23.273283,0.148387,-0.497580,0.000000,0.000000,0.000000
0.000000,-23.171797,0.148579,-0.496526,0.000000,0.000000,0.000000
0.000000,-23.171797,0.149250,-0.496047,0.000000,0.000000,0.000000
0.000000,-23.104456,0.149633,-0.494801,0.000000,0.000000,0.000000
0.000000,-23.104456,0.150304,-0.494130,0.000000,0.000000,0.000000
0.000000,-23.004097,0.150400,-0.492980,0.000000,0.000000,0.000000
0.000000,-22.936310,0.150687,-0.492310,0.000000,0.000000,0.000000
0.000000,-22.936310,0.150783,-0.491064,0.000000,0.000000,0.000000
0.000000,-22.835438,0.151167,-0.490489,0.000000,0.000000,0.000000
0.000000,-22.835438,0.151358,-0.488955,0.000000,0.000000,0.000000
0.000000,-22.766502,0.151933,-0.488285,0.000000,0.000000,0.000000
0.000000,-22.662088,0.152317,-0.486943,0.000000,0.000000,0.000000
0.000000,-22.662088,0.152891,-0.486272,0.000000,0.000000,0.000000
0.000000,-22.590384,0.152987,-0.485122,0.000000,0.000000,0.000000
0.000000,-22.590384,0.153275,-0.484548,0.000000,0.000000,0.000000
0.000000,-22.483648,0.153371,-0.483302,0.000000,0.000000,0.000000
0.000000,-22.410219,0.153658,-0.482823,0.000000,0.000000,0.000000
0.000000,-22.410219,0.153946,-0.481864,0.000000,0.000000,0.000000
0.000000,-22.299446,0.154521,-0.481289,0.000000,0.000000,0.000000
0.000000,-22.299446,0.154904,-0.480235,0.000000,0.000000,0.000000
0.000000,-22.223722,0.155575,-0.479756,0.000000,0.000000,0.000000
0.000000,-22.113029,0.155862,-0.478702,0.000000,0.000000,0.000000
0.000000,-22.113029,0.156150,-0.478031,0.000000,0.000000,0.000000
0.000000,-22.039118,0.156245,-0.476786,0.000000,0.000000,0.000000
0.000000,-22.039118,0.156629,-0.476115,0.000000,0.000000,0.000000
0.000000,-21.931513,0.156916,-0.474581,0.000000,0.000000,0.000000
0.000000,-21.858627,0.157491,-0.473911,0.000000,0.000000,0.000000
0.000000,-21.858627,0.157874,-0.472282,0.000000,0.000000,0.000000
0.000000,-21.748606,0.158449,-0.471611,0.000000,0.000000,0.000000
0.000000,-21.748606,0.158641,-0.470269,0.000000,0.000000,0.000000
0.000000,-21.673010,0.158928,-0.469599,0.000000,0.000000,0.000000
0.000000,-21.558407,0.159024,-0.468449,0.000000,0.000000,0.000000
0.000000,-21.558407,0.159408,-0.467874,0.000000,0.000000,0.000000
0.000000,-21.479383,0.159599,-0.466532,0.000000,0.000000,0.000000
0.000000,-21.479383,0.160270,-0.466053,0.000000,0.000000,0.000000
0.000000,-21.358564,0.160653,-0.464807,0.000000,0.000000,0.000000
0.000000,-21.275915,0.161324,-0.464137,0.000000,0.000000,0.000000
0.000000,-21.275915,0.161516,-0.463082,0.000000,0.000000,0.000000
0.000000,-21.154409,0.161803,-0.462603,0.000000,0.000000,0.000000
0.000000,-21.154409,0.161995,-0.461358,0.000000,0.000000,0.000000
0.000000,-21.074575,0.162378,-0.460687,0.000000,0.000000,0.000000
0.000000,-20.957483,0.162666,-0.459441,0.000000,0.000000,0.000000
0.000000,-20.957483,0.163432,-0.458674,0.000000,0.000000,0.000000
0.000000,-20.879164,0.163720,-0.457237,0.000000,0.000000,0.000000
0.000000,-20.879164,0.164199,-0.456470,0.000000,0.000000,0.000000
0.000000,-20.761478,0.164295,-0.454841,0.000000,0.000000,0.000000
0.000000,-20.681650,0.164486,-0.454075,0.000000,0.000000,0.000000
0.000000,-20.681650,0.164582,-0.452446,0.000000,0.000000,0.000000
0.000000,-20.561087,0.164966,-0.451775,0.000000,0.000000,0.000000
0.000000,-20.561087,0.165157,-0.450433,0.000000,0.000000,0.000000
0.000000,-20.479195,0.165828,-0.449763,0.000000,0.000000,0.000000
0.000000,-20.356045,0.166211,-0.448517,0.000000,0.000000,0.000000
0.000000,-20.356045,0.166786,-0.447942,0.000000,0.000000,0.000000
0.000000,-20.272795,0.166978,-0.446792,0.000000,0.000000,0.000000
0.000000,-20.272795,0.167265,-0.446217,0.000000,0.000000,0.000000
0.000000,-20.150631,0.167361,-0.444875,0.000000,0.000000,0.000000
0.000000,-20.070969,0.167840,-0.444204,0.000000,0.000000,0.000000
0.000000,-20.070969,0.168128,-0.442959,0.000000,0.000000,0.000000
0.000000,-19.955811,0.168703,-0.442288,0.000000,0.000000,0.000000
0.000000,-19.955811,0.169086,-0.440755,0.000000,0.000000,0.000000
0.000000,-19.880449,0.169565,-0.439988,0.000000,0.000000,0.000000
0.000000,-19.770483,0.169661,-0.438455,0.000000,0.000000,0.000000
0.000000,-19.770483,0.169853,-0.437784,0.000000,0.000000,0.000000
0.000000,-19.697298,0.169853,-0.436251,0.000000,0.000000,0.000000
0.000000,-19.697298,0.170140,-0.435580,0.000000,0.000000,0.000000
0.000000,-19.587786,0.170332,-0.434239,0.000000,0.000000,0.000000
0.000000,-19.512125,0.170811,-0.433568,0.000000,0.000000,0.000000
0.000000,-19.512125,0.171098,-0.432418,0.000000,0.000000,0.000000
0.000000,-19.398188,0.171769,-0.431843,0.000000,0.000000,0.000000
0.000000,-19.398188,0.172057,-0.430597,0.000000,0.000000,0.000000
0.000000,-19.320526,0.172536,-0.430118,0.000000,0.000000,0.000000
0.000000,-19.207512,0.172728,-0.428968,0.000000,0.000000,0.000000
0.000000,-19.207512,0.173015,-0.428393,0.000000,0.000000,0.000000
0.000000,-19.134769,0.173207,-0.427243,0.000000,0.000000,0.000000
0.000000,-19.134769,0.173782,-0.426572,0.000000,0.000000,0.000000
0.000000,-19.030760,0.174165,-0.425231,0.000000,0.000000,0.000000
0.000000,-18.963009,0.174932,-0.424656,0.000000,0.000000,0.000000
0.000000,-18.963009,0.175219,-0.423410,0.000000,0.000000,0.000000
0.000000,-18.862677,0.175602,-0.422643,0.000000,0.000000,0.000000
0.000000,-18.862677,0.175794,-0.421206,0.000000,0.000000,0.000000
0.000000,-18.795778,0.176177,-0.420535,0.000000,0.000000,0.000000
0.000000,-18.694628,0.176465,-0.419098,0.000000,0.000000,0.000000
0.000000,-18.694628,0.177135,-0.418523,0.000000,0.000000,0.000000
0.000000,-18.625713,0.177519,-0.417181,0.000000,0.000000,0.000000
0.000000,-18.625713,0.178190,-0.416511,0.000000,0.000000,0.000000
0.000000,-18.520567,0.178381,-0.415457,0.000000,0.000000,0.000000
0.000000,-18.450651,0.178765,-0.414882,0.000000,0.000000,0.000000
0.000000,-18.450651,0.178956,-0.413828,0.000000,0.000000,0.000000
0.000000,-18.346722,0.179531,-0.413444,0.000000,0.000000,0.000000
0.000000,-18.346722,0.179914,-0.412486,0.000000,0.000000,0.000000
0.000000,-18.279415,0.180681,-0.411911,0.000000,0.000000,0.000000
0.000000,-18.179176,0.180969,-0.410761,0.000000,0.000000,0.000000
0.000000,-18.179176,0.181448,-0.410186,0.000000,0.000000,0.000000
0.000000,-18.113794,0.181639,-0.408940,0.000000,0.000000,0.000000
0.000000,-18.113794,0.182119,-0.408174,0.000000,0.000000,0.000000
0.000000,-18.016325,0.182406,-0.406928,0.000000,0.000000,0.000000
0.000000,-17.951355,0.183173,-0.406161,0.000000,0.000000,0.000000
0.000000,-17.951355,0.183460,-0.404820,0.000000,0.000000,0.000000
0.000000,-17.851452,0.183939,-0.404245,0.000000,0.000000,0.000000
0.000000,-17.851452,0.184035,-0.402903,0.000000,0.000000,0.000000
0.000000,-17.785036,0.184418,-0.402328,0.000000,0.000000,0.000000
0.000000,-17.683456,0.184706,-0.401274,0.000000,0.000000,0.000000
0.000000,-17.683456,0.185281,-0.400604,0.000000,0.000000,0.000000
0.000000,-17.613989,0.185760,-0.399549,0.000000,0.000000,0.000000
0.000000,-17.613989,0.186431,-0.399070,0.000000,0.000000,0.000000
0.000000,-17.508863,0.186622,-0.397825,0.000000,0.000000,0.000000
0.000000,-17.439659,0.187102,-0.397153,0.000000,0.000000,0.000000
0.000000,-17.439659,0.187293,-0.396195,0.000000,0.000000,0.000000
0.000000,-17.339027,0.187964,-0.395525,0.000000,0.000000,0.000000
0.000000,-17.339027,0.188443,-0.394470,0.000000,0.000000,0.000000
0.000000,-17.273098,0.189210,-0.393991,0.000000,0.000000,0.000000
0.000000,-17.175123,0.189497,-0.392937,0.000000,0.000000,0.000000
0.000000,-17.175123,0.190072,-0.392267,0.000000,0.000000,0.000000
0.000000,-17.109837,0.190360,-0.391021,0.000000,0.000000,0.000000
0.000000,-17.109837,0.191126,-0.390446,0.000000,0.000000,0.000000
0.000000,-17.013102,0.191509,-0.389104,0.000000,0.000000,0.000000
0.000000,-16.948347,0.192180,-0.388433,0.000000,0.000000,0.000000
0.000000,-16.948347,0.192564,-0.387188,0.000000,0.000000,0.000000
0.000000,-16.851000,0.193234,-0.386517,0.000000,0.000000,0.000000
0.000000,-16.851000,0.193618,-0.385463,0.000000,0.000000,0.000000
0.000000,-16.786886,0.194480,-0.385080,0.000000,0.000000,0.000000
0.000000,-16.690025,0.194959,-0.384025,0.000000,0.000000,0.000000
0.000000,-16.690025,0.195534,-0.383546,0.000000,0.000000,0.000000
0.000000,-16.625071,0.195918,-0.382684,0.000000,0.000000,0.000000
0.000000,-16.625071,0.196684,-0.382205,0.000000,0.000000,0.000000
0.000000,-16.528013,0.197068,-0.381150,0.000000,0.000000,0.000000
0.000000,-16.464973,0.197738,-0.380671,0.000000,0.000000,0.000000
0.000000,-16.464973,0.198026,-0.379905,0.000000,0.000000,0.000000
0.000000,-16.370258,0.198697,-0.379330,0.000000,0.000000,0.000000
0.000000,-16.370258,0.199080,-0.378084,0.000000,0.000000,0.000000
0.000000,-16.309278,0.199847,-0.377509,0.000000,0.000000,0.000000
0.000000,-16.218111,0.200230,-0.376359,0.000000,0.000000,0.000000
0.000000,-16.218111,0.200805,-0.375688,0.000000,0.000000,0.000000
0.000000,-16.157873,0.201188,-0.374443,0.000000,0.000000,0.000000
0.000000,-16.157873,0.201763,-0.373772,0.000000,0.000000,0.000000
0.000000,-16.068327,0.202146,-0.372430,0.000000,0.000000,0.000000
0.000000,-16.009142,0.202913,-0.371760,0.000000,0.000000,0.000000
0.000000,-16.009142,0.203296,-0.370610,0.000000,0.000000,0.000000
0.000000,-15.918815,0.203871,-0.370035,0.000000,0.000000,0.000000
0.000000,-15.918815,0.204159,-0.369076,0.000000,0.000000,0.000000
0.000000,-15.858856,0.205021,-0.368693,0.000000,0.000000,0.000000
0.000000,-15.768290,0.205500,-0.367639,0.000000,0.000000,0.000000
0.000000,-15.768290,0.206363,-0.367160,0.000000,0.000000,0.000000
0.000000,-15.707745,0.206746,-0.366393,0.000000,0.000000,0.000000
0.000000,-15.707745,0.207800,-0.366010,0.000000,0.000000,0.000000
0.000000,-15.619016,0.208279,-0.365052,0.000000,0.000000,0.000000
0.000000,-15.561760,0.209141,-0.364573,0.000000,0.000000,0.000000
0.000000,-15.561760,0.209621,-0.363806,0.000000,0.000000,0.000000
0.000000,-15.478147,0.210675,-0.363423,0.000000,0.000000,0.000000
0.000000,-15.478147,0.211250,-0.362464,0.000000,0.000000,0.000000
0.000000,-15.424475,0.212112,-0.361985,0.000000,0.000000,0.000000
0.000000,-15.346575,0.212687,-0.361027,0.000000,0.000000,0.000000
0.000000,-15.346575,0.213646,-0.360644,0.000000,0.000000,0.000000
0.000000,-15.296249,0.214125,-0.359590,0.000000,0.000000,0.000000
0.000000,-15.296249,0.214891,-0.359015,0.000000,0.000000,0.000000
0.000000,-15.221138,0.215275,-0.357865,0.000000,0.000000,0.000000
0.000000,-15.171481,0.216137,-0.357290,0.000000,0.000000,0.000000
0.000000,-15.171481,0.216616,-0.356044,0.000000,0.000000,0.000000
0.000000,-15.095221,0.217383,-0.355469,0.000000,0.000000,0.000000
0.000000,-15.095221,0.217766,-0.354415,0.000000,0.000000,0.000000
0.000000,-15.044052,0.218533,-0.353840,0.000000,0.000000,0.000000
0.000000,-14.966650,0.218916,-0.352882,0.000000,0.000000,0.000000
0.000000,-14.966650,0.219683,-0.352499,0.000000,0.000000,0.000000
0.000000,-14.915042,0.220066,-0.351636,0.000000,0.000000,0.000000
0.000000,-14.915042,0.220928,-0.351157,0.000000,0.000000,0.000000
0.000000,-14.835214,0.221407,-0.350294,0.000000,0.000000,0.000000
0.000000,-14.781725,0.222366,-0.349911,0.000000,0.000000,0.000000
0.000000,-14.781725,0.222845,-0.349336,0.000000,0.000000,0.000000
0.000000,-14.701274,0.223707,-0.348953,0.000000,0.000000,0.000000
0.000000,-14.701274,0.224282,-0.348090,0.000000,0.000000,0.000000
0.000000,-14.648215,0.225336,-0.347707,0.000000,0.000000,0.000000
0.000000,-14.570276,0.225816,-0.347228,0.000000,0.000000,0.000000
0.000000,-14.570276,0.226965,-0.346940,0.000000,0.000000,0.000000
0.000000,-14.518661,0.227540,-0.346365,0.000000,0.000000,0.000000
0.000000,-14.518661,0.228595,-0.345886,0.000000,0.000000,0.000000
0.000000,-14.442761,0.228978,-0.344928,0.000000,0.000000,0.000000
0.000000,-14.392571,0.230128,-0.344545,0.000000,0.000000,0.000000
0.000000,-14.392571,0.230607,-0.343682,0.000000,0.000000,0.000000
0.000000,-14.318682,0.231469,-0.343107,0.000000,0.000000,0.000000
0.000000,-14.318682,0.231948,-0.341958,0.000000,0.000000,0.000000
0.000000,-14.271485,0.233098,-0.341478,0.000000,0.000000,0.000000
0.000000,-14.200708,0.233577,-0.340328,0.000000,0.000000,0.000000
0.000000,-14.200708,0.234440,-0.339658,0.000000,0.000000,0.000000
0.000000,-14.154561,0.234919,-0.338508,0.000000,0.000000,0.000000
0.000000,-14.154561,0.235973,-0.338029,0.000000,0.000000,0.000000
0.000000,-14.085789,0.236356,-0.336975,0.000000,0.000000,0.000000
0.000000,-14.041239,0.237123,-0.336495,0.000000,0.000000,0.000000
0.000000,-14.041239,0.237602,-0.335921,0.000000,0.000000,0.000000
0.000000,-13.973942,0.238656,-0.335633,0.000000,0.000000,0.000000
0.000000,-13.973942,0.239135,-0.334866,0.000000,0.000000,0.000000
0.000000,-13.929775,0.240094,-0.334387,0.000000,0.000000,0.000000
0.000000,-13.861894,0.240669,-0.333620,0.000000,0.000000,0.000000
0.000000,-13.861894,0.241818,-0.333333,0.000000,0.000000,0.000000
0.000000,-13.817146,0.242298,-0.332758,0.000000,0.000000,0.000000
0.000000,-13.817146,0.243352,-0.332470,0.000000,0.000000,0.000000
0.000000,-13.752759,0.244023,-0.331704,0.000000,0.000000,0.000000
0.000000,-13.711170,0.245077,-0.331321,0.000000,0.000000,0.000000
0.000000,-13.711170,0.245652,-0.330842,0.000000,0.000000,0.000000
0.000000,-13.649177,0.246897,-0.330650,0.000000,0.000000,0.000000
0.000000,-13.649177,0.247472,-0.330266,0.000000,0.000000,0.000000
0.000000,-13.607686,0.248335,-0.330075,0.000000,0.000000,0.000000
0.000000,-13.545154,0.249006,-0.329308,0.000000,0.000000,0.000000
0.000000,-13.545154,0.250155,-0.328925,0.000000,0.000000,0.000000
0.000000,-13.502096,0.250635,-0.328158,0.000000,0.000000,0.000000
0.000000,-13.502096,0.251689,-0.327967,0.000000,0.000000,0.000000
0.000000,-13.437674,0.252168,-0.327392,0.000000,0.000000,0.000000
0.000000,-13.395569,0.253222,-0.327008,0.000000,0.000000,0.000000
0.000000,-13.395569,0.253701,-0.326050,0.000000,0.000000,0.000000
0.000000,-13.332618,0.254755,-0.325571,0.000000,0.000000,0.000000
0.000000,-13.332618,0.255330,-0.324709,0.000000,0.000000,0.000000
0.000000,-13.289632,0.256288,-0.324229,0.000000,0.000000,0.000000
0.000000,-13.226186,0.256768,-0.323080,0.000000,0.000000,0.000000
0.000000,-13.226186,0.257822,-0.322505,0.000000,0.000000,0.000000
0.000000,-13.184568,0.258396,-0.321642,0.000000,0.000000,0.000000
0.000000,-13.184568,0.259259,-0.321067,0.000000,0.000000,0.000000
0.000000,-13.122332,0.259834,-0.320013,0.000000,0.000000,0.000000
0.000000,-13.079857,0.260984,-0.319534,0.000000,0.000000,0.000000
0.000000,-13.079857,0.261463,-0.318863,0.000000,0.000000,0.000000
0.000000,-13.015149,0.262517,-0.318384,0.000000,0.000000,0.000000
0.000000,-13.015149,0.262996,-0.317522,0.000000,0.000000,0.000000
0.000000,-12.970180,0.264050,-0.317234,0.000000,0.000000,0.000000
0.000000,-12.902815,0.264434,-0.316755,0.000000,0.000000,0.000000
0.000000,-12.902815,0.265584,-0.316563,0.000000,0.000000,0.000000
0.000000,-12.855989,0.266159,-0.315892,0.000000,0.000000,0.000000
0.000000,-12.855989,0.267213,-0.315509,0.000000,0.000000,0.000000
0.000000,-12.785763,0.267692,-0.314743,0.000000,0.000000,0.000000
0.000000,-12.738679,0.268842,-0.314359,0.000000,0.000000,0.000000
0.000000,-12.738679,0.269321,-0.313976,0.000000,0.000000,0.000000
0.000000,-12.670510,0.270183,-0.313689,0.000000,0.000000,0.000000
0.000000,-12.670510,0.270758,-0.313018,0.000000,0.000000,0.000000
0.000000,-12.625180,0.271908,-0.312539,0.000000,0.000000,0.000000
0.000000,-12.557476,0.272387,-0.311676,0.000000,0.000000,0.000000
0.000000,-12.557476,0.273250,-0.311293,0.000000,0.000000,0.000000
0.000000,-12.511351,0.273824,-0.310622,0.000000,0.000000,0.000000
0.000000,-12.511351,0.274879,-0.310143,0.000000,0.000000,0.000000
0.000000,-12.443339,0.275262,-0.309089,0.000000,0.000000,0.000000
0.000000,-12.397190,0.276220,-0.308610,0.000000,0.000000,0.000000
0.000000,-12.397190,0.276795,-0.307747,0.000000,0.000000,0.000000
0.000000,-12.327217,0.277754,-0.307268,0.000000,0.000000,0.000000
0.000000,-12.327217,0.278233,-0.306118,0.000000,0.000000,0.000000
0.000000,-12.279483,0.279191,-0.305639,0.000000,0.000000,0.000000
0.000000,-12.207750,0.279766,-0.304681,0.000000,0.000000,0.000000
0.000000,-12.207750,0.280628,-0.304106,0.000000,0.000000,0.000000
0.000000,-12.159805,0.281012,-0.303243,0.000000,0.000000,0.000000
0.000000,-12.159805,0.281874,-0.302956,0.000000,0.000000,0.000000
0.000000,-12.088619,0.282353,-0.302285,0.000000,0.000000,0.000000
0.000000,-12.039523,0.283312,-0.301806,0.000000,0.000000,0.000000
0.000000,-12.039523,0.283695,-0.300848,0.000000,0.000000,0.000000
0.000000,-11.965727,0.284653,-0.300464,0.000000,0.000000,0.000000
0.000000,-11.965727,0.285132,-0.299698,0.000000,0.000000,0.000000
0.000000,-11.915511,0.285995,-0.299410,0.000000,0.000000,0.000000
0.000000,-11.843267,0.286378,-0.298548,0.000000,0.000000,0.000000
0.000000,-11.843267,0.287144,-0.298165,0.000000,0.000000,0.000000
0.000000,-11.794277,0.287624,-0.297590,0.000000,0.000000,0.000000
0.000000,-11.794277,0.288582,-0.297398,0.000000,0.000000,0.000000
0.000000,-11.721493,0.288965,-0.296919,0.000000,0.000000,0.000000
0.000000,-11.671317,0.289924,-0.296535,0.000000,0.000000,0.000000
0.000000,-11.671317,0.290403,-0.295673,0.000000,0.000000,0.000000
0.000000,-11.597505,0.291457,-0.295194,0.000000,0.000000,0.000000
0.000000,-11.597505,0.291840,-0.294523,0.000000,0.000000,0.000000
0.000000,-11.547976,0.292703,-0.294236,0.000000,0.000000,0.000000
0.000000,-11.477247,0.293278,-0.293373,0.000000,0.000000,0.000000
0.000000,-11.477247,0.294236,-0.292894,0.000000,0.000000,0.000000
0.000000,-11.429723,0.294715,-0.292032,0.000000,0.000000,0.000000
0.000000,-11.429723,0.295481,-0.291649,0.000000,0.000000,0.000000
0.000000,-11.358462,0.295865,-0.290786,0.000000,0.000000,0.000000
0.000000,-11.310145,0.296631,-0.290211,0.000000,0.000000,0.000000
0.000000,-11.310145,0.297015,-0.289157,0.000000,0.000000,0.000000
0.000000,-11.238907,0.297781,-0.288774,0.000000,0.000000,0.000000
0.000000,-11.238907,0.298069,-0.287815,0.000000,0.000000,0.000000
0.000000,-11.189624,0.298836,-0.287336,0.000000,0.000000,0.000000
0.000000,-11.116728,0.299314,-0.286474,0.000000,0.000000,0.000000
0.000000,-11.116728,0.300081,-0.286090,0.000000,0.000000,0.000000
0.000000,-11.066198,0.300369,-0.285324,0.000000,0.000000,0.000000
0.000000,-11.066198,0.301039,-0.284845,0.000000,0.000000,0.000000
0.000000,-10.992444,0.301327,-0.283982,0.000000,0.000000,0.000000
0.000000,-10.943310,0.302094,-0.283599,0.000000,0.000000,0.000000
0.000000,-10.943310,0.302477,-0.283024,0.000000,0.000000,0.000000
0.000000,-10.871832,0.303243,-0.282641,0.000000,0.000000,0.000000
0.000000,-10.871832,0.303531,-0.281682,0.000000,0.000000,0.000000
0.000000,-10.823529,0.304297,-0.281299,0.000000,0.000000,0.000000
0.000000,-10.752785,0.304681,-0.280724,0.000000,0.000000,0.000000
0.000000,-10.752785,0.305543,-0.280437,0.000000,0.000000,0.000000
0.000000,-10.703937,0.305927,-0.279670,0.000000,0.000000,0.000000
0.000000,-10.703937,0.306597,-0.279191,0.000000,0.000000,0.000000
0.000000,-10.632678,0.306981,-0.278329,0.000000,0.000000,0.000000
0.000000,-10.583760,0.307843,-0.277945,0.000000,0.000000,0.000000
0.000000,-10.583760,0.308227,-0.277275,0.000000,0.000000,0.000000
0.000000,-10.511663,0.308993,-0.276795,0.000000,0.000000,0.000000
0.000000,-10.511663,0.309376,-0.275645,0.000000,0.000000,0.000000
0.000000,-10.462101,0.310239,-0.275262,0.000000,0.000000,0.000000
0.000000,-10.390077,0.310622,-0.274304,0.000000,0.000000,0.000000
0.000000,-10.390077,0.311389,-0.273825,0.000000,0.000000,0.000000
0.000000,-10.340920,0.311772,-0.272675,0.000000,0.000000,0.000000
0.000000,-10.340920,0.312347,-0.272291,0.000000,0.000000,0.000000
0.000000,-10.269221,0.312730,-0.271429,0.000000,0.000000,0.000000
0.000000,-10.220599,0.313497,-0.270950,0.000000,0.000000,0.000000
0.000000,-10.220599,0.313784,-0.270183,0.000000,0.000000,0.000000
0.000000,-10.147375,0.314359,-0.269896,0.000000,0.000000,0.000000
0.000000,-10.147375,0.314551,-0.269321,0.000000,0.000000,0.000000
0.000000,-10.097264,0.315030,-0.269033,0.000000,0.000000,0.000000
0.000000,-10.022691,0.315413,-0.268171,0.000000,0.000000,0.000000
0.000000,-10.022691,0.316180,-0.267692,0.000000,0.000000,0.000000
0.000000,-9.971529,0.316468,-0.266925,0.000000,0.000000,0.000000
0.000000,-9.971529,0.316947,-0.266542,0.000000,0.000000,0.000000
0.000000,-9.897058,0.317234,-0.265775,0.000000,0.000000,0.000000
0.000000,-9.848920,0.317617,-0.265296,0.000000,0.000000,0.000000
0.000000,-9.848920,0.317905,-0.264434,0.000000,0.000000,0.000000
0.000000,-9.778708,0.318671,-0.264146,0.000000,0.000000,0.000000
0.000000,-9.778708,0.318959,-0.263571,0.000000,0.000000,0.000000
0.000000,-9.730384,0.319534,-0.263092,0.000000,0.000000,0.000000
0.000000,-9.659709,0.319726,-0.262134,0.000000,0.000000,0.000000
0.000000,-9.659709,0.320109,-0.261655,0.000000,0.000000,0.000000
0.000000,-9.612000,0.320301,-0.260792,0.000000,0.000000,0.000000
0.000000,-9.612000,0.320971,-0.260313,0.000000,0.000000,0.000000
0.000000,-9.541636,0.321355,-0.259259,0.000000,0.000000,0.000000
0.000000,-9.493058,0.322026,-0.258780,0.000000,0.000000,0.000000
0.000000,-9.493058,0.322313,-0.258013,0.000000,0.000000,0.000000
0.000000,-9.420763,0.322888,-0.257438,0.000000,0.000000,0.000000
0.000000,-9.420763,0.323080,-0.256384,0.000000,0.000000,0.000000
0.000000,-9.372936,0.323750,-0.255905,0.000000,0.000000,0.000000
0.000000,-9.303708,0.324134,-0.255043,0.000000,0.000000,0.000000
0.000000,-9.303708,0.324900,-0.254563,0.000000,0.000000,0.000000
0.000000,-9.256473,0.325092,-0.253701,0.000000,0.000000,0.000000
0.000000,-9.256473,0.325667,-0.253413,0.000000,0.000000,0.000000
0.000000,-9.187273,0.325954,-0.252839,0.000000,0.000000,0.000000
0.000000,-9.140368,0.326721,-0.252551,0.000000,0.000000,0.000000
0.000000,-9.140368,0.327104,-0.251880,0.000000,0.000000,0.000000
0.000000,-9.069706,0.327871,-0.251497,0.000000,0.000000,0.000000
0.000000,-9.069706,0.328158,-0.250826,0.000000,0.000000,0.000000
0.000000,-9.021329,0.328733,-0.250539,0.000000,0.000000,0.000000
0.000000,-8.951573,0.329021,-0.250251,0.000000,0.000000,0.000000
0.000000,-8.951573,0.329692,-0.249964,0.000000,0.000000,0.000000
0.000000,-8.906900,0.330075,-0.249389,0.000000,0.000000,0.000000
0.000000,-8.906900,0.330746,-0.249006,0.000000,0.000000,0.000000
0.000000,-8.841442,0.330937,-0.248239,0.000000,0.000000,0.000000
0.000000,-8.799427,0.331512,-0.247952,0.000000,0.000000,0.000000
0.000000,-8.799427,0.331896,-0.247568,0.000000,0.000000,0.000000
0.000000,-8.738212,0.332662,-0.247376,0.000000,0.000000,0.000000
0.000000,-8.738212,0.333045,-0.246802,0.000000,0.000000,0.000000
0.000000,-8.699310,0.333525,-0.246322,0.000000,0.000000,0.000000
0.000000,-8.641290,0.333812,-0.245460,0.000000,0.000000,0.000000
0.000000,-8.641290,0.334291,-0.245077,0.000000,0.000000,0.000000
0.000000,-8.603347,0.334579,-0.244406,0.000000,0.000000,0.000000
0.000000,-8.603347,0.335249,-0.244023,0.000000,0.000000,0.000000
0.000000,-8.546839,0.335633,-0.242969,0.000000,0.000000,0.000000
0.000000,-8.510337,0.336112,-0.242394,0.000000,0.000000,0.000000
0.000000,-8.510337,0.336399,-0.241435,0.000000,0.000000,0.000000
0.000000,-8.454849,0.336879,-0.240956,0.000000,0.000000,0.000000
0.000000,-8.454849,0.337166,-0.239806,0.000000,0.000000,0.000000
0.000000,-8.417463,0.337933,-0.239327,0.000000,0.000000,0.000000
0.000000,-8.360781,0.338316,-0.238560,0.000000,0.000000,0.000000
0.000000,-8.360781,0.338987,-0.238177,0.000000,0.000000,0.000000
0.000000,-8.322502,0.339274,-0.237219,0.000000,0.000000,0.000000
0.000000,-8.322502,0.339849,-0.236931,0.000000,0.000000,0.000000
0.000000,-8.265463,0.340233,-0.236452,0.000000,0.000000,0.000000
0.000000,-8.227280,0.341095,-0.236165,0.000000,0.000000,0.000000
0.000000,-8.227280,0.341478,-0.235686,0.000000,0.000000,0.000000
0.000000,-8.169990,0.342245,-0.235302,0.000000,0.000000,0.000000
0.000000,-8.169990,0.342724,-0.234536,0.000000,0.000000,0.000000
0.000000,-8.131875,0.343586,-0.234248,0.000000,0.000000,0.000000
0.000000,-8.076080,0.344066,-0.233865,0.000000,0.000000,0.000000
0.000000,-8.076080,0.344736,-0.233769,0.000000,0.000000,0.000000
0.000000,-8.039745,0.345024,-0.233386,0.000000,0.000000,0.000000
0.000000,-8.039745,0.345790,-0.233194,0.000000,0.000000,0.000000
0.000000,-7.986654,0.346174,-0.232619,0.000000,0.000000,0.000000
0.000000,-7.949988,0.347036,-0.232236,0.000000,0.000000,0.000000
0.000000,-7.949988,0.347324,-0.231565,0.000000,0.000000,0.000000
0.000000,-7.894164,0.347995,-0.231374,0.000000,0.000000,0.000000
0.000000,-7.894164,0.348378,-0.231182,0.000000,0.000000,0.000000
0.000000,-7.858649,0.349144,-0.230990,0.000000,0.000000,0.000000
0.000000,-7.804355,0.349528,-0.230703,0.000000,0.000000,0.000000
0.000000,-7.804355,0.350199,-0.230511,0.000000,0.000000,0.000000
0.000000,-7.766204,0.350582,-0.229840,0.000000,0.000000,0.000000
0.000000,-7.766204,0.351253,-0.229457,0.000000,0.000000,0.000000
0.000000,-7.709906,0.351540,-0.228595,0.000000,0.000000,0.000000
0.000000,-7.673721,0.352307,-0.228211,0.000000,0.000000,0.000000
0.000000,-7.673721,0.352594,-0.227540,0.000000,0.000000,0.000000
0.000000,-7.620764,0.353169,-0.227157,0.000000,0.000000,0.000000
0.000000,-7.620764,0.353457,-0.226199,0.000000,0.000000,0.000000
0.000000,-7.586529,0.354223,-0.225720,0.000000,0.000000,0.000000
0.000000,-7.532681,0.354607,-0.224857,0.000000,0.000000,0.000000
0.000000,-7.532681,0.355373,-0.224378,0.000000,0.000000,0.000000
0.000000,-7.494261,0.355661,-0.223228,0.000000,0.000000,0.000000
0.000000,-7.494261,0.356332,-0.222653,0.000000,0.000000,0.000000
0.000000,-7.435739,0.356715,-0.221695,0.000000,0.000000,0.000000
0.000000,-7.395450,0.357577,-0.221120,0.000000,0.000000,0.000000
0.000000,-7.395450,0.357960,-0.220353,0.000000,0.000000,0.000000
0.000000,-7.334429,0.358631,-0.220066,0.000000,0.000000,0.000000
0.000000,-7.334429,0.359015,-0.219587,0.000000,0.000000,0.000000
0.000000,-7.293110,0.359877,-0.219395,0.000000,0.000000,0.000000
0.000000,-7.230146,0.360356,-0.218724,0.000000,0.000000,0.000000
0.000000,-7.230146,0.361219,-0.218341,0.000000,0.000000,0.000000
0.000000,-7.185636,0.361698,-0.217670,0.000000,0.000000,0.000000
0.000000,-7.185636,0.362560,-0.217383,0.000000,0.000000,0.000000
0.000000,-7.119852,0.362943,-0.217095,0.000000,0.000000,0.000000
0.000000,-7.078172,0.363710,-0.216904,0.000000,0.000000,0.000000
0.000000,-7.078172,0.364093,-0.216424,0.000000,0.000000,0.000000
0.000000,-7.015133,0.364860,-0.216041,0.000000,0.000000,0.000000
0.000000,-7.015133,0.365243,-0.215370,0.000000,0.000000,0.000000
0.000000,-6.972580,0.366201,-0.215083,0.000000,0.000000,0.000000
0.000000,-6.907553,0.366585,-0.214604,0.000000,0.000000,0.000000
0.000000,-6.907553,0.367447,-0.214412,0.000000,0.000000,0.000000
0.000000,-6.864610,0.367831,-0.214029,0.000000,0.000000,0.000000
0.000000,-6.864610,0.368693,-0.213742,0.000000,0.000000,0.000000
0.000000,-6.801653,0.369076,-0.213071,0.000000,0.000000,0.000000
0.000000,-6.757867,0.369843,-0.212592,0.000000,0.000000,0.000000
0.000000,-6.757867,0.370226,-0.211825,0.000000,0.000000,0.000000
0.000000,-6.691353,0.371089,-0.211537,0.000000,0.000000,0.000000
0.000000,-6.691353,0.371568,-0.210963,0.000000,0.000000,0.000000
0.000000,-6.649221,0.372430,-0.210483,0.000000,0.000000,0.000000
0.000000,-6.585955,0.372910,-0.209525,0.000000,0.000000,0.000000
0.000000,-6.585955,0.373676,-0.208950,0.000000,0.000000,0.000000
0.000000,-6.544312,0.374251,-0.208087,0.000000,0.000000,0.000000
0.000000,-6.544312,0.375113,-0.207513,0.000000,0.000000,0.000000
0.000000,-6.480609,0.375497,-0.206363,0.000000,0.000000,0.000000
0.000000,-6.437611,0.376455,-0.205884,0.000000,0.000000,0.000000
0.000000,-6.437611,0.377030,-0.204925,0.000000,0.000000,0.000000
0.000000,-6.372901,0.377892,-0.204446,0.000000,0.000000,0.000000
0.000000,-6.372901,0.378276,-0.203488,0.000000,0.000000,0.000000
0.000000,-6.329733,0.379234,-0.203200,0.000000,0.000000,0.000000
0.000000,-6.264311,0.379713,-0.202530,0.000000,0.000000,0.000000
0.000000,-6.264311,0.380575,-0.202242,0.000000,0.000000,0.000000
0.000000,-6.220328,0.381055,-0.201380,0.000000,0.000000,0.000000
0.000000,-6.220328,0.382109,-0.200996,0.000000,0.000000,0.000000
0.000000,-6.151228,0.382588,-0.200517,0.000000,0.000000,0.000000
0.000000,-6.105456,0.383546,-0.200326,0.000000,0.000000,0.000000
0.000000,-6.105456,0.384025,-0.199847,0.000000,0.000000,0.000000
0.000000,-6.036785,0.384984,-0.199463,0.000000,0.000000,0.000000
0.000000,-6.036785,0.385463,-0.198697,0.000000,0.000000,0.000000
0.000000,-5.992702,0.386421,-0.198313,0.000000,0.000000,0.000000
0.000000,-5.925868,0.386996,-0.197834,0.000000,0.000000,0.000000
0.000000,-5.925868,0.388050,-0.197547,0.000000,0.000000,0.000000
0.000000,-5.883333,0.388529,-0.197067,0.000000,0.000000,0.000000
0.000000,-5.883333,0.389679,-0.196780,0.000000,0.000000,0.000000
0.000000,-5.819080,0.390254,-0.195918,0.000000,0.000000,0.000000
0.000000,-5.775858,0.391404,-0.195534,0.000000,0.000000,0.000000
0.000000,-5.775858,0.391883,-0.194959,0.000000,0.000000,0.000000
0.000000,-5.711836,0.393033,-0.194672,0.000000,0.000000,0.000000
0.000000,-5.711836,0.393608,-0.193905,0.000000,0.000000,0.000000
0.000000,-5.670544,0.394566,-0.193426,0.000000,0.000000,0.000000
0.000000,-5.608520,0.395141,-0.192564,0.000000,0.000000,0.000000
0.000000,-5.608520,0.396291,-0.192180,0.000000,0.000000,0.000000
0.000000,-5.567029,0.396770,-0.191509,0.000000,0.000000,0.000000
0.000000,-5.567029,0.397728,-0.191031,0.000000,0.000000,0.000000
0.000000,-5.504031,0.398208,-0.189976,0.000000,0.000000,0.000000
0.000000,-5.461969,0.399262,-0.189401,0.000000,0.000000,0.000000
0.000000,-5.461969,0.399741,-0.188539,0.000000,0.000000,0.000000
0.000000,-5.398063,0.400699,-0.187964,0.000000,0.000000,0.000000
0.000000,-5.398063,0.401274,-0.187006,0.000000,0.000000,0.000000
0.000000,-5.355168,0.402328,-0.186718,0.000000,0.000000,0.000000
0.000000,-5.291553,0.402712,-0.186048,0.000000,0.000000,0.000000
0.000000,-5.291553,0.403766,-0.185664,0.000000,0.000000,0.000000
0.000000,-5.248698,0.404341,-0.184706,0.000000,0.000000,0.000000
0.000000,-5.248698,0.405395,-0.184323,0.000000,0.000000,0.000000
0.000000,-5.186575,0.405874,-0.183748,0.000000,0.000000,0.000000
0.000000,-5.145316,0.407120,-0.183556,0.000000,0.000000,0.000000
0.000000,-5.145316,0.407695,-0.182981,0.000000,0.000000,0.000000
0.000000,-5.087059,0.408844,-0.182693,0.000000,0.000000,0.000000
0.000000,-5.087059,0.409515,-0.182023,0.000000,0.000000,0.000000
0.000000,-5.049457,0.410761,-0.181831,0.000000,0.000000,0.000000
0.000000,-4.995733,0.411240,-0.181544,0.000000,0.000000,0.000000
0.000000,-4.995733,0.412390,-0.181448,0.000000,0.000000,0.000000
0.000000,-4.962510,0.412965,-0.181352,0.000000,0.000000,0.000000
0.000000,-4.962510,0.414019,-0.181256,0.000000,0.000000,0.000000
0.000000,-4.915872,0.414498,-0.181065,0.000000,0.000000,0.000000
0.000000,-4.885907,0.415744,-0.180873,0.000000,0.000000,0.000000
0.000000,-4.885907,0.416223,-0.180490,0.000000,0.000000,0.000000
0.000000,-4.844387,0.417181,-0.180106,0.000000,0.000000,0.000000
0.000000,-4.844387,0.417756,-0.179435,0.000000,0.000000,0.000000
0.000000,-4.819434,0.418715,-0.179052,0.000000,0.000000,0.000000
0.000000,-4.785967,0.419194,-0.178573,0.000000,0.000000,0.000000
0.000000,-4.785967,0.420248,-0.178381,0.000000,0.000000,0.000000
0.000000,-4.765423,0.420823,-0.178094,0.000000,0.000000,0.000000
0.000000,-4.765423,0.421877,-0.177902,0.000000,0.000000,0.000000
0.000000,-4.736510,0.422452,-0.177327,0.000000,0.000000,0.000000
0.000000,-4.716389,0.423697,-0.176944,0.000000,0.000000,0.000000
0.000000,-4.716389,0.424273,-0.176273,0.000000,0.000000,0.000000
0.000000,-4.687725,0.425327,-0.175986,0.000000,0.000000,0.000000
0.000000,-4.687725,0.425997,-0.175602,0.000000,0.000000,0.000000
0.000000,-4.670311,0.427243,-0.175411,0.000000,0.000000,0.000000
0.000000,-4.647063,0.427818,-0.175027,0.000000,0.000000,0.000000
0.000000,-4.647063,0.428968,-0.174740,0.000000,0.000000,0.000000
0.000000,-4.631261,0.429543,-0.173973,0.000000,0.000000,0.000000
0.000000,-4.631261,0.430597,-0.173590,0.000000,0.000000,0.000000
0.000000,-4.605921,0.431076,-0.173111,0.000000,0.000000,0.000000
0.000000,-4.588659,0.432130,-0.172919,0.000000,0.000000,0.000000
0.000000,-4.588659,0.432705,-0.172632,0.000000,0.000000,0.000000
0.000000,-4.562432,0.433664,-0.172536,0.000000,0.000000,0.000000
0.000000,-4.562432,0.434239,-0.172057,0.000000,0.000000,0.000000
0.000000,-4.541672,0.435293,-0.171865,0.000000,0.000000,0.000000
0.000000,-4.507462,0.435772,-0.171290,0.000000,0.000000,0.000000
0.000000,-4.507462,0.436730,-0.171003,0.000000,0.000000,0.000000
0.000000,-4.484339,0.437305,-0.170524,0.000000,0.000000,0.000000
0.000000,-4.484339,0.438359,-0.170428,0.000000,0.000000,0.000000
0.000000,-4.453616,0.438934,-0.170332,0.000000,0.000000,0.000000
0.000000,-4.433779,0.440180,-0.170236,0.000000,0.000000,0.000000
0.000000,-4.433779,0.440755,-0.170236,0.000000,0.000000,0.000000
0.000000,-4.405025,0.441905,-0.170140,0.000000,0.000000,0.000000
0.000000,-4.405025,0.442480,-0.169949,0.000000,0.000000,0.000000
0.000000,-4.386030,0.443821,-0.169949,0.000000,0.000000,0.000000
0.000000,-4.358251,0.444396,-0.169757,0.000000,0.000000,0.000000
0.000000,-4.358251,0.445546,-0.169565,0.000000,0.000000,0.000000
0.000000,-4.339284,0.446217,-0.169278,0.000000,0.000000,0.000000
0.000000,-4.339284,0.447175,-0.169086,0.000000,0.000000,0.000000
0.000000,-4.312939,0.447750,-0.168511,0.000000,0.000000,0.000000
0.000000,-4.294568,0.448900,-0.168319,0.000000,0.000000,0.000000
0.000000,-4.294568,0.449379,-0.167936,0.000000,0.000000,0.000000
0.000000,-4.266350,0.450242,-0.167840,0.000000,0.000000,0.000000
0.000000,-4.266350,0.450817,-0.167745,0.000000,0.000000,0.000000
0.000000,-4.245865,0.451775,-0.167649,0.000000,0.000000,0.000000
0.000000,-4.213707,0.452254,-0.167553,0.000000,0.000000,0.000000
0.000000,-4.213707,0.453308,-0.167457,0.000000,0.000000,0.000000
0.000000,-4.190243,0.453883,-0.167361,0.000000,0.000000,0.000000
0.000000,-4.190243,0.454937,-0.167265,0.000000,0.000000,0.000000
0.000000,-4.156705,0.455416,-0.166882,0.000000,0.000000,0.000000
0.000000,-4.135324,0.456566,-0.166691,0.000000,0.000000,0.000000
0.000000,-4.135324,0.457141,-0.166116,0.000000,0.000000,0.000000
0.000000,-4.107965,0.458195,-0.165828,0.000000,0.000000,0.000000
0.000000,-4.107965,0.458770,-0.165253,0.000000,0.000000,0.000000
0.000000,-4.091770,0.460016,-0.165157,0.000000,0.000000,0.000000
0.000000,-4.069217,0.460591,-0.164966,0.000000,0.000000,0.000000
0.000000,-4.069217,0.461645,-0.164966,0.000000,0.000000,0.000000
0.000000,-4.053898,0.462220,-0.164870,0.000000,0.000000,0.000000
0.000000,-4.053898,0.463274,-0.164870,0.000000,0.000000,0.000000
0.000000,-4.030023,0.463753,-0.164774,0.000000,0.000000,0.000000
0.000000,-4.011233,0.464903,-0.164678,0.000000,0.000000,0.000000
0.000000,-4.011233,0.465478,-0.164487,0.000000,0.000000,0.000000
0.000000,-3.982109,0.466436,-0.164391,0.000000,0.000000,0.000000
0.000000,-3.982109,0.467011,-0.164103,0.000000,0.000000,0.000000
0.000000,-3.963195,0.468161,-0.163912,0.000000,0.000000,0.000000
0.000000,-3.937027,0.468640,-0.163337,0.000000,0.000000,0.000000
0.000000,-3.937027,0.469599,-0.163049,0.000000,0.000000,0.000000
0.000000,-3.921228,0.470078,-0.162474,0.000000,0.000000,0.000000
0.000000,-3.921228,0.471132,-0.162378,0.000000,0.000000,0.000000
0.000000,-3.900148,0.471611,-0.162091,0.000000,0.000000,0.000000
0.000000,-3.886026,0.472569,-0.162091,0.000000,0.000000,0.000000
0.000000,-3.886026,0.473240,-0.161899,0.000000,0.000000,0.000000
0.000000,-3.864874,0.474294,-0.161899,0.000000,0.000000,0.000000
0.000000,-3.864874,0.474773,-0.161707,0.000000,0.000000,0.000000
0.000000,-3.849992,0.475827,-0.161612,0.000000,0.000000,0.000000
0.000000,-3.827748,0.476498,-0.161324,0.000000,0.000000,0.000000
0.000000,-3.827748,0.477552,-0.161132,0.000000,0.000000,0.000000
0.000000,-3.813695,0.478127,-0.160558,0.000000,0.000000,0.000000
0.000000,-3.813695,0.479373,-0.160174,0.000000,0.000000,0.000000
0.000000,-3.793894,0.479756,-0.159599,0.000000,0.000000,0.000000
0.000000,-3.781354,0.480715,-0.159408,0.000000,0.000000,0.000000
0.000000,-3.781354,0.481289,-0.159120,0.000000,0.000000,0.000000
0.000000,-3.761535,0.482439,-0.159024,0.000000,0.000000,0.000000
0.000000,-3.761535,0.482919,-0.158737,0.000000,0.000000,0.000000
0.000000,-3.746755,0.483973,-0.158545,0.000000,0.000000,0.000000
0.000000,-3.720819,0.484548,-0.158066,0.000000,0.000000,0.000000
0.000000,-3.720819,0.485506,-0.157683,0.000000,0.000000,0.000000
0.000000,-3.702228,0.485889,-0.156916,0.000000,0.000000,0.000000
0.000000,-3.702228,0.486943,-0.156724,0.000000,0.000000,0.000000
0.000000,-3.676022,0.487518,-0.156245,0.000000,0.000000,0.000000
0.000000,-3.659165,0.488476,-0.156150,0.000000,0.000000,0.000000
0.000000,-3.659165,0.488955,-0.155862,0.000000,0.000000,0.000000
0.000000,-3.633826,0.490010,-0.155670,0.000000,0.000000,0.000000
0.000000,-3.633826,0.490585,-0.155191,0.000000,0.000000,0.000000
0.000000,-3.615291,0.491543,-0.154904,0.000000,0.000000,0.000000
0.000000,-3.587906,0.492022,-0.154425,0.000000,0.000000,0.000000
0.000000,-3.587906,0.493268,-0.154233,0.000000,0.000000,0.000000
0.000000,-3.570065,0.493747,-0.154137,0.000000,0.000000,0.000000
0.000000,-3.570065,0.494705,-0.154137,0.000000,0.000000,0.000000
0.000000,-3.545612,0.495280,-0.154137,0.000000,0.000000,0.000000
0.000000,-3.528008,0.496238,-0.154041,0.000000,0.000000,0.000000
0.000000,-3.528008,0.496717,-0.154041,0.000000,0.000000,0.000000
0.000000,-3.500945,0.497772,-0.153945,0.000000,0.000000,0.000000
0.000000,-3.500945,0.498347,-0.153945,0.000000,0.000000,0.000000
0.000000,-3.480321,0.499305,-0.153850,0.000000,0.000000,0.000000
0.000000,-3.451796,0.499880,-0.153754,0.000000,0.000000,0.000000
0.000000,-3.451796,0.500934,-0.153754,0.000000,0.000000,0.000000
0.000000,-3.432447,0.501509,-0.153658,0.000000,0.000000,0.000000
0.000000,-3.432447,0.502467,-0.153562,0.000000,0.000000,0.000000
0.000000,-3.406438,0.502946,-0.153466,0.000000,0.000000,0.000000
0.000000,-3.388363,0.504096,-0.153371,0.000000,0.000000,0.000000
0.000000,-3.388363,0.504671,-0.153179,0.000000,0.000000,0.000000
0.000000,-3.362720,0.505725,-0.153083,0.000000,0.000000,0.000000
0.000000,-3.362720,0.506300,-0.152796,0.000000,0.000000,0.000000
0.000000,-3.345190,0.507450,-0.152508,0.000000,0.000000,0.000000
0.000000,-3.321304,0.507929,-0.152029,0.000000,0.000000,0.000000
0.000000,-3.321304,0.508983,-0.151742,0.000000,0.000000,0.000000
0.000000,-3.305412,0.509558,-0.151358,0.000000,0.000000,0.000000
0.000000,-3.305412,0.510517,-0.151263,0.000000,0.000000,0.000000
0.000000,-3.282858,0.510996,-0.151167,0.000000,0.000000,0.000000
0.000000,-3.266101,0.512146,-0.151071,0.000000,0.000000,0.000000
0.000000,-3.266101,0.512721,-0.150975,0.000000,0.000000,0.000000
0.000000,-3.240092,0.513679,-0.150879,0.000000,0.000000,0.000000
0.000000,-3.240092,0.514254,-0.150687,0.000000,0.000000,0.000000
0.000000,-3.221049,0.515308,-0.150592,0.000000,0.000000,0.000000
0.000000,-3.194159,0.515883,-0.150400,0.000000,0.000000,0.000000
0.000000,-3.194159,0.516841,-0.150208,0.000000,0.000000,0.000000
0.000000,-3.177194,0.517416,-0.149729,0.000000,0.000000,0.000000
0.000000,-3.177194,0.518470,-0.149442,0.000000,0.000000,0.000000
0.000000,-3.155106,0.518949,-0.148963,0.000000,0.000000,0.000000
0.000000,-3.141280,0.519907,-0.148771,0.000000,0.000000,0.000000
0.000000,-3.141280,0.520483,-0.148484,0.000000,0.000000,0.000000
0.000000,-3.121800,0.521537,-0.148484,0.000000,0.000000,0.000000
0.000000,-3.121800,0.522111,-0.148484,0.000000,0.000000,0.000000
0.000000,-3.107731,0.523357,-0.148388,0.000000,0.000000,0.000000
0.000000,-3.085334,0.523932,-0.148292,0.000000,0.000000,0.000000
0.000000,-3.085334,0.524987,-0.148292,0.000000,0.000000,0.000000
0.000000,-3.069711,0.525657,-0.148196,0.000000,0.000000,0.000000
0.000000,-3.069711,0.526903,-0.148196,0.000000,0.000000,0.000000
0.000000,-3.048272,0.527382,-0.148100,0.000000,0.000000,0.000000
0.000000,-3.035723,0.528436,-0.148004,0.000000,0.000000,0.000000
0.000000,-3.035723,0.529011,-0.147909,0.000000,0.000000,0.000000
0.000000,-3.018500,0.529969,-0.147813,0.000000,0.000000,0.000000
0.000000,-3.018500,0.530448,-0.147525,0.000000,0.000000,0.000000
0.000000,-3.006459,0.531598,-0.147333,0.000000,0.000000,0.000000
0.000000,-2.987471,0.532078,-0.146854,0.000000,0.000000,0.000000
0.000000,-2.987471,0.533036,-0.146471,0.000000,0.000000,0.000000
0.000000,-2.973104,0.533515,-0.145800,0.000000,0.000000,0.000000
0.000000,-2.973104,0.534473,-0.145513,0.000000,0.000000,0.000000
0.000000,-2.950566,0.534952,-0.145129,0.000000,0.000000,0.000000
0.000000,-2.933886,0.535815,-0.144938,0.000000,0.000000,0.000000
0.000000,-2.933886,0.536198,-0.144459,0.000000,0.000000,0.000000
0.000000,-2.906497,0.537252,-0.144171,0.000000,0.000000,0.000000
0.000000,-2.906497,0.537827,-0.143404,0.000000,0.000000,0.000000
0.000000,-2.886656,0.538785,-0.143117,0.000000,0.000000,0.000000
0.000000,-2.855562,0.539264,-0.142638,0.000000,0.000000,0.000000
0.000000,-2.855562,0.540415,-0.142446,0.000000,0.000000,0.000000
0.000000,-2.835660,0.540894,-0.142159,0.000000,0.000000,0.000000
0.000000,-2.835660,0.542044,-0.141967,0.000000,0.000000,0.000000
0.000000,-2.806641,0.542619,-0.141392,0.000000,0.000000,0.000000
0.000000,-2.785525,0.543768,-0.141009,0.000000,0.000000,0.000000
0.000000,-2.785525,0.544248,-0.140338,0.000000,0.000000,0.000000
0.000000,-2.754421,0.545398,-0.139955,0.000000,0.000000,0.000000
0.000000,-2.754421,0.545972,-0.139667,0.000000,0.000000,0.000000
0.000000,-2.732967,0.546835,-0.139476,0.000000,0.000000,0.000000
0.000000,-2.700843,0.547218,-0.139188,0.000000,0.000000,0.000000
0.000000,-2.700843,0.548176,-0.139092,0.000000,0.000000,0.000000
0.000000,-2.675982,0.548656,-0.138613,0.000000,0.000000,0.000000
0.000000,-2.675982,0.549614,-0.138326,0.000000,0.000000,0.000000
0.000000,-2.635200,0.549997,-0.137751,0.000000,0.000000,0.000000
0.000000,-2.606771,0.550955,-0.137463,0.000000,0.000000,0.000000
0.000000,-2.606771,0.551435,-0.137272,0.000000,0.000000,0.000000
0.000000,-2.566743,0.552297,-0.137176,0.000000,0.000000,0.000000
0.000000,-2.566743,0.552680,-0.136984,0.000000,0.000000,0.000000
0.000000,-2.539632,0.553638,-0.136889,0.000000,0.000000,0.000000
0.000000,-2.499306,0.554118,-0.136697,0.000000,0.000000,0.000000
0.000000,-2.499306,0.555172,-0.136601,0.000000,0.000000,0.000000
0.000000,-2.470687,0.555651,-0.136218,0.000000,0.000000,0.000000
0.000000,-2.470687,0.556897,-0.136026,0.000000,0.000000,0.000000
0.000000,-2.429774,0.557376,-0.135547,0.000000,0.000000,0.000000
0.000000,-2.404269,0.558430,-0.135164,0.000000,0.000000,0.000000
0.000000,-2.404269,0.559005,-0.134780,0.000000,0.000000,0.000000
0.000000,-2.367357,0.560155,-0.134589,0.000000,0.000000,0.000000
0.000000,-2.367357,0.560634,-0.134493,0.000000,0.000000,0.000000
0.000000,-2.342580,0.561688,-0.134493,0.000000,0.000000,0.000000
0.000000,-2.303296,0.562263,-0.134397,0.000000,0.000000,0.000000
0.000000,-2.303296,0.563221,-0.134397,0.000000,0.000000,0.000000
0.000000,-2.276255,0.563700,-0.134301,0.000000,0.000000,0.000000
0.000000,-2.276255,0.564850,-0.134205,0.000000,0.000000,0.000000
0.000000,-2.234982,0.565329,-0.134014,0.000000,0.000000,0.000000
0.000000,-2.208455,0.566288,-0.133822,0.000000,0.000000,0.000000
0.000000,-2.208455,0.566767,-0.133534,0.000000,0.000000,0.000000
0.000000,-2.171377,0.567821,-0.133343,0.000000,0.000000,0.000000
0.000000,-2.171377,0.568204,-0.132672,0.000000,0.000000,0.000000
0.000000,-2.148290,0.569067,-0.132385,0.000000,0.000000,0.000000
0.000000,-2.114401,0.569546,-0.131809,0.000000,0.000000,0.000000
0.000000,-2.114401,0.570504,-0.131714,0.000000,0.000000,0.000000
0.000000,-2.091412,0.570983,-0.131426,0.000000,0.000000,0.000000
0.000000,-2.091412,0.571942,-0.131330,0.000000,0.000000,0.000000
0.000000,-2.055660,0.572421,-0.131043,0.000000,0.000000,0.000000
0.000000,-2.029722,0.573475,-0.130851,0.000000,0.000000,0.000000
0.000000,-2.029722,0.574050,-0.130372,0.000000,0.000000,0.000000
0.000000,-1.990897,0.575008,-0.129989,0.000000,0.000000,0.000000
0.000000,-1.990897,0.575583,-0.129222,0.000000,0.000000,0.000000
0.000000,-1.963865,0.576733,-0.128935,0.000000,0.000000,0.000000
0.000000,-1.927680,0.577212,-0.128456,0.000000,0.000000,0.000000
0.000000,-1.927680,0.578266,-0.128264,0.000000,0.000000,0.000000
0.000000,-1.904716,0.578841,-0.127785,0.000000,0.000000,0.000000
0.000000,-1.904716,0.579799,-0.127402,0.000000,0.000000,0.000000
0.000000,-1.872322,0.580183,-0.126539,0.000000,0.000000,0.000000
0.000000,-1.848857,0.581237,-0.126060,0.000000,0.000000,0.000000
0.000000,-1.848857,0.581716,-0.125485,0.000000,0.000000,0.000000
0.000000,-1.814343,0.582578,-0.125197,0.000000,0.000000,0.000000
0.000000,-1.814343,0.582961,-0.124431,0.000000,0.000000,0.000000
0.000000,-1.791380,0.583920,-0.123952,0.000000,0.000000,0.000000
0.000000,-1.755685,0.584303,-0.123185,0.000000,0.000000,0.000000
0.000000,-1.755685,0.585070,-0.122898,0.000000,0.000000,0.000000
0.000000,-1.730741,0.585453,-0.122419,0.000000,0.000000,0.000000
0.000000,-1.730741,0.586124,-0.122131,0.000000,0.000000,0.000000
0.000000,-1.691720,0.586507,-0.121460,0.000000,0.000000,0.000000
0.000000,-1.664641,0.587274,-0.120981,0.000000,0.000000,0.000000
0.000000,-1.664641,0.587753,-0.120502,0.000000,0.000000,0.000000
0.000000,-1.621417,0.588520,-0.120406,0.000000,0.000000,0.000000
0.000000,-1.621417,0.588903,-0.120119,0.000000,0.000000,0.000000
0.000000,-1.590382,0.589861,-0.120119,0.000000,0.000000,0.000000
0.000000,-1.545996,0.590340,-0.119831,0.000000,0.000000,0.000000
0.000000,-1.545996,0.591203,-0.119640,0.000000,0.000000,0.000000
0.000000,-1.512358,0.591586,-0.119160,0.000000,0.000000,0.000000
0.000000,-1.512358,0.592448,-0.118873,0.000000,0.000000,0.000000
0.000000,-1.462378,0.592927,-0.118202,0.000000,0.000000,0.000000
0.000000,-1.428481,0.593790,-0.118011,0.000000,0.000000,0.000000
0.000000,-1.428481,0.594173,-0.117723,0.000000,0.000000,0.000000
0.000000,-1.374870,0.595036,-0.117627,0.000000,0.000000,0.000000
0.000000,-1.374870,0.595515,-0.117436,0.000000,0.000000,0.000000
0.000000,-1.336345,0.596281,-0.117340,0.000000,0.000000,0.000000
0.000000,-1.275312,0.596665,-0.117052,0.000000,0.000000,0.000000
0.000000,-1.275312,0.597431,-0.116765,0.000000,0.000000,0.000000
0.000000,-1.231154,0.597815,-0.116190,0.000000,0.000000,0.000000
0.000000,-1.231154,0.598677,-0.115902,0.000000,0.000000,0.000000
0.000000,-1.168861,0.599060,-0.115232,0.000000,0.000000,0.000000
0.000000,-1.126495,0.599731,-0.115040,0.000000,0.000000,0.000000
0.000000,-1.126495,0.600019,-0.114752,0.000000,0.000000,0.000000
0.000000,-1.066257,0.600881,-0.114656,0.000000,0.000000,0.000000
0.000000,-1.066257,0.601264,-0.114369,0.000000,0.000000,0.000000
0.000000,-1.026963,0.602031,-0.114177,0.000000,0.000000,0.000000
0.000000,-0.967814,0.602414,-0.113602,0.000000,0.000000,0.000000
0.000000,-0.967814,0.603181,-0.113123,0.000000,0.000000,0.000000
0.000000,-0.930353,0.603660,-0.112261,0.000000,0.000000,0.000000
0.000000,-0.930353,0.604522,-0.111973,0.000000,0.000000,0.000000
0.000000,-0.878891,0.604906,-0.111303,0.000000,0.000000,0.000000
0.000000,-0.845512,0.605577,-0.110823,0.000000,0.000000,0.000000
0.000000,-0.845512,0.606056,-0.109865,0.000000,0.000000,0.000000
0.000000,-0.798323,0.606918,-0.109386,0.000000,0.000000,0.000000
0.000000,-0.798323,0.607301,-0.108428,0.000000,0.000000,0.000000
0.000000,-0.766036,0.608164,-0.108045,0.000000,0.000000,0.000000
0.000000,-0.715767,0.608547,-0.106799,0.000000,0.000000,0.000000
0.000000,-0.715767,0.609505,-0.106320,0.000000,0.000000,0.000000
0.000000,-0.682514,0.609985,-0.105457,0.000000,0.000000,0.000000
0.000000,-0.682514,0.610751,-0.104978,0.000000,0.000000,0.000000
0.000000,-0.628545,0.611135,-0.104116,0.000000,0.000000,0.000000
0.000000,-0.592573,0.611997,-0.103828,0.000000,0.000000,0.000000
0.000000,-0.592573,0.612476,-0.103445,0.000000,0.000000,0.000000
0.000000,-0.539384,0.613338,-0.103253,0.000000,0.000000,0.000000
0.000000,-0.539384,0.613722,-0.102678,0.000000,0.000000,0.000000
0.000000,-0.501689,0.614680,-0.102295,0.000000,0.000000,0.000000
0.000000,-0.446775,0.615159,-0.101528,0.000000,0.000000,0.000000
0.000000,-0.446775,0.616022,-0.101049,0.000000,0.000000,0.000000
0.000000,-0.408063,0.616405,-0.100570,0.000000,0.000000,0.000000
0.000000,-0.408063,0.617172,-0.100282,0.000000,0.000000,0.000000
0.000000,-0.345559,0.617651,-0.099708,0.000000,0.000000,0.000000
0.000000,-0.304329,0.618513,-0.099324,0.000000,0.000000,0.000000
0.000000,-0.304329,0.618992,-0.098558,0.000000,0.000000,0.000000
0.000000,-0.242346,0.619855,-0.098270,0.000000,0.000000,0.000000
0.000000,-0.242346,0.620334,-0.097887,0.000000,0.000000,0.000000
0.000000,-0.201537,0.621388,-0.097599,0.000000,0.000000,0.000000
0.000000,-0.142065,0.621867,-0.097120,0.000000,0.000000,0.000000
0.000000,-0.142065,0.622921,-0.096737,0.000000,0.000000,0.000000
0.000000,-0.103543,0.623496,-0.095970,0.000000,0.000000,0.000000
0.000000,-0.103543,0.624454,-0.095683,0.000000,0.000000,0.000000
0.000000,-0.048043,0.624933,-0.095204,0.000000,0.000000,0.000000
0.000000,-0.012281,0.625988,-0.095012,0.000000,0.000000,0.000000
0.000000,-0.012281,0.626563,-0.094533,0.000000,0.000000,0.000000
0.000000,0.039423,0.627425,-0.094150,0.000000,0.000000,0.000000
0.000000,0.039423,0.628000,-0.093287,0.000000,0.000000,0.000000
0.000000,0.075028,0.629054,-0.092904,0.000000,0.000000,0.000000
0.000000,0.128427,0.629533,-0.092137,0.000000,0.000000,0.000000
0.000000,0.128427,0.630300,-0.091754,0.000000,0.000000,0.000000
0.000000,0.163245,0.630779,-0.090796,0.000000,0.000000,0.000000
0.000000,0.163245,0.631737,-0.090221,0.000000,0.000000,0.000000
0.000000,0.217005,0.632216,-0.089358,0.000000,0.000000,0.000000
0.000000,0.254597,0.633079,-0.088879,0.000000,0.000000,0.000000
0.000000,0.254597,0.633558,-0.087921,0.000000,0.000000,0.000000
0.000000,0.312694,0.634516,-0.087442,0.000000,0.000000,0.000000
0.000000,0.312694,0.634995,-0.086675,0.000000,0.000000,0.000000
0.000000,0.351233,0.635858,-0.086388,0.000000,0.000000,0.000000
0.000000,0.410360,0.636337,-0.085621,0.000000,0.000000,0.000000
0.000000,0.410360,0.637391,-0.085238,0.000000,0.000000,0.000000
0.000000,0.448824,0.637870,-0.084567,0.000000,0.000000,0.000000
0.000000,0.448824,0.638924,-0.084375,0.000000,0.000000,0.000000
0.000000,0.508100,0.639499,-0.084088,0.000000,0.000000,0.000000
0.000000,0.547286,0.640553,-0.083896,0.000000,0.000000,0.000000
0.000000,0.547286,0.641032,-0.083513,0.000000,0.000000,0.000000
0.000000,0.604590,0.642278,-0.083225,0.000000,0.000000,0.000000
0.000000,0.604590,0.642853,-0.082555,0.000000,0.000000,0.000000
0.000000,0.643196,0.643907,-0.082267,0.000000,0.000000,0.000000
0.000000,0.699662,0.644482,-0.081788,0.000000,0.000000,0.000000
0.000000,0.699662,0.645632,-0.081596,0.000000,0.000000,0.000000
0.000000,0.734243,0.646111,-0.081405,0.000000,0.000000,0.000000
0.000000,0.734243,0.647165,-0.081309,0.000000,0.000000,0.000000
0.000000,0.783309,0.647740,-0.081021,0.000000,0.000000,0.000000
0.000000,0.815794,0.648890,-0.080734,0.000000,0.000000,0.000000
0.000000,0.815794,0.649369,-0.080159,0.000000,0.000000,0.000000
0.000000,0.864906,0.650424,-0.079776,0.000000,0.000000,0.000000
0.000000,0.864906,0.650999,-0.079009,0.000000,0.000000,0.000000
0.000000,0.895401,0.652053,-0.078626,0.000000,0.000000,0.000000
0.000000,0.939575,0.652532,-0.078147,0.000000,0.000000,0.000000
0.000000,0.939575,0.653777,-0.077763,0.000000,0.000000,0.000000
0.000000,0.968271,0.654352,-0.076805,0.000000,0.000000,0.000000
0.000000,0.968271,0.655502,-0.076422,0.000000,0.000000,0.000000
0.000000,1.009055,0.656173,-0.075751,0.000000,0.000000,0.000000
0.000000,1.034823,0.657419,-0.075368,0.000000,0.000000,0.000000
0.000000,1.034823,0.657994,-0.074697,0.000000,0.000000,0.000000
0.000000,1.074488,0.659335,-0.074122,0.000000,0.000000,0.000000
0.000000,1.074488,0.660006,-0.073260,0.000000,0.000000,0.000000
0.000000,1.101623,0.661252,-0.072876,0.000000,0.000000,0.000000
0.000000,1.140271,0.661923,-0.072301,0.000000,0.000000,0.000000
0.000000,1.140271,0.663073,-0.071918,0.000000,0.000000,0.000000
0.000000,1.164564,0.663647,-0.071247,0.000000,0.000000,0.000000
0.000000,1.164564,0.664893,-0.070864,0.000000,0.000000,0.000000
0.000000,1.207460,0.665373,-0.070385,0.000000,0.000000,0.000000
0.000000,1.238258,0.666523,-0.070289,0.000000,0.000000,0.000000
0.000000,1.238258,0.667097,-0.069906,0.000000,0.000000,0.000000
0.000000,1.282857,0.668343,-0.069618,0.000000,0.000000,0.000000
0.000000,1.282857,0.668822,-0.068947,0.000000,0.000000,0.000000
0.000000,1.315671,0.670068,-0.068564,0.000000,0.000000,0.000000
0.000000,1.369843,0.670643,-0.067893,0.000000,0.000000,0.000000
0.000000,1.369843,0.671697,-0.067606,0.000000,0.000000,0.000000
0.000000,1.402935,0.672368,-0.067222,0.000000,0.000000,0.000000
0.000000,1.402935,0.673805,-0.067031,0.000000,0.000000,0.000000
0.000000,1.449624,0.674380,-0.066647,0.000000,0.000000,0.000000
0.000000,1.479420,0.675722,-0.066264,0.000000,0.000000,0.000000
0.000000,1.479420,0.676392,-0.065689,0.000000,0.000000,0.000000
0.000000,1.517880,0.677734,-0.065497,0.000000,0.000000,0.000000
0.000000,1.517880,0.678405,-0.065306,0.000000,0.000000,0.000000
0.000000,1.541778,0.679651,-0.065210,0.000000,0.000000,0.000000
0.000000,1.578166,0.680321,-0.065210,0.000000,0.000000,0.000000
0.000000,1.578166,0.681663,-0.065114,0.000000,0.000000,0.000000
0.000000,1.601673,0.682238,-0.065018,0.000000,0.000000,0.000000
0.000000,1.601673,0.683484,-0.065018,0.000000,0.000000,0.000000
0.000000,1.634378,0.684059,-0.064827,0.000000,0.000000,0.000000
0.000000,1.655536,0.685209,-0.064827,0.000000,0.000000,0.000000
0.000000,1.655536,0.685879,-0.064635,0.000000,0.000000,0.000000
0.000000,1.685792,0.687221,-0.064443,0.000000,0.000000,0.000000
0.000000,1.685792,0.687892,-0.064060,0.000000,0.000000,0.000000
0.000000,1.705601,0.689233,-0.063869,0.000000,0.000000,0.000000
0.000000,1.732523,0.689904,-0.063198,0.000000,0.000000,0.000000
0.000000,1.732523,0.691246,-0.062814,0.000000,0.000000,0.000000
0.000000,1.746657,0.691916,-0.062335,0.000000,0.000000,0.000000
0.000000,1.746657,0.693354,-0.062239,0.000000,0.000000,0.000000
0.000000,1.763666,0.693929,-0.062048,0.000000,0.000000,0.000000
0.000000,1.773922,0.695270,-0.061952,0.000000,0.000000,0.000000
0.000000,1.773922,0.695941,-0.061760,0.000000,0.000000,0.000000
0.000000,1.792304,0.697187,-0.061664,0.000000,0.000000,0.000000
0.000000,1.792304,0.697858,-0.061377,0.000000,0.000000,0.000000
0.000000,1.806077,0.699103,-0.061090,0.000000,0.000000,0.000000
0.000000,1.829547,0.699774,-0.060514,0.000000,0.000000,0.000000
0.000000,1.829547,0.701020,-0.060131,0.000000,0.000000,0.000000
0.000000,1.846551,0.701595,-0.059652,0.000000,0.000000,0.000000
0.000000,1.846551,0.702745,-0.059460,0.000000,0.000000,0.000000
0.000000,1.872409,0.703320,-0.059077,0.000000,0.000000,0.000000
0.000000,1.890496,0.704470,-0.058886,0.000000,0.000000,0.000000
0.000000,1.890496,0.705045,-0.058406,0.000000,0.000000,0.000000
0.000000,1.918944,0.706290,-0.058023,0.000000,0.000000,0.000000
0.000000,1.918944,0.706961,-0.057161,0.000000,0.000000,0.000000
0.000000,1.939602,0.708111,-0.056873,0.000000,0.000000,0.000000
0.000000,1.970986,0.708782,-0.056394,0.000000,0.000000,0.000000
0.000000,1.970986,0.710027,-0.056298,0.000000,0.000000,0.000000
0.000000,1.990508,0.710603,-0.055915,0.000000,0.000000,0.000000
0.000000,1.990508,0.711848,-0.055723,0.000000,0.000000,0.000000
0.000000,2.019070,0.712423,-0.055148,0.000000,0.000000,0.000000
0.000000,2.039907,0.713573,-0.054861,0.000000,0.000000,0.000000
0.000000,2.039907,0.714148,-0.054382,0.000000,0.000000,0.000000
0.000000,2.073213,0.715298,-0.054190,0.000000,0.000000,0.000000
0.000000,2.073213,0.715777,-0.053998,0.000000,0.000000,0.000000
0.000000,2.095199,0.716927,-0.053998,0.000000,0.000000,0.000000
0.000000,2.130030,0.717598,-0.053807,0.000000,0.000000,0.000000
0.000000,2.130030,0.718652,-0.053807,0.000000,0.000000,0.000000
0.000000,2.154737,0.719131,-0.053615,0.000000,0.000000,0.000000
0.000000,2.154737,0.720473,-0.053423,0.000000,0.000000,0.000000
0.000000,2.191360,0.721048,-0.053136,0.000000,0.000000,0.000000
0.000000,2.214344,0.722102,-0.052848,0.000000,0.000000,0.000000
0.000000,2.214344,0.722773,-0.052273,0.000000,0.000000,0.000000
0.000000,2.242771,0.724018,-0.051986,0.000000,0.000000,0.000000
0.000000,2.242771,0.724497,-0.051603,0.000000,0.000000,0.000000
0.000000,2.259173,0.725839,-0.051411,0.000000,0.000000,0.000000
0.000000,2.279711,0.726510,-0.051411,0.000000,0.000000,0.000000
0.000000,2.279711,0.727564,-0.051411,0.000000,0.000000,0.000000
0.000000,2.293198,0.728235,-0.051315,0.000000,0.000000,0.000000
0.000000,2.293198,0.729385,-0.051315,0.000000,0.000000,0.000000
0.000000,2.312857,0.729864,-0.051315,0.000000,0.000000,0.000000
0.000000,2.327077,0.731110,-0.051219,0.000000,0.000000,0.000000
0.000000,2.327077,0.731684,-0.051219,0.000000,0.000000,0.000000
0.000000,2.347895,0.732834,-0.051123,0.000000,0.000000,0.000000
0.000000,2.347895,0.733409,-0.051028,0.000000,0.000000,0.000000
0.000000,2.362086,0.734655,-0.050932,0.000000,0.000000,0.000000
0.000000,2.380517,0.735230,-0.050836,0.000000,0.000000,0.000000
0.000000,2.380517,0.736284,-0.050740,0.000000,0.000000,0.000000
0.000000,2.392671,0.736955,-0.050453,0.000000,0.000000,0.000000
0.000000,2.392671,0.738105,-0.050261,0.000000,0.000000,0.000000
0.000000,2.409511,0.738680,-0.049782,0.000000,0.000000,0.000000
0.000000,2.420749,0.739925,-0.049495,0.000000,0.000000,0.000000
0.000000,2.420749,0.740500,-0.049111,0.000000,0.000000,0.000000
0.000000,2.435507,0.741650,-0.048919,0.000000,0.000000,0.000000
0.000000,2.435507,0.742321,-0.048728,0.000000,0.000000,0.000000
0.000000,2.444797,0.743471,-0.048728,0.000000,0.000000,0.000000
0.000000,2.458454,0.744046,-0.048728,0.000000,0.000000,0.000000
0.000000,2.458454,0.745292,-0.048728,0.000000,0.000000,0.000000
0.000000,2.469783,0.745867,-0.048632,0.000000,0.000000,0.000000
0.000000,2.469783,0.746921,-0.048632,0.000000,0.000000,0.000000
0.000000,2.488234,0.747496,-0.048536,0.000000,0.000000,0.000000
0.000000,2.500232,0.748550,-0.048536,0.000000,0.000000,0.000000
0.000000,2.500232,0.749029,-0.048440,0.000000,0.000000,0.000000
0.000000,2.516716,0.750179,-0.048440,0.000000,0.000000,0.000000
0.000000,2.516716,0.750850,-0.048345,0.000000,0.000000,0.000000
0.000000,2.527645,0.751808,-0.048249,0.000000,0.000000,0.000000
0.000000,2.542120,0.752383,-0.048153,0.000000,0.000000,0.000000
0.000000,2.542120,0.753533,-0.048057,0.000000,0.000000,0.000000
0.000000,2.551069,0.754108,-0.047961,0.000000,0.000000,0.000000
0.000000,2.551069,0.755354,-0.047865,0.000000,0.000000,0.000000
0.000000,2.563621,0.755929,-0.047578,0.000000,0.000000,0.000000
0.000000,2.571284,0.757174,-0.047386,0.000000,0.000000,0.000000
0.000000,2.571284,0.757845,-0.047003,0.000000,0.000000,0.000000
0.000000,2.581785,0.759091,-0.046811,0.000000,0.000000,0.000000
0.000000,2.581785,0.759762,-0.046428,0.000000,0.000000,0.000000
0.000000,2.588138,0.760816,-0.046332,0.000000,0.000000,0.000000
0.000000,2.597550,0.761391,-0.046140,0.000000,0.000000,0.000000
0.000000,2.597550,0.762445,-0.046140,0.000000,0.000000,0.000000
0.000000,2.603969,0.762924,-0.046045,0.000000,0.000000,0.000000
0.000000,2.603969,0.763978,-0.046045,0.000000,0.000000,0.000000
0.000000,2.617170,0.764553,-0.045949,0.000000,0.000000,0.000000
0.000000,2.627730,0.765607,-0.045949,0.000000,0.000000,0.000000
0.000000,2.627730,0.766086,-0.045853,0.000000,0.000000,0.000000
0.000000,2.645335,0.767236,-0.045853,0.000000,0.000000,0.000000
0.000000,2.645335,0.767715,-0.045757,0.000000,0.000000,0.000000
0.000000,2.656249,0.768578,-0.045757,0.000000,0.000000,0.000000
0.000000,2.671134,0.769248,-0.045661,0.000000,0.000000,0.000000
0.000000,2.671134,0.770398,-0.045566,0.000000,0.000000,0.000000
0.000000,2.680326,0.770878,-0.045470,0.000000,0.000000,0.000000
0.000000,2.680326,0.772027,-0.045470,0.000000,0.000000,0.000000
0.000000,2.693024,0.772602,-0.045374,0.000000,0.000000,0.000000
0.000000,2.701358,0.773752,-0.045278,0.000000,0.000000,0.000000
0.000000,2.701358,0.774328,-0.045182,0.000000,0.000000,0.000000
0.000000,2.712631,0.775573,-0.044991,0.000000,0.000000,0.000000
0.000000,2.712631,0.776244,-0.044703,0.000000,0.000000,0.000000
0.000000,2.720542,0.777298,-0.044607,0.000000,0.000000,0.000000
0.000000,2.731960,0.777969,-0.044032,0.000000,0.000000,0.000000
0.000000,2.731960,0.779023,-0.043745,0.000000,0.000000,0.000000
0.000000,2.740310,0.779502,-0.043362,0.000000,0.000000,0.000000
0.000000,2.740310,0.780460,-0.043170,0.000000,0.000000,0.000000
0.000000,2.752977,0.780939,-0.042978,0.000000,0.000000,0.000000
0.000000,2.763413,0.781898,-0.042882,0.000000,0.000000,0.000000
0.000000,2.763413,0.782377,-0.042691,0.000000,0.000000,0.000000
0.000000,2.784373,0.783335,-0.042595,0.000000,0.000000,0.000000
0.000000,2.784373,0.783814,-0.042212,0.000000,0.000000,0.000000
0.000000,2.800630,0.784772,-0.042020,0.000000,0.000000,0.000000
0.000000,2.825986,0.785252,-0.041445,0.000000,0.000000,0.000000
0.000000,2.825986,0.786114,-0.041062,0.000000,0.000000,0.000000
0.000000,2.844381,0.786593,-0.040391,0.000000,0.000000,0.000000
0.000000,2.844381,0.787647,-0.040103,0.000000,0.000000,0.000000
0.000000,2.869431,0.788126,-0.039816,0.000000,0.000000,0.000000
0.000000,2.886246,0.789372,-0.039624,0.000000,0.000000,0.000000
0.000000,2.886246,0.789947,-0.039337,0.000000,0.000000,0.000000
0.000000,2.908430,0.790905,-0.039145,0.000000,0.000000,0.000000
0.000000,2.908430,0.791576,-0.038666,0.000000,0.000000,0.000000
0.000000,2.925632,0.792726,-0.038378,0.000000,0.000000,0.000000
0.000000,2.953885,0.793301,-0.037995,0.000000,0.000000,0.000000
0.000000,2.953885,0.794259,-0.037803,0.000000,0.000000,0.000000
0.000000,2.973512,0.794930,-0.037708,0.000000,0.000000,0.000000
0.000000,2.973512,0.795984,-0.037708,0.000000,0.000000,0.000000
0.000000,2.998667,0.796463,-0.037708,0.000000,0.000000,0.000000
0.000000,3.014461,0.797613,-0.037708,0.000000,0.000000,0.000000
0.000000,3.014461,0.798188,-0.037612,0.000000,0.000000,0.000000
0.000000,3.039963,0.799242,-0.037612,0.000000,0.000000,0.000000
0.000000,3.039963,0.799721,-0.037516,0.000000,0.000000,0.000000
0.000000,3.058870,0.800871,-0.037516,0.000000,0.000000,0.000000
0.000000,3.085749,0.801350,-0.037420,0.000000,0.000000,0.000000
0.000000,3.085749,0.802404,-0.037324,0.000000,0.000000,0.000000
0.000000,3.101594,0.802979,-0.037229,0.000000,0.000000,0.000000
0.000000,3.101594,0.804129,-0.037133,0.000000,0.000000,0.000000
0.000000,3.123689,0.804608,-0.037037,0.000000,0.000000,0.000000
0.000000,3.139594,0.805758,-0.036941,0.000000,0.000000,0.000000
0.000000,3.139594,0.806429,-0.036749,0.000000,0.000000,0.000000
0.000000,3.161967,0.807579,-0.036558,0.000000,0.000000,0.000000
0.000000,3.161967,0.808250,-0.036175,0.000000,0.000000,0.000000
0.000000,3.174335,0.809592,-0.035983,0.000000,0.000000,0.000000
0.000000,3.189235,0.810167,-0.035408,0.000000,0.000000,0.000000
0.000000,3.189235,0.811412,-0.035216,0.000000,0.000000,0.000000
0.000000,3.197750,0.812083,-0.034929,0.000000,0.000000,0.000000
0.000000,3.197750,0.813137,-0.034833,0.000000,0.000000,0.000000
0.000000,3.209935,0.813808,-0.034833,0.000000,0.000000,0.000000
0.000000,3.219890,0.815054,-0.034737,0.000000,0.000000,0.000000
0.000000,3.219890,0.815629,-0.034737,0.000000,0.000000,0.000000
0.000000,3.237522,0.816778,-0.034737,0.000000,0.000000,0.000000
0.000000,3.237522,0.817449,-0.034641,0.000000,0.000000,0.000000
0.000000,3.249431,0.818503,-0.034545,0.000000,0.000000,0.000000
0.000000,3.264834,0.819078,-0.034450,0.000000,0.000000,0.000000
0.000000,3.264834,0.820228,-0.034354,0.000000,0.000000,0.000000
0.000000,3.274093,0.820803,-0.034258,0.000000,0.000000,0.000000
0.000000,3.274093,0.822145,-0.034162,0.000000,0.000000,0.000000
0.000000,3.287187,0.822816,-0.033875,0.000000,0.000000,0.000000
0.000000,3.295717,0.824061,-0.033683,0.000000,0.000000,0.000000
0.000000,3.295717,0.824636,-0.033204,0.000000,0.000000,0.000000
0.000000,3.305913,0.825978,-0.033012,0.000000,0.000000,0.000000
0.000000,3.305913,0.826553,-0.032533,0.000000,0.000000,0.000000
0.000000,3.311336,0.827703,-0.032437,0.000000,0.000000,0.000000
0.000000,3.319334,0.828374,-0.032246,0.000000,0.000000,0.000000
0.000000,3.319334,0.829524,-0.032246,0.000000,0.000000,0.000000
0.000000,3.325338,0.830098,-0.032246,0.000000,0.000000,0.000000
0.000000,3.325338,0.831344,-0.032150,0.000000,0.000000,0.000000
0.000000,3.338581,0.831919,-0.032150,0.000000,0.000000,0.000000
0.000000,3.349760,0.833165,-0.032150,0.000000,0.000000,0.000000
0.000000,3.349760,0.833836,-0.032054,0.000000,0.000000,0.000000
0.000000,3.366951,0.834985,-0.032054,0.000000,0.000000,0.000000
0.000000,3.366951,0.835561,-0.032054,0.000000,0.000000,0.000000
0.000000,3.377097,0.836902,-0.031958,0.000000,0.000000,0.000000
0.000000,3.390365,0.837477,-0.031958,0.000000,0.000000,0.000000
0.000000,3.390365,0.838723,-0.031958,0.000000,0.000000,0.000000
0.000000,3.398411,0.839394,-0.031862,0.000000,0.000000,0.000000
0.000000,3.398411,0.840544,-0.031862,0.000000,0.000000,0.000000
0.000000,3.407928,0.841119,-0.031766,0.000000,0.000000,0.000000
0.000000,3.413691,0.842556,-0.031766,0.000000,0.000000,0.000000
0.000000,3.413691,0.843131,-0.031766,0.000000,0.000000,0.000000
0.000000,3.420058,0.844377,-0.031671,0.000000,0.000000,0.000000
0.000000,3.420058,0.845047,-0.031671,0.000000,0.000000,0.000000
0.000000,3.424207,0.846197,-0.031671,0.000000,0.000000,0.000000
0.000000,3.428088,0.846868,-0.031575,0.000000,0.000000,0.000000
0.000000,3.428088,0.848114,-0.031479,0.000000,0.000000,0.000000
0.000000,3.431143,0.848689,-0.031383,0.000000,0.000000,0.000000
0.000000,3.431143,0.849935,-0.031383,0.000000,0.000000,0.000000
0.000000,3.435843,0.850605,-0.031192,0.000000,0.000000,0.000000
0.000000,3.439114,0.851659,-0.031000,0.000000,0.000000,0.000000
0.000000,3.439114,0.852330,-0.030617,0.000000,0.000000,0.000000
0.000000,3.443352,0.853672,-0.030329,0.000000,0.000000,0.000000
0.000000,3.443352,0.854247,-0.029850,0.000000,0.000000,0.000000
0.000000,3.445833,0.855588,-0.029562,0.000000,0.000000,0.000000
0.000000,3.449534,0.856355,-0.029275,0.000000,0.000000,0.000000
0.000000,3.449534,0.857505,-0.029275,0.000000,0.000000,0.000000
0.000000,3.451924,0.858176,-0.029179,0.000000,0.000000,0.000000
0.000000,3.451924,0.859517,-0.029083,0.000000,0.000000,0.000000
0.000000,3.456832,0.859996,-0.029083,0.000000,0.000000,0.000000
0.000000,3.461028,0.861338,-0.029083,0.000000,0.000000,0.000000
0.000000,3.461028,0.861913,-0.028988,0.000000,0.000000,0.000000
0.000000,3.468323,0.863063,-0.028988,0.000000,0.000000,0.000000
0.000000,3.468323,0.863638,-0.028892,0.000000,0.000000,0.000000
0.000000,3.472621,0.864884,-0.028892,0.000000,0.000000,0.000000
0.000000,3.477576,0.865458,-0.028700,0.000000,0.000000,0.000000
0.000000,3.477576,0.866608,-0.028604,0.000000,0.000000,0.000000
0.000000,3.483204,0.867279,-0.028413,0.000000,0.000000,0.000000
0.000000,3.483204,0.868333,-0.028317,0.000000,0.000000,0.000000
0.000000,3.493675,0.868908,-0.027934,0.000000,0.000000,0.000000
0.000000,3.501334,0.870154,-0.027646,0.000000,0.000000,0.000000
0.000000,3.501334,0.870729,-0.027263,0.000000,0.000000,0.000000
0.000000,3.512543,0.871879,-0.026975,0.000000,0.000000,0.000000
0.000000,3.512543,0.872549,-0.026784,0.000000,0.000000,0.000000
0.000000,3.521207,0.873699,-0.026688,0.000000,0.000000,0.000000
0.000000,3.532405,0.874370,-0.026592,0.000000,0.000000,0.000000
0.000000,3.532405,0.875712,-0.026592,0.000000,0.000000,0.000000
0.000000,3.541127,0.876287,-0.026592,0.000000,0.000000,0.000000
0.000000,3.541127,0.877437,-0.026592,0.000000,0.000000,0.000000
0.000000,3.554800,0.878108,-0.026496,0.000000,0.000000,0.000000
0.000000,3.563697,0.879258,-0.026496,0.000000,0.000000,0.000000
0.000000,3.563697,0.879737,-0.026496,0.000000,0.000000,0.000000
0.000000,3.575402,0.880983,-0.026400,0.000000,0.000000,0.000000
0.000000,3.575402,0.881558,-0.026400,0.000000,0.000000,0.000000
0.000000,3.582767,0.882707,-0.026304,0.000000,0.000000,0.000000
0.000000,3.594141,0.883282,-0.026304,0.000000,0.000000,0.000000
0.000000,3.594141,0.884336,-0.026209,0.000000,0.000000,0.000000
0.000000,3.600254,0.884815,-0.026113,0.000000,0.000000,0.000000
0.000000,3.600254,0.886061,-0.026017,0.000000,0.000000,0.000000
0.000000,3.608960,0.886636,-0.025825,0.000000,0.000000,0.000000
0.000000,3.614795,0.887786,-0.025729,0.000000,0.000000,0.000000
0.000000,3.614795,0.888457,-0.025442,0.000000,0.000000,0.000000
0.000000,3.622841,0.889798,-0.025250,0.000000,0.000000,0.000000
0.000000,3.622841,0.890373,-0.024771,0.000000,0.000000,0.000000
0.000000,3.626696,0.891619,-0.024484,0.000000,0.000000,0.000000
0.000000,3.631000,0.892386,-0.024005,0.000000,0.000000,0.000000
0.000000,3.631000,0.893536,-0.023813,0.000000,0.000000,0.000000
0.000000,3.633580,0.894110,-0.023717,0.000000,0.000000,0.000000
0.000000,3.633580,0.895356,-0.023717,0.000000,0.000000,0.000000
0.000000,3.638618,0.895836,-0.023717,0.000000,0.000000,0.000000
0.000000,3.643549,0.896794,-0.023717,0.000000,0.000000,0.000000
0.000000,3.643549,0.897369,-0.023621,0.000000,0.000000,0.000000
0.000000,3.655147,0.898423,-0.023621,0.000000,0.000000,0.000000
0.000000,3.655147,0.898902,-0.023525,0.000000,0.000000,0.000000
0.000000,3.665038,0.900148,-0.023525,0.000000,0.000000,0.000000
0.000000,3.679714,0.900723,-0.023430,0.000000,0.000000,0.000000
0.000000,3.679714,0.901681,-0.023334,0.000000,0.000000,0.000000
0.000000,3.689334,0.902160,-0.023142,0.000000,0.000000,0.000000
0.000000,3.689334,0.903310,-0.023142,0.000000,0.000000,0.000000
0.000000,3.704595,0.903885,-0.022951,0.000000,0.000000,0.000000
0.000000,3.715579,0.904939,-0.022855,0.000000,0.000000,0.000000
0.000000,3.715579,0.905610,-0.022567,0.000000,0.000000,0.000000
0.000000,3.732335,0.906760,-0.022375,0.000000,0.000000,0.000000
0.000000,3.732335,0.907335,-0.021992,0.000000,0.000000,0.000000
0.000000,3.742584,0.908581,-0.021801,0.000000,0.000000,0.000000
0.000000,3.756797,0.909251,-0.021609,0.000000,0.000000,0.000000
0.000000,3.756797,0.910306,-0.021513,0.000000,0.000000,0.000000
0.000000,3.765924,0.910976,-0.021417,0.000000,0.000000,0.000000
0.000000,3.765924,0.912222,-0.021417,0.000000,0.000000,0.000000
0.000000,3.780940,0.912701,-0.021417,0.000000,0.000000,0.000000
0.000000,3.791075,0.913851,-0.021417,0.000000,0.000000,0.000000
0.000000,3.791075,0.914426,-0.021417,0.000000,0.000000,0.000000
0.000000,3.806944,0.915480,-0.021321,0.000000,0.000000,0.000000
0.000000,3.806944,0.916055,-0.021321,0.000000,0.000000,0.000000
0.000000,3.817965,0.917109,-0.021321,0.000000,0.000000,0.000000
0.000000,3.832870,0.917684,-0.021321,0.000000,0.000000,0.000000
0.000000,3.832870,0.918642,-0.021225,0.000000,0.000000,0.000000
0.000000,3.842979,0.919313,-0.021225,0.000000,0.000000,0.000000
0.000000,3.842979,0.920559,-0.021225,0.000000,0.000000,0.000000
0.000000,3.857404,0.921038,-0.021130,0.000000,0.000000,0.000000
0.000000,3.867423,0.922284,-0.021130,0.000000,0.000000,0.000000
0.000000,3.867423,0.922858,-0.021130,0.000000,0.000000,0.000000
0.000000,3.879572,0.924104,-0.021130,0.000000,0.000000,0.000000
0.000000,3.879572,0.924680,-0.021130,0.000000,0.000000,0.000000
0.000000,3.886332,0.926021,-0.021130,0.000000,0.000000,0.000000
0.000000,3.892480,0.926692,-0.021130,0.000000,0.000000,0.000000
0.000000,3.892480,0.927937,-0.021130,0.000000,0.000000,0.000000
0.000000,3.894825,0.928512,-0.021130,0.000000,0.000000,0.000000
0.000000,3.894825,0.929758,-0.021130,0.000000,0.000000,0.000000
0.000000,3.895276,0.930333,-0.021130,0.000000,0.000000,0.000000
0.000000,3.895765,0.931579,-0.021130,0.000000,0.000000,0.000000
0.000000,3.895765,0.932153,-0.021130,0.000000,0.000000,0.000000
0.000000,3.896348,0.933495,-0.021130,0.000000,0.000000,0.000000
0.000000,3.896348,0.934070,-0.021130,0.000000,0.000000,0.000000
0.000000,3.896291,0.935220,-0.021130,0.000000,0.000000,0.000000
0.000000,3.894968,0.935891,-0.021130,0.000000,0.000000,0.000000
0.000000,3.894968,0.937041,-0.021130,0.000000,0.000000,0.000000
0.000000,3.893239,0.937616,-0.021130,0.000000,0.000000,0.000000
0.000000,3.893239,0.939054,-0.021130,0.000000,0.000000,0.000000
0.000000,3.892013,0.939628,-0.021130,0.000000,0.000000,0.000000
0.000000,3.889890,0.940874,-0.021130,0.000000,0.000000,0.000000
0.000000,3.889890,0.941641,-0.021130,0.000000,0.000000,0.000000
0.000000,3.883749,0.942982,-0.021130,0.000000,0.000000,0.000000
0.000000,3.883749,0.943558,-0.021130,0.000000,0.000000,0.000000
0.000000,3.876512,0.945186,-0.021130,0.000000,0.000000,0.000000
0.000000,3.862722,0.945857,-0.021130,0.000000,0.000000,0.000000
0.000000,3.862722,0.947199,-0.021130,0.000000,0.000000,0.000000
0.000000,3.850216,0.947870,-0.021130,0.000000,0.000000,0.000000
0.000000,3.850216,0.949211,-0.021130,0.000000,0.000000,0.000000
0.000000,3.830425,0.949882,-0.021130,0.000000,0.000000,0.000000
0.000000,3.818594,0.951224,-0.021130,0.000000,0.000000,0.000000
0.000000,3.818594,0.951894,-0.021130,0.000000,0.000000,0.000000
0.000000,3.802074,0.953332,-0.021130,0.000000,0.000000,0.000000
0.000000,3.802074,0.954002,-0.021130,0.000000,0.000000,0.000000
0.000000,3.791309,0.955344,-0.021130,0.000000,0.000000,0.000000
0.000000,3.776334,0.956110,-0.021130,0.000000,0.000000,0.000000
0.000000,3.776334,0.957452,-0.021130,0.000000,0.000000,0.000000
0.000000,3.765080,0.958219,-0.021130,0.000000,0.000000,0.000000
0.000000,3.765080,0.959752,-0.021130,0.000000,0.000000,0.000000
0.000000,3.747864,0.960327,-0.021130,0.000000,0.000000,0.000000
0.000000,3.735513,0.961764,-0.021130,0.000000,0.000000,0.000000
0.000000,3.735513,0.962435,-0.021130,0.000000,0.000000,0.000000
0.000000,3.716067,0.963776,-0.021130,0.000000,0.000000,0.000000
0.000000,3.716067,0.964543,-0.021130,0.000000,0.000000,0.000000
0.000000,3.703684,0.965789,-0.021130,0.000000,0.000000,0.000000
0.000000,3.689279,0.966555,-0.021130,0.000000,0.000000,0.000000
0.000000,3.689279,0.967897,-0.021130,0.000000,0.000000,0.000000
0.000000,3.681674,0.968472,-0.021130,0.000000,0.000000,0.000000
0.000000,3.681674,0.970006,-0.021130,0.000000,0.000000,0.000000
0.000000,3.673091,0.970580,-0.021130,0.000000,0.000000,0.000000
0.000000,3.668500,0.971922,-0.021130,0.000000,0.000000,0.000000
0.000000,3.668500,0.972689,-0.021130,0.000000,0.000000,0.000000
0.000000,3.662343,0.974030,-0.021130,0.000000,0.000000,0.000000
0.000000,3.662343,0.974701,-0.021130,0.000000,0.000000,0.000000
0.000000,3.657597,0.976234,-0.021130,0.000000,0.000000,0.000000
0.000000,3.648207,0.977001,-0.021130,0.000000,0.000000,0.000000
0.000000,3.648207,0.978438,-0.021130,0.000000,0.000000,0.000000
0.000000,3.640443,0.979013,-0.021130,0.000000,0.000000,0.000000
0.000000,3.640443,0.980450,-0.021130,0.000000,0.000000,0.000000
0.000000,3.626093,0.981121,-0.021130,0.000000,0.000000,0.000000
0.000000,3.617115,0.982367,-0.021130,0.000000,0.000000,0.000000
0.000000,3.617115,0.983038,-0.021130,0.000000,0.000000,0.000000
0.000000,3.607444,0.984284,-0.021130,0.000000,0.000000,0.000000
0.000000,3.607444,0.984954,-0.021130,0.000000,0.000000,0.000000
0.000000,3.601904,0.986296,-0.021130,0.000000,0.000000,0.000000
0.000000,3.594143,0.987063,-0.021130,0.000000,0.000000,0.000000
0.000000,3.594143,0.988404,-0.021130,0.000000,0.000000,0.000000
0.000000,3.589397,0.989075,-0.021130,0.000000,0.000000,0.000000
0.000000,3.589397,0.990512,-0.021130,0.000000,0.000000,0.000000
0.000000,3.581443,0.991279,-0.021130,0.000000,0.000000,0.000000
0.000000,3.574784,0.992716,-0.021130,0.000000,0.000000,0.000000
0.000000,3.574784,0.993387,-0.021130,0.000000,0.000000,0.000000
0.000000,3.560294,0.994824,-0.021225,0.000000,0.000000,0.000000
0.000000,3.560294,0.995399,-0.021225,0.000000,0.000000,0.000000
0.000000,3.548741,0.996741,-0.021225,0.000000,0.000000,0.000000
0.000000,3.532495,0.997507,-0.021225,0.000000,0.000000,0.000000
0.000000,3.532495,0.998753,-0.021225,0.000000,0.000000,0.000000
0.000000,3.524285,0.999424,-0.021225,0.000000,0.000000,0.000000
0.000000,3.524285,1.000766,-0.021225,0.000000,0.000000,0.000000
0.000000,3.516380,1.001341,-0.021225,0.000000,0.000000,0.000000
0.000000,3.512915,1.002587,-0.021225,0.000000,0.000000,0.000000
0.000000,3.512915,1.003353,-0.021225,0.000000,0.000000,0.000000
0.000000,3.510672,1.004599,-0.021225,0.000000,0.000000,0.000000
0.000000,3.510672,1.005366,-0.021225,0.000000,0.000000,0.000000
0.000000,3.510184,1.006707,-0.021225,0.000000,0.000000,0.000000
0.000000,3.507726,1.007474,-0.021225,0.000000,0.000000,0.000000
0.000000,3.507726,1.008911,-0.021225,0.000000,0.000000,0.000000
0.000000,3.505290,1.009582,-0.021225,0.000000,0.000000,0.000000
0.000000,3.505290,1.011019,-0.021225,0.000000,0.000000,0.000000
0.000000,3.495812,1.011690,-0.021225,0.000000,0.000000,0.000000
0.000000,3.487175,1.012840,-0.021225,0.000000,0.000000,0.000000
0.000000,3.487175,1.013606,-0.021225,0.000000,0.000000,0.000000
0.000000,3.471995,1.014756,-0.021225,0.000000,0.000000,0.000000
0.000000,3.471995,1.015332,-0.021225,0.000000,0.000000,0.000000
0.000000,3.463428,1.016577,-0.021225,0.000000,0.000000,0.000000
0.000000,3.456761,1.017152,-0.021225,0.000000,0.000000,0.000000
0.000000,3.456761,1.018302,-0.021225,0.000000,0.000000,0.000000
0.000000,3.454432,1.018877,-0.021225,0.000000,0.000000,0.000000
0.000000,3.454432,1.020123,-0.021225,0.000000,0.000000,0.000000
0.000000,3.453188,1.020698,-0.021225,0.000000,0.000000,0.000000
0.000000,3.453111,1.022039,-0.021225,0.000000,0.000000,0.000000
0.000000,3.453111,1.022710,-0.021225,0.000000,0.000000,0.000000
0.000000,3.451045,1.023956,-0.021225,0.000000,0.000000,0.000000
0.000000,3.451045,1.024722,-0.021225,0.000000,0.000000,0.000000
0.000000,3.447372,1.025968,-0.021225,0.000000,0.000000,0.000000
0.000000,3.435273,1.026639,-0.021321,0.000000,0.000000,0.000000
0.000000,3.435273,1.027980,-0.021321,0.000000,0.000000,0.000000
0.000000,3.425211,1.028555,-0.021321,0.000000,0.000000,0.000000
0.000000,3.425211,1.029897,-0.021321,0.000000,0.000000,0.000000
0.000000,3.408726,1.030567,-0.021321,0.000000,0.000000,0.000000
0.000000,3.398910,1.031718,-0.021321,0.000000,0.000000,0.000000
0.000000,3.398910,1.032293,-0.021321,0.000000,0.000000,0.000000
0.000000,3.387625,1.033443,-0.021321,0.000000,0.000000,0.000000
0.000000,3.387625,1.034018,-0.021321,0.000000,0.000000,0.000000
0.000000,3.382010,1.035072,-0.021321,0.000000,0.000000,0.000000
0.000000,3.378434,1.035838,-0.021321,0.000000,0.000000,0.000000
0.000000,3.378434,1.036893,-0.021321,0.000000,0.000000,0.000000
0.000000,3.377720,1.037468,-0.021321,0.000000,0.000000,0.000000
0.000000,3.377720,1.038809,-0.021321,0.000000,0.000000,0.000000
0.000000,3.377535,1.039384,-0.021321,0.000000,0.000000,0.000000
0.000000,3.375654,1.040630,-0.021321,0.000000,0.000000,0.000000
0.000000,3.375654,1.041396,-0.021321,0.000000,0.000000,0.000000
0.000000,3.370752,1.042642,-0.021321,0.000000,0.000000,0.000000
0.000000,3.370752,1.043313,-0.021321,0.000000,0.000000,0.000000
0.000000,3.365669,1.044655,-0.021321,0.000000,0.000000,0.000000
0.000000,3.354764,1.045229,-0.021321,0.000000,0.000000,0.000000
0.000000,3.354764,1.046475,-0.021321,0.000000,0.000000,0.000000
0.000000,3.346275,1.047146,-0.021321,0.000000,0.000000,0.000000
0.000000,3.346275,1.048392,-0.021321,0.000000,0.000000,0.000000
0.000000,3.333283,1.048967,-0.021321,0.000000,0.000000,0.000000
0.000000,3.325344,1.050116,-0.021321,0.000000,0.000000,0.000000
0.000000,3.325344,1.050596,-0.021321,0.000000,0.000000,0.000000
0.000000,3.312896,1.051746,-0.021321,0.000000,0.000000,0.000000
0.000000,3.312896,1.052320,-0.021321,0.000000,0.000000,0.000000
0.000000,3.305815,1.053375,-0.021321,0.000000,0.000000,0.000000
0.000000,3.295952,1.054045,-0.021321,0.000000,0.000000,0.000000
0.000000,3.295952,1.055195,-0.021321,0.000000,0.000000,0.000000
0.000000,3.289486,1.055866,-0.021321,0.000000,0.000000,0.000000
0.000000,3.289486,1.057016,-0.021321,0.000000,0.000000,0.000000
0.000000,3.274568,1.057591,-0.021321,0.000000,0.000000,0.000000
0.000000,3.261884,1.058837,-0.021417,0.000000,0.000000,0.000000
0.000000,3.261884,1.059411,-0.021417,0.000000,0.000000,0.000000
0.000000,3.237747,1.060657,-0.021417,0.000000,0.000000,0.000000
0.000000,3.237747,1.061232,-0.021417,0.000000,0.000000,0.000000
0.000000,3.220460,1.062286,-0.021417,0.000000,0.000000,0.000000
0.000000,3.193140,1.062957,-0.021417,0.000000,0.000000,0.000000
0.000000,3.193140,1.064107,-0.021417,0.000000,0.000000,0.000000
0.000000,3.175760,1.064586,-0.021417,0.000000,0.000000,0.000000
0.000000,3.175760,1.065737,-0.021417,0.000000,0.000000,0.000000
0.000000,3.154785,1.066311,-0.021417,0.000000,0.000000,0.000000
0.000000,3.140982,1.067365,-0.021417,0.000000,0.000000,0.000000
0.000000,3.140982,1.067845,-0.021417,0.000000,0.000000,0.000000
0.000000,3.116485,1.068898,-0.021417,0.000000,0.000000,0.000000
0.000000,3.116485,1.069569,-0.021417,0.000000,0.000000,0.000000
0.000000,3.100143,1.070528,-0.021417,0.000000,0.000000,0.000000
0.000000,3.079786,1.071102,-0.021417,0.000000,0.000000,0.000000
0.000000,3.079786,1.072157,-0.021417,0.000000,0.000000,0.000000
0.000000,3.066208,1.072732,-0.021417,0.000000,0.000000,0.000000
0.000000,3.066208,1.073786,-0.021417,0.000000,0.000000,0.000000
0.000000,3.045805,1.074361,-0.021417,0.000000,0.000000,0.000000
0.000000,3.033228,1.075511,-0.021513,0.000000,0.000000,0.000000
0.000000,3.033228,1.076085,-0.021513,0.000000,0.000000,0.000000
0.000000,3.012990,1.077235,-0.021513,0.000000,0.000000,0.000000
0.000000,3.012990,1.077715,-0.021513,0.000000,0.000000,0.000000
0.000000,2.998855,1.078673,-0.021513,0.000000,0.000000,0.000000
0.000000,2.977776,1.079248,-0.021513,0.000000,0.000000,0.000000
0.000000,2.977776,1.080398,-0.021513,0.000000,0.000000,0.000000
0.000000,2.965445,1.080877,-0.021513,0.000000,0.000000,0.000000
0.000000,2.965445,1.081931,-0.021513,0.000000,0.000000,0.000000
0.000000,2.948490,1.082410,-0.021513,0.000000,0.000000,0.000000
0.000000,2.936951,1.083464,-0.021513,0.000000,0.000000,0.000000
0.000000,2.936951,1.083847,-0.021513,0.000000,0.000000,0.000000
0.000000,2.919192,1.084902,-0.021513,0.000000,0.000000,0.000000
0.000000,2.919192,1.085476,-0.021513,0.000000,0.000000,0.000000
0.000000,2.908566,1.086530,-0.021513,0.000000,0.000000,0.000000
0.000000,2.892868,1.087106,-0.021513,0.000000,0.000000,0.000000
0.000000,2.892868,1.088255,-0.021609,0.000000,0.000000,0.000000
0.000000,2.882511,1.088830,-0.021609,0.000000,0.000000,0.000000
0.000000,2.882511,1.089885,-0.021609,0.000000,0.000000,0.000000
0.000000,2.863321,1.090555,-0.021609,0.000000,0.000000,0.000000
0.000000,2.849674,1.091705,-0.021609,0.000000,0.000000,0.000000
0.000000,2.849674,1.092280,-0.021609,0.000000,0.000000,0.000000
0.000000,2.826302,1.093334,-0.021609,0.000000,0.000000,0.000000
0.000000,2.826302,1.093909,-0.021609,0.000000,0.000000,0.000000
0.000000,2.807076,1.094964,-0.021609,0.000000,0.000000,0.000000
0.000000,2.774137,1.095443,-0.021609,0.000000,0.000000,0.000000
0.000000,2.774137,1.096401,-0.021609,0.000000,0.000000,0.000000
0.000000,2.756725,1.096976,-0.021609,0.000000,0.000000,0.000000
0.000000,2.756725,1.097838,-0.021609,0.000000,0.000000,0.000000
0.000000,2.737003,1.098317,-0.021609,0.000000,0.000000,0.000000
0.000000,2.725781,1.099372,-0.021609,0.000000,0.000000,0.000000
0.000000,2.725781,1.099850,-0.021705,0.000000,0.000000,0.000000
0.000000,2.708876,1.100617,-0.021705,0.000000,0.000000,0.000000
0.000000,2.708876,1.101096,-0.021705,0.000000,0.000000,0.000000
0.000000,2.698516,1.102151,-0.021705,0.000000,0.000000,0.000000
0.000000,2.680868,1.102629,-0.021705,0.000000,0.000000,0.000000
0.000000,2.680868,1.103588,-0.021705,0.000000,0.000000,0.000000
0.000000,2.672411,1.104067,-0.021705,0.000000,0.000000,0.000000
0.000000,2.672411,1.105217,-0.021705,0.000000,0.000000,0.000000
0.000000,2.657660,1.105696,-0.021705,0.000000,0.000000,0.000000
0.000000,2.647206,1.106654,-0.021705,0.000000,0.000000,0.000000
0.000000,2.647206,1.107229,-0.021705,0.000000,0.000000,0.000000
0.000000,2.633174,1.108379,-0.021705,0.000000,0.000000,0.000000
0.000000,2.633174,1.108858,-0.021705,0.000000,0.000000,0.000000
0.000000,2.622612,1.109816,-0.021801,0.000000,0.000000,0.000000
0.000000,2.607587,1.110296,-0.021801,0.000000,0.000000,0.000000
0.000000,2.607587,1.111158,-0.021801,0.000000,0.000000,0.000000
0.000000,2.596275,1.111637,-0.021801,0.000000,0.000000,0.000000
0.000000,2.596275,1.112499,-0.021801,0.000000,0.000000,0.000000
0.000000,2.582011,1.113075,-0.021801,0.000000,0.000000,0.000000
0.000000,2.573258,1.113937,-0.021801,0.000000,0.000000,0.000000
0.000000,2.573258,1.114416,-0.021801,0.000000,0.000000,0.000000
0.000000,2.561566,1.115183,-0.021801,0.000000,0.000000,0.000000
0.000000,2.561566,1.115566,-0.021801,0.000000,0.000000,0.000000
0.000000,2.552965,1.116524,-0.021801,0.000000,0.000000,0.000000
0.000000,2.541771,1.116907,-0.021801,0.000000,0.000000,0.000000
0.000000,2.541771,1.117674,-0.021801,0.000000,0.000000,0.000000
0.000000,2.537293,1.118057,-0.021801,0.000000,0.000000,0.000000
0.000000,2.537293,1.119015,-0.021801,0.000000,0.000000,0.000000
0.000000,2.529060,1.119495,-0.021801,0.000000,0.000000,0.000000
0.000000,2.526692,1.120357,-0.021801,0.000000,0.000000,0.000000
0.000000,2.526692,1.120836,-0.021896,0.000000,0.000000,0.000000
0.000000,2.521310,1.121794,-0.021896,0.000000,0.000000,0.000000
0.000000,2.521310,1.122274,-0.021896,0.000000,0.000000,0.000000
0.000000,2.517799,1.123232,-0.021896,0.000000,0.000000,0.000000
0.000000,2.514652,1.123711,-0.021896,0.000000,0.000000,0.000000
0.000000,2.514652,1.124861,-0.021896,0.000000,0.000000,0.000000
0.000000,2.509431,1.125340,-0.021896,0.000000,0.000000,0.000000
0.000000,2.509431,1.126299,-0.021992,0.000000,0.000000,0.000000
0.000000,2.500836,1.126778,-0.021992,0.000000,0.000000,0.000000
0.000000,2.492217,1.127736,-0.021992,0.000000,0.000000,0.000000
0.000000,2.492217,1.128120,-0.022088,0.000000,0.000000,0.000000
0.000000,2.478633,1.128982,-0.022088,0.000000,0.000000,0.000000
0.000000,2.478633,1.129461,-0.022088,0.000000,0.000000,0.000000
0.000000,2.470304,1.130419,-0.022088,0.000000,0.000000,0.000000
0.000000,2.459079,1.130803,-0.022088,0.000000,0.000000,0.000000
0.000000,2.459079,1.131569,-0.022088,0.000000,0.000000,0.000000
0.000000,2.453705,1.132048,-0.022088,0.000000,0.000000,0.000000
0.000000,2.453705,1.132911,-0.022088,0.000000,0.000000,0.000000
0.000000,2.444312,1.133294,-0.022088,0.000000,0.000000,0.000000
0.000000,2.439628,1.133965,-0.022088,0.000000,0.000000,0.000000
0.000000,2.439628,1.134348,-0.022088,0.000000,0.000000,0.000000
0.000000,2.432091,1.135211,-0.022088,0.000000,0.000000,0.000000
0.000000,2.432091,1.135690,-0.022088,0.000000,0.000000,0.000000
0.000000,2.428692,1.136552,-0.022088,0.000000,0.000000,0.000000
0.000000,2.426766,1.137031,-0.022088,0.000000,0.000000,0.000000
0.000000,2.426766,1.137990,-0.022088,0.000000,0.000000,0.000000
0.000000,2.423818,1.138469,-0.022088,0.000000,0.000000,0.000000
0.000000,2.423818,1.139331,-0.022184,0.000000,0.000000,0.000000
0.000000,2.420066,1.139810,-0.022184,0.000000,0.000000,0.000000
0.000000,2.417443,1.140864,-0.022184,0.000000,0.000000,0.000000
0.000000,2.417443,1.141439,-0.022280,0.000000,0.000000,0.000000
0.000000,2.412730,1.142398,-0.022280,0.000000,0.000000,0.000000
0.000000,2.412730,1.142877,-0.022375,0.000000,0.000000,0.000000
0.000000,2.410790,1.143931,-0.022375,0.000000,0.000000,0.000000
0.000000,2.402772,1.144410,-0.022375,0.000000,0.000000,0.000000
0.000000,2.402772,1.145272,-0.022471,0.000000,0.000000,0.000000
0.000000,2.397488,1.145751,-0.022471,0.000000,0.000000,0.000000
0.000000,2.397488,1.146710,-0.022567,0.000000,0.000000,0.000000
0.000000,2.387424,1.147189,-0.022663,0.000000,0.000000,0.000000
0.000000,2.380075,1.147955,-0.022759,0.000000,0.000000,0.000000
0.000000,2.380075,1.148434,-0.022855,0.000000,0.000000,0.000000
0.000000,2.368999,1.149297,-0.022951,0.000000,0.000000,0.000000
0.000000,2.368999,1.149680,-0.023142,0.000000,0.000000,0.000000
0.000000,2.361607,1.150447,-0.023334,0.000000,0.000000,0.000000
0.000000,2.354964,1.150926,-0.023525,0.000000,0.000000,0.000000
0.000000,2.354964,1.151884,-0.023621,0.000000,0.000000,0.000000
0.000000,2.350409,1.152364,-0.023717,0.000000,0.000000,0.000000
0.000000,2.350409,1.153226,-0.023813,0.000000,0.000000,0.000000
0.000000,2.345973,1.153705,-0.023813,0.000000,0.000000,0.000000
0.000000,2.340728,1.154759,-0.023909,0.000000,0.000000,0.000000
0.000000,2.340728,1.155238,-0.023909,0.000000,0.000000,0.000000
0.000000,2.329735,1.156292,-0.023909,0.000000,0.000000,0.000000
0.000000,2.329735,1.156771,-0.024005,0.000000,0.000000,0.000000
0.000000,2.322910,1.158017,-0.024005,0.000000,0.000000,0.000000
0.000000,2.309309,1.158592,-0.024005,0.000000,0.000000,0.000000
0.000000,2.309309,1.159647,-0.024005,0.000000,0.000000,0.000000
0.000000,2.300520,1.160221,-0.024005,0.000000,0.000000,0.000000
0.000000,2.300520,1.161180,-0.024005,0.000000,0.000000,0.000000
0.000000,2.283723,1.161659,-0.024101,0.000000,0.000000,0.000000
0.000000,2.272416,1.162713,-0.024101,0.000000,0.000000,0.000000
0.000000,2.272416,1.163288,-0.024101,0.000000,0.000000,0.000000
0.000000,2.254924,1.164246,-0.024101,0.000000,0.000000,0.000000
0.000000,2.254924,1.164725,-0.024101,0.000000,0.000000,0.000000
0.000000,2.243985,1.165779,-0.024101,0.000000,0.000000,0.000000
0.000000,2.226530,1.166259,-0.024101,0.000000,0.000000,0.000000
0.000000,2.226530,1.167121,-0.024101,0.000000,0.000000,0.000000
0.000000,2.214439,1.167600,-0.024101,0.000000,0.000000,0.000000
0.000000,2.214439,1.168558,-0.024101,0.000000,0.000000,0.000000
0.000000,2.196453,1.169038,-0.024101,0.000000,0.000000,0.000000
0.000000,2.185233,1.169996,-0.024101,0.000000,0.000000,0.000000
0.000000,2.185233,1.170571,-0.024101,0.000000,0.000000,0.000000
0.000000,2.169420,1.171625,-0.024101,0.000000,0.000000,0.000000
0.000000,2.169420,1.172199,-0.024101,0.000000,0.000000,0.000000
0.000000,2.158273,1.173158,-0.024101,0.000000,0.000000,0.000000
0.000000,2.142221,1.173733,-0.024101,0.000000,0.000000,0.000000
0.000000,2.142221,1.174978,-0.024101,0.000000,0.000000,0.000000
0.000000,2.130181,1.175458,-0.024101,0.000000,0.000000,0.000000
0.000000,2.130181,1.176703,-0.024101,0.000000,0.000000,0.000000
0.000000,2.113016,1.177374,-0.024101,0.000000,0.000000,0.000000
0.000000,2.098941,1.178428,-0.024101,0.000000,0.000000,0.000000
0.000000,2.098941,1.179003,-0.024101,0.000000,0.000000,0.000000
0.000000,2.076386,1.180249,-0.024101,0.000000,0.000000,0.000000
0.000000,2.076386,1.180824,-0.024101,0.000000,0.000000,0.000000
0.000000,2.059608,1.181878,-0.024101,0.000000,0.000000,0.000000
0.000000,2.034054,1.182453,-0.024101,0.000000,0.000000,0.000000
0.000000,2.034054,1.183603,-0.024101,0.000000,0.000000,0.000000
0.000000,2.016846,1.184082,-0.024101,0.000000,0.000000,0.000000
0.000000,2.016846,1.185136,-0.024101,0.000000,0.000000,0.000000
0.000000,1.991874,1.185711,-0.024101,0.000000,0.000000,0.000000
0.000000,1.974143,1.186765,-0.024101,0.000000,0.000000,0.000000
0.000000,1.974143,1.187340,-0.024101,0.000000,0.000000,0.000000
0.000000,1.948054,1.188491,-0.024101,0.000000,0.000000,0.000000
0.000000,1.948054,1.189065,-0.024101,0.000000,0.000000,0.000000
0.000000,1.928342,1.190215,-0.024101,0.000000,0.000000,0.000000
0.000000,1.893270,1.190886,-0.024101,0.000000,0.000000,0.000000
0.000000,1.893270,1.192036,-0.024101,0.000000,0.000000,0.000000
0.000000,1.867623,1.192611,-0.024101,0.000000,0.000000,0.000000
0.000000,1.867623,1.193952,-0.024101,0.000000,0.000000,0.000000
0.000000,1.825545,1.194527,-0.024101,0.000000,0.000000,0.000000
0.000000,1.793104,1.195678,-0.024101,0.000000,0.000000,0.000000
0.000000,1.793104,1.196348,-0.024101,0.000000,0.000000,0.000000
0.000000,1.743636,1.197594,-0.024101,0.000000,0.000000,0.000000
0.000000,1.743636,1.198169,-0.024101,0.000000,0.000000,0.000000
0.000000,1.710942,1.199510,-0.024101,0.000000,0.000000,0.000000
0.000000,1.658154,1.200085,-0.024101,0.000000,0.000000,0.000000
0.000000,1.658154,1.201331,-0.024101,0.000000,0.000000,0.000000
0.000000,1.621179,1.202002,-0.024101,0.000000,0.000000,0.000000
0.000000,1.621179,1.203247,-0.024101,0.000000,0.000000,0.000000
0.000000,1.565111,1.203918,-0.024101,0.000000,0.000000,0.000000
0.000000,1.526367,1.205260,-0.024101,0.000000,0.000000,0.000000
0.000000,1.526367,1.205930,-0.024101,0.000000,0.000000,0.000000
0.000000,1.462841,1.207272,-0.024101,0.000000,0.000000,0.000000
0.000000,1.462841,1.207943,-0.024101,0.000000,0.000000,0.000000
0.000000,1.413801,1.209285,-0.024101,0.000000,0.000000,0.000000
0.000000,1.325948,1.210051,-0.024101,0.000000,0.000000,0.000000
0.000000,1.325948,1.211393,-0.024101,0.000000,0.000000,0.000000
0.000000,1.261549,1.212064,-0.024101,0.000000,0.000000,0.000000
0.000000,1.261549,1.213405,-0.024101,0.000000,0.000000,0.000000
0.000000,1.159514,1.214076,-0.024101,0.000000,0.000000,0.000000
0.000000,1.089117,1.215417,-0.024101,0.000000,0.000000,0.000000
0.000000,1.089117,1.216088,-0.024101,0.000000,0.000000,0.000000
0.000000,0.987439,1.217334,-0.024101,0.000000,0.000000,0.000000
0.000000,0.987439,1.218004,-0.024101,0.000000,0.000000,0.000000
0.000000,0.924193,1.219443,-0.024101,0.000000,0.000000,0.000000
0.000000,0.837294,1.220113,-0.024101,0.000000,0.000000,0.000000
0.000000,0.837294,1.221647,-0.024101,0.000000,0.000000,0.000000
0.000000,0.780190,1.222317,-0.024101,0.000000,0.000000,0.000000
0.000000,0.780190,1.223850,-0.024101,0.000000,0.000000,0.000000
0.000000,0.690952,1.224617,-0.024101,0.000000,0.000000,0.000000
0.000000,0.627981,1.225959,-0.024101,0.000000,0.000000,0.000000
0.000000,0.627981,1.226629,-0.024101,0.000000,0.000000,0.000000
0.000000,0.526513,1.227875,-0.024101,0.000000,0.000000,0.000000
0.000000,0.526513,1.228258,-0.024101,0.000000,0.000000,0.000000
0.000000,0.455319,1.229217,-0.024101,0.000000,0.000000,0.000000
0.000000,0.356505,1.229600,-0.024101,0.000000,0.000000,0.000000
0.000000,0.356505,1.230079,-0.024101,0.000000,0.000000,0.000000
0.000000,0.300727,1.230271,-0.024101,0.000000,0.000000,0.000000
0.000000,0.300727,1.230558,-0.024101,0.000000,0.000000,0.000000
0.000000,0.238455,1.230558,-0.024101,0.000000,0.000000,0.000000
0.000000,0.210542,1.230750,-0.024101,0.000000,0.000000,0.000000
0.000000,0.210542,1.230942,-0.024101,0.000000,0.000000,0.000000
0.000000,0.179183,1.231229,-0.024101,0.000000,0.000000,0.000000
0.000000,0.179183,1.231421,-0.024101,0.000000,0.000000,0.000000
0.000000,0.160109,1.231899,-0.024101,0.000000,0.000000,0.000000
0.000000,0.129875,1.232091,-0.024101,0.000000,0.000000,0.000000
0.000000,0.129875,1.232379,-0.024101,0.000000,0.000000,0.000000
0.000000,0.111228,1.232475,-0.024101,0.000000,0.000000,0.000000
0.000000,0.111228,1.232570,-0.024101,0.000000,0.000000,0.000000
0.000000,0.087244,1.232570,-0.024101,0.000000,0.000000,0.000000
0.000000,0.077677,1.232570,-0.024101,0.000000,0.000000,0.000000
0.000000,0.077677,1.232666,-0.024101,0.000000,0.000000,0.000000
0.000000,0.074185,1.232666,-0.024101,0.000000,0.000000,0.000000
0.000000,0.074185,1.232762,-0.024101,0.000000,0.000000,0.000000
0.000000,0.078692,1.232762,-0.024101,0.000000,0.000000,0.000000
0.000000,0.085736,1.232762,-0.024101,0.000000,0.000000,0.000000
0.000000,0.085736,1.232762,-0.024101,0.000000,0.000000,0.000000
0.000000,0.089640,1.232762,-0.024101,0.000000,0.000000,0.000000
0.000000,0.089640,1.232858,-0.024101,0.000000,0.000000,0.000000
0.000000,0.092542,1.232858,-0.024101,0.000000,0.000000,0.000000
0.000000,0.095379,1.232858,-0.024101,0.000000,0.000000,0.000000
0.000000,0.095379,1.232858,-0.024101,0.000000,0.000000,0.000000
0.000000,0.099510,1.232858,-0.024101,0.000000,0.000000,0.000000
0.000000,0.099510,1.232858,-0.024101,0.000000,0.000000,0.000000
0.000000,0.103238,1.232858,-0.024101,0.000000,0.000000,0.000000
0.000000,0.106780,1.232858,-0.024101,0.000000,0.000000,0.000000
0.000000,0.106780,1.232858,-0.024101,0.000000,0.000000,0.000000
0.000000,0.108084,1.232858,-0.024101,0.000000,0.000000,0.000000
0.000000,0.108084,1.232954,-0.024101,0.000000,0.000000,0.000000
0.000000,0.107005,1.232954,-0.024101,0.000000,0.000000,0.000000
0.000000,0.105605,1.232954,-0.024101,0.000000,0.000000,0.000000
0.000000,0.105605,1.232954,-0.024101,0.000000,0.000000,0.000000
0.000000,0.102609,1.232954,-0.024101,0.000000,0.000000,0.000000
0.000000,0.102609,1.232954,-0.024101,0.000000,0.000000,0.000000
0.000000,0.101306,1.232954,-0.024101,0.000000,0.000000,0.000000
0.000000,0.100370,1.232954,-0.024101,0.000000,0.000000,0.000000
0.000000,0.100370,1.232954,-0.024101,0.000000,0.000000,0.000000
0.000000,0.102599,1.232954,-0.024101,0.000000,0.000000,0.000000
0.000000,0.102599,1.232954,-0.024101,0.000000,0.000000,0.000000
0.000000,0.108945,1.232954,-0.024101,0.000000,0.000000,0.000000
0.000000,0.113304,1.233050,-0.024101,0.000000,0.000000,0.000000
0.000000,0.113304,1.233050,-0.024101,0.000000,0.000000,0.000000
0.000000,0.116168,1.233050,-0.024101,0.000000,0.000000,0.000000
0.000000,0.116168,1.233145,-0.024101,0.000000,0.000000,0.000000
0.000000,0.117359,1.233145,-0.024101,0.000000,0.000000,0.000000
0.000000,0.118081,1.233145,-0.024101,0.000000,0.000000,0.000000
0.000000,0.118081,1.233145,-0.024101,0.000000,0.000000,0.000000
0.000000,0.118662,1.233241,-0.024101,0.000000,0.000000,0.000000
0.000000,0.118662,1.233241,-0.024101,0.000000,0.000000,0.000000
0.000000,0.119450,1.233241,-0.024101,0.000000,0.000000,0.000000
0.000000,0.120699,1.233241,-0.024101,0.000000,0.000000,0.000000
0.000000,0.120699,1.233241,-0.024101,0.000000,0.000000,0.000000
0.000000,0.124037,1.233241,-0.024101,0.000000,0.000000,0.000000
0.000000,0.124037,1.233241,-0.024101,0.000000,0.000000,0.000000
0.000000,0.128139,1.233241,-0.024101,0.000000,0.000000,0.000000
0.000000,0.136144,1.233241,-0.024101,0.000000,0.000000,0.000000
0.000000,0.136144,1.233241,-0.024101,0.000000,0.000000,0.000000
0.000000,0.141798,1.233241,-0.024101,0.000000,0.000000,0.000000
0.000000,0.141798,1.233337,-0.024101,0.000000,0.000000,0.000000
0.000000,0.154088,1.233337,-0.024101,0.000000,0.000000,0.000000
0.000000,0.167140,1.233337,-0.024101,0.000000,0.000000,0.000000
0.000000,0.167140,1.233337,-0.024101,0.000000,0.000000,0.000000
0.000000,0.186667,1.233337,-0.024101,0.000000,0.000000,0.000000
0.000000,0.186667,1.233337,-0.024101,0.000000,0.000000,0.000000
0.000000,0.197958,1.233337,-0.024101,0.000000,0.000000,0.000000
0.000000,0.211796,1.233337,-0.024101,0.000000,0.000000,0.000000
0.000000,0.211796,1.233337,-0.024101,0.000000,0.000000,0.000000
0.000000,0.216938,1.233337,-0.024101,0.000000,0.000000,0.000000
0.000000,0.216938,1.233337,-0.024101,0.000000,0.000000,0.000000
0.000000,0.219974,1.233337,-0.024101,0.000000,0.000000,0.000000
0.000000,0.220826,1.233337,-0.024101,0.000000,0.000000,0.000000
0.000000,0.220826,1.233337,-0.024101,0.000000,0.000000,0.000000
0.000000,0.221781,1.233337,-0.024101,0.000000,0.000000,0.000000
0.000000,0.221781,1.233337,-0.024101,0.000000,0.000000,0.000000
0.000000,0.222393,1.233337,-0.024101,0.000000,0.000000,0.000000
0.000000,0.221856,1.233337,-0.024101,0.000000,0.000000,0.000000
0.000000,0.221856,1.233337,-0.024101,0.000000,0.000000,0.000000
0.000000,0.220919,1.233337,-0.024101,0.000000,0.000000,0.000000
0.000000,0.220919,1.233337,-0.024101,0.000000,0.000000,0.000000
0.000000,0.218883,1.233337,-0.024101,0.000000,0.000000,0.000000
0.000000,0.217213,1.233337,-0.024101,0.000000,0.000000,0.000000
0.000000,0.217213,1.233337,-0.024101,0.000000,0.000000,0.000000
0.000000,0.215545,1.233337,-0.024101,0.000000,0.000000,0.000000
0.000000,0.215545,1.233337,-0.024101,0.000000,0.000000,0.000000
0.000000,0.214884,1.233337,-0.024101,0.000000,0.000000,0.000000
0.000000,0.214440,1.233337,-0.024101,0.000000,0.000000,0.000000
0.000000,0.214440,1.233337,-0.024101,0.000000,0.000000,0.000000
0.000000,0.214564,1.233337,-0.024101,0.000000,0.000000,0.000000
0.000000,0.214564,1.233337,-0.024101,0.000000,0.000000,0.000000
0.000000,0.216176,1.233337,-0.024101,0.000000,0.000000,0.000000
0.000000,0.218159,1.233337,-0.024101,0.000000,0.000000,0.000000
0.000000,0.218159,1.233337,-0.024101,0.000000,0.000000,0.000000
0.000000,0.222017,1.233337,-0.024101,0.000000,0.000000,0.000000
0.000000,0.222017,1.233337,-0.024101,0.000000,0.000000,0.000000
0.000000,0.224979,1.233337,-0.024101,0.000000,0.000000,0.000000
0.000000,0.227140,1.233337,-0.024101,0.000000,0.000000,0.000000
0.000000,0.227140,1.233337,-0.024101,0.000000,0.000000,0.000000
0.000000,0.227965,1.233337,-0.024101,0.000000,0.000000,0.000000
0.000000,0.227965,1.233337,-0.024101,0.000000,0.000000,0.000000
0.000000,0.229273,1.233337,-0.024101,0.000000,0.000000,0.000000
0.000000,0.229582,1.233337,-0.024101,0.000000,0.000000,0.000000
0.000000,0.229582,1.233337,-0.024101,0.000000,0.000000,0.000000
0.000000,0.229257,1.233337,-0.024101,0.000000,0.000000,0.000000
0.000000,0.229257,1.233337,-0.024101,0.000000,0.000000,0.000000
0.000000,0.229568,1.233337,-0.024101,0.000000,0.000000,0.000000
0.000000,0.229609,1.233337,-0.024101,0.000000,0.000000,0.000000
0.000000,0.229609,1.233337,-0.024101,0.000000,0.000000,0.000000
0.000000,0.229766,1.233337,-0.024101,0.000000,0.000000,0.000000
0.000000,0.229766,1.233337,-0.024101,0.000000,0.000000,0.000000
0.000000,0.230041,1.233337,-0.024101,0.000000,0.000000,0.000000
0.000000,0.230016,1.233337,-0.024101,0.000000,0.000000,0.000000
0.000000,0.230016,1.233337,-0.024101,0.000000,0.000000,0.000000
0.000000,0.230250,1.233337,-0.024101,0.000000,0.000000,0.000000
0.000000,0.230250,1.233337,-0.024101,0.000000,0.000000,0.000000
0.000000,0.230712,1.233337,-0.024101,0.000000,0.000000,0.000000
0.000000,0.231721,1.233337,-0.024101,0.000000,0.000000,0.000000
0.000000,0.231721,1.233337,-0.024101,0.000000,0.000000,0.000000
0.000000,0.232305,1.233337,-0.024101,0.000000,0.000000,0.000000
0.000000,0.232305,1.233337,-0.024101,0.000000,0.000000,0.000000
0.000000,0.232974,1.233337,-0.024101,0.000000,0.000000,0.000000
0.000000,0.233254,1.233337,-0.024101,0.000000,0.000000,0.000000
0.000000,0.233254,1.233337,-0.024101,0.000000,0.000000,0.000000
0.000000,0.233695,1.233337,-0.024101,0.000000,0.000000,0.000000
0.000000,0.233695,1.233337,-0.024101,0.000000,0.000000,0.000000
0.000000,0.233854,1.233337,-0.024101,0.000000,0.000000,0.000000
0.000000,0.233716,1.233241,-0.024101,0.000000,0.000000,0.000000
0.000000,0.233716,1.233241,-0.024101,0.000000,0.000000,0.000000
0.000000,0.234147,1.233241,-0.024101,0.000000,0.000000,0.000000
0.000000,0.234147,1.233241,-0.024101,0.000000,0.000000,0.000000
0.000000,0.234988,1.233241,-0.024101,0.000000,0.000000,0.000000
0.000000,0.236238,1.233241,-0.024101,0.000000,0.000000,0.000000
0.000000,0.236238,1.233241,-0.024101,0.000000,0.000000,0.000000
0.000000,0.238484,1.233241,-0.024101,0.000000,0.000000,0.000000
0.000000,0.238484,1.233241,-0.024101,0.000000,0.000000,0.000000
0.000000,0.239949,1.233241,-0.024101,0.000000,0.000000,0.000000
0.000000,0.241111,1.233241,-0.024101,0.000000,0.000000,0.000000
0.000000,0.241111,1.233241,-0.024101,0.000000,0.000000,0.000000
0.000000,0.242243,1.233241,-0.024101,0.000000,0.000000,0.000000
0.000000,0.242243,1.233241,-0.024101,0.000000,0.000000,0.000000
0.000000,0.244563,1.233241,-0.024101,0.000000,0.000000,0.000000
0.000000,0.245850,1.233241,-0.024101,0.000000,0.000000,0.000000
0.000000,0.245850,1.233241,-0.024101,0.000000,0.000000,0.000000
0.000000,0.246854,1.233145,-0.024101,0.000000,0.000000,0.000000
0.000000,0.246854,1.233145,-0.024101,0.000000,0.000000,0.000000
0.000000,0.247713,1.233145,-0.024101,0.000000,0.000000,0.000000
0.000000,0.248647,1.233145,-0.024101,0.000000,0.000000,0.000000
0.000000,0.248647,1.233145,-0.024101,0.000000,0.000000,0.000000
0.000000,0.248713,1.233145,-0.024101,0.000000,0.000000,0.000000
0.000000,0.248713,1.233145,-0.024101,0.000000,0.000000,0.000000
0.000000,0.248126,1.233145,-0.024101,0.000000,0.000000,0.000000
0.000000,0.247522,1.233145,-0.024101,0.000000,0.000000,0.000000
0.000000,0.247522,1.233145,-0.024101,0.000000,0.000000,0.000000
0.000000,0.246519,1.233145,-0.024101,0.000000,0.000000,0.000000
0.000000,0.246519,1.233145,-0.024101,0.000000,0.000000,0.000000
0.000000,0.246128,1.233145,-0.024101,0.000000,0.000000,0.000000
0.000000,0.245796,1.233145,-0.024101,0.000000,0.000000,0.000000
0.000000,0.245796,1.233145,-0.024101,0.000000,0.000000,0.000000
0.000000,0.245955,1.233145,-0.024101,0.000000,0.000000,0.000000
0.000000,0.245955,1.233145,-0.024101,0.000000,0.000000,0.000000
0.000000,0.246309,1.233145,-0.024101,0.000000,0.000000,0.000000
0.000000,0.246649,1.233145,-0.024101,0.000000,0.000000,0.000000
0.000000,0.246649,1.233145,-0.024101,0.000000,0.000000,0.000000
0.000000,0.246779,1.233145,-0.024101,0.000000,0.000000,0.000000
0.000000,0.246779,1.233145,-0.024101,0.000000,0.000000,0.000000
0.000000,0.246631,1.233145,-0.024101,0.000000,0.000000,0.000000
0.000000,0.246093,1.233145,-0.024101,0.000000,0.000000,0.000000
0.000000,0.246093,1.233145,-0.024101,0.000000,0.000000,0.000000
0.000000,0.246096,1.233145,-0.024101,0.000000,0.000000,0.000000
0.000000,0.246096,1.233145,-0.024101,0.000000,0.000000,0.000000
0.000000,0.245439,1.233145,-0.024101,0.000000,0.000000,0.000000
0.000000,0.244771,1.233145,-0.024101,0.000000,0.000000,0.000000
0.000000,0.244771,1.233145,-0.024101,0.000000,0.000000,0.000000
0.000000,0.244101,1.233145,-0.024101,0.000000,0.000000,0.000000
0.000000,0.244101,1.233145,-0.024101,0.000000,0.000000,0.000000
0.000000,0.243100,1.233145,-0.024101,0.000000,0.000000,0.000000
0.000000,0.241071,1.233145,-0.024101,0.000000,0.000000,0.000000
0.000000,0.241071,1.233145,-0.024101,0.000000,0.000000,0.000000
0.000000,0.239218,1.233145,-0.024101,0.000000,0.000000,0.000000
0.000000,0.239218,1.233145,-0.024101,0.000000,0.000000,0.000000
0.000000,0.236298,1.233145,-0.024101,0.000000,0.000000,0.000000
0.000000,0.234263,1.233145,-0.024101,0.000000,0.000000,0.000000
0.000000,0.234263,1.233145,-0.024101,0.000000,0.000000,0.000000
0.000000,0.231642,1.233145,-0.024101,0.000000,0.000000,0.000000
0.000000,0.231642,1.233145,-0.024101,0.000000,0.000000,0.000000
0.000000,0.229667,1.233145,-0.024101,0.000000,0.000000,0.000000
0.000000,0.227115,1.233145,-0.024101,0.000000,0.000000,0.000000
0.000000,0.227115,1.233145,-0.024101,0.000000,0.000000,0.000000
0.000000,0.225658,1.233145,-0.024101,0.000000,0.000000,0.000000
0.000000,0.225658,1.233145,-0.024101,0.000000,0.000000,0.000000
0.000000,0.223446,1.233145,-0.024101,0.000000,0.000000,0.000000
0.000000,0.222687,1.233145,-0.024101,0.000000,0.000000,0.000000
0.000000,0.222687,1.233145,-0.024101,0.000000,0.000000,0.000000
0.000000,0.221318,1.233145,-0.024101,0.000000,0.000000,0.000000
0.000000,0.221318,1.233145,-0.024101,0.000000,0.000000,0.000000
0.000000,0.221594,1.233145,-0.024101,0.000000,0.000000,0.000000
0.000000,0.222583,1.233145,-0.024101,0.000000,0.000000,0.000000
0.000000,0.222583,1.233145,-0.024101,0.000000,0.000000,0.000000
0.000000,0.224111,1.233145,-0.024101,0.000000,0.000000,0.000000
0.000000,0.224111,1.233145,-0.024101,0.000000,0.000000,0.000000
0.000000,0.225827,1.233145,-0.024101,0.000000,0.000000,0.000000
0.000000,0.226989,1.233145,-0.024101,0.000000,0.000000,0.000000
0.000000,0.226989,1.233145,-0.024101,0.000000,0.000000,0.000000
0.000000,0.227171,1.233145,-0.024101,0.000000,0.000000,0.000000
0.000000,0.227171,1.233145,-0.024101,0.000000,0.000000,0.000000
0.000000,0.226840,1.233145,-0.024101,0.000000,0.000000,0.000000
0.000000,0.225326,1.233145,-0.024101,0.000000,0.000000,0.000000
0.000000,0.225326,1.233145,-0.024101,0.000000,0.000000,0.000000
0.000000,0.224446,1.233145,-0.024101,0.000000,0.000000,0.000000
0.000000,0.224446,1.233145,-0.024101,0.000000,0.000000,0.000000
0.000000,0.223317,1.233145,-0.024101,0.000000,0.000000,0.000000
0.000000,0.223259,1.233145,-0.024101,0.000000,0.000000,0.000000
0.000000,0.223259,1.233145,-0.024101,0.000000,0.000000,0.000000
0.000000,0.223468,1.233145,-0.024101,0.000000,0.000000,0.000000
0.000000,0.223468,1.233145,-0.024101,0.000000,0.000000,0.000000
0.000000,0.224449,1.233145,-0.024101,0.000000,0.000000,0.000000
0.000000,0.225509,1.233145,-0.024101,0.000000,0.000000,0.000000
0.000000,0.225509,1.233145,-0.024101,0.000000,0.000000,0.000000
0.000000,0.227589,1.233145,-0.024101,0.000000,0.000000,0.000000
0.000000,0.227589,1.233145,-0.024101,0.000000,0.000000,0.000000
0.000000,0.230578,1.233145,-0.024101,0.000000,0.000000,0.000000
0.000000,0.233057,1.233145,-0.024101,0.000000,0.000000,0.000000
0.000000,0.233057,1.233145,-0.024101,0.000000,0.000000,0.000000
0.000000,0.236709,1.233145,-0.024101,0.000000,0.000000,0.000000
0.000000,0.236709,1.233145,-0.024101,0.000000,0.000000,0.000000
0.000000,0.241868,1.233145,-0.024101,0.000000,0.000000,0.000000
0.000000,0.249624,1.233145,-0.024101,0.000000,0.000000,0.000000
0.000000,0.249624,1.233145,-0.024101,0.000000,0.000000,0.000000
0.000000,0.254500,1.233145,-0.024101,0.000000,0.000000,0.000000
0.000000,0.254500,1.233145,-0.024101,0.000000,0.000000,0.000000
0.000000,0.258717,1.233145,-0.024101,0.000000,0.000000,0.000000
0.000000,0.259870,1.233145,-0.024101,0.000000,0.000000,0.000000
0.000000,0.259870,1.233145,-0.024101,0.000000,0.000000,0.000000
0.000000,0.260217,1.233145,-0.024101,0.000000,0.000000,0.000000
0.000000,0.260217,1.233145,-0.024101,0.000000,0.000000,0.000000
0.000000,0.259660,1.233145,-0.024101,0.000000,0.000000,0.000000
0.000000,0.257811,1.233145,-0.024101,0.000000,0.000000,0.000000
0.000000,0.257811,1.233145,-0.024101,0.000000,0.000000,0.000000
0.000000,0.256103,1.233145,-0.024101,0.000000,0.000000,0.000000
0.000000,0.256103,1.233145,-0.024101,0.000000,0.000000,0.000000
0.000000,0.253991,1.233145,-0.024101,0.000000,0.000000,0.000000
0.000000,0.253203,1.233145,-0.024101,0.000000,0.000000,0.000000
0.000000,0.253203,1.233145,-0.024101,0.000000,0.000000,0.000000
0.000000,0.252550,1.233145,-0.024101,0.000000,0.000000,0.000000
0.000000,0.252550,1.233145,-0.024101,0.000000,0.000000,0.000000
0.000000,0.252343,1.233145,-0.024101,0.000000,0.000000,0.000000
0.000000,0.252306,1.233145,-0.024101,0.000000,0.000000,0.000000
0.000000,0.252306,1.233145,-0.024101,0.000000,0.000000,0.000000
0.000000,0.252588,1.233145,-0.024101,0.000000,0.000000,0.000000
0.000000,0.252588,1.233145,-0.024101,0.000000,0.000000,0.000000
0.000000,0.253252,1.233145,-0.024101,0.000000,0.000000,0.000000
0.000000,0.253592,1.233145,-0.024101,0.000000,0.000000,0.000000
0.000000,0.253592,1.233145,-0.024101,0.000000,0.000000,0.000000
0.000000,0.254027,1.233145,-0.024101,0.000000,0.000000,0.000000
0.000000,0.254027,1.233145,-0.024101,0.000000,0.000000,0.000000
0.000000,0.254518,1.233145,-0.024101,0.000000,0.000000,0.000000
0.000000,0.255149,1.233145,-0.024101,0.000000,0.000000,0.000000
0.000000,0.255149,1.233145,-0.024101,0.000000,0.000000,0.000000
0.000000,0.255335,1.233145,-0.024101,0.000000,0.000000,0.000000
0.000000,0.255335,1.233145,-0.024101,0.000000,0.000000,0.000000
0.000000,0.255534,1.233145,-0.024101,0.000000,0.000000,0.000000
0.000000,0.255813,1.233145,-0.024101,0.000000,0.000000,0.000000
0.000000,0.255813,1.233145,-0.024101,0.000000,0.000000,0.000000
0.000000,0.257068,1.233145,-0.024101,0.000000,0.000000,0.000000
0.000000,0.257068,1.233145,-0.024101,0.000000,0.000000,0.000000
0.000000,0.258233,1.233145,-0.024101,0.000000,0.000000,0.000000
0.000000,0.260151,1.233145,-0.024101,0.000000,0.000000,0.000000
0.000000,0.260151,1.233145,-0.024101,0.000000,0.000000,0.000000
0.000000,0.261773,1.233145,-0.024101,0.000000,0.000000,0.000000
0.000000,0.261773,1.233145,-0.024101,0.000000,0.000000,0.000000
0.000000,0.264185,1.233145,-0.024101,0.000000,0.000000,0.000000
0.000000,0.265105,1.233145,-0.024101,0.000000,0.000000,0.000000
0.000000,0.265105,1.233145,-0.024101,0.000000,0.000000,0.000000
0.000000,0.265298,1.233145,-0.024101,0.000000,0.000000,0.000000
0.000000,0.265298,1.233145,-0.024101,0.000000,0.000000,0.000000
0.000000,0.264511,1.233145,-0.024101,0.000000,0.000000,0.000000
0.000000,0.262528,1.233145,-0.024101,0.000000,0.000000,0.000000
0.000000,0.262528,1.233145,-0.024101,0.000000,0.000000,0.000000
0.000000,0.260492,1.233145,-0.024101,0.000000,0.000000,0.000000
0.000000,0.260492,1.233145,-0.024101,0.000000,0.000000,0.000000
0.000000,0.257683,1.233145,-0.024101,0.000000,0.000000,0.000000
0.000000,0.256438,1.233145,-0.024101,0.000000,0.000000,0.000000
0.000000,0.256438,1.233145,-0.024101,0.000000,0.000000,0.000000
0.000000,0.254996,1.233145,-0.024101,0.000000,0.000000,0.000000
0.000000,0.254996,1.233145,-0.024101,0.000000,0.000000,0.000000
0.000000,0.254452,1.233145,-0.024101,0.000000,0.000000,0.000000
0.000000,0.254063,1.233145,-0.024101,0.000000,0.000000,0.000000
0.000000,0.254063,1.233145,-0.024101,0.000000,0.000000,0.000000
0.000000,0.254433,1.233145,-0.024101,0.000000,0.000000,0.000000
0.000000,0.254433,1.233145,-0.024101,0.000000,0.000000,0.000000
0.000000,0.255131,1.233145,-0.024101,0.000000,0.000000,0.000000
0.000000,0.255562,1.233145,-0.024101,0.000000,0.000000,0.000000
0.000000,0.255562,1.233145,-0.024101,0.000000,0.000000,0.000000
0.000000,0.255649,1.233145,-0.024101,0.000000,0.000000,0.000000
0.000000,0.255649,1.233145,-0.024101,0.000000,0.000000,0.000000
0.000000,0.255956,1.233145,-0.024101,0.000000,0.000000,0.000000
0.000000,0.255968,1.233145,-0.024101,0.000000,0.000000,0.000000
0.000000,0.255968,1.233145,-0.024101,0.000000,0.000000,0.000000
0.000000,0.256061,1.233145,-0.024101,0.000000,0.000000,0.000000
0.000000,0.256061,1.233145,-0.024101,0.000000,0.000000,0.000000
0.000000,0.255696,1.233145,-0.024101,0.000000,0.000000,0.000000
0.000000,0.255758,1.233145,-0.024101,0.000000,0.000000,0.000000
0.000000,0.255758,1.233145,-0.024101,0.000000,0.000000,0.000000
0.000000,0.255781,1.233145,-0.024101,0.000000,0.000000,0.000000
0.000000,0.255781,1.233145,-0.024101,0.000000,0.000000,0.000000
0.000000,0.256483,1.233145,-0.024101,0.000000,0.000000,0.000000
0.000000,0.257068,1.233145,-0.024101,0.000000,0.000000,0.000000
0.000000,0.257068,1.233145,-0.024101,0.000000,0.000000,0.000000
0.000000,0.257650,1.233145,-0.024101,0.000000,0.000000,0.000000
0.000000,0.257650,1.233145,-0.024101,0.000000,0.000000,0.000000
0.000000,0.258393,1.233145,-0.024101,0.000000,0.000000,0.000000
0.000000,0.259129,1.233145,-0.024101,0.000000,0.000000,0.000000
0.000000,0.259129,1.233145,-0.024101,0.000000,0.000000,0.000000
0.000000,0.259625,1.233145,-0.024101,0.000000,0.000000,0.000000
0.000000,0.259625,1.233145,-0.024101,0.000000,0.000000,0.000000
0.000000,0.259965,1.233145,-0.024101,0.000000,0.000000,0.000000
0.000000,0.259820,1.233145,-0.024101,0.000000,0.000000,0.000000
0.000000,0.259820,1.233145,-0.024101,0.000000,0.000000,0.000000
0.000000,0.259673,1.233145,-0.024101,0.000000,0.000000,0.000000
0.000000,0.259673,1.233145,-0.024101,0.000000,0.000000,0.000000
0.000000,0.258807,1.233145,-0.024101,0.000000,0.000000,0.000000
0.000000,0.258142,1.233145,-0.024101,0.000000,0.000000,0.000000
0.000000,0.258142,1.233145,-0.024101,0.000000,0.000000,0.000000
0.000000,0.257670,1.233145,-0.024101,0.000000,0.000000,0.000000
0.000000,0.257670,1.233145,-0.024101,0.000000,0.000000,0.000000
0.000000,0.257796,1.233145,-0.024101,0.000000,0.000000,0.000000
0.000000,0.258270,1.233145,-0.024101,0.000000,0.000000,0.000000
0.000000,0.258270,1.233145,-0.024101,0.000000,0.000000,0.000000
0.000000,0.259035,1.233145,-0.024101,0.000000,0.000000,0.000000
0.000000,0.259035,1.233145,-0.024101,0.000000,0.000000,0.000000
0.000000,0.259867,1.233145,-0.024101,0.000000,0.000000,0.000000
0.000000,0.260389,1.233145,-0.024101,0.000000,0.000000,0.000000
0.000000,0.260389,1.233145,-0.024101,0.000000,0.000000,0.000000
0.000000,0.261492,1.233145,-0.024101,0.000000,0.000000,0.000000
0.000000,0.261492,1.233145,-0.024101,0.000000,0.000000,0.000000
0.000000,0.262134,1.233145,-0.024101,0.000000,0.000000,0.000000
0.000000,0.262257,1.233145,-0.024101,0.000000,0.000000,0.000000
0.000000,0.262257,1.233145,-0.024101,0.000000,0.000000,0.000000
0.000000,0.262138,1.233145,-0.024101,0.000000,0.000000,0.000000
0.000000,0.262138,1.233145,-0.024101,0.000000,0.000000,0.000000
0.000000,0.261880,1.233145,-0.024101,0.000000,0.000000,0.000000
0.000000,0.261731,1.233145,-0.024101,0.000000,0.000000,0.000000
0.000000,0.261731,1.233145,-0.024101,0.000000,0.000000,0.000000
0.000000,0.261762,1.233145,-0.024101,0.000000,0.000000,0.000000
0.000000,0.261762,1.233145,-0.024101,0.000000,0.000000,0.000000
0.000000,0.261948,1.233145,-0.024101,0.000000,0.000000,0.000000
0.000000,0.261867,1.233145,-0.024101,0.000000,0.000000,0.000000
0.000000,0.261867,1.233145,-0.024101,0.000000,0.000000,0.000000
0.000000,0.261871,1.233145,-0.024101,0.000000,0.000000,0.000000
0.000000,0.261871,1.233145,-0.024101,0.000000,0.000000,0.000000
0.000000,0.261888,1.233145,-0.024101,0.000000,0.000000,0.000000
0.000000,0.262135,1.233145,-0.024101,0.000000,0.000000,0.000000
0.000000,0.262135,1.233145,-0.024101,0.000000,0.000000,0.000000
0.000000,0.262434,1.233145,-0.024101,0.000000,0.000000,0.000000
0.000000,0.262434,1.233145,-0.024101,0.000000,0.000000,0.000000
0.000000,0.262376,1.233145,-0.024101,0.000000,0.000000,0.000000
0.000000,0.261975,1.233145,-0.024101,0.000000,0.000000,0.000000
0.000000,0.261975,1.233145,-0.024101,0.000000,0.000000,0.000000
0.000000,0.262405,1.233145,-0.024101,0.000000,0.000000,0.000000
0.000000,0.262405,1.233145,-0.024101,0.000000,0.000000,0.000000
0.000000,0.262854,1.233145,-0.024101,0.000000,0.000000,0.000000
0.000000,0.262948,1.233145,-0.024101,0.000000,0.000000,0.000000
0.000000,0.262948,1.233145,-0.024101,0.000000,0.000000,0.000000
0.000000,0.262696,1.233145,-0.024101,0.000000,0.000000,0.000000
0.000000,0.262696,1.233145,-0.024101,0.000000,0.000000,0.000000
0.000000,0.262821,1.233145,-0.024101,0.000000,0.000000,0.000000
0.000000,0.262980,1.233145,-0.024101,0.000000,0.000000,0.000000
0.000000,0.262980,1.233145,-0.024101,0.000000,0.000000,0.000000
0.000000,0.263075,1.233145,-0.024101,0.000000,0.000000,0.000000
0.000000,0.263075,1.233145,-0.024101,0.000000,0.000000,0.000000
0.000000,0.262407,1.233145,-0.024101,0.000000,0.000000,0.000000
0.000000,0.262258,1.233145,-0.024101,0.000000,0.000000,0.000000
0.000000,0.262258,1.233145,-0.024101,0.000000,0.000000,0.000000
0.000000,0.261744,1.233145,-0.024101,0.000000,0.000000,0.000000
0.000000,0.261744,1.233145,-0.024101,0.000000,0.000000,0.000000
0.000000,0.261687,1.233145,-0.024101,0.000000,0.000000,0.000000
0.000000,0.261533,1.233145,-0.024101,0.000000,0.000000,0.000000
0.000000,0.261533,1.233145,-0.024101,0.000000,0.000000,0.000000
0.000000,0.261597,1.233145,-0.024101,0.000000,0.000000,0.000000
0.000000,0.261597,1.233145,-0.024101,0.000000,0.000000,0.000000
0.000000,0.260817,1.233145,-0.024101,0.000000,0.000000,0.000000
0.000000,0.260820,1.233145,-0.024101,0.000000,0.000000,0.000000
0.000000,0.260820,1.233145,-0.024101,0.000000,0.000000,0.000000
0.000000,0.260240,1.233145,-0.024101,0.000000,0.000000,0.000000
0.000000,0.260240,1.233145,-0.024101,0.000000,0.000000,0.000000
0.000000,0.260121,1.233145,-0.024101,0.000000,0.000000,0.000000
0.000000,0.259737,1.233145,-0.024101,0.000000,0.000000,0.000000
0.000000,0.259737,1.233145,-0.024101,0.000000,0.000000,0.000000
0.000000,0.259801,1.233145,-0.024101,0.000000,0.000000,0.000000
0.000000,0.259801,1.233145,-0.024101,0.000000,0.000000,0.000000
0.000000,0.259205,1.233145,-0.024101,0.000000,0.000000,0.000000
0.000000,0.259087,1.233145,-0.024101,0.000000,0.000000,0.000000
0.000000,0.259087,1.233145,-0.024101,0.000000,0.000000,0.000000
0.000000,0.258650,1.233145,-0.024101,0.000000,0.000000,0.000000
0.000000,0.258650,1.233145,-0.024101,0.000000,0.000000,0.000000
0.000000,0.258835,1.233145,-0.024101,0.000000,0.000000,0.000000
0.000000,0.258380,1.233145,-0.024101,0.000000,0.000000,0.000000
0.000000,0.258380,1.233145,-0.024101,0.000000,0.000000,0.000000
0.000000,0.258293,1.233145,-0.024101,0.000000,0.000000,0.000000
0.000000,0.258293,1.233145,-0.024101,0.000000,0.000000,0.000000
0.000000,0.258246,1.233145,-0.024101,0.000000,0.000000,0.000000
0.000000,0.258493,1.233145,-0.024101,0.000000,0.000000,0.000000
0.000000,0.258493,1.233145,-0.024101,0.000000,0.000000,0.000000
0.000000,0.258421,1.233145,-0.024101,0.000000,0.000000,0.000000
0.000000,0.258421,1.233145,-0.024101,0.000000,0.000000,0.000000
0.000000,0.258455,1.233145,-0.024101,0.000000,0.000000,0.000000
0.000000,0.258476,1.233145,-0.024101,0.000000,0.000000,0.000000
0.000000,0.258476,1.233145,-0.024101,0.000000,0.000000,0.000000
0.000000,0.258785,1.233145,-0.024101,0.000000,0.000000,0.000000
0.000000,0.258785,1.233145,-0.024101,0.000000,0.000000,0.000000
0.000000,0.258287,1.233145,-0.024101,0.000000,0.000000,0.000000
0.000000,0.257926,1.233145,-0.024101,0.000000,0.000000,0.000000
0.000000,0.257926,1.233145,-0.024101,0.000000,0.000000,0.000000
0.000000,0.257581,1.233145,-0.024101,0.000000,0.000000,0.000000
0.000000,0.257581,1.233145,-0.024101,0.000000,0.000000,0.000000
0.000000,0.257676,1.233145,-0.024101,0.000000,0.000000,0.000000
0.000000,0.257329,1.233145,-0.024101,0.000000,0.000000,0.000000
0.000000,0.257329,1.233145,-0.024101,0.000000,0.000000,0.000000
0.000000,0.257332,1.233145,-0.024101,0.000000,0.000000,0.000000
0.000000,0.257332,1.233145,-0.024101,0.000000,0.000000,0.000000
0.000000,0.257135,1.233145,-0.024101,0.000000,0.000000,0.000000
0.000000,0.256621,1.233145,-0.024101,0.000000,0.000000,0.000000
0.000000,0.256621,1.233145,-0.024101,0.000000,0.000000,0.000000
0.000000,0.255595,1.233145,-0.024101,0.000000,0.000000,0.000000
0.000000,0.255595,1.233145,-0.024101,0.000000,0.000000,0.000000
0.000000,0.255385,1.233145,-0.024101,0.000000,0.000000,0.000000
0.000000,0.254720,1.233145,-0.024101,0.000000,0.000000,0.000000
0.000000,0.254720,1.233145,-0.024101,0.000000,0.000000,0.000000
0.000000,0.254450,1.233145,-0.024101,0.000000,0.000000,0.000000
0.000000,0.254450,1.233145,-0.024101,0.000000,0.000000,0.000000
0.000000,0.253677,1.233145,-0.024101,0.000000,0.000000,0.000000
0.000000,0.253286,1.233145,-0.024101,0.000000,0.000000,0.000000
0.000000,0.253286,1.233145,-0.024101,0.000000,0.000000,0.000000
0.000000,0.252270,1.233145,-0.024101,0.000000,0.000000,0.000000
0.000000,0.252270,1.233145,-0.024101,0.000000,0.000000,0.000000
0.000000,0.251757,1.233145,-0.024101,0.000000,0.000000,0.000000
0.000000,0.250004,1.233145,-0.024101,0.000000,0.000000,0.000000
0.000000,0.250004,1.233145,-0.024101,0.000000,0.000000,0.000000
0.000000,0.249064,1.233145,-0.024101,0.000000,0.000000,0.000000
0.000000,0.249064,1.233145,-0.024101,0.000000,0.000000,0.000000
0.000000,0.247441,1.233145,-0.024101,0.000000,0.000000,0.000000
0.000000,0.247020,1.233145,-0.024101,0.000000,0.000000,0.000000
0.000000,0.247020,1.233145,-0.024101,0.000000,0.000000,0.000000
0.000000,0.245728,1.233145,-0.024101,0.000000,0.000000,0.000000
0.000000,0.245728,1.233145,-0.024101,0.000000,0.000000,0.000000
0.000000,0.245856,1.233145,-0.024101,0.000000,0.000000,0.000000
0.000000,0.245836,1.233145,-0.024101,0.000000,0.000000,0.000000
0.000000,0.245836,1.233145,-0.024101,0.000000,0.000000,0.000000
0.000000,0.247184,1.233145,-0.024101,0.000000,0.000000,0.000000
0.000000,0.247184,1.233145,-0.024101,0.000000,0.000000,0.000000
0.000000,0.248636,1.233145,-0.024101,0.000000,0.000000,0.000000
0.000000,0.251600,1.233145,-0.024101,0.000000,0.000000,0.000000
0.000000,0.251600,1.233145,-0.024101,0.000000,0.000000,0.000000
0.000000,0.256539,1.233145,-0.024101,0.000000,0.000000,0.000000
0.000000,0.256539,1.233145,-0.024101,0.000000,0.000000,0.000000
0.000000,0.260807,1.233145,-0.024101,0.000000,0.000000,0.000000
0.000000,0.265541,1.233145,-0.024101,0.000000,0.000000,0.000000
0.000000,0.265541,1.233145,-0.024101,0.000000,0.000000,0.000000
0.000000,0.268035,1.233145,-0.024101,0.000000,0.000000,0.000000
0.000000,0.268035,1.233145,-0.024101,0.000000,0.000000,0.000000
0.000000,0.270564,1.233145,-0.024101,0.000000,0.000000,0.000000
0.000000,0.270922,1.233145,-0.024101,0.000000,0.000000,0.000000
0.000000,0.270922,1.233145,-0.024101,0.000000,0.000000,0.000000
0.000000,0.270587,1.233145,-0.024101,0.000000,0.000000,0.000000
0.000000,0.270587,1.233145,-0.024101,0.000000,0.000000,0.000000
0.000000,0.269059,1.233145,-0.024101,0.000000,0.000000,0.000000
0.000000,0.266275,1.233145,-0.024101,0.000000,0.000000,0.000000
0.000000,0.266275,1.233145,-0.024101,0.000000,0.000000,0.000000
0.000000,0.264114,1.233145,-0.024101,0.000000,0.000000,0.000000
0.000000,0.264114,1.233145,-0.024101,0.000000,0.000000,0.000000
0.000000,0.261574,1.233145,-0.024101,0.000000,0.000000,0.000000
0.000000,0.260090,1.233145,-0.024101,0.000000,0.000000,0.000000
0.000000,0.260090,1.233145,-0.024101,0.000000,0.000000,0.000000
0.000000,0.258627,1.233145,-0.024101,0.000000,0.000000,0.000000
0.000000,0.258627,1.233145,-0.024101,0.000000,0.000000,0.000000
0.000000,0.258149,1.233145,-0.024101,0.000000,0.000000,0.000000
0.000000,0.257742,1.233145,-0.024101,0.000000,0.000000,0.000000
0.000000,0.257742,1.233145,-0.024101,0.000000,0.000000,0.000000
0.000000,0.258176,1.233145,-0.024101,0.000000,0.000000,0.000000
0.000000,0.258176,1.233145,-0.024101,0.000000,0.000000,0.000000
0.000000,0.259300,1.233145,-0.024101,0.000000,0.000000,0.000000
0.000000,0.260096,1.233145,-0.024101,0.000000,0.000000,0.000000
0.000000,0.260096,1.233145,-0.024101,0.000000,0.000000,0.000000
0.000000,0.260825,1.233145,-0.024101,0.000000,0.000000,0.000000
0.000000,0.260825,1.233145,-0.024101,0.000000,0.000000,0.000000
0.000000,0.261253,1.233145,-0.024101,0.000000,0.000000,0.000000
0.000000,0.261885,1.233145,-0.024101,0.000000,0.000000,0.000000
0.000000,0.261885,1.233145,-0.024101,0.000000,0.000000,0.000000
0.000000,0.262558,1.233145,-0.024101,0.000000,0.000000,0.000000
0.000000,0.262558,1.233145,-0.024101,0.000000,0.000000,0.000000
0.000000,0.263066,1.233145,-0.024101,0.000000,0.000000,0.000000
0.000000,0.263559,1.233145,-0.024101,0.000000,0.000000,0.000000
0.000000,0.263559,1.233145,-0.024101,0.000000,0.000000,0.000000
0.000000,0.263948,1.233145,-0.024101,0.000000,0.000000,0.000000
0.000000,0.263948,1.233145,-0.024101,0.000000,0.000000,0.000000
0.000000,0.264411,1.233145,-0.024101,0.000000,0.000000,0.000000
0.000000,0.264329,1.233145,-0.024101,0.000000,0.000000,0.000000
0.000000,0.264329,1.233145,-0.024101,0.000000,0.000000,0.000000
0.000000,0.264059,1.233145,-0.024101,0.000000,0.000000,0.000000
0.000000,0.264059,1.233145,-0.024101,0.000000,0.000000,0.000000
0.000000,0.263283,1.233145,-0.024101,0.000000,0.000000,0.000000
0.000000,0.262857,1.233145,-0.024101,0.000000,0.000000,0.000000
0.000000,0.262857,1.233145,-0.024101,0.000000,0.000000,0.000000
0.000000,0.261945,1.233145,-0.024101,0.000000,0.000000,0.000000
0.000000,0.261945,1.233145,-0.024101,0.000000,0.000000,0.000000
0.000000,0.261426,1.233145,-0.024101,0.000000,0.000000,0.000000
0.000000,0.260645,1.233145,-0.024101,0.000000,0.000000,0.000000
0.000000,0.260645,1.233145,-0.024101,0.000000,0.000000,0.000000
0.000000,0.260614,1.233145,-0.024101,0.000000,0.000000,0.000000
0.000000,0.260614,1.233145,-0.024101,0.000000,0.000000,0.000000
0.000000,0.260542,1.233145,-0.024101,0.000000,0.000000,0.000000
0.000000,0.260940,1.233145,-0.024101,0.000000,0.000000,0.000000
0.000000,0.260940,1.233145,-0.024101,0.000000,0.000000,0.000000
0.000000,0.261663,1.233145,-0.024101,0.000000,0.000000,0.000000
0.000000,0.261663,1.233145,-0.024101,0.000000,0.000000,0.000000
0.000000,0.262399,1.233145,-0.024101,0.000000,0.000000,0.000000
0.000000,0.262748,1.233145,-0.024101,0.000000,0.000000,0.000000
0.000000,0.262748,1.233145,-0.024101,0.000000,0.000000,0.000000
0.000000,0.262968,1.233145,-0.024101,0.000000,0.000000,0.000000
0.000000,0.262968,1.233145,-0.024101,0.000000,0.000000,0.000000
0.000000,0.262690,1.233145,-0.024101,0.000000,0.000000,0.000000
0.000000,0.262756,1.233145,-0.024101,0.000000,0.000000,0.000000
0.000000,0.262756,1.233145,-0.024101,0.000000,0.000000,0.000000
0.000000,0.262697,1.233145,-0.024101,0.000000,0.000000,0.000000
0.000000,0.262697,1.233145,-0.024101,0.000000,0.000000,0.000000
0.000000,0.262151,1.233145,-0.024101,0.000000,0.000000,0.000000
0.000000,0.260749,1.233145,-0.024101,0.000000,0.000000,0.000000
0.000000,0.260749,1.233145,-0.024101,0.000000,0.000000,0.000000
0.000000,0.260264,1.233145,-0.024101,0.000000,0.000000,0.000000
0.000000,0.260264,1.233145,-0.024101,0.000000,0.000000,0.000000
0.000000,0.259294,1.233145,-0.024101,0.000000,0.000000,0.000000
0.000000,0.259053,1.233145,-0.024101,0.000000,0.000000,0.000000
0.000000,0.259053,1.233145,-0.024101,0.000000,0.000000,0.000000
0.000000,0.259004,1.233145,-0.024101,0.000000,0.000000,0.000000
0.000000,0.259004,1.233145,-0.024101,0.000000,0.000000,0.000000
0.000000,0.259647,1.233145,-0.024101,0.000000,0.000000,0.000000
0.000000,0.260583,1.233145,-0.024101,0.000000,0.000000,0.000000
0.000000,0.260583,1.233145,-0.024101,0.000000,0.000000,0.000000
0.000000,0.261499,1.233145,-0.024101,0.000000,0.000000,0.000000
0.000000,0.261499,1.233145,-0.024101,0.000000,0.000000,0.000000
0.000000,0.262011,1.233145,-0.024101,0.000000,0.000000,0.000000
0.000000,0.261983,1.233145,-0.024101,0.000000,0.000000,0.000000
0.000000,0.261983,1.233145,-0.024101,0.000000,0.000000,0.000000
0.000000,0.261770,1.233145,-0.024101,0.000000,0.000000,0.000000
0.000000,0.261770,1.233145,-0.024101,0.000000,0.000000,0.000000
0.000000,0.261621,1.233145,-0.024101,0.000000,0.000000,0.000000
0.000000,0.260801,1.233145,-0.024101,0.000000,0.000000,0.000000
0.000000,0.260801,1.233145,-0.024101,0.000000,0.000000,0.000000
0.000000,0.260590,1.233145,-0.024101,0.000000,0.000000,0.000000
0.000000,0.260590,1.233145,-0.024101,0.000000,0.000000,0.000000
0.000000,0.259703,1.233145,-0.024101,0.000000,0.000000,0.000000
0.000000,0.259341,1.233145,-0.024101,0.000000,0.000000,0.000000
0.000000,0.259341,1.233145,-0.024101,0.000000,0.000000,0.000000
0.000000,0.258828,1.233145,-0.024101,0.000000,0.000000,0.000000
0.000000,0.258828,1.233145,-0.024101,0.000000,0.000000,0.000000
0.000000,0.259046,1.233145,-0.024101,0.000000,0.000000,0.000000
0.000000,0.258921,1.233145,-0.024101,0.000000,0.000000,0.000000
0.000000,0.258921,1.233145,-0.024101,0.000000,0.000000,0.000000
0.000000,0.258925,1.233145,-0.024101,0.000000,0.000000,0.000000
0.000000,0.258925,1.233145,-0.024101,0.000000,0.000000,0.000000
0.000000,0.258893,1.233145,-0.024101,0.000000,0.000000,0.000000
0.000000,0.259017,1.233145,-0.024101,0.000000,0.000000,0.000000
0.000000,0.259017,1.233145,-0.024101,0.000000,0.000000,0.000000
0.000000,0.259279,1.233145,-0.024101,0.000000,0.000000,0.000000
0.000000,0.259279,1.233145,-0.024101,0.000000,0.000000,0.000000
0.000000,0.259312,1.233145,-0.024101,0.000000,0.000000,0.000000
0.000000,0.258825,1.233145,-0.024101,0.000000,0.000000,0.000000
0.000000,0.258825,1.233145,-0.024101,0.000000,0.000000,0.000000
0.000000,0.258919,1.233145,-0.024101,0.000000,0.000000,0.000000
0.000000,0.258919,1.233145,-0.024101,0.000000,0.000000,0.000000
0.000000,0.258505,1.233145,-0.024101,0.000000,0.000000,0.000000
0.000000,0.258204,1.233145,-0.024101,0.000000,0.000000,0.000000
0.000000,0.258204,1.233145,-0.024101,0.000000,0.000000,0.000000
0.000000,0.257631,1.233145,-0.024101,0.000000,0.000000,0.000000
0.000000,0.257631,1.233145,-0.024101,0.000000,0.000000,0.000000
0.000000,0.257848,1.233145,-0.024101,0.000000,0.000000,0.000000
0.000000,0.257851,1.233145,-0.024101,0.000000,0.000000,0.000000
0.000000,0.257851,1.233145,-0.024101,0.000000,0.000000,0.000000
0.000000,0.257884,1.233145,-0.024101,0.000000,0.000000,0.000000
0.000000,0.257884,1.233145,-0.024101,0.000000,0.000000,0.000000
0.000000,0.257762,1.233145,-0.024101,0.000000,0.000000,0.000000
0.000000,0.258160,1.233145,-0.024101,0.000000,0.000000,0.000000
0.000000,0.258160,1.233145,-0.024101,0.000000,0.000000,0.000000
0.000000,0.258551,1.233145,-0.024101,0.000000,0.000000,0.000000
0.000000,0.258551,1.233145,-0.024101,0.000000,0.000000,0.000000
0.000000,0.258736,1.233145,-0.024101,0.000000,0.000000,0.000000
0.000000,0.258606,1.233145,-0.024101,0.000000,0.000000,0.000000
0.000000,0.258606,1.233145,-0.024101,0.000000,0.000000,0.000000
0.000000,0.258791,1.233145,-0.024101,0.000000,0.000000,0.000000
0.000000,0.258791,1.233145,-0.024101,0.000000,0.000000,0.000000
0.000000,0.258629,1.233145,-0.024101,0.000000,0.000000,0.000000
0.000000,0.258480,1.233145,-0.024101,0.000000,0.000000,0.000000
0.000000,0.258480,1.233145,-0.024101,0.000000,0.000000,0.000000
0.000000,0.257937,1.233145,-0.024101,0.000000,0.000000,0.000000
0.000000,0.257937,1.233145,-0.024101,0.000000,0.000000,0.000000
0.000000,0.258093,1.233145,-0.024101,0.000000,0.000000,0.000000
0.000000,0.257547,1.233145,-0.024101,0.000000,0.000000,0.000000
0.000000,0.257547,1.233145,-0.024101,0.000000,0.000000,0.000000
0.000000,0.257306,1.233145,-0.024101,0.000000,0.000000,0.000000
0.000000,0.257306,1.233145,-0.024101,0.000000,0.000000,0.000000
0.000000,0.256727,1.233145,-0.024101,0.000000,0.000000,0.000000
0.000000,0.256821,1.233145,-0.024101,0.000000,0.000000,0.000000
0.000000,0.256821,1.233145,-0.024101,0.000000,0.000000,0.000000
0.000000,0.256570,1.233145,-0.024101,0.000000,0.000000,0.000000
0.000000,0.256570,1.233145,-0.024101,0.000000,0.000000,0.000000
0.000000,0.256299,1.233145,-0.024101,0.000000,0.000000,0.000000
0.000000,0.256114,1.233145,-0.024101,0.000000,0.000000,0.000000
0.000000,0.256114,1.233145,-0.024101,0.000000,0.000000,0.000000
0.000000,0.256117,1.233145,-0.024101,0.000000,0.000000,0.000000
0.000000,0.256117,1.233145,-0.024101,0.000000,0.000000,0.000000
0.000000,0.255592,1.233145,-0.024101,0.000000,0.000000,0.000000
0.000000,0.255687,1.233145,-0.024101,0.000000,0.000000,0.000000
0.000000,0.255687,1.233145,-0.024101,0.000000,0.000000,0.000000
0.000000,0.255652,1.233145,-0.024101,0.000000,0.000000,0.000000
0.000000,0.255652,1.233145,-0.024101,0.000000,0.000000,0.000000
0.000000,0.255412,1.233145,-0.024101,0.000000,0.000000,0.000000
0.000000,0.254508,1.233145,-0.024101,0.000000,0.000000,0.000000
0.000000,0.254508,1.233145,-0.024101,0.000000,0.000000,0.000000
0.000000,0.254359,1.233145,-0.024101,0.000000,0.000000,0.000000
0.000000,0.254359,1.233145,-0.024101,0.000000,0.000000,0.000000
0.000000,0.254207,1.233145,-0.024101,0.000000,0.000000,0.000000
0.000000,0.254149,1.233145,-0.024101,0.000000,0.000000,0.000000
0.000000,0.254149,1.233145,-0.024101,0.000000,0.000000,0.000000
0.000000,0.253916,1.233145,-0.024101,0.000000,0.000000,0.000000
0.000000,0.253916,1.233145,-0.024101,0.000000,0.000000,0.000000
0.000000,0.254011,1.233145,-0.024101,0.000000,0.000000,0.000000
0.000000,0.253840,1.233145,-0.024101,0.000000,0.000000,0.000000
0.000000,0.253840,1.233145,-0.024101,0.000000,0.000000,0.000000
0.000000,0.253722,1.233145,-0.024101,0.000000,0.000000,0.000000
0.000000,0.253722,1.233145,-0.024101,0.000000,0.000000,0.000000
0.000000,0.253405,1.233145,-0.024101,0.000000,0.000000,0.000000
0.000000,0.253682,1.233145,-0.024101,0.000000,0.000000,0.000000
0.000000,0.253682,1.233145,-0.024101,0.000000,0.000000,0.000000
0.000000,0.253659,1.233145,-0.024101,0.000000,0.000000,0.000000
0.000000,0.253659,1.233145,-0.024101,0.000000,0.000000,0.000000
0.000000,0.253783,1.233145,-0.024101,0.000000,0.000000,0.000000
0.000000,0.253791,1.233145,-0.024101,0.000000,0.000000,0.000000
0.000000,0.253791,1.233145,-0.024101,0.000000,0.000000,0.000000
0.000000,0.253854,1.233145,-0.024101,0.000000,0.000000,0.000000
0.000000,0.253854,1.233145,-0.024101,0.000000,0.000000,0.000000
0.000000,0.253482,1.233145,-0.024101,0.000000,0.000000,0.000000
0.000000,0.253485,1.233145,-0.024101,0.000000,0.000000,0.000000
0.000000,0.253485,1.233145,-0.024101,0.000000,0.000000,0.000000
0.000000,0.253440,1.233145,-0.024101,0.000000,0.000000,0.000000
0.000000,0.253440,1.233145,-0.024101,0.000000,0.000000,0.000000
0.000000,0.253442,1.233145,-0.024101,0.000000,0.000000,0.000000
0.000000,0.252930,1.233145,-0.024101,0.000000,0.000000,0.000000
0.000000,0.252930,1.233145,-0.024101,0.000000,0.000000,0.000000
0.000000,0.252964,1.233145,-0.024101,0.000000,0.000000,0.000000
0.000000,0.252964,1.233145,-0.024101,0.000000,0.000000,0.000000
0.000000,0.253142,1.233145,-0.024101,0.000000,0.000000,0.000000
0.000000,0.253358,1.233145,-0.024101,0.000000,0.000000,0.000000
0.000000,0.253358,1.233145,-0.024101,0.000000,0.000000,0.000000
0.000000,0.253071,1.233145,-0.024101,0.000000,0.000000,0.000000
0.000000,0.253071,1.233145,-0.024101,0.000000,0.000000,0.000000
0.000000,0.253013,1.233145,-0.024101,0.000000,0.000000,0.000000
0.000000,0.252883,1.233145,-0.024101,0.000000,0.000000,0.000000
0.000000,0.252883,1.233145,-0.024101,0.000000,0.000000,0.000000
0.000000,0.253069,1.233145,-0.024101,0.000000,0.000000,0.000000
0.000000,0.253069,1.233145,-0.024101,0.000000,0.000000,0.000000
0.000000,0.252694,1.233145,-0.024101,0.000000,0.000000,0.000000
0.000000,0.252788,1.233145,-0.024101,0.000000,0.000000,0.000000
0.000000,0.252788,1.233145,-0.024101,0.000000,0.000000,0.000000
0.000000,0.252476,1.233145,-0.024101,0.000000,0.000000,0.000000
0.000000,0.252476,1.233145,-0.024101,0.000000,0.000000,0.000000
0.000000,0.252266,1.233145,-0.024101,0.000000,0.000000,0.000000
0.000000,0.251627,1.233145,-0.024101,0.000000,0.000000,0.000000
0.000000,0.251627,1.233145,-0.024101,0.000000,0.000000,0.000000
0.000000,0.251629,1.233145,-0.024101,0.000000,0.000000,0.000000
0.000000,0.251629,1.233145,-0.024101,0.000000,0.000000,0.000000
0.000000,0.251463,1.233145,-0.024101,0.000000,0.000000,0.000000
0.000000,0.251649,1.233145,-0.024101,0.000000,0.000000,0.000000
0.000000,0.251649,1.233145,-0.024101,0.000000,0.000000,0.000000
0.000000,0.250854,1.233145,-0.024101,0.000000,0.000000,0.000000
0.000000,0.250854,1.233145,-0.024101,0.000000,0.000000,0.000000
0.000000,0.250400,1.233145,-0.024101,0.000000,0.000000,0.000000
0.000000,0.249580,1.233145,-0.024101,0.000000,0.000000,0.000000
0.000000,0.249580,1.233145,-0.024101,0.000000,0.000000,0.000000
0.000000,0.249583,1.233145,-0.024101,0.000000,0.000000,0.000000
0.000000,0.249583,1.233145,-0.024101,0.000000,0.000000,0.000000
0.000000,0.249307,1.233145,-0.024101,0.000000,0.000000,0.000000
0.000000,0.249371,1.233145,-0.024101,0.000000,0.000000,0.000000
0.000000,0.249371,1.233145,-0.024101,0.000000,0.000000,0.000000
0.000000,0.249847,1.233145,-0.024101,0.000000,0.000000,0.000000
0.000000,0.249847,1.233145,-0.024101,0.000000,0.000000,0.000000
0.000000,0.250397,1.233145,-0.024101,0.000000,0.000000,0.000000
0.000000,0.250081,1.233145,-0.024101,0.000000,0.000000,0.000000
0.000000,0.250081,1.233145,-0.024101,0.000000,0.000000,0.000000
0.000000,0.249870,1.233145,-0.024101,0.000000,0.000000,0.000000
0.000000,0.249870,1.233145,-0.024101,0.000000,0.000000,0.000000
0.000000,0.249161,1.233145,-0.024101,0.000000,0.000000,0.000000
0.000000,0.248890,1.233145,-0.024101,0.000000,0.000000,0.000000
0.000000,0.248890,1.233145,-0.024101,0.000000,0.000000,0.000000
0.000000,0.248343,1.233145,-0.024101,0.000000,0.000000,0.000000
0.000000,0.248343,1.233145,-0.024101,0.000000,0.000000,0.000000
0.000000,0.248072,1.233145,-0.024101,0.000000,0.000000,0.000000
0.000000,0.247363,1.233145,-0.024101,0.000000,0.000000,0.000000
0.000000,0.247363,1.233145,-0.024101,0.000000,0.000000,0.000000
0.000000,0.247456,1.233145,-0.024101,0.000000,0.000000,0.000000
0.000000,0.247456,1.233145,-0.024101,0.000000,0.000000,0.000000
0.000000,0.247518,1.233145,-0.024101,0.000000,0.000000,0.000000
0.000000,0.247765,1.233145,-0.024101,0.000000,0.000000,0.000000
0.000000,0.247765,1.233145,-0.024101,0.000000,0.000000,0.000000
0.000000,0.247948,1.233145,-0.024101,0.000000,0.000000,0.000000
0.000000,0.247948,1.233145,-0.024101,0.000000,0.000000,0.000000
0.000000,0.247951,1.233145,-0.024101,0.000000,0.000000,0.000000
0.000000,0.247376,1.233145,-0.024101,0.000000,0.000000,0.000000
0.000000,0.247376,1.233145,-0.024101,0.000000,0.000000,0.000000
0.000000,0.247470,1.233145,-0.024101,0.000000,0.000000,0.000000
0.000000,0.247470,1.233145,-0.024101,0.000000,0.000000,0.000000
0.000000,0.247305,1.233145,-0.024101,0.000000,0.000000,0.000000
0.000000,0.247277,1.233145,-0.024101,0.000000,0.000000,0.000000
0.000000,0.247277,1.233145,-0.024101,0.000000,0.000000,0.000000
0.000000,0.247151,1.233145,-0.024101,0.000000,0.000000,0.000000
0.000000,0.247151,1.233145,-0.024101,0.000000,0.000000,0.000000
0.000000,0.247549,1.233145,-0.024101,0.000000,0.000000,0.000000
0.000000,0.247569,1.233145,-0.024101,0.000000,0.000000,0.000000
0.000000,0.247569,1.233145,-0.024101,0.000000,0.000000,0.000000
0.000000,0.247571,1.233145,-0.024101,0.000000,0.000000,0.000000
0.000000,0.247571,1.233145,-0.024101,0.000000,0.000000,0.000000
0.000000,0.247315,1.233145,-0.024101,0.000000,0.000000,0.000000
0.000000,0.247379,1.233145,-0.024101,0.000000,0.000000,0.000000
0.000000,0.247379,1.233145,-0.024101,0.000000,0.000000,0.000000
0.000000,0.246597,1.233145,-0.024101,0.000000,0.000000,0.000000
0.000000,0.246597,1.233145,-0.024101,0.000000,0.000000,0.000000
0.000000,0.246387,1.233145,-0.024101,0.000000,0.000000,0.000000
0.000000,0.246376,1.233145,-0.024101,0.000000,0.000000,0.000000
0.000000,0.246376,1.233145,-0.024101,0.000000,0.000000,0.000000
0.000000,0.246927,1.233145,-0.024101,0.000000,0.000000,0.000000
0.000000,0.246927,1.233145,-0.024101,0.000000,0.000000,0.000000
0.000000,0.246904,1.233145,-0.024101,0.000000,0.000000,0.000000
0.000000,0.247211,1.233145,-0.024101,0.000000,0.000000,0.000000
0.000000,0.247211,1.233145,-0.024101,0.000000,0.000000,0.000000
0.000000,0.247231,1.233145,-0.024101,0.000000,0.000000,0.000000
0.000000,0.247231,1.233145,-0.024101,0.000000,0.000000,0.000000
0.000000,0.247416,1.233145,-0.024101,0.000000,0.000000,0.000000
0.000000,0.246738,1.233145,-0.024101,0.000000,0.000000,0.000000
0.000000,0.246738,1.233145,-0.024101,0.000000,0.000000,0.000000
0.000000,0.246223,1.233145,-0.024101,0.000000,0.000000,0.000000
0.000000,0.246223,1.233145,-0.024101,0.000000,0.000000,0.000000
0.000000,0.245233,1.233145,-0.024101,0.000000,0.000000,0.000000
0.000000,0.245205,1.233145,-0.024101,0.000000,0.000000,0.000000
0.000000,0.245205,1.233145,-0.024101,0.000000,0.000000,0.000000
0.000000,0.244631,1.233145,-0.024101,0.000000,0.000000,0.000000
0.000000,0.244631,1.233145,-0.024101,0.000000,0.000000,0.000000
0.000000,0.244572,1.233145,-0.024101,0.000000,0.000000,0.000000
0.000000,0.244127,1.233145,-0.024101,0.000000,0.000000,0.000000
0.000000,0.244127,1.233145,-0.024101,0.000000,0.000000,0.000000
0.000000,0.244099,1.233145,-0.024101,0.000000,0.000000,0.000000
0.000000,0.244099,1.233145,-0.024101,0.000000,0.000000,0.000000
0.000000,0.243277,1.233145,-0.024101,0.000000,0.000000,0.000000
0.000000,0.243218,1.233145,-0.024101,0.000000,0.000000,0.000000
0.000000,0.243218,1.233145,-0.024101,0.000000,0.000000,0.000000
0.000000,0.243007,1.233145,-0.024101,0.000000,0.000000,0.000000
0.000000,0.243007,1.233145,-0.024101,0.000000,0.000000,0.000000
0.000000,0.243344,1.233145,-0.024101,0.000000,0.000000,0.000000
0.000000,0.243412,1.233145,-0.024101,0.000000,0.000000,0.000000
0.000000,0.243412,1.233145,-0.024101,0.000000,0.000000,0.000000
0.000000,0.243688,1.233145,-0.024101,0.000000,0.000000,0.000000
0.000000,0.243688,1.233145,-0.024101,0.000000,0.000000,0.000000
0.000000,0.243734,1.233145,-0.024101,0.000000,0.000000,0.000000
0.000000,0.243767,1.233145,-0.024101,0.000000,0.000000,0.000000
0.000000,0.243767,1.233145,-0.024101,0.000000,0.000000,0.000000
0.000000,0.242915,1.233145,-0.024101,0.000000,0.000000,0.000000
0.000000,0.242915,1.233145,-0.024101,0.000000,0.000000,0.000000
0.000000,0.242582,1.233145,-0.024101,0.000000,0.000000,0.000000
0.000000,0.242401,1.233145,-0.024101,0.000000,0.000000,0.000000
0.000000,0.242401,1.233145,-0.024101,0.000000,0.000000,0.000000
0.000000,0.242221,1.233145,-0.024101,0.000000,0.000000,0.000000
0.000000,0.242221,1.233145,-0.024101,0.000000,0.000000,0.000000
0.000000,0.241599,1.233145,-0.024101,0.000000,0.000000,0.000000
0.000000,0.241784,1.233145,-0.024101,0.000000,0.000000,0.000000
0.000000,0.241784,1.233145,-0.024101,0.000000,0.000000,0.000000
0.000000,0.242097,1.233145,-0.024101,0.000000,0.000000,0.000000
0.000000,0.242097,1.233145,-0.024101,0.000000,0.000000,0.000000
0.000000,0.242374,1.233145,-0.024101,0.000000,0.000000,0.000000
0.000000,0.241875,1.233145,-0.024101,0.000000,0.000000,0.000000
0.000000,0.241875,1.233145,-0.024101,0.000000,0.000000,0.000000
0.000000,0.241939,1.233145,-0.024101,0.000000,0.000000,0.000000
0.000000,0.241939,1.233145,-0.024101,0.000000,0.000000,0.000000
0.000000,0.241790,1.233145,-0.024101,0.000000,0.000000,0.000000
0.000000,0.241732,1.233145,-0.024101,0.000000,0.000000,0.000000
0.000000,0.241732,1.233145,-0.024101,0.000000,0.000000,0.000000
0.000000,0.241113,1.233145,-0.024101,0.000000,0.000000,0.000000
0.000000,0.241113,1.233145,-0.024101,0.000000,0.000000,0.000000
0.000000,0.240842,1.233145,-0.024101,0.000000,0.000000,0.000000
0.000000,0.240483,1.233145,-0.024101,0.000000,0.000000,0.000000
0.000000,0.240483,1.233145,-0.024101,0.000000,0.000000,0.000000
0.000000,0.240363,1.233145,-0.024101,0.000000,0.000000,0.000000
0.000000,0.240363,1.233145,-0.024101,0.000000,0.000000,0.000000
0.000000,0.239657,1.233145,-0.024101,0.000000,0.000000,0.000000
0.000000,0.239599,1.233145,-0.024101,0.000000,0.000000,0.000000
0.000000,0.239599,1.233145,-0.024101,0.000000,0.000000,0.000000
0.000000,0.239597,1.233145,-0.024101,0.000000,0.000000,0.000000
0.000000,0.239597,1.233145,-0.024101,0.000000,0.000000,0.000000
0.000000,0.240208,1.233145,-0.024101,0.000000,0.000000,0.000000
0.000000,0.240515,1.233145,-0.024101,0.000000,0.000000,0.000000
0.000000,0.240515,1.233145,-0.024101,0.000000,0.000000,0.000000
0.000000,0.240730,1.233145,-0.024101,0.000000,0.000000,0.000000
0.000000,0.240730,1.233145,-0.024101,0.000000,0.000000,0.000000
0.000000,0.240576,1.233145,-0.024101,0.000000,0.000000,0.000000
0.000000,0.240547,1.233145,-0.024101,0.000000,0.000000,0.000000
0.000000,0.240547,1.233145,-0.024101,0.000000,0.000000,0.000000
0.000000,0.239907,1.233145,-0.024101,0.000000,0.000000,0.000000
0.000000,0.239907,1.233145,-0.024101,0.000000,0.000000,0.000000
0.000000,0.239818,1.233145,-0.024101,0.000000,0.000000,0.000000
0.000000,0.239395,1.233145,-0.024101,0.000000,0.000000,0.000000
0.000000,0.239395,1.233145,-0.024101,0.000000,0.000000,0.000000
0.000000,0.239336,1.233145,-0.024101,0.000000,0.000000,0.000000
0.000000,0.239336,1.233145,-0.024101,0.000000,0.000000,0.000000
0.000000,0.239029,1.233145,-0.024101,0.000000,0.000000,0.000000
0.000000,0.239153,1.233145,-0.024101,0.000000,0.000000,0.000000
0.000000,0.239153,1.233145,-0.024101,0.000000,0.000000,0.000000
0.000000,0.238960,1.233145,-0.024101,0.000000,0.000000,0.000000
0.000000,0.238960,1.233145,-0.024101,0.000000,0.000000,0.000000
0.000000,0.238901,1.233145,-0.024101,0.000000,0.000000,0.000000
0.000000,0.238091,1.233145,-0.024101,0.000000,0.000000,0.000000
0.000000,0.238091,1.233145,-0.024101,0.000000,0.000000,0.000000
0.000000,0.237728,1.233145,-0.024101,0.000000,0.000000,0.000000
0.000000,0.237728,1.233145,-0.024101,0.000000,0.000000,0.000000
0.000000,0.237214,1.233145,-0.024101,0.000000,0.000000,0.000000
0.000000,0.237003,1.233145,-0.024101,0.000000,0.000000,0.000000
0.000000,0.237003,1.233145,-0.024101,0.000000,0.000000,0.000000
0.000000,0.235941,1.233145,-0.024101,0.000000,0.000000,0.000000
0.000000,0.235941,1.233145,-0.024101,0.000000,0.000000,0.000000
0.000000,0.236004,1.233145,-0.024101,0.000000,0.000000,0.000000
0.000000,0.235530,1.233145,-0.024101,0.000000,0.000000,0.000000
0.000000,0.235530,1.233145,-0.024101,0.000000,0.000000,0.000000
0.000000,0.235289,1.233145,-0.024101,0.000000,0.000000,0.000000
0.000000,0.235289,1.233145,-0.024101,0.000000,0.000000,0.000000
0.000000,0.235020,1.233145,-0.024101,0.000000,0.000000,0.000000
0.000000,0.235053,1.233145,-0.024101,0.000000,0.000000,0.000000
0.000000,0.235053,1.233145,-0.024101,0.000000,0.000000,0.000000
0.000000,0.234560,1.233145,-0.024101,0.000000,0.000000,0.000000
0.000000,0.234560,1.233145,-0.024101,0.000000,0.000000,0.000000
0.000000,0.234593,1.233145,-0.024101,0.000000,0.000000,0.000000
0.000000,0.234297,1.233145,-0.024101,0.000000,0.000000,0.000000
0.000000,0.234297,1.233145,-0.024101,0.000000,0.000000,0.000000
0.000000,0.234147,1.233145,-0.024101,0.000000,0.000000,0.000000
0.000000,0.234147,1.233145,-0.024101,0.000000,0.000000,0.000000
0.000000,0.233397,1.233145,-0.024101,0.000000,0.000000,0.000000
0.000000,0.233308,1.233145,-0.024101,0.000000,0.000000,0.000000
0.000000,0.233308,1.233145,-0.024101,0.000000,0.000000,0.000000
0.000000,0.232506,1.233145,-0.024101,0.000000,0.000000,0.000000
0.000000,0.232506,1.233145,-0.024101,0.000000,0.000000,0.000000
0.000000,0.232387,1.233145,-0.024101,0.000000,0.000000,0.000000
0.000000,0.232375,1.233145,-0.024101,0.000000,0.000000,0.000000
0.000000,0.232375,1.233145,-0.024101,0.000000,0.000000,0.000000
0.000000,0.232651,1.233145,-0.024101,0.000000,0.000000,0.000000
0.000000,0.232651,1.233145,-0.024101,0.000000,0.000000,0.000000
0.000000,0.232316,1.233145,-0.024101,0.000000,0.000000,0.000000
0.000000,0.232258,1.233145,-0.024101,0.000000,0.000000,0.000000
0.000000,0.232258,1.233145,-0.024101,0.000000,0.000000,0.000000
0.000000,0.232233,1.233145,-0.024101,0.000000,0.000000,0.000000
0.000000,0.232233,1.233145,-0.024101,0.000000,0.000000,0.000000
0.000000,0.232357,1.233145,-0.024101,0.000000,0.000000,0.000000
0.000000,0.231763,1.233145,-0.024101,0.000000,0.000000,0.000000
0.000000,0.231763,1.233145,-0.024101,0.000000,0.000000,0.000000
0.000000,0.231583,1.233145,-0.024101,0.000000,0.000000,0.000000
0.000000,0.231583,1.233145,-0.024101,0.000000,0.000000,0.000000
0.000000,0.231272,1.233145,-0.024101,0.000000,0.000000,0.000000
0.000000,0.231274,1.233145,-0.024101,0.000000,0.000000,0.000000
0.000000,0.231274,1.233145,-0.024101,0.000000,0.000000,0.000000
0.000000,0.230714,1.233145,-0.024101,0.000000,0.000000,0.000000
0.000000,0.230714,1.233145,-0.024101,0.000000,0.000000,0.000000
0.000000,0.230503,1.233145,-0.024101,0.000000,0.000000,0.000000
0.000000,0.229822,1.233145,-0.024101,0.000000,0.000000,0.000000
0.000000,0.229822,1.233145,-0.024101,0.000000,0.000000,0.000000
0.000000,0.229703,1.233145,-0.024101,0.000000,0.000000,0.000000
0.000000,0.229703,1.233145,-0.024101,0.000000,0.000000,0.000000
0.000000,0.228958,1.233145,-0.024101,0.000000,0.000000,0.000000
0.000000,0.228716,1.233145,-0.024101,0.000000,0.000000,0.000000
0.000000,0.228716,1.233145,-0.024101,0.000000,0.000000,0.000000
0.000000,0.228213,1.233145,-0.024101,0.000000,0.000000,0.000000
0.000000,0.228213,1.233145,-0.024101,0.000000,0.000000,0.000000
0.000000,0.228306,1.233145,-0.024101,0.000000,0.000000,0.000000
0.000000,0.228471,1.233145,-0.024101,0.000000,0.000000,0.000000
0.000000,0.228471,1.233145,-0.024101,0.000000,0.000000,0.000000
0.000000,0.228777,1.233145,-0.024101,0.000000,0.000000,0.000000
0.000000,0.228777,1.233145,-0.024101,0.000000,0.000000,0.000000
0.000000,0.228321,1.233145,-0.024101,0.000000,0.000000,0.000000
0.000000,0.228324,1.233145,-0.024101,0.000000,0.000000,0.000000
0.000000,0.228324,1.233145,-0.024101,0.000000,0.000000,0.000000
0.000000,0.228024,1.233145,-0.024101,0.000000,0.000000,0.000000
0.000000,0.228024,1.233145,-0.024101,0.000000,0.000000,0.000000
0.000000,0.228179,1.233145,-0.024101,0.000000,0.000000,0.000000
0.000000,0.228382,1.233145,-0.024101,0.000000,0.000000,0.000000
0.000000,0.228382,1.233145,-0.024101,0.000000,0.000000,0.000000
0.000000,0.228598,1.233145,-0.024101,0.000000,0.000000,0.000000
0.000000,0.228598,1.233145,-0.024101,0.000000,0.000000,0.000000
0.000000,0.228115,1.233145,-0.024101,0.000000,0.000000,0.000000
0.000000,0.228148,1.233145,-0.024101,0.000000,0.000000,0.000000
0.000000,0.228148,1.233145,-0.024101,0.000000,0.000000,0.000000
0.000000,0.228229,1.233145,-0.024101,0.000000,0.000000,0.000000
0.000000,0.228229,1.233145,-0.024101,0.000000,0.000000,0.000000
0.000000,0.228535,1.233145,-0.024101,0.000000,0.000000,0.000000
0.000000,0.228767,1.233145,-0.024101,0.000000,0.000000,0.000000
0.000000,0.228767,1.233145,-0.024101,0.000000,0.000000,0.000000
0.000000,0.229165,1.233145,-0.024101,0.000000,0.000000,0.000000
0.000000,0.229165,1.233145,-0.024101,0.000000,0.000000,0.000000
0.000000,0.229591,1.233145,-0.024101,0.000000,0.000000,0.000000
0.000000,0.229928,1.233145,-0.024101,0.000000,0.000000,0.000000
0.000000,0.229928,1.233145,-0.024101,0.000000,0.000000,0.000000
0.000000,0.229648,1.233145,-0.024101,0.000000,0.000000,0.000000
0.000000,0.229648,1.233145,-0.024101,0.000000,0.000000,0.000000
0.000000,0.229468,1.233145,-0.024101,0.000000,0.000000,0.000000
0.000000,0.229251,1.233145,-0.024101,0.000000,0.000000,0.000000
0.000000,0.229251,1.233145,-0.024101,0.000000,0.000000,0.000000
0.000000,0.229588,1.233145,-0.024101,0.000000,0.000000,0.000000
0.000000,0.229588,1.233145,-0.024101,0.000000,0.000000,0.000000
0.000000,0.229583,1.233145,-0.024101,0.000000,0.000000,0.000000
0.000000,0.229494,1.233145,-0.024101,0.000000,0.000000,0.000000
0.000000,0.229494,1.233145,-0.024101,0.000000,0.000000,0.000000
0.000000,0.229728,1.233145,-0.024101,0.000000,0.000000,0.000000
0.000000,0.229728,1.233145,-0.024101,0.000000,0.000000,0.000000
0.000000,0.230095,1.233145,-0.024101,0.000000,0.000000,0.000000
0.000000,0.229536,1.233145,-0.024101,0.000000,0.000000,0.000000
0.000000,0.229536,1.233145,-0.024101,0.000000,0.000000,0.000000
0.000000,0.229356,1.233145,-0.024101,0.000000,0.000000,0.000000
0.000000,0.229356,1.233145,-0.024101,0.000000,0.000000,0.000000
0.000000,0.229317,1.233145,-0.024101,0.000000,0.000000,0.000000
0.000000,0.229715,1.233145,-0.024101,0.000000,0.000000,0.000000
0.000000,0.229715,1.233145,-0.024101,0.000000,0.000000,0.000000
0.000000,0.229740,1.233145,-0.024101,0.000000,0.000000,0.000000
0.000000,0.229740,1.233145,-0.024101,0.000000,0.000000,0.000000
0.000000,0.229955,1.233145,-0.024101,0.000000,0.000000,0.000000
0.000000,0.229870,1.233145,-0.024101,0.000000,0.000000,0.000000
0.000000,0.229870,1.233145,-0.024101,0.000000,0.000000,0.000000
0.000000,0.229629,1.233145,-0.024101,0.000000,0.000000,0.000000
0.000000,0.229629,1.233145,-0.024101,0.000000,0.000000,0.000000
0.000000,0.228996,1.233145,-0.024101,0.000000,0.000000,0.000000
0.000000,0.228025,1.233145,-0.024101,0.000000,0.000000,0.000000
0.000000,0.228025,1.233145,-0.024101,0.000000,0.000000,0.000000
0.000000,0.225620,1.233145,-0.024101,0.000000,0.000000,0.000000
0.000000,0.225620,1.233145,-0.024101,0.000000,0.000000,0.000000
0.000000,0.222978,1.233145,-0.024101,0.000000,0.000000,0.000000
0.000000,0.219383,1.233145,-0.024101,0.000000,0.000000,0.000000
0.000000,0.219383,1.233145,-0.024101,0.000000,0.000000,0.000000
0.000000,0.217621,1.233145,-0.024101,0.000000,0.000000,0.000000
0.000000,0.217621,1.233145,-0.024101,0.000000,0.000000,0.000000
0.000000,0.214255,1.233145,-0.024101,0.000000,0.000000,0.000000
0.000000,0.213192,1.233145,-0.024101,0.000000,0.000000,0.000000
0.000000,0.213192,1.233145,-0.024101,0.000000,0.000000,0.000000
0.000000,0.213367,1.233145,-0.024101,0.000000,0.000000,0.000000
0.000000,0.213367,1.233145,-0.024101,0.000000,0.000000,0.000000
0.000000,0.216349,1.233145,-0.024101,0.000000,0.000000,0.000000
0.000000,0.221198,1.233145,-0.024101,0.000000,0.000000,0.000000
0.000000,0.221198,1.233145,-0.024101,0.000000,0.000000,0.000000
0.000000,0.226156,1.233145,-0.024101,0.000000,0.000000,0.000000
0.000000,0.226156,1.233145,-0.024101,0.000000,0.000000,0.000000
0.000000,0.231968,1.233145,-0.024101,0.000000,0.000000,0.000000
0.000000,0.235560,1.233145,-0.024101,0.000000,0.000000,0.000000
0.000000,0.235560,1.233145,-0.024101,0.000000,0.000000,0.000000
0.000000,0.239399,1.233145,-0.024101,0.000000,0.000000,0.000000
0.000000,0.239399,1.233145,-0.024101,0.000000,0.000000,0.000000
0.000000,0.240253,1.233145,-0.024101,0.000000,0.000000,0.000000
0.000000,0.239555,1.233145,-0.024101,0.000000,0.000000,0.000000
0.000000,0.239555,1.233145,-0.024101,0.000000,0.000000,0.000000
0.000000,0.237733,1.233145,-0.024101,0.000000,0.000000,0.000000
0.000000,0.237733,1.233145,-0.024101,0.000000,0.000000,0.000000
0.000000,0.234651,1.233145,-0.024101,0.000000,0.000000,0.000000
0.000000,0.231732,1.233145,-0.024101,0.000000,0.000000,0.000000
0.000000,0.231732,1.233145,-0.024101,0.000000,0.000000,0.000000
0.000000,0.227946,1.233145,-0.024101,0.000000,0.000000,0.000000
0.000000,0.227946,1.233145,-0.024101,0.000000,0.000000,0.000000
0.000000,0.225695,1.233145,-0.024101,0.000000,0.000000,0.000000
0.000000,0.222591,1.233145,-0.024101,0.000000,0.000000,0.000000
0.000000,0.222591,1.233145,-0.024101,0.000000,0.000000,0.000000
0.000000,0.220979,1.233145,-0.024101,0.000000,0.000000,0.000000
0.000000,0.220979,1.233145,-0.024101,0.000000,0.000000,0.000000
0.000000,0.219627,1.233145,-0.024101,0.000000,0.000000,0.000000
0.000000,0.219689,1.233145,-0.024101,0.000000,0.000000,0.000000
0.000000,0.219689,1.233145,-0.024101,0.000000,0.000000,0.000000
0.000000,0.220576,1.233145,-0.024101,0.000000,0.000000,0.000000
0.000000,0.220576,1.233145,-0.024101,0.000000,0.000000,0.000000
0.000000,0.222223,1.233145,-0.024101,0.000000,0.000000,0.000000
0.000000,0.224684,1.233145,-0.024101,0.000000,0.000000,0.000000
0.000000,0.224684,1.233145,-0.024101,0.000000,0.000000,0.000000
0.000000,0.226695,1.233145,-0.024101,0.000000,0.000000,0.000000
0.000000,0.226695,1.233145,-0.024101,0.000000,0.000000,0.000000
0.000000,0.228816,1.233145,-0.024101,0.000000,0.000000,0.000000
0.000000,0.229975,1.233145,-0.024101,0.000000,0.000000,0.000000
0.000000,0.229975,1.233145,-0.024101,0.000000,0.000000,0.000000
0.000000,0.230662,1.233145,-0.024101,0.000000,0.000000,0.000000
0.000000,0.230662,1.233145,-0.024101,0.000000,0.000000,0.000000
0.000000,0.230511,1.233145,-0.024101,0.000000,0.000000,0.000000
0.000000,0.229655,1.233145,-0.024101,0.000000,0.000000,0.000000
0.000000,0.229655,1.233145,-0.024101,0.000000,0.000000,0.000000
0.000000,0.228895,1.233145,-0.024101,0.000000,0.000000,0.000000
0.000000,0.228895,1.233145,-0.024101,0.000000,0.000000,0.000000
0.000000,0.227633,1.233145,-0.024101,0.000000,0.000000,0.000000
0.000000,0.227025,1.233145,-0.024101,0.000000,0.000000,0.000000
0.000000,0.227025,1.233145,-0.024101,0.000000,0.000000,0.000000
0.000000,0.226147,1.233145,-0.024101,0.000000,0.000000,0.000000
0.000000,0.226147,1.233145,-0.024101,0.000000,0.000000,0.000000
0.000000,0.225661,1.233145,-0.024101,0.000000,0.000000,0.000000
0.000000,0.225138,1.233145,-0.024101,0.000000,0.000000,0.000000
0.000000,0.225138,1.233145,-0.024101,0.000000,0.000000,0.000000
0.000000,0.225201,1.233145,-0.024101,0.000000,0.000000,0.000000
0.000000,0.225201,1.233145,-0.024101,0.000000,0.000000,0.000000
0.000000,0.225200,1.233145,-0.024101,0.000000,0.000000,0.000000
0.000000,0.225690,1.233145,-0.024101,0.000000,0.000000,0.000000
0.000000,0.225690,1.233145,-0.024101,0.000000,0.000000,0.000000
0.000000,0.226191,1.233145,-0.024101,0.000000,0.000000,0.000000
0.000000,0.226191,1.233145,-0.024101,0.000000,0.000000,0.000000
0.000000,0.226621,1.233145,-0.024101,0.000000,0.000000,0.000000
0.000000,0.227249,1.233145,-0.024101,0.000000,0.000000,0.000000
0.000000,0.227249,1.233145,-0.024101,0.000000,0.000000,0.000000
0.000000,0.227830,1.233145,-0.024101,0.000000,0.000000,0.000000
0.000000,0.227830,1.233145,-0.024101,0.000000,0.000000,0.000000
0.000000,0.228654,1.233145,-0.024101,0.000000,0.000000,0.000000
0.000000,0.229296,1.233145,-0.024101,0.000000,0.000000,0.000000
0.000000,0.229296,1.233145,-0.024101,0.000000,0.000000,0.000000
0.000000,0.229810,1.233145,-0.024101,0.000000,0.000000,0.000000
0.000000,0.229810,1.233145,-0.024101,0.000000,0.000000,0.000000
0.000000,0.229630,1.233145,-0.024101,0.000000,0.000000,0.000000
0.000000,0.228882,1.233145,-0.024101,0.000000,0.000000,0.000000
0.000000,0.228882,1.233145,-0.024101,0.000000,0.000000,0.000000
0.000000,0.228396,1.233145,-0.024101,0.000000,0.000000,0.000000
0.000000,0.228396,1.233145,-0.024101,0.000000,0.000000,0.000000
0.000000,0.228055,1.233145,-0.024101,0.000000,0.000000,0.000000
0.000000,0.228055,1.233145,-0.024101,0.000000,0.000000,0.000000
0.000000,0.228055,1.233145,-0.024101,0.000000,0.000000,0.000000
0.000000,0.227583,1.233145,-0.024101,0.000000,0.000000,0.000000
0.000000,0.227583,1.233145,-0.024101,0.000000,0.000000,0.000000
0.000000,0.227491,1.233145,-0.024101,0.000000,0.000000,0.000000
0.000000,0.227584,1.233145,-0.024101,0.000000,0.000000,0.000000
0.000000,0.227584,1.233145,-0.024101,0.000000,0.000000,0.000000
0.000000,0.227707,1.233145,-0.024101,0.000000,0.000000,0.000000
0.000000,0.227707,1.233145,-0.024101,0.000000,0.000000,0.000000
0.000000,0.227645,1.233145,-0.024101,0.000000,0.000000,0.000000
0.000000,0.227860,1.233145,-0.024101,0.000000,0.000000,0.000000
0.000000,0.227860,1.233145,-0.024101,0.000000,0.000000,0.000000
0.000000,0.227631,1.233145,-0.024101,0.000000,0.000000,0.000000
0.000000,0.227631,1.233145,-0.024101,0.000000,0.000000,0.000000
0.000000,0.227695,1.233145,-0.024101,0.000000,0.000000,0.000000
0.000000,0.227703,1.233145,-0.024101,0.000000,0.000000,0.000000
0.000000,0.227703,1.233145,-0.024101,0.000000,0.000000,0.000000
0.000000,0.227766,1.233145,-0.024101,0.000000,0.000000,0.000000
0.000000,0.227766,1.233145,-0.024101,0.000000,0.000000,0.000000
0.000000,0.227883,1.233145,-0.024101,0.000000,0.000000,0.000000
0.000000,0.227580,1.233145,-0.024101,0.000000,0.000000,0.000000
0.000000,0.227580,1.233145,-0.024101,0.000000,0.000000,0.000000
0.000000,0.226767,1.233145,-0.024101,0.000000,0.000000,0.000000
0.000000,0.226767,1.233145,-0.024101,0.000000,0.000000,0.000000
0.000000,0.226769,1.233145,-0.024101,0.000000,0.000000,0.000000
0.000000,0.226798,1.233145,-0.024101,0.000000,0.000000,0.000000
0.000000,0.226798,1.233145,-0.024101,0.000000,0.000000,0.000000
0.000000,0.226861,1.233145,-0.024101,0.000000,0.000000,0.000000
0.000000,0.226861,1.233145,-0.024101,0.000000,0.000000,0.000000
0.000000,0.227061,1.233145,-0.024101,0.000000,0.000000,0.000000
0.000000,0.227550,1.233145,-0.024101,0.000000,0.000000,0.000000
0.000000,0.227550,1.233145,-0.024101,0.000000,0.000000,0.000000
0.000000,0.227841,1.233145,-0.024101,0.000000,0.000000,0.000000
0.000000,0.227841,1.233145,-0.024101,0.000000,0.000000,0.000000
0.000000,0.228086,1.233145,-0.024101,0.000000,0.000000,0.000000
0.000000,0.228062,1.233145,-0.024101,0.000000,0.000000,0.000000
0.000000,0.228062,1.233145,-0.024101,0.000000,0.000000,0.000000
0.000000,0.228186,1.233145,-0.024101,0.000000,0.000000,0.000000
0.000000,0.228186,1.233145,-0.024101,0.000000,0.000000,0.000000
0.000000,0.227926,1.233145,-0.024101,0.000000,0.000000,0.000000
0.000000,0.228110,1.233145,-0.024101,0.000000,0.000000,0.000000
0.000000,0.228110,1.233145,-0.024101,0.000000,0.000000,0.000000
0.000000,0.228412,1.233145,-0.024101,0.000000,0.000000,0.000000
0.000000,0.228412,1.233145,-0.024101,0.000000,0.000000,0.000000
0.000000,0.228383,1.233145,-0.024101,0.000000,0.000000,0.000000
0.000000,0.228344,1.233145,-0.024101,0.000000,0.000000,0.000000
0.000000,0.228344,1.233145,-0.024101,0.000000,0.000000,0.000000
0.000000,0.228224,1.233145,-0.024101,0.000000,0.000000,0.000000
0.000000,0.228224,1.233145,-0.024101,0.000000,0.000000,0.000000
0.000000,0.227692,1.233145,-0.024101,0.000000,0.000000,0.000000
0.000000,0.227329,1.233145,-0.024101,0.000000,0.000000,0.000000
0.000000,0.227329,1.233145,-0.024101,0.000000,0.000000,0.000000
0.000000,0.226490,1.233145,-0.024101,0.000000,0.000000,0.000000
0.000000,0.226490,1.233145,-0.024101,0.000000,0.000000,0.000000
0.000000,0.226431,1.233145,-0.024101,0.000000,0.000000,0.000000
0.000000,0.226603,1.233145,-0.024101,0.000000,0.000000,0.000000
0.000000,0.226603,1.233145,-0.024101,0.000000,0.000000,0.000000
0.000000,0.226910,1.233145,-0.024101,0.000000,0.000000,0.000000
0.000000,0.226910,1.233145,-0.024101,0.000000,0.000000,0.000000
0.000000,0.226703,1.233145,-0.024101,0.000000,0.000000,0.000000
0.000000,0.226735,1.233145,-0.024101,0.000000,0.000000,0.000000
0.000000,0.226735,1.233145,-0.024101,0.000000,0.000000,0.000000
0.000000,0.226447,1.233145,-0.024101,0.000000,0.000000,0.000000
0.000000,0.226447,1.233145,-0.024101,0.000000,0.000000,0.000000
0.000000,0.226053,1.233145,-0.024101,0.000000,0.000000,0.000000
0.000000,0.225210,1.233145,-0.024101,0.000000,0.000000,0.000000
0.000000,0.225210,1.233145,-0.024101,0.000000,0.000000,0.000000
0.000000,0.224847,1.233145,-0.024101,0.000000,0.000000,0.000000
0.000000,0.224847,1.233145,-0.024101,0.000000,0.000000,0.000000
0.000000,0.224290,1.233145,-0.024101,0.000000,0.000000,0.000000
0.000000,0.224139,1.233145,-0.024101,0.000000,0.000000,0.000000
0.000000,0.224139,1.233145,-0.024101,0.000000,0.000000,0.000000
0.000000,0.223827,1.233145,-0.024101,0.000000,0.000000,0.000000
0.000000,0.223827,1.233145,-0.024101,0.000000,0.000000,0.000000
0.000000,0.223859,1.233145,-0.024101,0.000000,0.000000,0.000000
0.000000,0.223571,1.233145,-0.024101,0.000000,0.000000,0.000000
0.000000,0.223571,1.233145,-0.024101,0.000000,0.000000,0.000000
0.000000,0.223420,1.233145,-0.024101,0.000000,0.000000,0.000000
0.000000,0.223420,1.233145,-0.024101,0.000000,0.000000,0.000000
0.000000,0.222853,1.233145,-0.024101,0.000000,0.000000,0.000000
0.000000,0.222794,1.233145,-0.024101,0.000000,0.000000,0.000000
0.000000,0.222794,1.233145,-0.024101,0.000000,0.000000,0.000000
0.000000,0.222977,1.233145,-0.024101,0.000000,0.000000,0.000000
0.000000,0.222977,1.233145,-0.024101,0.000000,0.000000,0.000000
0.000000,0.223192,1.233145,-0.024101,0.000000,0.000000,0.000000
0.000000,0.222987,1.233145,-0.024101,0.000000,0.000000,0.000000
0.000000,0.222987,1.233145,-0.024101,0.000000,0.000000,0.000000
0.000000,0.223020,1.233145,-0.024101,0.000000,0.000000,0.000000
0.000000,0.223020,1.233145,-0.024101,0.000000,0.000000,0.000000
0.000000,0.223109,1.233145,-0.024101,0.000000,0.000000,0.000000
0.000000,0.223293,1.233145,-0.024101,0.000000,0.000000,0.000000
0.000000,0.223293,1.233145,-0.024101,0.000000,0.000000,0.000000
0.000000,0.223298,1.233145,-0.024101,0.000000,0.000000,0.000000
0.000000,0.223298,1.233145,-0.024101,0.000000,0.000000,0.000000
0.000000,0.223269,1.233145,-0.024101,0.000000,0.000000,0.000000
0.000000,0.222815,1.233145,-0.024101,0.000000,0.000000,0.000000
0.000000,0.222815,1.233145,-0.024101,0.000000,0.000000,0.000000
0.000000,0.222999,1.233145,-0.024101,0.000000,0.000000,0.000000
0.000000,0.222999,1.233145,-0.024101,0.000000,0.000000,0.000000
0.000000,0.223129,1.233145,-0.024101,0.000000,0.000000,0.000000
0.000000,0.223070,1.233145,-0.024101,0.000000,0.000000,0.000000
0.000000,0.223070,1.233145,-0.024101,0.000000,0.000000,0.000000
0.000000,0.223423,1.233145,-0.024101,0.000000,0.000000,0.000000
0.000000,0.223423,1.233145,-0.024101,0.000000,0.000000,0.000000
0.000000,0.223912,1.233145,-0.024101,0.000000,0.000000,0.000000
0.000000,0.224059,1.233145,-0.024101,0.000000,0.000000,0.000000
0.000000,0.224059,1.233145,-0.024101,0.000000,0.000000,0.000000
0.000000,0.223787,1.233145,-0.024101,0.000000,0.000000,0.000000
0.000000,0.223787,1.233145,-0.024101,0.000000,0.000000,0.000000
0.000000,0.222935,1.233145,-0.024101,0.000000,0.000000,0.000000
0.000000,0.222876,1.233145,-0.024101,0.000000,0.000000,0.000000
0.000000,0.222876,1.233145,-0.024101,0.000000,0.000000,0.000000
0.000000,0.222736,1.233145,-0.024101,0.000000,0.000000,0.000000
0.000000,0.222736,1.233145,-0.024101,0.000000,0.000000,0.000000
0.000000,0.222495,1.233145,-0.024101,0.000000,0.000000,0.000000
0.000000,0.221926,1.233145,-0.024101,0.000000,0.000000,0.000000
0.000000,0.221926,1.233145,-0.024101,0.000000,0.000000,0.000000
0.000000,0.221867,1.233145,-0.024101,0.000000,0.000000,0.000000
0.000000,0.221867,1.233145,-0.024101,0.000000,0.000000,0.000000
0.000000,0.221775,1.233145,-0.024101,0.000000,0.000000,0.000000
0.000000,0.221899,1.233145,-0.024101,0.000000,0.000000,0.000000
0.000000,0.221899,1.233145,-0.024101,0.000000,0.000000,0.000000
0.000000,0.221820,1.233145,-0.024101,0.000000,0.000000,0.000000
0.000000,0.221820,1.233145,-0.024101,0.000000,0.000000,0.000000
0.000000,0.222278,1.233145,-0.024101,0.000000,0.000000,0.000000
0.000000,0.222242,1.233145,-0.024101,0.000000,0.000000,0.000000
0.000000,0.222242,1.233145,-0.024101,0.000000,0.000000,0.000000
0.000000,0.222092,1.233145,-0.024101,0.000000,0.000000,0.000000
0.000000,0.222092,1.233145,-0.024101,0.000000,0.000000,0.000000
0.000000,0.222252,1.233145,-0.024101,0.000000,0.000000,0.000000
0.000000,0.222588,1.233145,-0.024101,0.000000,0.000000,0.000000
0.000000,0.222588,1.233145,-0.024101,0.000000,0.000000,0.000000
0.000000,0.222321,1.233145,-0.024101,0.000000,0.000000,0.000000
0.000000,0.222321,1.233145,-0.024101,0.000000,0.000000,0.000000
0.000000,0.222292,1.233145,-0.024101,0.000000,0.000000,0.000000
0.000000,0.221981,1.233145,-0.024101,0.000000,0.000000,0.000000
0.000000,0.221981,1.233145,-0.024101,0.000000,0.000000,0.000000
0.000000,0.222104,1.233145,-0.024101,0.000000,0.000000,0.000000
0.000000,0.222104,1.233145,-0.024101,0.000000,0.000000,0.000000
0.000000,0.222330,1.233145,-0.024101,0.000000,0.000000,0.000000
0.000000,0.222910,1.233145,-0.024101,0.000000,0.000000,0.000000
0.000000,0.222910,1.233145,-0.024101,0.000000,0.000000,0.000000
0.000000,0.222803,1.233145,-0.024101,0.000000,0.000000,0.000000
0.000000,0.222803,1.233145,-0.024101,0.000000,0.000000,0.000000
0.000000,0.222439,1.233145,-0.024101,0.000000,0.000000,0.000000
0.000000,0.221917,1.233145,-0.024101,0.000000,0.000000,0.000000
0.000000,0.221917,1.233145,-0.024101,0.000000,0.000000,0.000000
0.000000,0.222071,1.233145,-0.024101,0.000000,0.000000,0.000000
0.000000,0.222071,1.233145,-0.024101,0.000000,0.000000,0.000000
0.000000,0.222341,1.233145,-0.024101,0.000000,0.000000,0.000000
0.000000,0.222404,1.233145,-0.024101,0.000000,0.000000,0.000000
0.000000,0.222404,1.233145,-0.024101,0.000000,0.000000,0.000000
0.000000,0.222065,1.233145,-0.024101,0.000000,0.000000,0.000000
0.000000,0.222065,1.233145,-0.024101,0.000000,0.000000,0.000000
0.000000,0.222036,1.233145,-0.024101,0.000000,0.000000,0.000000
0.000000,0.221675,1.233145,-0.024101,0.000000,0.000000,0.000000
0.000000,0.221675,1.233145,-0.024101,0.000000,0.000000,0.000000
0.000000,0.221494,1.233145,-0.024101,0.000000,0.000000,0.000000
0.000000,0.221494,1.233145,-0.024101,0.000000,0.000000,0.000000
0.000000,0.221159,1.233145,-0.024101,0.000000,0.000000,0.000000
0.000000,0.221313,1.233145,-0.024101,0.000000,0.000000,0.000000
0.000000,0.221313,1.233145,-0.024101,0.000000,0.000000,0.000000
0.000000,0.221074,1.233145,-0.024101,0.000000,0.000000,0.000000
0.000000,0.221074,1.233145,-0.024101,0.000000,0.000000,0.000000
0.000000,0.221015,1.233145,-0.024101,0.000000,0.000000,0.000000
0.000000,0.220896,1.233145,-0.024101,0.000000,0.000000,0.000000
0.000000,0.220896,1.233145,-0.024101,0.000000,0.000000,0.000000
0.000000,0.220989,1.233145,-0.024101,0.000000,0.000000,0.000000
0.000000,0.220989,1.233145,-0.024101,0.000000,0.000000,0.000000
0.000000,0.220628,1.233145,-0.024101,0.000000,0.000000,0.000000
0.000000,0.220325,1.233145,-0.024101,0.000000,0.000000,0.000000
0.000000,0.220325,1.233145,-0.024101,0.000000,0.000000,0.000000
0.000000,0.219932,1.233145,-0.024101,0.000000,0.000000,0.000000
0.000000,0.219932,1.233145,-0.024101,0.000000,0.000000,0.000000
0.000000,0.220086,1.233145,-0.024101,0.000000,0.000000,0.000000
0.000000,0.220291,1.233145,-0.024101,0.000000,0.000000,0.000000
0.000000,0.220291,1.233145,-0.024101,0.000000,0.000000,0.000000
0.000000,0.220779,1.233145,-0.024101,0.000000,0.000000,0.000000
0.000000,0.220779,1.233145,-0.024101,0.000000,0.000000,0.000000
0.000000,0.221271,1.233145,-0.024101,0.000000,0.000000,0.000000
0.000000,0.221607,1.233145,-0.024101,0.000000,0.000000,0.000000
0.000000,0.221607,1.233145,-0.024101,0.000000,0.000000,0.000000
0.000000,0.221235,1.233145,-0.024101,0.000000,0.000000,0.000000
0.000000,0.221235,1.233145,-0.024101,0.000000,0.000000,0.000000
0.000000,0.221175,1.233145,-0.024101,0.000000,0.000000,0.000000
0.000000,0.220474,1.233145,-0.024101,0.000000,0.000000,0.000000
0.000000,0.220474,1.233145,-0.024101,0.000000,0.000000,0.000000
0.000000,0.220323,1.233145,-0.024101,0.000000,0.000000,0.000000
0.000000,0.220323,1.233145,-0.024101,0.000000,0.000000,0.000000
0.000000,0.220112,1.233145,-0.024101,0.000000,0.000000,0.000000
0.000000,0.220144,1.233145,-0.024101,0.000000,0.000000,0.000000
0.000000,0.220144,1.233145,-0.024101,0.000000,0.000000,0.000000
0.000000,0.220157,1.233145,-0.024101,0.000000,0.000000,0.000000
0.000000,0.220157,1.233145,-0.024101,0.000000,0.000000,0.000000
0.000000,0.220311,1.233145,-0.024101,0.000000,0.000000,0.000000
0.000000,0.220281,1.233145,-0.024101,0.000000,0.000000,0.000000
0.000000,0.220281,1.233145,-0.024101,0.000000,0.000000,0.000000
0.000000,0.220465,1.233145,-0.024101,0.000000,0.000000,0.000000
0.000000,0.220465,1.233145,-0.024101,0.000000,0.000000,0.000000
0.000000,0.220488,1.233145,-0.024101,0.000000,0.000000,0.000000
0.000000,0.220398,1.233145,-0.024101,0.000000,0.000000,0.000000
0.000000,0.220398,1.233145,-0.024101,0.000000,0.000000,0.000000
0.000000,0.219617,1.233145,-0.024101,0.000000,0.000000,0.000000
0.000000,0.219617,1.233145,-0.024101,0.000000,0.000000,0.000000
0.000000,0.219405,1.233145,-0.024101,0.000000,0.000000,0.000000
0.000000,0.219381,1.233145,-0.024101,0.000000,0.000000,0.000000
0.000000,0.219381,1.233145,-0.024101,0.000000,0.000000,0.000000
0.000000,0.219169,1.233145,-0.024101,0.000000,0.000000,0.000000
0.000000,0.219169,1.233145,-0.024101,0.000000,0.000000,0.000000
0.000000,0.218551,1.233145,-0.024101,0.000000,0.000000,0.000000
0.000000,0.218430,1.233145,-0.024101,0.000000,0.000000,0.000000
0.000000,0.218430,1.233145,-0.024101,0.000000,0.000000,0.000000
0.000000,0.218260,1.233145,-0.024101,0.000000,0.000000,0.000000
0.000000,0.218260,1.233145,-0.024101,0.000000,0.000000,0.000000
0.000000,0.218535,1.233145,-0.024101,0.000000,0.000000,0.000000
0.000000,0.218404,1.233145,-0.024101,0.000000,0.000000,0.000000
0.000000,0.218404,1.233145,-0.024101,0.000000,0.000000,0.000000
0.000000,0.218466,1.233145,-0.024101,0.000000,0.000000,0.000000
0.000000,0.218466,1.233145,-0.024101,0.000000,0.000000,0.000000
0.000000,0.218360,1.233145,-0.024101,0.000000,0.000000,0.000000
0.000000,0.218605,1.233145,-0.024101,0.000000,0.000000,0.000000
0.000000,0.218605,1.233145,-0.024101,0.000000,0.000000,0.000000
0.000000,0.218269,1.233145,-0.024101,0.000000,0.000000,0.000000
0.000000,0.218269,1.233145,-0.024101,0.000000,0.000000,0.000000
0.000000,0.218179,1.233145,-0.024101,0.000000,0.000000,0.000000
0.000000,0.218012,1.233145,-0.024101,0.000000,0.000000,0.000000
0.000000,0.218012,1.233145,-0.024101,0.000000,0.000000,0.000000
0.000000,0.218470,1.233145,-0.024101,0.000000,0.000000,0.000000
0.000000,0.218470,1.233145,-0.024101,0.000000,0.000000,0.000000
0.000000,0.218610,1.233145,-0.024101,0.000000,0.000000,0.000000
0.000000,0.218611,1.233145,-0.024101,0.000000,0.000000,0.000000
0.000000,0.218611,1.233145,-0.024101,0.000000,0.000000,0.000000
0.000000,0.218268,1.233145,-0.024101,0.000000,0.000000,0.000000
0.000000,0.218268,1.233145,-0.024101,0.000000,0.000000,0.000000
0.000000,0.218390,1.233145,-0.024101,0.000000,0.000000,0.000000
0.000000,0.218295,1.233145,-0.024101,0.000000,0.000000,0.000000
0.000000,0.218295,1.233145,-0.024101,0.000000,0.000000,0.000000
0.000000,0.218326,1.233145,-0.024101,0.000000,0.000000,0.000000
0.000000,0.218326,1.233145,-0.024101,0.000000,0.000000,0.000000
0.000000,0.218069,1.233145,-0.024101,0.000000,0.000000,0.000000
0.000000,0.218070,1.233145,-0.024101,0.000000,0.000000,0.000000
0.000000,0.218070,1.233145,-0.024101,0.000000,0.000000,0.000000
0.000000,0.218019,1.233145,-0.024101,0.000000,0.000000,0.000000
0.000000,0.218019,1.233145,-0.024101,0.000000,0.000000,0.000000
0.000000,0.218324,1.233145,-0.024101,0.000000,0.000000,0.000000
0.000000,0.218723,1.233145,-0.024101,0.000000,0.000000,0.000000
0.000000,0.218723,1.233145,-0.024101,0.000000,0.000000,0.000000
0.000000,0.218967,1.233145,-0.024101,0.000000,0.000000,0.000000
0.000000,0.218967,1.233145,-0.024101,0.000000,0.000000,0.000000
0.000000,0.219039,1.233145,-0.024101,0.000000,0.000000,0.000000
0.000000,0.219132,1.233145,-0.024101,0.000000,0.000000,0.000000
0.000000,0.219132,1.233145,-0.024101,0.000000,0.000000,0.000000
0.000000,0.218945,1.233145,-0.024101,0.000000,0.000000,0.000000
0.000000,0.218945,1.233145,-0.024101,0.000000,0.000000,0.000000
0.000000,0.218854,1.233145,-0.024101,0.000000,0.000000,0.000000
0.000000,0.218313,1.233145,-0.024101,0.000000,0.000000,0.000000
0.000000,0.218313,1.233145,-0.024101,0.000000,0.000000,0.000000
0.000000,0.218253,1.233145,-0.024101,0.000000,0.000000,0.000000
0.000000,0.218253,1.233145,-0.024101,0.000000,0.000000,0.000000
0.000000,0.217604,1.233145,-0.024101,0.000000,0.000000,0.000000
0.000000,0.217605,1.233145,-0.024101,0.000000,0.000000,0.000000
0.000000,0.217605,1.233145,-0.024101,0.000000,0.000000,0.000000
0.000000,0.216967,1.233145,-0.024101,0.000000,0.000000,0.000000
0.000000,0.216967,1.233145,-0.024101,0.000000,0.000000,0.000000
0.000000,0.216450,1.233145,-0.024101,0.000000,0.000000,0.000000
0.000000,0.216153,1.233145,-0.024101,0.000000,0.000000,0.000000
0.000000,0.216153,1.233145,-0.024101,0.000000,0.000000,0.000000
0.000000,0.216245,1.233145,-0.024101,0.000000,0.000000,0.000000
0.000000,0.216245,1.233145,-0.024101,0.000000,0.000000,0.000000
0.000000,0.215711,1.233145,-0.024101,0.000000,0.000000,0.000000
0.000000,0.215255,1.233145,-0.024101,0.000000,0.000000,0.000000
0.000000,0.215255,1.233145,-0.024101,0.000000,0.000000,0.000000
0.000000,0.214415,1.233145,-0.024101,0.000000,0.000000,0.000000
0.000000,0.214415,1.233145,-0.024101,0.000000,0.000000,0.000000
0.000000,0.214295,1.233145,-0.024101,0.000000,0.000000,0.000000
0.000000,0.214513,1.233145,-0.024101,0.000000,0.000000,0.000000
0.000000,0.214513,1.233145,-0.024101,0.000000,0.000000,0.000000
0.000000,0.214728,1.233145,-0.024101,0.000000,0.000000,0.000000
0.000000,0.214728,1.233145,-0.024101,0.000000,0.000000,0.000000
0.000000,0.214475,1.233145,-0.024101,0.000000,0.000000,0.000000
0.000000,0.214476,1.233145,-0.024101,0.000000,0.000000,0.000000
0.000000,0.214476,1.233145,-0.024101,0.000000,0.000000,0.000000
0.000000,0.214282,1.233145,-0.024101,0.000000,0.000000,0.000000
0.000000,0.214282,1.233145,-0.024101,0.000000,0.000000,0.000000
0.000000,0.214192,1.233145,-0.024101,0.000000,0.000000,0.000000
0.000000,0.213709,1.233145,-0.024101,0.000000,0.000000,0.000000
0.000000,0.213709,1.233145,-0.024101,0.000000,0.000000,0.000000
0.000000,0.213497,1.233145,-0.024101,0.000000,0.000000,0.000000
0.000000,0.213497,1.233145,-0.024101,0.000000,0.000000,0.000000
0.000000,0.213083,1.233145,-0.024101,0.000000,0.000000,0.000000
0.000000,0.213175,1.233145,-0.024101,0.000000,0.000000,0.000000
0.000000,0.213175,1.233145,-0.024101,0.000000,0.000000,0.000000
0.000000,0.213143,1.233145,-0.024101,0.000000,0.000000,0.000000
0.000000,0.213143,1.233145,-0.024101,0.000000,0.000000,0.000000
0.000000,0.213084,1.233145,-0.024101,0.000000,0.000000,0.000000
0.000000,0.212661,1.233145,-0.024101,0.000000,0.000000,0.000000
0.000000,0.212661,1.233145,-0.024101,0.000000,0.000000,0.000000
0.000000,0.212753,1.233145,-0.024101,0.000000,0.000000,0.000000
0.000000,0.212753,1.233145,-0.024101,0.000000,0.000000,0.000000
0.000000,0.212817,1.233145,-0.024101,0.000000,0.000000,0.000000
0.000000,0.212574,1.233145,-0.024101,0.000000,0.000000,0.000000
0.000000,0.212574,1.233145,-0.024101,0.000000,0.000000,0.000000
0.000000,0.212173,1.233145,-0.024101,0.000000,0.000000,0.000000
0.000000,0.212173,1.233145,-0.024101,0.000000,0.000000,0.000000
0.000000,0.212235,1.233145,-0.024101,0.000000,0.000000,0.000000
0.000000,0.211991,1.233145,-0.024101,0.000000,0.000000,0.000000
0.000000,0.211991,1.233145,-0.024101,0.000000,0.000000,0.000000
0.000000,0.211779,1.233145,-0.024101,0.000000,0.000000,0.000000
0.000000,0.211779,1.233145,-0.024101,0.000000,0.000000,0.000000
0.000000,0.211560,1.233145,-0.024101,0.000000,0.000000,0.000000
0.000000,0.211652,1.233145,-0.024101,0.000000,0.000000,0.000000
0.000000,0.211652,1.233145,-0.024101,0.000000,0.000000,0.000000
0.000000,0.211367,1.233145,-0.024101,0.000000,0.000000,0.000000
0.000000,0.211367,1.233145,-0.024101,0.000000,0.000000,0.000000
0.000000,0.211368,1.233145,-0.024101,0.000000,0.000000,0.000000
0.000000,0.210741,1.233145,-0.024101,0.000000,0.000000,0.000000
0.000000,0.210741,1.233145,-0.024101,0.000000,0.000000,0.000000
0.000000,0.210346,1.233145,-0.024101,0.000000,0.000000,0.000000
0.000000,0.210346,1.233145,-0.024101,0.000000,0.000000,0.000000
0.000000,0.209973,1.233145,-0.024101,0.000000,0.000000,0.000000
0.000000,0.210248,1.233145,-0.024101,0.000000,0.000000,0.000000
0.000000,0.210248,1.233145,-0.024101,0.000000,0.000000,0.000000
0.000000,0.210733,1.233145,-0.024101,0.000000,0.000000,0.000000
0.000000,0.210733,1.233145,-0.024101,0.000000,0.000000,0.000000
0.000000,0.211160,1.233145,-0.024101,0.000000,0.000000,0.000000
0.000000,0.211233,1.233145,-0.024101,0.000000,0.000000,0.000000
0.000000,0.211233,1.233145,-0.024101,0.000000,0.000000,0.000000
0.000000,0.211234,1.233145,-0.024101,0.000000,0.000000,0.000000
0.000000,0.211234,1.233145,-0.024101,0.000000,0.000000,0.000000
0.000000,0.210922,1.233145,-0.024101,0.000000,0.000000,0.000000
0.000000,0.210558,1.233145,-0.024101,0.000000,0.000000,0.000000
0.000000,0.210558,1.233145,-0.024101,0.000000,0.000000,0.000000
0.000000,0.209854,1.233145,-0.024101,0.000000,0.000000,0.000000
0.000000,0.209854,1.233145,-0.024101,0.000000,0.000000,0.000000
