I0,I1,I2,I3,I4,I5,I6
0,93.007507,-0.397825,1.532412,0,0,0
0,93.007507,-0.397825,1.532412,0,0,0
0,93.00293,-0.397825,1.532412,0,0,0
0,93.00293,-0.397825,1.532412,0,0,0
0,92.995911,-0.397825,1.532412,0,0,0
0,92.993195,-0.397825,1.532412,0,0,0
0,92.993195,-0.397825,1.532412,0,0,0
0,92.989616,-0.397825,1.532412,0,0,0
0,92.989616,-0.397825,1.532412,0,0,0
0,92.986862,-0.397825,1.532412,0,0,0
0,92.978813,-0.397825,1.532412,0,0,0
0,92.978813,-0.397825,1.532412,0,0,0
0,92.972549,-0.397825,1.532412,0,0,0
0,92.972549,-0.397825,1.532412,0,0,0
0,92.964241,-0.39792,1.532412,0,0,0
0,92.960266,-0.39792,1.532412,0,0,0
0,92.960266,-0.39792,1.532412,0,0,0
0,92.956413,-0.39792,1.532412,0,0,0
0,92.956413,-0.39792,1.532412,0,0,0
0,92.955322,-0.39792,1.532412,0,0,0
0,92.95359,-0.39792,1.532412,0,0,0
0,92.95359,-0.39792,1.532412,0,0,0
0,92.95208,-0.39792,1.532412,0,0,0
0,92.95208,-0.39792,1.532412,0,0,0
0,92.950027,-0.39792,1.532412,0,0,0
0,92.949066,-0.39792,1.532412,0,0,0
0,92.949066,-0.39792,1.532412,0,0,0
0,92.947571,-0.39792,1.532412,0,0,0
0,92.947571,-0.39792,1.532412,0,0,0
0,92.946602,-0.39792,1.532412,0,0,0
0,92.945709,-0.39792,1.532412,0,0,0
0,92.945709,-0.39792,1.532412,0,0,0
0,92.945427,-0.39792,1.532412,0,0,0
0,92.945427,-0.39792,1.532412,0,0,0
0,92.945564,-0.39792,1.532412,0,0,0
0,92.946548,-0.39792,1.532412,0,0,0
0,92.946548,-0.39792,1.532412,0,0,0
0,92.94825,-0.39792,1.532412,0,0,0
0,92.94825,-0.39792,1.532412,0,0,0
0,92.949997,-0.39792,1.532412,0,0,0
0,92.951477,-0.39792,1.532412,0,0,0
0,92.951477,-0.39792,1.532412,0,0,0
0,92.952667,-0.39792,1.532412,0,0,0
0,92.952667,-0.39792,1.532412,0,0,0
0,92.954147,-0.39792,1.532412,0,0,0
0,92.955711,-0.39792,1.532412,0,0,0
0,92.955711,-0.39792,1.532508,0,0,0
0,92.956261,-0.39792,1.532508,0,0,0
0,92.956261,-0.39792,1.532508,0,0,0
0,92.956413,-0.398016,1.532508,0,0,0
0,92.954758,-0.398016,1.532508,0,0,0
0,92.954758,-0.398016,1.532508,0,0,0
0,92.953484,-0.398016,1.532508,0,0,0
0,92.953484,-0.398016,1.532508,0,0,0
0,92.949905,-0.398016,1.532508,0,0,0
0,92.946899,-0.398016,1.532508,0,0,0
0,92.946899,-0.398016,1.532508,0,0,0
0,92.940193,-0.398016,1.532508,0,0,0
0,92.940193,-0.398016,1.532508,0,0,0
0,92.935364,-0.398016,1.532508,0,0,0
0,92.927338,-0.398112,1.532508,0,0,0
0,92.927338,-0.398112,1.532508,0,0,0
0,92.922325,-0.398112,1.532508,0,0,0
0,92.922325,-0.398112,1.532508,0,0,0
0,92.918495,-0.398112,1.532508,0,0,0
0,92.918442,-0.398112,1.532508,0,0,0
0,92.918442,-0.398112,1.532604,0,0,0
0,92.921478,-0.398112,1.532604,0,0,0
0,92.921478,-0.398112,1.532604,0,0,0
0,92.922905,-0.398112,1.532604,0,0,0
0,92.926392,-0.398112,1.532604,0,0,0
0,92.926392,-0.398112,1.532604,0,0,0
0,92.930023,-0.398112,1.532604,0,0,0
0,92.930023,-0.398112,1.532604,0,0,0
0,92.935493,-0.398112,1.532604,0,0,0
0,92.938133,-0.398112,1.532604,0,0,0
0,92.938133,-0.398112,1.532604,0,0,0
0,92.942719,-0.398112,1.532604,0,0,0
0,92.942719,-0.398112,1.532604,0,0,0
0,92.944534,-0.398112,1.532604,0,0,0
0,92.945351,-0.398112,1.532604,0,0,0
0,92.945351,-0.398112,1.532604,0,0,0
0,92.946465,-0.398112,1.532604,0,0,0
0,92.946465,-0.398112,1.532604,0,0,0
0,92.94696,-0.398112,1.532604,0,0,0
0,92.945412,-0.398112,1.532604,0,0,0
0,92.945412,-0.398112,1.532604,0,0,0
0,92.942268,-0.398112,1.532604,0,0,0
0,92.942268,-0.398112,1.532604,0,0,0
0,92.940353,-0.398112,1.532604,0,0,0
0,92.936028,-0.398112,1.532604,0,0,0
0,92.936028,-0.398112,1.532604,0,0,0
0,92.933594,-0.398112,1.532604,0,0,0
0,92.933594,-0.398112,1.532604,0,0,0
0,92.931557,-0.398112,1.532604,0,0,0
0,92.930244,-0.398112,1.532604,0,0,0
0,92.930244,-0.398112,1.532604,0,0,0
0,92.92762,-0.398112,1.532604,0,0,0
0,92.92762,-0.398112,1.532604,0,0,0
0,92.925674,-0.398112,1.532604,0,0,0
0,92.921738,-0.398112,1.532604,0,0,0
0,92.921738,-0.398112,1.532604,0,0,0
0,92.91861,-0.398112,1.532604,0,0,0
0,92.91861,-0.398112,1.532604,0,0,0
0,92.913658,-0.398112,1.532604,0,0,0
0,92.910515,-0.398112,1.532604,0,0,0
0,92.910515,-0.398112,1.532604,0,0,0
0,92.906868,-0.398112,1.532604,0,0,0
0,92.906868,-0.398112,1.532604,0,0,0
0,92.904884,-0.398112,1.532604,0,0,0
0,92.902275,-0.398112,1.532604,0,0,0
0,92.902275,-0.398112,1.532604,0,0,0
0,92.900497,-0.398112,1.532604,0,0,0
0,92.900497,-0.398112,1.532604,0,0,0
0,92.898308,-0.398112,1.532604,0,0,0
0,92.897385,-0.398112,1.532604,0,0,0
0,92.897385,-0.398112,1.532604,0,0,0
0,92.895973,-0.398112,1.532604,0,0,0
0,92.895973,-0.398112,1.532604,0,0,0
0,92.895874,-0.398112,1.532604,0,0,0
0,92.894943,-0.398112,1.532604,0,0,0
0,92.894943,-0.398112,1.532604,0,0,0
0,92.894669,-0.398112,1.532604,0,0,0
0,92.894669,-0.398112,1.532604,0,0,0
0,92.894798,-0.398112,1.532604,0,0,0
0,92.89521,-0.398112,1.532604,0,0,0
0,92.89521,-0.398112,1.532604,0,0,0
0,92.894775,-0.398112,1.532604,0,0,0
0,92.894775,-0.398112,1.532604,0,0,0
0,92.894783,-0.398112,1.532604,0,0,0
0,92.894188,-0.398112,1.532604,0,0,0
0,92.894188,-0.398112,1.532604,0,0,0
0,92.893692,-0.398112,1.532604,0,0,0
0,92.893692,-0.398112,1.532604,0,0,0
0,92.892311,-0.398112,1.532604,0,0,0
0,92.891357,-0.398112,1.532604,0,0,0
0,92.891357,-0.398112,1.532604,0,0,0
0,92.889977,-0.398112,1.532604,0,0,0
0,92.889977,-0.398112,1.532604,0,0,0
0,92.888618,-0.398112,1.532604,0,0,0
0,92.886154,-0.398112,1.532604,0,0,0
0,92.886154,-0.398112,1.532604,0,0,0
0,92.884338,-0.398112,1.532604,0,0,0
0,92.884338,-0.398112,1.532604,0,0,0
0,92.881668,-0.398016,1.532604,0,0,0
0,92.879913,-0.398016,1.532604,0,0,0
0,92.879913,-0.398016,1.532604,0,0,0
0,92.877853,-0.398016,1.532604,0,0,0
0,92.877853,-0.398016,1.532604,0,0,0
0,92.876297,-0.398016,1.532604,0,0,0
0,92.873856,-0.398016,1.532604,0,0,0
0,92.873856,-0.398016,1.532604,0,0,0
0,92.87114,-0.398016,1.532604,0,0,0
0,92.87114,-0.39792,1.532604,0,0,0
0,92.865166,-0.39792,1.532604,0,0,0
0,92.85936,-0.39792,1.532604,0,0,0
0,92.85936,-0.397825,1.532604,0,0,0
0,92.851524,-0.397825,1.532604,0,0,0
0,92.851524,-0.397825,1.532604,0,0,0
0,92.846596,-0.397825,1.532604,0,0,0
0,92.839424,-0.397825,1.532604,0,0,0
0,92.839424,-0.397728,1.532604,0,0,0
0,92.833267,-0.397633,1.532604,0,0,0
0,92.833267,-0.397633,1.532604,0,0,0
0,92.822365,-0.397537,1.532604,0,0,0
0,92.814087,-0.397441,1.532604,0,0,0
0,92.814087,-0.397345,1.532604,0,0,0
0,92.802986,-0.397249,1.532604,0,0,0
0,92.802986,-0.397153,1.532604,0,0,0
0,92.795135,-0.397058,1.532604,0,0,0
0,92.782784,-0.396866,1.532604,0,0,0
0,92.782784,-0.396674,1.532508,0,0,0
0,92.773209,-0.396387,1.532508,0,0,0
0,92.773209,-0.396195,1.532508,0,0,0
0,92.757416,-0.395908,1.532412,0,0,0
0,92.744484,-0.395716,1.532412,0,0,0
0,92.744484,-0.395429,1.532412,0,0,0
0,92.721786,-0.395333,1.532316,0,0,0
0,92.721786,-0.395045,1.532316,0,0,0
0,92.70356,-0.394949,1.532316,0,0,0
0,92.675934,-0.394758,1.532316,0,0,0
0,92.675934,-0.394566,1.532316,0,0,0
0,92.65818,-0.394375,1.532316,0,0,0
0,92.65818,-0.394183,1.532316,0,0,0
0,92.636078,-0.3938,1.532316,0,0,0
0,92.622086,-0.393608,1.532221,0,0,0
0,92.622086,-0.393129,1.532221,0,0,0
0,92.599823,-0.392841,1.532125,0,0,0
0,92.599823,-0.392458,1.532125,0,0,0
0,92.581718,-0.392267,1.532125,0,0,0
0,92.549248,-0.391979,1.532029,0,0,0
0,92.549248,-0.391787,1.532029,0,0,0
0,92.523277,-0.391404,1.532029,0,0,0
0,92.523277,-0.391212,1.532029,0,0,0
0,92.487595,-0.390733,1.532029,0,0,0
0,92.467392,-0.390446,1.532029,0,0,0
0,92.467392,-0.389966,1.532029,0,0,0
0,92.442108,-0.389775,1.531933,0,0,0
0,92.442108,-0.389392,1.531933,0,0,0
0,92.423119,-0.3892,1.531933,0,0,0
0,92.385994,-0.388912,1.531933,0,0,0
0,92.385994,-0.388625,1.531837,0,0,0
0,92.35733,-0.388146,1.531837,0,0,0
0,92.35733,-0.387858,1.531741,0,0,0
0,92.319977,-0.387188,1.531741,0,0,0
0,92.298454,-0.3869,1.531741,0,0,0
0,92.298454,-0.386517,1.531741,0,0,0
0,92.26635,-0.386325,1.531645,0,0,0
0,92.26635,-0.385846,1.531645,0,0,0
0,92.240219,-0.385559,1.531645,0,0,0
0,92.196541,-0.384888,1.531645,0,0,0
0,92.196541,-0.384505,1.531645,0,0,0
0,92.168571,-0.383929,1.531645,0,0,0
0,92.168571,-0.383834,1.531645,0,0,0
0,92.133865,-0.383546,1.531645,0,0,0
0,92.110153,-0.383355,1.531645,0,0,0
0,92.110153,-0.382971,1.531645,0,0,0
0,92.066414,-0.382684,1.531645,0,0,0
0,92.066414,-0.382013,1.531645,0,0,0
0,92.036194,-0.381725,1.531645,0,0,0
0,91.999046,-0.381342,1.531645,0,0,0
0,91.999046,-0.38115,1.531645,0,0,0
0,91.979683,-0.380959,1.531645,0,0,0
0,91.979683,-0.380767,1.531549,0,0,0
0,91.948174,-0.380384,1.531549,0,0,0
0,91.923302,-0.380192,1.531549,0,0,0
0,91.923302,-0.379713,1.531549,0,0,0
0,91.888985,-0.379521,1.531549,0,0,0
0,91.888985,-0.379042,1.531549,0,0,0
0,91.873459,-0.378851,1.531549,0,0,0
0,91.851082,-0.378563,1.531549,0,0,0
0,91.851082,-0.378467,1.531453,0,0,0
0,91.828644,-0.37818,1.531453,0,0,0
0,91.828644,-0.378084,1.531358,0,0,0
0,91.781822,-0.377797,1.531358,0,0,0
0,91.754257,-0.377701,1.531262,0,0,0
0,91.754257,-0.377509,1.531262,0,0,0
0,91.72963,-0.377413,1.531262,0,0,0
0,91.72963,-0.37703,1.531166,0,0,0
0,91.717896,-0.376838,1.53107,0,0,0
0,91.692322,-0.376455,1.53107,0,0,0
0,91.692322,-0.376168,1.530975,0,0,0
0,91.67099,-0.375784,1.530879,0,0,0
0,91.67099,-0.375592,1.530687,0,0,0
0,91.636719,-0.375209,1.530495,0,0,0
0,91.61409,-0.375113,1.530112,0,0,0
0,91.61409,-0.374634,1.529824,0,0,0
0,91.579956,-0.374347,1.529249,0,0,0
0,91.579956,-0.373676,1.528962,0,0,0
0,91.556976,-0.373389,1.528675,0,0,0
0,91.522255,-0.37291,1.528579,0,0,0
0,91.522255,-0.372718,1.528387,0,0,0
0,91.494926,-0.372239,1.528291,0,0,0
0,91.494926,-0.372047,1.5281,0,0,0
0,91.442444,-0.371376,1.527908,0,0,0
0,91.404747,-0.370993,1.527716,0,0,0
0,91.404747,-0.370226,1.527525,0,0,0
0,91.358795,-0.369939,1.527141,0,0,0
0,91.358795,-0.369364,1.526854,0,0,0
0,91.333176,-0.369076,1.52647,0,0,0
0,91.292183,-0.368406,1.526375,0,0,0
0,91.292183,-0.368022,1.526183,0,0,0
0,91.258453,-0.367256,1.526088,0,0,0
0,91.258453,-0.366968,1.526088,0,0,0
0,91.205322,-0.366393,1.526088,0,0,0
0,91.169739,-0.366106,1.526088,0,0,0
0,91.169739,-0.365435,1.526088,0,0,0
0,91.121246,-0.365052,1.526088,0,0,0
0,91.121246,-0.364381,1.526088,0,0,0
0,91.088531,-0.364093,1.526088,0,0,0
0,91.037437,-0.363614,1.526088,0,0,0
0,91.037437,-0.363327,1.526088,0,0,0
0,91.000832,-0.362656,1.526088,0,0,0
0,91.000832,-0.362273,1.526088,0,0,0
0,90.947899,-0.361602,1.526088,0,0,0
0,90.913063,-0.36141,1.526088,0,0,0
0,90.913063,-0.360835,1.526088,0,0,0
0,90.86071,-0.360452,1.526088,0,0,0
0,90.86071,-0.359685,1.526088,0,0,0
0,90.824707,-0.359302,1.526088,0,0,0
0,90.770561,-0.358631,1.526088,0,0,0
0,90.770561,-0.358344,1.526088,0,0,0
0,90.7351,-0.357769,1.526088,0,0,0
0,90.7351,-0.357386,1.526088,0,0,0
0,90.680832,-0.356427,1.526088,0,0,0
0,90.64399,-0.356044,1.526088,0,0,0
0,90.64399,-0.355373,1.526088,0,0,0
0,90.591614,-0.354894,1.526088,0,0,0
0,90.591614,-0.354032,1.526088,0,0,0
0,90.558098,-0.353648,1.526088,0,0,0
0,90.50676,-0.352882,1.526088,0,0,0
0,90.50676,-0.352403,1.526088,0,0,0
0,90.469643,-0.35154,1.526088,0,0,0
0,90.469643,-0.351157,1.526088,0,0,0
0,90.407547,-0.350294,1.526088,0,0,0
0,90.363182,-0.349911,1.526088,0,0,0
0,90.363182,-0.349144,1.526088,0,0,0
0,90.295258,-0.348761,1.526088,0,0,0
0,90.295258,-0.347899,1.526088,0,0,0
0,90.247932,-0.347515,1.526088,0,0,0
0,90.17643,-0.346844,1.526088,0,0,0
0,90.17643,-0.346461,1.526088,0,0,0
0,90.128853,-0.345599,1.526088,0,0,0
0,90.128853,-0.345216,1.526088,0,0,0
0,90.05838,-0.344545,1.526088,0,0,0
0,90.012459,-0.344162,1.526088,0,0,0
0,90.012459,-0.343395,1.526088,0,0,0
0,89.946259,-0.343012,1.526088,0,0,0
0,89.946259,-0.342245,1.526088,0,0,0
0,89.903717,-0.341862,1.526088,0,0,0
0,89.844086,-0.341095,1.526088,0,0,0
0,89.844086,-0.340712,1.526088,0,0,0
0,89.805374,-0.339753,1.526088,0,0,0
0,89.805374,-0.33937,1.526088,0,0,0
0,89.74575,-0.338603,1.526088,0,0,0
0,89.703964,-0.33822,1.526088,0,0,0
0,89.703964,-0.337262,1.526088,0,0,0
0,89.637947,-0.336783,1.526088,0,0,0
0,89.637947,-0.335921,1.526088,0,0,0
0,89.593094,-0.335441,1.526088,0,0,0
0,89.524948,-0.334579,1.526088,0,0,0
0,89.524948,-0.334195,1.526088,0,0,0
0,89.478203,-0.333429,1.526088,0,0,0
0,89.478203,-0.333045,1.526088,0,0,0
0,89.406433,-0.332183,1.526088,0,0,0
0,89.358078,-0.3318,1.526088,0,0,0
0,89.358078,-0.330937,1.526088,0,0,0
0,89.288399,-0.330554,1.526088,0,0,0
0,89.288399,-0.329787,1.526088,0,0,0
0,89.242805,-0.329308,1.526088,0,0,0
0,89.173691,-0.328542,1.526088,0,0,0
0,89.173691,-0.328063,1.526088,0,0,0
0,89.126053,-0.3272,1.526088,0,0,0
0,89.126053,-0.326721,1.526088,0,0,0
0,89.053894,-0.325763,1.526088,0,0,0
0,89.005508,-0.325379,1.526088,0,0,0
0,89.005508,-0.324517,1.526088,0,0,0
0,88.933212,-0.324038,1.526088,0,0,0
0,88.933212,-0.32308,1.526088,0,0,0
0,88.883057,-0.322601,1.526088,0,0,0
0,88.806534,-0.321642,1.526088,0,0,0
0,88.806534,-0.321067,1.526088,0,0,0
0,88.755081,-0.320013,1.526088,0,0,0
0,88.755081,-0.319534,1.526088,0,0,0
0,88.678452,-0.31848,1.526088,0,0,0
0,88.62558,-0.318001,1.526088,0,0,0
0,88.62558,-0.317042,1.526088,0,0,0
0,88.543442,-0.316563,1.526088,0,0,0
0,88.543442,-0.315509,1.526088,0,0,0
0,88.486977,-0.31503,1.526088,0,0,0
0,88.404938,-0.314168,1.526088,0,0,0
0,88.404938,-0.313689,1.526088,0,0,0
0,88.351166,-0.312826,1.526088,0,0,0
0,88.351166,-0.312347,1.526088,0,0,0
0,88.273277,-0.311485,1.526088,0,0,0
0,88.222214,-0.311005,1.526088,0,0,0
0,88.222214,-0.310047,1.526088,0,0,0
0,88.147911,-0.309472,1.526088,0,0,0
0,88.147911,-0.308514,1.526088,0,0,0
0,88.098854,-0.307939,1.526088,0,0,0
0,88.025467,-0.306789,1.526088,0,0,0
0,88.025467,-0.30631,1.526088,0,0,0
0,87.974197,-0.30516,1.526088,0,0,0
0,87.974197,-0.304585,1.526088,0,0,0
0,87.893593,-0.303531,1.526088,0,0,0
0,87.836601,-0.302956,1.526088,0,0,0
0,87.836601,-0.301806,1.526088,0,0,0
0,87.749107,-0.301327,1.526088,0,0,0
0,87.749107,-0.300369,1.526088,0,0,0
0,87.689827,-0.299794,1.526088,0,0,0
0,87.603157,-0.298836,1.526088,0,0,0
0,87.603157,-0.298356,1.526088,0,0,0
0,87.546577,-0.297398,1.526088,0,0,0
0,87.546577,-0.296919,1.526088,0,0,0
0,87.464798,-0.295865,1.526088,0,0,0
0,87.411461,-0.295386,1.526088,0,0,0
0,87.411461,-0.294427,1.526088,0,0,0
0,87.332169,-0.293948,1.526088,0,0,0
0,87.332169,-0.292894,1.526088,0,0,0
0,87.27803,-0.292319,1.526088,0,0,0
0,87.195709,-0.291169,1.526088,0,0,0
0,87.195709,-0.290594,1.526088,0,0,0
0,87.139687,-0.289444,1.526088,0,0,0
0,87.139687,-0.288965,1.526088,0,0,0
0,87.053276,-0.287624,1.526088,0,0,0
0,86.992607,-0.287049,1.526088,0,0,0
0,86.992607,-0.285899,1.526088,0,0,0
0,86.898117,-0.285324,1.526088,0,0,0
0,86.898117,-0.28427,1.526088,0,0,0
0,86.83223,-0.283695,1.526088,0,0,0
0,86.732407,-0.282641,1.526088,0,0,0
0,86.732407,-0.282066,1.526088,0,0,0
0,86.665894,-0.281107,1.526088,0,0,0
0,86.665894,-0.280628,1.526088,0,0,0
0,86.570396,-0.279766,1.526088,0,0,0
0,86.509132,-0.279287,1.526088,0,0,0
0,86.509132,-0.278329,1.526088,0,0,0
0,86.420219,-0.277849,1.526088,0,0,0
0,86.420219,-0.276795,1.526088,0,0,0
0,86.361885,-0.27622,1.526088,0,0,0
0,86.274796,-0.275166,1.526088,0,0,0
0,86.274796,-0.274591,1.526088,0,0,0
0,86.216171,-0.273346,1.526088,0,0,0
0,86.216171,-0.27277,1.525992,0,0,0
0,86.124321,-0.271525,1.525992,0,0,0
0,86.05954,-0.270854,1.525992,0,0,0
0,86.05954,-0.269608,1.525992,0,0,0
0,85.959236,-0.269033,1.525992,0,0,0
0,85.959236,-0.267787,1.525992,0,0,0
0,85.89035,-0.267308,1.525992,0,0,0
0,85.78743,-0.266254,1.525992,0,0,0
0,85.78743,-0.265679,1.525992,0,0,0
0,85.718475,-0.264721,1.525992,0,0,0
0,85.718475,-0.264242,1.525992,0,0,0
0,85.620453,-0.263188,1.525992,0,0,0
0,85.557304,-0.262613,1.525896,0,0,0
0,85.557304,-0.26175,1.525896,0,0,0
0,85.46524,-0.261271,1.525896,0,0,0
0,85.46524,-0.260217,1.525896,0,0,0
0,85.402565,-0.259547,1.525896,0,0,0
0,85.306114,-0.258492,1.525896,0,0,0
0,85.306114,-0.257822,1.525896,0,0,0
0,85.239685,-0.25648,1.5258,0,0,0
0,85.239685,-0.255905,1.5258,0,0,0
0,85.13781,-0.254468,1.5258,0,0,0
0,85.066231,-0.253797,1.5258,0,0,0
0,85.066231,-0.252455,1.5258,0,0,0
0,84.954117,-0.251689,1.525704,0,0,0
0,84.954117,-0.250347,1.525704,0,0,0
0,84.874229,-0.249581,1.525704,0,0,0
0,84.752373,-0.248239,1.525704,0,0,0
0,84.752373,-0.247664,1.525608,0,0,0
0,84.668877,-0.246322,1.525608,0,0,0
0,84.668877,-0.245748,1.525417,0,0,0
0,84.546005,-0.244694,1.525321,0,0,0
0,84.463699,-0.244023,1.525033,0,0,0
0,84.463699,-0.242777,1.524842,0,0,0
0,84.344917,-0.242202,1.524266,0,0,0
0,84.344917,-0.24086,1.523884,0,0,0
0,84.268829,-0.240189,1.523213,0,0,0
0,84.157768,-0.238944,1.522925,0,0,0
0,84.157768,-0.238177,1.522638,0,0,0
0,84.08213,-0.23674,1.522446,0,0,0
0,84.08213,-0.236069,1.522063,0,0,0
0,83.965065,-0.234632,1.521871,0,0,0
0,83.885025,-0.233961,1.521296,0,0,0
0,83.885025,-0.232715,1.521009,0,0,0
0,83.76812,-0.232044,1.52053,0,0,0
0,83.76812,-0.230894,1.520338,0,0,0
0,83.693306,-0.230319,1.52005,0,0,0
0,83.588448,-0.22917,1.519954,0,0,0
0,83.588448,-0.22869,1.519571,0,0,0
0,83.522095,-0.22754,1.519284,0,0,0
0,83.522095,-0.227061,1.518517,0,0,0
0,83.426277,-0.226007,1.517942,0,0,0
0,83.365517,-0.225432,1.51708,0,0,0
0,83.365517,-0.224282,1.516601,0,0,0
0,83.280411,-0.223611,1.515547,0,0,0
0,83.280411,-0.222461,1.514971,0,0,0
0,83.227196,-0.221695,1.513822,0,0,0
0,83.145081,-0.220449,1.513151,0,0,0
0,83.145081,-0.219779,1.511714,0,0,0
0,83.086639,-0.218245,1.511139,0,0,0
0,83.086639,-0.217766,1.509893,0,0,0
0,82.990837,-0.216424,1.509222,0,0,0
0,82.92186,-0.215754,1.508168,0,0,0
0,82.92186,-0.214508,1.507593,0,0,0
0,82.814034,-0.213933,1.506443,0,0,0
0,82.814034,-0.212687,1.505964,0,0,0
0,82.740646,-0.212112,1.505101,0,0,0
0,82.631462,-0.211058,1.504527,0,0,0
0,82.631462,-0.210387,1.503568,0,0,0
0,82.559128,-0.209237,1.503185,0,0,0
0,82.559128,-0.208663,1.502323,0,0,0
0,82.452812,-0.207417,1.501748,0,0,0
0,82.382713,-0.206842,1.500694,0,0,0
0,82.382713,-0.205692,1.500214,0,0,0
0,82.278854,-0.204925,1.498968,0,0,0
0,82.278854,-0.203775,1.498297,0,0,0
0,82.211143,-0.203104,1.497148,0,0,0
0,82.112236,-0.201859,1.496477,0,0,0
0,82.112236,-0.20138,1.49504,0,0,0
0,82.046745,-0.200134,1.494465,0,0,0
0,82.046745,-0.199559,1.493123,0,0,0
0,81.946793,-0.198409,1.492452,0,0,0
0,81.879456,-0.197834,1.491398,0,0,0
0,81.879456,-0.196684,1.490823,0,0,0
0,81.777634,-0.196109,1.489578,0,0,0
0,81.777634,-0.195055,1.489098,0,0,0
0,81.7099,-0.19448,1.488044,0,0,0
0,81.610352,-0.193426,1.487565,0,0,0
0,81.610352,-0.192851,1.486703,0,0,0
0,81.547066,-0.191701,1.486319,0,0,0
0,81.547066,-0.191126,1.485457,0,0,0
0,81.453522,-0.190072,1.484786,0,0,0
0,81.388847,-0.189497,1.483732,0,0,0
0,81.388847,-0.188347,1.483253,0,0,0
0,81.286942,-0.187772,1.482007,0,0,0
0,81.286942,-0.186622,1.481432,0,0,0
0,81.217415,-0.186048,1.480283,0,0,0
0,81.112625,-0.185089,1.479612,0,0,0
0,81.112625,-0.184514,1.47827,0,0,0
0,81.043198,-0.18346,1.477599,0,0,0
0,81.043198,-0.182981,1.476353,0,0,0
0,80.9403,-0.181831,1.475779,0,0,0
0,80.872963,-0.181352,1.474725,0,0,0
0,80.872963,-0.180298,1.474245,0,0,0
0,80.773056,-0.179723,1.473,0,0,0
0,80.773056,-0.178669,1.472616,0,0,0
0,80.707993,-0.17819,1.471754,0,0,0
0,80.613075,-0.177135,1.471275,0,0,0
0,80.613075,-0.176561,1.470317,0,0,0
0,80.551476,-0.175315,1.469933,0,0,0
0,80.551476,-0.174836,1.469166,0,0,0
0,80.461784,-0.17359,1.468591,0,0,0
0,80.403862,-0.173111,1.467441,0,0,0
0,80.403862,-0.171865,1.466866,0,0,0
0,80.317749,-0.171194,1.465717,0,0,0
0,80.317749,-0.17014,1.465046,0,0,0
0,80.260254,-0.16947,1.463992,0,0,0
0,80.174316,-0.168415,1.463321,0,0,0
0,80.174316,-0.167936,1.462075,0,0,0
0,80.116333,-0.166786,1.461596,0,0,0
0,80.116333,-0.166211,1.460446,0,0,0
0,80.028969,-0.165253,1.459775,0,0,0
0,79.971573,-0.164774,1.458817,0,0,0
0,79.971573,-0.16372,1.458338,0,0,0
0,79.889923,-0.163241,1.457188,0,0,0
0,79.889923,-0.162187,1.456709,0,0,0
0,79.837082,-0.161612,1.455751,0,0,0
0,79.754333,-0.160558,1.455271,0,0,0
0,79.754333,-0.159982,1.454218,0,0,0
0,79.695847,-0.158833,1.453738,0,0,0
0,79.695847,-0.158354,1.452972,0,0,0
0,79.606361,-0.157108,1.452588,0,0,0
0,79.546951,-0.156533,1.451535,0,0,0
0,79.546951,-0.155287,1.450959,0,0,0
0,79.45681,-0.154712,1.449809,0,0,0
0,79.45681,-0.153466,1.449235,0,0,0
0,79.39447,-0.152796,1.447893,0,0,0
0,79.29998,-0.151646,1.447318,0,0,0
0,79.29998,-0.151071,1.445881,0,0,0
0,79.235588,-0.149825,1.44521,0,0,0
0,79.235588,-0.149346,1.443964,0,0,0
0,79.134087,-0.148196,1.443197,0,0,0
0,79.063522,-0.147621,1.44224,0,0,0
0,79.063522,-0.146567,1.44176,0,0,0
0,78.958389,-0.146088,1.440706,0,0,0
0,78.958389,-0.145225,1.440131,0,0,0
0,78.891365,-0.14465,1.439269,0,0,0
0,78.794868,-0.143692,1.43879,0,0,0
0,78.794868,-0.143117,1.437831,0,0,0
0,78.731911,-0.141967,1.437352,0,0,0
0,78.731911,-0.141392,1.436489,0,0,0
0,78.636787,-0.140338,1.43601,0,0,0
0,78.572395,-0.139763,1.434956,0,0,0
0,78.572395,-0.138517,1.434285,0,0,0
0,78.471291,-0.137847,1.433135,0,0,0
0,78.471291,-0.136601,1.432465,0,0,0
0,78.401123,-0.13593,1.431123,0,0,0
0,78.294785,-0.13478,1.430453,0,0,0
0,78.294785,-0.134205,1.429015,0,0,0
0,78.22303,-0.13296,1.428344,0,0,0
0,78.22303,-0.132385,1.427099,0,0,0
0,78.114983,-0.131234,1.426428,0,0,0
0,78.044815,-0.13066,1.425278,0,0,0
0,78.044815,-0.129606,1.424799,0,0,0
0,77.94606,-0.129126,1.423649,0,0,0
0,77.94606,-0.128168,1.42317,0,0,0
0,77.884224,-0.127593,1.422403,0,0,0
0,77.795334,-0.126539,1.421924,0,0,0
0,77.795334,-0.125964,1.420965,0,0,0
0,77.736534,-0.12491,1.420487,0,0,0
0,77.736534,-0.124431,1.419816,0,0,0
0,77.646591,-0.123377,1.419337,0,0,0
0,77.646591,-0.122802,1.418379,0,0,0
0,77.583687,-0.121652,1.417804,0,0,0
0,77.485771,-0.121077,1.416653,0,0,0
0,77.485771,-0.119927,1.416079,0,0,0
0,77.420654,-0.119256,1.414641,0,0,0
0,77.326706,-0.118106,1.41397,0,0,0
0,77.326706,-0.117627,1.412629,0,0,0
0,77.262657,-0.116286,1.411862,0,0,0
0,77.262657,-0.11571,1.410521,0,0,0
0,77.162971,-0.114561,1.40985,0,0,0
0,77.094765,-0.113986,1.4087,0,0,0
0,77.094765,-0.11274,1.408221,0,0,0
0,76.993011,-0.112261,1.406975,0,0,0
0,76.993011,-0.111111,1.4064,0,0,0
0,76.923744,-0.11044,1.405537,0,0,0
0,76.821556,-0.109386,1.405154,0,0,0
0,76.821556,-0.108811,1.404196,0,0,0
0,76.756477,-0.10747,1.403717,0,0,0
0,76.756477,-0.106991,1.403046,0,0,0
0,76.666084,-0.105745,1.402567,0,0,0
0,76.666084,-0.105074,1.401417,0,0,0
0,76.606407,-0.103828,1.400842,0,0,0
0,76.511055,-0.103158,1.399596,0,0,0
0,76.511055,-0.101816,1.398926,0,0,0
0,76.442154,-0.101145,1.397584,0,0,0
0,76.33577,-0.099995,1.396913,0,0,0
0,76.33577,-0.099228,1.39538,0,0,0
0,76.265862,-0.097983,1.394709,0,0,0
0,76.265862,-0.097408,1.393368,0,0,0
0,76.167587,-0.096162,1.392601,0,0,0
0,76.167587,-0.095491,1.391451,0,0,0
0,76.104744,-0.094245,1.39078,0,0,0
0,76.010147,-0.093575,1.389535,0,0,0
0,76.010147,-0.092329,1.389055,0,0,0
0,75.943901,-0.091563,1.388001,0,0,0
0,75.842987,-0.090317,1.387426,0,0,0
0,75.842987,-0.089742,1.386564,0,0,0
0,75.776344,-0.088304,1.386181,0,0,0
0,75.776344,-0.087634,1.385031,0,0,0
0,75.677238,-0.086388,1.384456,0,0,0
0,75.677238,-0.085717,1.383402,0,0,0
0,75.609741,-0.084471,1.382827,0,0,0
0,75.503563,-0.083896,1.381294,0,0,0
0,75.503563,-0.082555,1.380718,0,0,0
0,75.430695,-0.081884,1.379185,0,0,0
0,75.31971,-0.080638,1.378419,0,0,0
0,75.31971,-0.079967,1.376981,0,0,0
0,75.24617,-0.078722,1.376311,0,0,0
0,75.24617,-0.078147,1.375065,0,0,0
0,75.135193,-0.076805,1.374394,0,0,0
0,75.135193,-0.07623,1.373148,0,0,0
0,75.059479,-0.074888,1.372573,0,0,0
0,74.943878,-0.074218,1.371327,0,0,0
0,74.943878,-0.072972,1.370848,0,0,0
0,74.866768,-0.072206,1.369794,0,0,0
0,74.751495,-0.07096,1.369315,0,0,0
0,74.751495,-0.070385,1.367974,0,0,0
0,74.674896,-0.069139,1.367303,0,0,0
0,74.674896,-0.068564,1.366057,0,0,0
0,74.562889,-0.06751,1.365386,0,0,0
0,74.562889,-0.067031,1.364236,0,0,0
0,74.491684,-0.065785,1.363565,0,0,0
0,74.386658,-0.06521,1.362032,0,0,0
0,74.386658,-0.063964,1.361457,0,0,0
0,74.314667,-0.063293,1.36002,0,0,0
0,74.203545,-0.062239,1.359349,0,0,0
0,74.203545,-0.061569,1.358199,0,0,0
0,74.128593,-0.060323,1.357433,0,0,0
0,74.128593,-0.059748,1.356282,0,0,0
0,74.016762,-0.058502,1.355612,0,0,0
0,74.016762,-0.057736,1.354558,0,0,0
0,73.942963,-0.056586,1.353983,0,0,0
0,73.834618,-0.055915,1.353025,0,0,0
0,73.834618,-0.054477,1.35245,0,0,0
0,73.761566,-0.053902,1.351108,0,0,0
0,73.648674,-0.052657,1.350533,0,0,0
0,73.648674,-0.051986,1.349191,0,0,0
0,73.570473,-0.050836,1.348425,0,0,0
0,73.570473,-0.050261,1.347179,0,0,0
0,73.45388,-0.049015,1.346317,0,0,0
0,73.45388,-0.04844,1.345071,0,0,0
0,73.377419,-0.04729,1.3444,0,0,0
0,73.267593,-0.046715,1.342963,0,0,0
0,73.267593,-0.045661,1.342483,0,0,0
0,73.195595,-0.044991,1.341334,0,0,0
0,73.088966,-0.043745,1.340759,0,0,0
0,73.088966,-0.04317,1.339704,0,0,0
0,73.018669,-0.041828,1.339226,0,0,0
0,73.018669,-0.041254,1.33798,0,0,0
0,72.915634,-0.040008,1.337404,0,0,0
0,72.915634,-0.039337,1.336542,0,0,0
0,72.846291,-0.037899,1.335967,0,0,0
0,72.740669,-0.037229,1.334626,0,0,0
0,72.740669,-0.035983,1.334051,0,0,0
0,72.669373,-0.035312,1.332709,0,0,0
0,72.563881,-0.034258,1.332039,0,0,0
0,72.563881,-0.033683,1.330697,0,0,0
0,72.494621,-0.032437,1.330026,0,0,0
0,72.494621,-0.031958,1.328589,0,0,0
0,72.394432,-0.030808,1.327918,0,0,0
0,72.394432,-0.030138,1.326672,0,0,0
0,72.329384,-0.029083,1.326193,0,0,0
0,72.236771,-0.028604,1.325139,0,0,0
0,72.236771,-0.027454,1.32466,0,0,0
0,72.175323,-0.026784,1.32351,0,0,0
0,72.082237,-0.025634,1.323031,0,0,0
0,72.082237,-0.024963,1.321977,0,0,0
0,72.019623,-0.023621,1.321402,0,0,0
0,72.019623,-0.023046,1.320443,0,0,0
0,71.925415,-0.021609,1.319965,0,0,0
0,71.925415,-0.021034,1.318815,0,0,0
0,71.860512,-0.019597,1.318144,0,0,0
0,71.758011,-0.018926,1.316802,0,0,0
0,71.758011,-0.01768,1.316131,0,0,0
0,71.686195,-0.017009,1.314694,0,0,0
0,71.686195,-0.015668,1.313927,0,0,0
0,71.579102,-0.015093,1.312394,0,0,0
0,71.507996,-0.013847,1.311723,0,0,0
0,71.507996,-0.013272,1.31019,0,0,0
0,71.404709,-0.012122,1.309519,0,0,0
0,71.404709,-0.011547,1.308561,0,0,0
0,71.337852,-0.010206,1.307986,0,0,0
0,71.24012,-0.009631,1.306836,0,0,0
0,71.24012,-0.008289,1.306357,0,0,0
0,71.174599,-0.007618,1.305399,0,0,0
0,71.174599,-0.006372,1.304824,0,0,0
0,71.073235,-0.005606,1.303769,0,0,0
0,71.002602,-0.004264,1.303291,0,0,0
0,71.002602,-0.003689,1.301949,0,0,0
0,70.893669,-0.002252,1.301278,0,0,0
0,70.893669,-0.001677,1.299937,0,0,0
0,70.81955,-0.000431,1.299074,0,0,0
0,70.7089,0.000335,1.297637,0,0,0
0,70.7089,0.001485,1.296966,0,0,0
0,70.635834,0.002156,1.295529,0,0,0
0,70.635834,0.003402,1.294858,0,0,0
0,70.529037,0.003977,1.293421,0,0,0
0,70.458244,0.005223,1.292845,0,0,0
0,70.458244,0.005797,1.291695,0,0,0
0,70.352448,0.007043,1.290929,0,0,0
0,70.352448,0.007618,1.289875,0,0,0
0,70.28157,0.00896,1.289396,0,0,0
0,70.175674,0.009535,1.288246,0,0,0
0,70.175674,0.010876,1.287767,0,0,0
0,70.1054,0.011547,1.287,0,0,0
0,70.1054,0.012793,1.286521,0,0,0
0,69.99823,0.013464,1.285275,0,0,0
0,69.924698,0.014709,1.284604,0,0,0
0,69.924698,0.015284,1.283263,0,0,0
0,69.81324,0.01653,1.282496,0,0,0
0,69.81324,0.017201,1.281154,0,0,0
0,69.740288,0.018351,1.280292,0,0,0
0,69.633827,0.019022,1.278663,0,0,0
0,69.633827,0.020267,1.277992,0,0,0
0,69.563248,0.020842,1.276555,0,0,0
0,69.563248,0.022184,1.27598,0,0,0
0,69.457893,0.022855,1.274734,0,0,0
0,69.386726,0.024004,1.274063,0,0,0
0,69.386726,0.024675,1.273009,0,0,0
0,69.277817,0.026017,1.272434,0,0,0
0,69.277817,0.026688,1.271284,0,0,0
0,69.203598,0.028029,1.270709,0,0,0
0,69.091866,0.0287,1.269655,0,0,0
0,69.091866,0.02985,1.26908,0,0,0
0,69.017303,0.030521,1.267834,0,0,0
0,69.017303,0.031671,1.26726,0,0,0
0,68.905769,0.032246,1.265822,0,0,0
0,68.831505,0.033491,1.265152,0,0,0
0,68.831505,0.034162,1.26381,0,0,0
0,68.723564,0.035312,1.262947,0,0,0
0,68.723564,0.035983,1.261606,0,0,0
0,68.653999,0.037133,1.260935,0,0,0
0,68.551407,0.037708,1.259594,0,0,0
0,68.551407,0.039049,1.259019,0,0,0
0,68.482185,0.03972,1.257773,0,0,0
0,68.482185,0.040966,1.257102,0,0,0
0,68.376274,0.041637,1.255952,0,0,0
0,68.304901,0.042882,1.255378,0,0,0
0,68.304901,0.043553,1.254323,0,0,0
0,68.198174,0.044895,1.253844,0,0,0
0,68.198174,0.04547,1.252886,0,0,0
0,68.126221,0.046811,1.252215,0,0,0
0,68.018066,0.047482,1.250969,0,0,0
0,68.018066,0.048632,1.250394,0,0,0
0,67.945633,0.049207,1.249052,0,0,0
0,67.945633,0.050357,1.248477,0,0,0
0,67.839684,0.050932,1.247136,0,0,0
0,67.769447,0.052082,1.246369,0,0,0
0,67.769447,0.052657,1.245028,0,0,0
0,67.665375,0.053807,1.244261,0,0,0
0,67.665375,0.054382,1.243111,0,0,0
0,67.597229,0.055628,1.242536,0,0,0
0,67.496437,0.056202,1.24129,0,0,0
0,67.496437,0.057544,1.240716,0,0,0
0,67.428452,0.058215,1.239661,0,0,0
0,67.428452,0.059556,1.239086,0,0,0
0,67.325279,0.060227,1.237937,0,0,0
0,67.255653,0.061665,1.237362,0,0,0
0,67.255653,0.062239,1.236308,0,0,0
0,67.14901,0.063485,1.235541,0,0,0
0,67.14901,0.064156,1.234295,0,0,0
0,67.075531,0.06521,1.233721,0,0,0
0,66.965179,0.065881,1.232283,0,0,0
0,66.965179,0.067031,1.231612,0,0,0
0,66.893356,0.067606,1.230271,0,0,0
0,66.893356,0.068756,1.2296,0,0,0
0,66.791069,0.06933,1.228354,0,0,0
0,66.724464,0.070385,1.227779,0,0,0
0,66.724464,0.07096,1.226534,0,0,0
0,66.624413,0.072301,1.225959,0,0,0
0,66.624413,0.072876,1.224808,0,0,0
0,66.556099,0.074122,1.224138,0,0,0
0,66.452911,0.074793,1.222988,0,0,0
0,66.452911,0.076134,1.222413,0,0,0
0,66.383446,0.076805,1.221167,0,0,0
0,66.383446,0.078243,1.220688,0,0,0
0,66.277336,0.078913,1.219634,0,0,0
0,66.204666,0.080255,1.219059,0,0,0
0,66.204666,0.080925,1.217717,0,0,0
0,66.095383,0.082076,1.217046,0,0,0
0,66.095383,0.08265,1.215609,0,0,0
0,66.022202,0.083896,1.215034,0,0,0
0,65.913788,0.084471,1.213501,0,0,0
0,65.913788,0.085621,1.21283,0,0,0
0,65.84288,0.086292,1.211488,0,0,0
0,65.84288,0.087346,1.210818,0,0,0
0,65.74044,0.087921,1.209764,0,0,0
0,65.673714,0.089071,1.209285,0,0,0
0,65.673714,0.089742,1.20823,0,0,0
0,65.572655,0.090987,1.20756,0,0,0
0,65.572655,0.091658,1.206506,0,0,0
0,65.503899,0.092904,1.206026,0,0,0
0,65.400002,0.093575,1.204877,0,0,0
0,65.400002,0.095012,1.204397,0,0,0
0,65.330132,0.095587,1.203343,0,0,0
0,65.330132,0.097024,1.202673,0,0,0
0,65.221886,0.097695,1.201331,0,0,0
0,65.147408,0.098845,1.20066,0,0,0
0,65.147408,0.09942,1.199127,0,0,0
0,65.036697,0.100666,1.198456,0,0,0
0,65.036697,0.101241,1.197019,0,0,0
0,64.964058,0.102391,1.196252,0,0,0
0,64.85775,0.102966,1.194911,0,0,0
0,64.85775,0.10402,1.19424,0,0,0
0,64.787354,0.104595,1.192994,0,0,0
0,64.787354,0.105841,1.192419,0,0,0
0,64.683411,0.106416,1.191269,0,0,0
0,64.614594,0.107565,1.190695,0,0,0
0,64.614594,0.108236,1.189832,0,0,0
0,64.511871,0.109386,1.189257,0,0,0
0,64.511871,0.110057,1.188203,0,0,0
0,64.443588,0.111494,1.187723,0,0,0
0,64.341057,0.112069,1.186765,0,0,0
0,64.341057,0.113315,1.18619,0,0,0
0,64.272385,0.113986,1.184849,0,0,0
0,64.272385,0.11504,1.184273,0,0,0
0,64.168854,0.115615,1.182836,0,0,0
0,64.099403,0.11686,1.182165,0,0,0
0,64.099403,0.117435,1.180728,0,0,0
0,63.997181,0.118586,1.179961,0,0,0
0,63.997181,0.119161,1.17862,0,0,0
0,63.931133,0.120215,1.177853,0,0,0
0,63.833595,0.12079,1.176607,0,0,0
0,63.833595,0.121939,1.176129,0,0,0
0,63.768463,0.122514,1.174978,0,0,0
0,63.768463,0.123569,1.174403,0,0,0
0,63.670135,0.124239,1.173445,0,0,0
0,63.604794,0.125485,1.172966,0,0,0
0,63.604794,0.12606,1.172008,0,0,0
0,63.507019,0.127402,1.171529,0,0,0
0,63.507019,0.128072,1.170762,0,0,0
0,63.440025,0.129222,1.170379,0,0,0
0,63.336578,0.129893,1.169133,0,0,0
0,63.336578,0.131043,1.168558,0,0,0
0,63.266506,0.131618,1.167312,0,0,0
0,63.266506,0.132864,1.166546,0,0,0
0,63.162441,0.133535,1.165204,0,0,0
0,63.093586,0.134589,1.164438,0,0,0
0,63.093586,0.135259,1.162905,0,0,0
0,62.991783,0.136505,1.162234,0,0,0
0,62.991783,0.13708,1.160892,0,0,0
0,62.923256,0.138326,1.160221,0,0,0
0,62.819935,0.138997,1.159072,0,0,0
0,62.819935,0.140146,1.158401,0,0,0
0,62.750153,0.140817,1.157155,0,0,0
0,62.750153,0.142063,1.156676,0,0,0
0,62.645458,0.142638,1.155621,0,0,0
0,62.57497,0.14398,1.155046,0,0,0
0,62.57497,0.144746,1.154184,0,0,0
0,62.469799,0.145896,1.153705,0,0,0
0,62.469799,0.146471,1.152651,0,0,0
0,62.399258,0.147717,1.152076,0,0,0
0,62.294907,0.148196,1.151022,0,0,0
0,62.294907,0.149442,1.150351,0,0,0
0,62.225491,0.150017,1.149009,0,0,0
0,62.225491,0.151071,1.148339,0,0,0
0,62.124451,0.151646,1.146901,0,0,0
0,62.059494,0.152796,1.14623,0,0,0
0,62.059494,0.153275,1.144793,0,0,0
0,61.962753,0.154425,1.144122,0,0,0
0,61.962753,0.155,1.142973,0,0,0
0,61.898216,0.156245,1.142398,0,0,0
0,61.800671,0.15682,1.141248,0,0,0
0,61.800671,0.158162,1.140672,0,0,0
0,61.735893,0.158737,1.139619,0,0,0
0,61.735893,0.159887,1.139139,0,0,0
0,61.637569,0.160558,1.138086,0,0,0
0,61.5704,0.161707,1.137606,0,0,0
0,61.5704,0.162187,1.136648,0,0,0
0,61.468506,0.163432,1.135977,0,0,0
0,61.468506,0.164007,1.134732,0,0,0
0,61.400978,0.164966,1.134156,0,0,0
0,61.303501,0.165445,1.132911,0,0,0
0,61.303501,0.166499,1.132336,0,0,0
0,61.239395,0.166978,1.131186,0,0,0
0,61.239395,0.168032,1.130515,0,0,0
0,61.144661,0.168607,1.129269,0,0,0
0,61.081951,0.169661,1.128694,0,0,0
0,61.081951,0.170236,1.127449,0,0,0
0,60.988651,0.17129,1.126874,0,0,0
0,60.988651,0.171961,1.125916,0,0,0
0,60.925785,0.173111,1.125244,0,0,0
0,60.830978,0.173782,1.124094,0,0,0
0,60.830978,0.175123,1.123616,0,0,0
0,60.767326,0.175794,1.122561,0,0,0
0,60.767326,0.177135,1.122082,0,0,0
0,60.671497,0.177806,1.121124,0,0,0
0,60.605438,0.178956,1.120741,0,0,0
0,60.605438,0.179627,1.119686,0,0,0
0,60.505608,0.180873,1.119111,0,0,0
0,60.505608,0.181352,1.117962,0,0,0
0,60.437843,0.182502,1.117387,0,0,0
0,60.338017,0.183173,1.116141,0,0,0
0,60.338017,0.184227,1.11547,0,0,0
0,60.272747,0.184706,1.114224,0,0,0
0,60.272747,0.18576,1.113554,0,0,0
0,60.17767,0.186335,1.112308,0,0,0
0,60.114552,0.187293,1.111733,0,0,0
0,60.114552,0.187868,1.110487,0,0,0
0,60.018463,0.189114,1.110008,0,0,0
0,60.018463,0.189593,1.10905,0,0,0
0,59.954567,0.190935,1.108475,0,0,0
0,59.860023,0.191605,1.107421,0,0,0
0,59.860023,0.192851,1.106942,0,0,0
0,59.796211,0.193522,1.105792,0,0,0
0,59.796211,0.194863,1.105217,0,0,0
0,59.697296,0.195534,1.104259,0,0,0
0,59.628822,0.19678,1.10378,0,0,0
0,59.628822,0.197451,1.102534,0,0,0
0,59.524094,0.198409,1.101959,0,0,0
0,59.524094,0.198984,1.100713,0,0,0
0,59.453934,0.200038,1.100042,0,0,0
0,59.352089,0.200613,1.098701,0,0,0
0,59.352089,0.201667,1.098126,0,0,0
0,59.287949,0.202242,1.096689,0,0,0
0,59.287949,0.203296,1.096113,0,0,0
0,59.195004,0.20368,1.094868,0,0,0
0,59.133629,0.204734,1.094292,0,0,0
0,59.133629,0.205309,1.093334,0,0,0
0,59.040012,0.206459,1.092951,0,0,0
0,59.040012,0.207033,1.091897,0,0,0
0,58.978508,0.208279,1.091322,0,0,0
0,58.886707,0.208854,1.090267,0,0,0
0,58.886707,0.210004,1.089789,0,0,0
0,58.825081,0.210771,1.088734,0,0,0
0,58.825081,0.211921,1.088255,0,0,0
0,58.730183,0.212496,1.087393,0,0,0
0,58.665077,0.213837,1.086818,0,0,0
0,58.665077,0.214412,1.085476,0,0,0
0,58.565773,0.215466,1.084902,0,0,0
0,58.565773,0.216041,1.083656,0,0,0
0,58.499107,0.217095,1.082985,0,0,0
0,58.400589,0.217574,1.081739,0,0,0
0,58.400589,0.218629,1.081068,0,0,0
0,58.336235,0.219108,1.079631,0,0,0
0,58.336235,0.220066,1.079056,0,0,0
0,58.241528,0.220545,1.077715,0,0,0
0,58.179874,0.221599,1.077235,0,0,0
0,58.179874,0.222174,1.076373,0,0,0
0,58.088886,0.223228,1.075894,0,0,0
0,58.088886,0.223707,1.074936,0,0,0
0,58.029198,0.224953,1.074456,0,0,0
0,57.938454,0.225432,1.073786,0,0,0
0,57.938454,0.226678,1.073498,0,0,0
0,57.876736,0.227253,1.07254,0,0,0
0,57.876736,0.228403,1.072061,0,0,0
0,57.784138,0.228978,1.071102,0,0,0
0,57.721561,0.230128,1.070719,0,0,0
0,57.721561,0.230703,1.069474,0,0,0
0,57.626511,0.231565,1.068898,0,0,0
0,57.626511,0.23214,1.067653,0,0,0
0,57.562794,0.23329,1.066982,0,0,0
0,57.469582,0.233769,1.065641,0,0,0
0,57.469582,0.234823,1.065066,0,0,0
0,57.408192,0.235398,1.063628,0,0,0
0,57.408192,0.236452,1.062957,0,0,0
0,57.315418,0.236931,1.061711,0,0,0
0,57.251968,0.238081,1.061041,0,0,0
0,57.251968,0.238656,1.060082,0,0,0
0,57.155399,0.23971,1.059603,0,0,0
0,57.155399,0.240285,1.058453,0,0,0
0,57.090923,0.241531,1.057878,0,0,0
0,56.995701,0.242106,1.05692,0,0,0
0,56.995701,0.243256,1.056441,0,0,0
0,56.931023,0.243927,1.055483,0,0,0
0,56.931023,0.245173,1.055099,0,0,0
0,56.832001,0.245748,1.054332,0,0,0
0,56.763798,0.247089,1.05395,0,0,0
0,56.763798,0.247568,1.052704,0,0,0
0,56.66177,0.248622,1.052129,0,0,0
0,56.66177,0.249293,1.050883,0,0,0
0,56.59314,0.250443,1.050212,0,0,0
0,56.491756,0.250922,1.048775,0,0,0
0,56.491756,0.252072,1.048104,0,0,0
0,56.425613,0.252647,1.046571,0,0,0
0,56.425613,0.253701,1.045804,0,0,0
0,56.326904,0.254276,1.044463,0,0,0
0,56.260273,0.255522,1.043888,0,0,0
0,56.260273,0.256097,1.042834,0,0,0
0,56.160538,0.257342,1.042163,0,0,0
0,56.160538,0.258013,1.041013,0,0,0
0,56.093578,0.259259,1.040534,0,0,0
0,55.992653,0.25993,1.039576,0,0,0
0,55.992653,0.261271,1.039001,0,0,0
0,55.923561,0.261846,1.038042,0,0,0
0,55.923561,0.262996,1.037659,0,0,0
0,55.8204,0.263667,1.036509,0,0,0
0,55.75058,0.264625,1.035934,0,0,0
0,55.75058,0.2652,1.034785,0,0,0
0,55.646187,0.266446,1.034209,0,0,0
0,55.646187,0.267021,1.032868,0,0,0
0,55.577824,0.268075,1.032197,0,0,0
0,55.478889,0.268746,1.030855,0,0,0
0,55.478889,0.269896,1.030089,0,0,0
0,55.413082,0.270375,1.028843,0,0,0
0,55.413082,0.271621,1.028172,0,0,0
0,55.31311,0.272291,1.026926,0,0,0
0,55.24567,0.273441,1.026351,0,0,0
0,55.24567,0.274208,1.025106,0,0,0
0,55.144325,0.275454,1.024531,0,0,0
0,55.144325,0.276029,1.023381,0,0,0
0,55.074543,0.27737,1.022806,0,0,0
0,54.968834,0.278041,1.021752,0,0,0
0,54.968834,0.279287,1.021272,0,0,0
0,54.896458,0.279958,1.020314,0,0,0
0,54.896458,0.281107,1.019644,0,0,0
0,54.788692,0.281682,1.018398,0,0,0
0,54.71645,0.282928,1.017823,0,0,0
0,54.71645,0.283503,1.016481,0,0,0
0,54.609364,0.284557,1.015907,0,0,0
0,54.609364,0.285228,1.014661,0,0,0
0,54.539349,0.286378,1.013894,0,0,0
0,54.436203,0.286857,1.012552,0,0,0
0,54.436203,0.288103,1.011882,0,0,0
0,54.367401,0.288774,1.01054,0,0,0
0,54.367401,0.29002,1.010061,0,0,0
0,54.26408,0.29069,1.008815,0,0,0
0,54.19471,0.292128,1.008145,0,0,0
0,54.19471,0.292799,1.00709,0,0,0
0,54.089058,0.294236,1.006515,0,0,0
0,54.089058,0.294907,1.005366,0,0,0
0,54.01569,0.296152,1.004791,0,0,0
0,53.903172,0.296823,1.003641,0,0,0
0,53.903172,0.297973,1.002874,0,0,0
0,53.826374,0.298548,1.001628,0,0,0
0,53.826374,0.29989,1.000958,0,0,0
0,53.715237,0.300464,0.99952,0,0,0
0,53.644608,0.301518,0.998945,0,0,0
0,53.644608,0.302189,0.997507,0,0,0
0,53.54171,0.303243,0.996836,0,0,0
0,53.54171,0.303818,0.995687,0,0,0
0,53.473579,0.305256,0.995016,0,0,0
0,53.370689,0.305831,0.99377,0,0,0
0,53.370689,0.307173,0.993195,0,0,0
0,53.301434,0.307843,0.991854,0,0,0
0,53.301434,0.309185,0.991279,0,0,0
0,53.195797,0.309951,0.990129,0,0,0
0,53.123066,0.311485,0.989458,0,0,0
0,53.123066,0.312155,0.988308,0,0,0
0,53.012386,0.313593,0.987829,0,0,0
0,53.012386,0.314168,0.986583,0,0,0
0,52.937286,0.315413,0.986008,0,0,0
0,52.823963,0.316084,0.984763,0,0,0
0,52.823963,0.317234,0.983996,0,0,0
0,52.747364,0.317809,0.982654,0,0,0
0,52.747364,0.319055,0.981984,0,0,0
0,52.636417,0.319534,0.98045,0,0,0
0,52.565971,0.320588,0.97978,0,0,0
0,52.565971,0.321259,0.978438,0,0,0
0,52.462872,0.322409,0.977767,0,0,0
0,52.462872,0.32308,0.976809,0,0,0
0,52.395161,0.324517,0.97633,0,0,0
0,52.292549,0.325092,0.975085,0,0,0
0,52.292549,0.326434,0.974509,0,0,0
0,52.221214,0.3272,0.973455,0,0,0
0,52.221214,0.328542,0.972785,0,0,0
0,52.109936,0.329212,0.97173,0,0,0
0,52.033119,0.330554,0.971155,0,0,0
0,52.033119,0.331129,0.969718,0,0,0
0,51.918278,0.332471,0.969047,0,0,0
0,51.918278,0.333141,0.967705,0,0,0
0,51.842278,0.334291,0.966939,0,0,0
0,51.730686,0.334962,0.965502,0,0,0
0,51.730686,0.336112,0.964735,0,0,0
0,51.656822,0.336687,0.963297,0,0,0
0,51.656822,0.338029,0.962627,0,0,0
0,51.546242,0.338603,0.961189,0,0,0
0,51.473961,0.339849,0.960614,0,0,0
0,51.473961,0.34052,0.959368,0,0,0
0,51.36808,0.341766,0.958793,0,0,0
0,51.36808,0.342437,0.957644,0,0,0
0,51.297878,0.34397,0.957165,0,0,0
0,51.191391,0.34464,0.956015,0,0,0
0,51.191391,0.345982,0.95544,0,0,0
0,51.118652,0.346749,0.954386,0,0,0
0,51.118652,0.347995,0.95381,0,0,0
0,51.008232,0.348665,0.952469,0,0,0
0,50.93285,0.350007,0.951798,0,0,0
0,50.93285,0.350582,0.950361,0,0,0
0,50.819836,0.351923,0.949594,0,0,0
0,50.819836,0.352499,0.948157,0,0,0
0,50.745941,0.353648,0.947294,0,0,0
0,50.637871,0.354319,0.945953,0,0,0
0,50.637871,0.355565,0.945186,0,0,0
0,50.566574,0.35614,0.943845,0,0,0
0,50.566574,0.357481,0.943366,0,0,0
0,50.460575,0.358152,0.94212,0,0,0
0,50.390923,0.359494,0.941545,0,0,0
0,50.390923,0.360164,0.940491,0,0,0
0,50.284241,0.361506,0.939916,0,0,0
0,50.284241,0.362177,0.938862,0,0,0
0,50.208271,0.363518,0.938383,0,0,0
0,50.093582,0.364093,0.937424,0,0,0
0,50.093582,0.365339,0.936754,0,0,0
0,50.016991,0.36601,0.935412,0,0,0
0,50.016991,0.367255,0.934741,0,0,0
0,49.902622,0.367927,0.933304,0,0,0
0,49.828396,0.369268,0.932537,0,0,0
0,49.828396,0.369843,0.931004,0,0,0
0,49.718121,0.371185,0.930237,0,0,0
0,49.718121,0.371855,0.9288,0,0,0
0,49.644085,0.373101,0.928033,0,0,0
0,49.532936,0.373772,0.926788,0,0,0
0,49.532936,0.375113,0.926117,0,0,0
0,49.458958,0.375784,0.924775,0,0,0
0,49.458958,0.377317,0.9242,0,0,0
0,49.348179,0.377892,0.922954,0,0,0
0,49.274834,0.37933,0.922284,0,0,0
0,49.274834,0.380001,0.921325,0,0,0
0,49.163849,0.381246,0.92075,0,0,0
0,49.163849,0.381917,0.919505,0,0,0
0,49.086994,0.383259,0.91893,0,0,0
0,48.973034,0.383738,0.917684,0,0,0
0,48.973034,0.38508,0.916918,0,0,0
0,48.898373,0.38575,0.915576,0,0,0
0,48.898373,0.386804,0.914809,0,0,0
0,48.787289,0.387475,0.913276,0,0,0
0,48.716675,0.388817,0.91251,0,0,0
0,48.716675,0.389392,0.911072,0,0,0
0,48.611626,0.391021,0.910402,0,0,0
0,48.611626,0.391596,0.909156,0,0,0
0,48.538303,0.392937,0.908485,0,0,0
0,48.425774,0.393704,0.907239,0,0,0
0,48.425774,0.395045,0.906664,0,0,0
0,48.349579,0.395716,0.905418,0,0,0
0,48.349579,0.397058,0.904939,0,0,0
0,48.233723,0.397728,0.903789,0,0,0
0,48.154694,0.39907,0.903023,0,0,0
0,48.154694,0.399645,0.901777,0,0,0
0,48.03883,0.400891,0.90101,0,0,0
0,48.03883,0.401658,0.899668,0,0,0
0,47.962772,0.402807,0.899093,0,0,0
0,47.850475,0.403382,0.897656,0,0,0
0,47.850475,0.404724,0.896889,0,0,0
0,47.777988,0.405299,0.895548,0,0,0
0,47.777988,0.406736,0.894781,0,0,0
0,47.670261,0.407407,0.893536,0,0,0
0,47.598816,0.408749,0.892865,0,0,0
0,47.598816,0.409515,0.891427,0,0,0
0,47.492577,0.411048,0.890853,0,0,0
0,47.492577,0.411623,0.889511,0,0,0
0,47.419125,0.413157,0.888936,0,0,0
0,47.304688,0.413732,0.887786,0,0,0
0,47.304688,0.414978,0.887211,0,0,0
0,47.223625,0.415744,0.88587,0,0,0
0,47.223625,0.416894,0.885199,0,0,0
0,47.104492,0.417469,0.883762,0,0,0
0,47.029694,0.41881,0.883091,0,0,0
0,47.029694,0.419385,0.881749,0,0,0
0,46.92001,0.420631,0.880983,0,0,0
0,46.92001,0.421302,0.879641,0,0,0
0,46.845886,0.422643,0.87897,0,0,0
0,46.734703,0.423314,0.877533,0,0,0
0,46.734703,0.424752,0.876958,0,0,0
0,46.660057,0.425422,0.875616,0,0,0
0,46.660057,0.427052,0.874945,0,0,0
0,46.546619,0.427722,0.873699,0,0,0
0,46.468525,0.42916,0.873124,0,0,0
0,46.468525,0.42983,0.871879,0,0,0
0,46.350574,0.431076,0.871304,0,0,0
0,46.350574,0.431843,0.869962,0,0,0
0,46.270454,0.433089,0.869292,0,0,0
0,46.15102,0.433664,0.867854,0,0,0
0,46.15102,0.435101,0.867183,0,0,0
0,46.073479,0.435676,0.865746,0,0,0
0,46.073479,0.436826,0.865075,0,0,0
0,45.960033,0.437593,0.863542,0,0,0
0,45.885586,0.438838,0.862871,0,0,0
0,45.885586,0.439413,0.861434,0,0,0
0,45.774879,0.44085,0.860859,0,0,0
0,45.774879,0.441521,0.859709,0,0,0
0,45.702057,0.443054,0.859038,0,0,0
0,45.59148,0.443821,0.857792,0,0,0
0,45.59148,0.445163,0.857218,0,0,0
0,45.514851,0.445929,0.855876,0,0,0
0,45.514851,0.447367,0.855301,0,0,0
0,45.39806,0.448038,0.854151,0,0,0
0,45.317535,0.449379,0.85348,0,0,0
0,45.317535,0.449954,0.852043,0,0,0
0,45.195984,0.451296,0.851372,0,0,0
0,45.195984,0.451871,0.849839,0,0,0
0,45.115364,0.453021,0.849168,0,0,0
0,44.99744,0.453691,0.847635,0,0,0
0,44.99744,0.454937,0.846868,0,0,0
0,44.92239,0.455512,0.845431,0,0,0
0,44.92239,0.456949,0.844664,0,0,0
0,44.812923,0.45762,0.843514,0,0,0
0,44.740952,0.458866,0.842939,0,0,0
0,44.740952,0.459728,0.841693,0,0,0
0,44.631329,0.46107,0.841214,0,0,0
0,44.631329,0.461741,0.840065,0,0,0
0,44.556564,0.463178,0.839394,0,0,0
0,44.442314,0.463753,0.83834,0,0,0
0,44.442314,0.465095,0.837765,0,0,0
0,44.364437,0.465765,0.836327,0,0,0
0,44.364437,0.467011,0.835656,0,0,0
0,44.248184,0.467682,0.834123,0,0,0
0,44.171921,0.468928,0.833356,0,0,0
0,44.171921,0.469503,0.832015,0,0,0
0,44.058876,0.470748,0.831152,0,0,0
0,44.058876,0.471323,0.829715,0,0,0
0,43.984779,0.472665,0.828948,0,0,0
0,43.875618,0.473336,0.827607,0,0,0
0,43.875618,0.474677,0.827032,0,0,0
0,43.803162,0.475444,0.825691,0,0,0
0,43.803162,0.476881,0.82502,0,0,0
0,43.692917,0.477552,0.82387,0,0,0
0,43.617119,0.479085,0.823295,0,0,0
0,43.617119,0.479852,0.822241,0,0,0
0,43.502438,0.481098,0.821762,0,0,0
0,43.502438,0.481769,0.820611,0,0,0
0,43.424023,0.48311,0.819941,0,0,0
0,43.30571,0.483685,0.818599,0,0,0
0,43.30571,0.485122,0.817832,0,0,0
0,43.227894,0.485698,0.816395,0,0,0
0,43.227894,0.486943,0.815629,0,0,0
0,43.114094,0.487614,0.814,0,0,0
0,43.039619,0.48886,0.813233,0,0,0
0,43.039619,0.48953,0.8117,0,0,0
0,42.92971,0.490872,0.811029,0,0,0
0,42.92971,0.491543,0.809879,0,0,0
0,42.856094,0.49298,0.809113,0,0,0
0,42.74403,0.493651,0.807963,0,0,0
0,42.74403,0.494993,0.807388,0,0,0
0,42.667496,0.495759,0.806142,0,0,0
0,42.667496,0.497005,0.805567,0,0,0
0,42.551212,0.497676,0.804417,0,0,0
0,42.472149,0.499017,0.803842,0,0,0
0,42.472149,0.499688,0.8025,0,0,0
0,42.355244,0.500934,0.80183,0,0,0
0,42.355244,0.501605,0.800392,0,0,0
0,42.279491,0.502754,0.799721,0,0,0
0,42.167255,0.503425,0.798188,0,0,0
0,42.167255,0.504671,0.797421,0,0,0
0,42.09346,0.505342,0.795984,0,0,0
0,42.09346,0.506779,0.795218,0,0,0
0,41.98373,0.50745,0.793876,0,0,0
0,41.909927,0.508792,0.793205,0,0,0
0,41.909927,0.509558,0.791864,0,0,0
0,41.797482,0.5109,0.791193,0,0,0
0,41.797482,0.511667,0.789947,0,0,0
0,41.720184,0.513104,0.789276,0,0,0
0,41.602955,0.513679,0.788222,0,0,0
0,41.602955,0.515116,0.787647,0,0,0
0,41.523956,0.515691,0.786306,0,0,0
0,41.523956,0.516937,0.785635,0,0,0
0,41.406418,0.517608,0.784293,0,0,0
0,41.329628,0.518853,0.783623,0,0,0
0,41.329628,0.519428,0.782281,0,0,0
0,41.217381,0.520674,0.781514,0,0,0
0,41.217381,0.521345,0.780077,0,0,0
0,41.143681,0.522686,0.779406,0,0,0
0,41.035076,0.523453,0.777969,0,0,0
0,41.035076,0.524891,0.777394,0,0,0
0,40.962685,0.525561,0.776052,0,0,0
0,40.962685,0.527095,0.775382,0,0,0
0,40.851685,0.527766,0.774136,0,0,0
0,40.774239,0.529203,0.773465,0,0,0
0,40.774239,0.529874,0.772219,0,0,0
0,40.655079,0.531119,0.77174,0,0,0
0,40.655079,0.531886,0.770398,0,0,0
0,40.574631,0.533132,0.769728,0,0,0
0,40.456139,0.533802,0.76829,0,0,0
0,40.456139,0.535048,0.767619,0,0,0
0,40.378086,0.535623,0.766182,0,0,0
0,40.378086,0.536869,0.765511,0,0,0
0,40.263355,0.537444,0.764074,0,0,0
0,40.188343,0.538689,0.763499,0,0,0
0,40.188343,0.53936,0.762062,0,0,0
0,40.078293,0.540798,0.761391,0,0,0
0,40.078293,0.541469,0.760241,0,0,0
0,40.005203,0.543002,0.759474,0,0,0
0,39.894062,0.543768,0.758228,0,0,0
0,39.894062,0.545206,0.757558,0,0,0
0,39.817352,0.545972,0.75612,0,0,0
0,39.817352,0.547314,0.755545,0,0,0
0,39.699139,0.547985,0.754395,0,0,0
0,39.617954,0.549326,0.753629,0,0,0
0,39.617954,0.549901,0.752383,0,0,0
0,39.496628,0.551243,0.751616,0,0,0
0,39.496628,0.551913,0.750083,0,0,0
0,39.417477,0.553063,0.749413,0,0,0
0,39.301952,0.553734,0.747879,0,0,0
0,39.301952,0.55498,0.747113,0,0,0
0,39.226147,0.555555,0.745771,0,0,0
0,39.226147,0.557088,0.745004,0,0,0
0,39.114841,0.557759,0.74395,0,0,0
0,39.041313,0.559196,0.743376,0,0,0
0,39.041313,0.559963,0.742034,0,0,0
0,38.928684,0.5614,0.741363,0,0,0
0,38.928684,0.562167,0.740117,0,0,0
0,38.850594,0.563605,0.739542,0,0,0
0,38.730942,0.564275,0.738297,0,0,0
0,38.730942,0.565713,0.737626,0,0,0
0,38.649513,0.566383,0.736093,0,0,0
0,38.649513,0.567629,0.735326,0,0,0
0,38.528595,0.5683,0.733793,0,0,0
0,38.449322,0.56945,0.733122,0,0,0
0,38.449322,0.570121,0.731589,0,0,0
0,38.33345,0.571462,0.730822,0,0,0
0,38.33345,0.572037,0.729385,0,0,0
0,38.258942,0.573379,0.728714,0,0,0
0,38.149723,0.57405,0.727468,0,0,0
0,38.149723,0.575391,0.726797,0,0,0
0,38.076653,0.576254,0.725551,0,0,0
0,38.076653,0.577595,0.724977,0,0,0
0,37.965435,0.578362,0.723827,0,0,0
0,37.889175,0.579799,0.723156,0,0,0
0,37.889175,0.58047,0.722006,0,0,0
0,37.770966,0.581907,0.721527,0,0,0
0,37.770966,0.582578,0.720185,0,0,0
0,37.690922,0.583824,0.719419,0,0,0
0,37.572197,0.584495,0.717981,0,0,0
0,37.572197,0.585644,0.717215,0,0,0
0,37.494213,0.58622,0.715777,0,0,0
0,37.494213,0.587466,0.715011,0,0,0
0,37.380768,0.58804,0.713477,0,0,0
0,37.307381,0.589286,0.712711,0,0,0
0,37.307381,0.590053,0.711369,0,0,0
0,37.198807,0.591394,0.710794,0,0,0
0,37.198807,0.592065,0.709453,0,0,0
0,37.125557,0.593598,0.708782,0,0,0
0,37.013474,0.594173,0.707728,0,0,0
0,37.013474,0.595706,0.707153,0,0,0
0,36.936844,0.596377,0.706003,0,0,0
0,36.936844,0.597623,0.705524,0,0,0
0,36.820831,0.59839,0.704374,0,0,0
0,36.742592,0.599635,0.703703,0,0,0
0,36.742592,0.600306,0.702362,0,0,0
0,36.62521,0.601648,0.701499,0,0,0
0,36.62521,0.602223,0.700062,0,0,0
0,36.54842,0.603468,0.699295,0,0,0
0,36.43644,0.604139,0.697762,0,0,0
0,36.43644,0.605385,0.696995,0,0,0
0,36.363892,0.606056,0.695558,0,0,0
0,36.363892,0.607493,0.694887,0,0,0
0,36.255486,0.608164,0.693641,0,0,0
0,36.181389,0.609697,0.692875,0,0,0
0,36.181389,0.610464,0.691533,0,0,0
0,36.066513,0.611901,0.690958,0,0,0
0,36.066513,0.612668,0.689712,0,0,0
0,35.986938,0.614009,0.689137,0,0,0
0,35.865227,0.614776,0.688083,0,0,0
0,35.865227,0.616213,0.687413,0,0,0
0,35.783543,0.616788,0.686167,0,0,0
0,35.783543,0.618226,0.685496,0,0,0
0,35.661957,0.618801,0.684059,0,0,0
0,35.581085,0.620046,0.683388,0,0,0
0,35.581085,0.620717,0.681855,0,0,0
0,35.463154,0.621963,0.681088,0,0,0
0,35.463154,0.62273,0.679555,0,0,0
0,35.386284,0.624167,0.678788,0,0,0
0,35.271706,0.624742,0.677447,0,0,0
0,35.271706,0.626275,0.676776,0,0,0
0,35.194023,0.626946,0.675434,0,0,0
0,35.194023,0.628383,0.674763,0,0,0
0,35.074585,0.62915,0.673422,0,0,0
0,34.992966,0.630396,0.672847,0,0,0
0,34.992966,0.631066,0.671697,0,0,0
0,34.870579,0.632312,0.671026,0,0,0
0,34.870579,0.632983,0.669589,0,0,0
0,34.789986,0.634325,0.668918,0,0,0
0,34.673634,0.634995,0.667481,0,0,0
0,34.673634,0.636145,0.66681,0,0,0
0,34.597797,0.636816,0.665468,0,0,0
0,34.597797,0.638062,0.664606,0,0,0
0,34.484844,0.638637,0.663168,0,0,0
0,34.411362,0.640074,0.662498,0,0,0
0,34.411362,0.640745,0.661156,0,0,0
0,34.302696,0.642087,0.660485,0,0,0
0,34.302696,0.642949,0.658952,0,0,0
0,34.229,0.64429,0.658377,0,0,0
0,34.114605,0.645057,0.657036,0,0,0
0,34.114605,0.646399,0.656365,0,0,0
0,34.035892,0.646974,0.655311,0,0,0
0,34.035892,0.648411,0.654736,0,0,0
0,33.917805,0.648986,0.653394,0,0,0
0,33.840363,0.650232,0.652723,0,0,0
0,33.840363,0.650903,0.651286,0,0,0
0,33.726742,0.652053,0.650615,0,0,0
0,33.726742,0.652627,0.649274,0,0,0
0,33.651749,0.653969,0.648603,0,0,0
0,33.541836,0.654544,0.647261,0,0,0
0,33.541836,0.65579,0.64659,0,0,0
0,33.472103,0.656461,0.645249,0,0,0
0,33.472103,0.657802,0.644674,0,0,0
0,33.36924,0.658473,0.643524,0,0,0
0,33.300293,0.660006,0.642853,0,0,0
0,33.300293,0.660581,0.641703,0,0,0
0,33.193893,0.661923,0.641128,0,0,0
0,33.193893,0.662593,0.639883,0,0,0
0,33.120892,0.663743,0.639307,0,0,0
0,33.010094,0.664414,0.638253,0,0,0
0,33.010094,0.665564,0.637583,0,0,0
0,32.935753,0.666139,0.636241,0,0,0
0,32.935753,0.667289,0.635666,0,0,0
0,32.825745,0.667864,0.634229,0,0,0
0,32.754635,0.668918,0.633558,0,0,0
0,32.754635,0.669397,0.632216,0,0,0
0,32.651558,0.670643,0.631546,0,0,0
0,32.651558,0.671122,0.630204,0,0,0
0,32.583893,0.672368,0.629629,0,0,0
0,32.483395,0.673038,0.628479,0,0,0
0,32.483395,0.674188,0.628,0,0,0
0,32.416592,0.674859,0.62685,0,0,0
0,32.416592,0.676297,0.626179,0,0,0
0,32.315311,0.676967,0.625029,0,0,0
0,32.245403,0.678405,0.624454,0,0,0
0,32.245403,0.679075,0.623209,0,0,0
0,32.136211,0.680225,0.62273,0,0,0
0,32.136211,0.680897,0.62158,0,0,0
0,32.060364,0.682142,0.620909,0,0,0
0,31.94668,0.682717,0.619567,0,0,0
0,31.94668,0.683867,0.618992,0,0,0
0,31.872084,0.684442,0.617459,0,0,0
0,31.872084,0.685496,0.616788,0,0,0
0,31.762012,0.686071,0.615351,0,0,0
0,31.690378,0.687317,0.61468,0,0,0
0,31.690378,0.687892,0.613338,0,0,0
0,31.585955,0.689233,0.612572,0,0,0
0,31.585955,0.689904,0.611422,0,0,0
0,31.518179,0.691054,0.610943,0,0,0
0,31.416037,0.691725,0.609793,0,0,0
0,31.416037,0.693162,0.609218,0,0,0
0,31.347509,0.693737,0.608356,0,0,0
0,31.347509,0.695174,0.607781,0,0,0
0,31.243004,0.695845,0.606631,0,0,0
0,31.170874,0.697091,0.606056,0,0,0
0,31.170874,0.697762,0.605002,0,0,0
0,31.059917,0.699008,0.604331,0,0,0
0,31.059917,0.699583,0.602989,0,0,0
0,30.985058,0.700924,0.602319,0,0,0
0,30.874054,0.701499,0.600785,0,0,0
0,30.874054,0.702553,0.600114,0,0,0
0,30.801285,0.703128,0.598677,0,0,0
0,30.801285,0.704278,0.59791,0,0,0
0,30.695038,0.704853,0.596473,0,0,0
0,30.626257,0.706195,0.595802,0,0,0
0,30.626257,0.706961,0.594557,0,0,0
0,30.523676,0.708207,0.593982,0,0,0
0,30.523676,0.708878,0.59264,0,0,0
0,30.453352,0.710219,0.592065,0,0,0
0,30.344648,0.71089,0.591011,0,0,0
0,30.344648,0.712327,0.590436,0,0,0
0,30.27066,0.712998,0.589574,0,0,0
0,30.27066,0.714148,0.58919,0,0,0
0,30.158693,0.714819,0.588136,0,0,0
0,30.083736,0.715873,0.587466,0,0,0
0,30.083736,0.716352,0.586315,0,0,0
0,29.974426,0.717598,0.585644,0,0,0
0,29.974426,0.718173,0.584207,0,0,0
0,29.903765,0.719227,0.583536,0,0,0
0,29.799702,0.719802,0.582099,0,0,0
0,29.799702,0.720856,0.581332,0,0,0
0,29.731869,0.721431,0.579991,0,0,0
0,29.731869,0.722677,0.57932,0,0,0
0,29.633646,0.723347,0.578074,0,0,0
0,29.569187,0.724497,0.577595,0,0,0
0,29.569187,0.725264,0.576349,0,0,0
0,29.470575,0.726606,0.575774,0,0,0
0,29.470575,0.72718,0.574816,0,0,0
0,29.403141,0.728426,0.574337,0,0,0
0,29.299374,0.729002,0.573187,0,0,0
0,29.299374,0.730056,0.572804,0,0,0
0,29.229744,0.73063,0.571846,0,0,0
0,29.229744,0.73178,0.571175,0,0,0
0,29.127834,0.73226,0.570025,0,0,0
0,29.062073,0.733314,0.56945,0,0,0
0,29.062073,0.733888,0.568204,0,0,0
0,28.965521,0.734943,0.567533,0,0,0
0,28.965521,0.735422,0.566288,0,0,0
0,28.901344,0.736572,0.565521,0,0,0
0,28.80687,0.737147,0.564275,0,0,0
0,28.80687,0.738201,0.563605,0,0,0
0,28.745066,0.738775,0.562263,0,0,0
0,28.745066,0.740021,0.561688,0,0,0
0,28.653307,0.740596,0.560634,0,0,0
0,28.590652,0.741842,0.559963,0,0,0
0,28.590652,0.742609,0.558813,0,0,0
0,28.494856,0.743759,0.558334,0,0,0
0,28.494856,0.744334,0.557184,0,0,0
0,28.429037,0.745675,0.556705,0,0,0
0,28.329647,0.746154,0.555843,0,0,0
0,28.329647,0.747208,0.555363,0,0,0
0,28.262245,0.747783,0.554213,0,0,0
0,28.262245,0.748742,0.553638,0,0,0
0,28.16259,0.749317,0.552584,0,0,0
0,28.098207,0.750371,0.552009,0,0,0
0,28.098207,0.75085,0.550859,0,0,0
0,28.00462,0.751808,0.550285,0,0,0
0,28.00462,0.752287,0.549135,0,0,0
0,27.943245,0.753341,0.548464,0,0,0
0,27.851751,0.753916,0.547218,0,0,0
0,27.851751,0.755066,0.546643,0,0,0
0,27.791172,0.755737,0.545398,0,0,0
0,27.791172,0.757078,0.544918,0,0,0
0,27.70001,0.757653,0.543864,0,0,0
0,27.636509,0.759091,0.543194,0,0,0
0,27.636509,0.759666,0.54214,0,0,0
0,27.538116,0.760816,0.54166,0,0,0
0,27.538116,0.761487,0.54051,0,0,0
0,27.469564,0.762541,0.539935,0,0,0
0,27.365337,0.76302,0.539073,0,0,0
0,27.365337,0.76417,0.538498,0,0,0
0,27.295721,0.764745,0.537252,0,0,0
0,27.295721,0.765799,0.536677,0,0,0
0,27.194336,0.766278,0.535431,0,0,0
0,27.127972,0.767428,0.534857,0,0,0
0,27.127972,0.767907,0.533611,0,0,0
0,27.030024,0.768865,0.533036,0,0,0
0,27.030024,0.76944,0.53179,0,0,0
0,26.96664,0.77059,0.531215,0,0,0
0,26.872923,0.771069,0.530161,0,0,0
0,26.872923,0.772315,0.52949,0,0,0
0,26.811062,0.772986,0.528436,0,0,0
0,26.811062,0.774136,0.527957,0,0,0
0,26.716583,0.774711,0.526711,0,0,0
0,26.652079,0.776148,0.526136,0,0,0
0,26.652079,0.776723,0.525082,0,0,0
0,26.553795,0.778065,0.524411,0,0,0
0,26.553795,0.778735,0.523357,0,0,0
0,26.486156,0.779694,0.522878,0,0,0
0,26.382708,0.780269,0.521824,0,0,0
0,26.382708,0.781514,0.521249,0,0,0
0,26.312052,0.781993,0.520003,0,0,0
0,26.312052,0.783047,0.519428,0,0,0
0,26.20812,0.783623,0.518087,0,0,0
0,26.140268,0.784677,0.517416,0,0,0
0,26.140268,0.785156,0.51617,0,0,0
0,26.041128,0.78621,0.5155,0,0,0
0,26.041128,0.786785,0.514158,0,0,0
0,25.976286,0.787935,0.513583,0,0,0
0,25.880651,0.788605,0.512433,0,0,0
0,25.880651,0.789947,0.511954,0,0,0
0,25.818092,0.790522,0.511091,0,0,0
0,25.818092,0.791864,0.510612,0,0,0
0,25.72167,0.79263,0.509367,0,0,0
0,25.654238,0.79378,0.508888,0,0,0
0,25.654238,0.794451,0.507737,0,0,0
0,25.548912,0.795793,0.507163,0,0,0
0,25.548912,0.796367,0.506109,0,0,0
0,25.476707,0.797613,0.505629,0,0,0
0,25.367157,0.798188,0.504288,0,0,0
0,25.367157,0.799242,0.503617,0,0,0
0,25.294186,0.799817,0.502371,0,0,0
0,25.294186,0.800967,0.501605,0,0,0
0,25.187094,0.801446,0.500263,0,0,0
0,25.116953,0.802596,0.499592,0,0,0
0,25.116953,0.803171,0.498155,0,0,0
0,25.014648,0.804321,0.49758,0,0,0
0,25.014648,0.804896,0.496238,0,0,0
0,24.948435,0.806142,0.495663,0,0,0
0,24.850573,0.806717,0.494609,0,0,0
0,24.850573,0.807963,0.494035,0,0,0
0,24.784546,0.808729,0.492885,0,0,0
0,24.784546,0.809975,0.492405,0,0,0
0,24.684431,0.810646,0.491447,0,0,0
0,24.615719,0.811987,0.490872,0,0,0
0,24.615719,0.812562,0.489818,0,0,0
0,24.50909,0.813808,0.489339,0,0,0
0,24.50909,0.814479,0.488189,0,0,0
0,24.43606,0.815533,0.487518,0,0,0
0,24.327734,0.816108,0.486176,0,0,0
0,24.327734,0.817353,0.485506,0,0,0
0,24.255981,0.817832,0.484068,0,0,0
0,24.255981,0.818887,0.483398,0,0,0
0,24.150467,0.819462,0.481864,0,0,0
0,24.081696,0.820611,0.481098,0,0,0
0,24.081696,0.821187,0.479756,0,0,0
0,23.98127,0.822528,0.479181,0,0,0
0,23.98127,0.823103,0.478127,0,0,0
0,23.915909,0.824349,0.477552,0,0,0
0,23.816935,0.82502,0.476402,0,0,0
0,23.816935,0.826361,0.475923,0,0,0
0,23.74929,0.826936,0.474965,0,0,0
0,23.74929,0.828278,0.47439,0,0,0
0,23.645538,0.828853,0.473432,0,0,0
0,23.574974,0.830003,0.473048,0,0,0
0,23.574974,0.830673,0.47209,0,0,0
0,23.467936,0.831919,0.471419,0,0,0
0,23.467936,0.832398,0.470174,0,0,0
0,23.396763,0.833644,0.469503,0,0,0
0,23.291862,0.834219,0.468065,0,0,0
0,23.291862,0.835273,0.467395,0,0,0
0,23.222786,0.835848,0.465957,0,0,0
0,23.222786,0.837094,0.465191,0,0,0
0,23.121298,0.837573,0.463849,0,0,0
0,23.054354,0.838915,0.463178,0,0,0
0,23.054354,0.839585,0.461932,0,0,0
0,22.953573,0.840735,0.461453,0,0,0
0,22.953573,0.841502,0.460112,0,0,0
0,22.884499,0.842844,0.459537,0,0,0
0,22.779161,0.843418,0.458483,0,0,0
0,22.779161,0.844856,0.457908,0,0,0
0,22.706526,0.845526,0.456758,0,0,0
0,22.706526,0.846676,0.456279,0,0,0
0,22.595442,0.847347,0.45532,0,0,0
0,22.519947,0.848593,0.45465,0,0,0
0,22.519947,0.849072,0.4535,0,0,0
0,22.408426,0.850318,0.452925,0,0,0
0,22.408426,0.850893,0.451487,0,0,0
0,22.334209,0.852043,0.450817,0,0,0
0,22.225489,0.852618,0.449379,0,0,0
0,22.225489,0.853959,0.448613,0,0,0
0,22.15468,0.854534,0.447175,0,0,0
0,22.15468,0.855972,0.446409,0,0,0
0,22.049685,0.856642,0.445163,0,0,0
0,21.979212,0.857888,0.444588,0,0,0
0,21.979212,0.858655,0.443342,0,0,0
0,21.871441,0.8599,0.442671,0,0,0
0,21.871441,0.860571,0.441617,0,0,0
0,21.797865,0.861913,0.441042,0,0,0
0,21.687376,0.862488,0.439988,0,0,0
0,21.687376,0.863638,0.439413,0,0,0
0,21.613649,0.864309,0.438167,0,0,0
0,21.613649,0.865458,0.437497,0,0,0
0,21.503992,0.866033,0.436251,0,0,0
0,21.43264,0.867279,0.43558,0,0,0
0,21.43264,0.867854,0.434335,0,0,0
0,21.327919,0.868908,0.433759,0,0,0
0,21.327919,0.869483,0.432322,0,0,0
0,21.259483,0.870729,0.431651,0,0,0
0,21.158546,0.871304,0.430406,0,0,0
0,21.158546,0.872645,0.429734,0,0,0
0,21.093279,0.873316,0.428489,0,0,0
0,21.093279,0.874562,0.427914,0,0,0
0,20.993996,0.875328,0.426572,0,0,0
0,20.926046,0.876671,0.425902,0,0,0
0,20.926046,0.877341,0.424752,0,0,0
0,20.820236,0.878683,0.424177,0,0,0
0,20.820236,0.879258,0.423123,0,0,0
0,20.747326,0.880408,0.422643,0,0,0
0,20.637121,0.881078,0.421398,0,0,0
0,20.637121,0.882228,0.420823,0,0,0
0,20.563852,0.882707,0.419577,0,0,0
0,20.563852,0.883857,0.418906,0,0,0
0,20.456369,0.884336,0.41766,0,0,0
0,20.386265,0.885391,0.41699,0,0,0
0,20.386265,0.885966,0.415648,0,0,0
0,20.283928,0.887211,0.414978,0,0,0
0,20.283928,0.887786,0.413732,0,0,0
0,20.217962,0.889127,0.413061,0,0,0
0,20.120613,0.889703,0.412007,0,0,0
0,20.120613,0.890949,0.411432,0,0,0
0,20.054615,0.891715,0.410282,0,0,0
0,20.054615,0.893057,0.409707,0,0,0
0,19.954582,0.893632,0.408653,0,0,0
0,19.885387,0.894973,0.407982,0,0,0
0,19.885387,0.895644,0.406832,0,0,0
0,19.779465,0.896602,0.406353,0,0,0
0,19.779465,0.897273,0.405203,0,0,0
0,19.707069,0.898327,0.404532,0,0,0
0,19.599966,0.898902,0.403286,0,0,0
0,19.599966,0.900052,0.402616,0,0,0
0,19.530102,0.900627,0.401274,0,0,0
0,19.530102,0.901585,0.400699,0,0,0
0,19.427544,0.90216,0.399262,0,0,0
0,19.360571,0.90331,0.398591,0,0,0
0,19.360571,0.903789,0.397345,0,0,0
0,19.261595,0.905035,0.39677,0,0,0
0,19.261595,0.905706,0.395716,0,0,0
0,19.197884,0.906952,0.395237,0,0,0
0,19.101433,0.907527,0.394183,0,0,0
0,19.101433,0.908964,0.393512,0,0,0
0,19.035923,0.909635,0.392458,0,0,0
0,19.035923,0.910976,0.391883,0,0,0
0,18.934877,0.911647,0.390733,0,0,0
0,18.866171,0.912797,0.390158,0,0,0
0,18.866171,0.913372,0.3892,0,0,0
0,18.761333,0.914618,0.388529,0,0,0
0,18.761333,0.915193,0.387188,0,0,0
0,18.690248,0.916247,0.386613,0,0,0
0,18.584869,0.916822,0.385271,0,0,0
0,18.584869,0.917876,0.3846,0,0,0
0,18.515884,0.918355,0.383259,0,0,0
0,18.515884,0.919505,0.382492,0,0,0
0,18.416044,0.920175,0.381246,0,0,0
0,18.35157,0.92123,0.380575,0,0,0
0,18.35157,0.921805,0.37933,0,0,0
0,18.25663,0.923146,0.378851,0,0,0
0,18.25663,0.923625,0.377892,0,0,0
0,18.192942,0.924967,0.377317,0,0,0
0,18.09609,0.925733,0.376359,0,0,0
0,18.09609,0.926788,0.375976,0,0,0
0,18.029358,0.927458,0.375018,0,0,0
0,18.029358,0.928704,0.374538,0,0,0
0,17.927341,0.929183,0.373484,0,0,0
0,17.857597,0.930333,0.373005,0,0,0
0,17.857597,0.931004,0.371855,0,0,0
0,17.753969,0.932058,0.371185,0,0,0
0,17.753969,0.932537,0.369843,0,0,0
0,17.686146,0.933783,0.369172,0,0,0
0,17.586346,0.934262,0.367831,0,0,0
0,17.586346,0.93522,0.36716,0,0,0
0,17.520294,0.935795,0.365722,0,0,0
0,17.520294,0.936849,0.365052,0,0,0
0,17.422989,0.937328,0.363806,0,0,0
0,17.360073,0.938575,0.363135,0,0,0
0,17.360073,0.939245,0.362177,0,0,0
0,17.26639,0.940395,0.361602,0,0,0
0,17.26639,0.94097,0.360452,0,0,0
0,17.202587,0.942312,0.359877,0,0,0
0,17.105307,0.942887,0.358919,0,0,0
0,17.105307,0.944132,0.35844,0,0,0
0,17.03858,0.944803,0.357386,0,0,0
0,17.03858,0.945953,0.357002,0,0,0
0,16.937214,0.946528,0.356236,0,0,0
0,16.867142,0.947774,0.355661,0,0,0
0,16.867142,0.948253,0.354415,0,0,0
0,16.762028,0.949403,0.35384,0,0,0
0,16.762028,0.950073,0.352499,0,0,0
0,16.69091,0.951128,0.351732,0,0,0
0,16.585146,0.951702,0.35039,0,0,0
0,16.585146,0.952948,0.349528,0,0,0
0,16.5154,0.953619,0.34809,0,0,0
0,16.5154,0.954769,0.347324,0,0,0
0,16.411938,0.955536,0.345982,0,0,0
0,16.342747,0.956877,0.345407,0,0,0
0,16.342747,0.957548,0.344162,0,0,0
0,16.236204,0.959081,0.343491,0,0,0
0,16.236204,0.959752,0.342437,0,0,0
0,16.161402,0.961093,0.341862,0,0,0
0,16.047903,0.96186,0.340616,0,0,0
0,16.047903,0.963106,0.340137,0,0,0
0,15.968076,0.963872,0.338987,0,0,0
0,15.968076,0.965214,0.338316,0,0,0
0,15.846561,0.965884,0.336975,0,0,0
0,15.764208,0.967322,0.336303,0,0,0
0,15.764208,0.967993,0.33477,0,0,0
0,15.642605,0.969431,0.3341,0,0,0
0,15.642605,0.970197,0.332471,0,0,0
0,15.561542,0.971539,0.331704,0,0,0
0,15.44016,0.972401,0.330171,0,0,0
0,15.44016,0.973839,0.329404,0,0,0
0,15.356749,0.974605,0.327967,0,0,0
0,15.356749,0.976138,0.327296,0,0,0
0,15.231942,0.976905,0.325859,0,0,0
0,15.147471,0.978438,0.325188,0,0,0
0,15.147471,0.979205,0.323846,0,0,0
0,15.019617,0.980642,0.323271,0,0,0
0,15.019617,0.981313,0.321834,0,0,0
0,14.932558,0.982558,0.321163,0,0,0
0,14.804471,0.983421,0.319821,0,0,0
0,14.804471,0.984667,0.319055,0,0,0
0,14.721015,0.985337,0.317617,0,0,0
0,14.721015,0.986775,0.316851,0,0,0
0,14.59749,0.987446,0.315222,0,0,0
0,14.516126,0.988883,0.314551,0,0,0
0,14.516126,0.98965,0.313018,0,0,0
0,14.397492,0.991087,0.312347,0,0,0
0,14.397492,0.991854,0.310814,0,0,0
0,14.318986,0.993291,0.310143,0,0,0
0,14.198943,0.993962,0.308801,0,0,0
0,14.198943,0.995303,0.308131,0,0,0
0,14.117871,0.995878,0.306885,0,0,0
0,14.117871,0.997316,0.30631,0,0,0
0,13.997643,0.997987,0.304968,0,0,0
0,13.91969,0.999232,0.304297,0,0,0
0,13.91969,0.999903,0.30286,0,0,0
0,13.804598,1.001054,0.302189,0,0,0
0,13.804598,1.001628,0.300752,0,0,0
0,13.728457,1.00297,0.300081,0,0,0
0,13.618123,1.003641,0.29874,0,0,0
0,13.618123,1.004886,0.298069,0,0,0
0,13.54783,1.005557,0.296727,0,0,0
0,13.54783,1.006899,0.296152,0,0,0
0,13.441998,1.00757,0.294907,0,0,0
0,13.370573,1.009103,0.294236,0,0,0
0,13.370573,1.009773,0.29299,0,0,0
0,13.263,1.011211,0.292319,0,0,0
0,13.263,1.011977,0.291074,0,0,0
0,13.187587,1.013128,0.290499,0,0,0
0,13.070327,1.013798,0.289349,0,0,0
0,13.070327,1.015044,0.288678,0,0,0
0,12.991448,1.015619,0.287432,0,0,0
0,12.991448,1.01696,0.286761,0,0,0
0,12.875685,1.017535,0.285228,0,0,0
0,12.798169,1.018685,0.284557,0,0,0
0,12.798169,1.01926,0.28312,0,0,0
0,12.685395,1.020506,0.282353,0,0,0
0,12.685395,1.021081,0.281012,0,0,0
0,12.613425,1.022518,0.280245,0,0,0
0,12.506749,1.023189,0.279191,0,0,0
0,12.506749,1.024531,0.278616,0,0,0
0,12.434683,1.025297,0.27737,0,0,0
0,12.434683,1.026543,0.276795,0,0,0
0,12.325701,1.02731,0.27555,0,0,0
0,12.251413,1.028651,0.274879,0,0,0
0,12.251413,1.029322,0.273729,0,0,0
0,12.136546,1.030663,0.273154,0,0,0
0,12.136546,1.031334,0.271716,0,0,0
0,12.058332,1.032581,0.271046,0,0,0
0,11.942223,1.033251,0.269512,0,0,0
0,11.942223,1.034497,0.268842,0,0,0
0,11.862621,1.035072,0.267404,0,0,0
0,11.862621,1.036413,0.266542,0,0,0
0,11.744184,1.036988,0.265105,0,0,0
0,11.667097,1.038426,0.264338,0,0,0
0,11.667097,1.039192,0.262901,0,0,0
0,11.55347,1.040534,0.262326,0,0,0
0,11.55347,1.041301,0.26108,0,0,0
0,11.476473,1.042738,0.260409,0,0,0
0,11.360405,1.043504,0.259259,0,0,0
0,11.360405,1.045038,0.258588,0,0,0
0,11.281465,1.045708,0.257342,0,0,0
0,11.281465,1.047241,0.256768,0,0,0
0,11.159615,1.047912,0.255426,0,0,0
0,11.078057,1.049254,0.254755,0,0,0
0,11.078057,1.049925,0.253318,0,0,0
0,10.957472,1.051171,0.252455,0,0,0
0,10.957472,1.051841,0.251018,0,0,0
0,10.876061,1.053183,0.250251,0,0,0
0,10.757607,1.053758,0.248622,0,0,0
0,10.757607,1.055195,0.247856,0,0,0
0,10.681288,1.055866,0.246418,0,0,0
0,10.681288,1.057112,0.245843,0,0,0
0,10.567655,1.057878,0.244502,0,0,0
0,10.493442,1.05922,0.243831,0,0,0
0,10.493442,1.059891,0.242681,0,0,0
0,10.380954,1.061328,0.242106,0,0,0
0,10.380954,1.061903,0.240956,0,0,0
0,10.304399,1.063149,0.240477,0,0,0
0,10.190747,1.06382,0.239423,0,0,0
0,10.190747,1.065066,0.238656,0,0,0
0,10.115019,1.065737,0.237315,0,0,0
0,10.115019,1.066982,0.236644,0,0,0
0,10.001035,1.067557,0.235111,0,0,0
0,9.927343,1.068803,0.234344,0,0,0
0,9.927343,1.069474,0.232811,0,0,0
0,9.817445,1.070624,0.232044,0,0,0
0,9.817445,1.071198,0.230607,0,0,0
0,9.744719,1.07254,0.229936,0,0,0
0,9.637405,1.073115,0.22869,0,0,0
0,9.637405,1.074552,0.22802,0,0,0
0,9.565914,1.075319,0.226678,0,0,0
0,9.565914,1.07666,0.226199,0,0,0
0,9.455508,1.077331,0.224953,0,0,0
0,9.380635,1.078673,0.224282,0,0,0
0,9.380635,1.079344,0.223324,0,0,0
0,9.266025,1.080685,0.222749,0,0,0
0,9.266025,1.08126,0.221503,0,0,0
0,9.188519,1.082506,0.220928,0,0,0
0,9.075098,1.083176,0.219587,0,0,0
0,9.075098,1.084327,0.21882,0,0,0
0,8.999443,1.084997,0.217479,0,0,0
0,8.999443,1.086339,0.216712,0,0,0
0,8.888908,1.086914,0.215179,0,0,0
0,8.81743,1.088255,0.214412,0,0,0
0,8.81743,1.088926,0.212975,0,0,0
0,8.709645,1.090267,0.2124,0,0,0
0,8.709645,1.090938,0.211154,0,0,0
0,8.637742,1.09228,0.210483,0,0,0
0,8.528076,1.092855,0.209333,0,0,0
0,8.528076,1.094292,0.208663,0,0,0
0,8.452825,1.094868,0.207513,0,0,0
0,8.452825,1.096113,0.207033,0,0,0
0,8.340359,1.096784,0.205884,0,0,0
0,8.265541,1.097934,0.205117,0,0,0
0,8.265541,1.098605,0.203871,0,0,0
0,8.153554,1.099946,0.2032,0,0,0
0,8.153554,1.100425,0.201859,0,0,0
0,8.080592,1.101576,0.201284,0,0,0
0,7.973756,1.102246,0.199847,0,0,0
0,7.973756,1.103396,0.199176,0,0,0
0,7.90228,1.103971,0.197834,0,0,0
0,7.90228,1.105313,0.197163,0,0,0
0,7.798483,1.105983,0.195918,0,0,0
0,7.729851,1.107325,0.195343,0,0,0
0,7.729851,1.107996,0.193905,0,0,0
0,7.625097,1.109338,0.19333,0,0,0
0,7.625097,1.110008,0.192085,0,0,0
0,7.553651,1.111254,0.191509,0,0,0
0,7.443552,1.111829,0.190455,0,0,0
0,7.443552,1.11317,0.189976,0,0,0
0,7.368781,1.113745,0.188731,0,0,0
0,7.368781,1.114895,0.18806,0,0,0
0,7.257311,1.11547,0.186814,0,0,0
0,7.183822,1.11662,0.186048,0,0,0
0,7.183822,1.117099,0.184802,0,0,0
0,7.076745,1.118249,0.184131,0,0,0
0,7.076745,1.11892,0.182694,0,0,0
0,7.00654,1.12007,0.182119,0,0,0
0,6.905118,1.120645,0.180777,0,0,0
0,6.905118,1.121986,0.180202,0,0,0
0,6.838635,1.122561,0.179052,0,0,0
0,6.838635,1.123903,0.178477,0,0,0
0,6.736336,1.124669,0.177231,0,0,0
0,6.668612,1.12582,0.176656,0,0,0
0,6.668612,1.12649,0.175507,0,0,0
0,6.565432,1.127832,0.174836,0,0,0
0,6.565432,1.128407,0.173782,0,0,0
0,6.493956,1.129557,0.173302,0,0,0
0,6.38624,1.130132,0.171961,0,0,0
0,6.38624,1.131186,0.171386,0,0,0
0,6.31397,1.131857,0.170044,0,0,0
0,6.31397,1.133007,0.169278,0,0,0
0,6.208719,1.133581,0.168032,0,0,0
0,6.140047,1.134636,0.167361,0,0,0
0,6.140047,1.135211,0.16602,0,0,0
0,6.039199,1.136265,0.165445,0,0,0
0,6.039199,1.13684,0.164199,0,0,0
0,5.973564,1.138181,0.163624,0,0,0
0,5.877223,1.138756,0.162666,0,0,0
0,5.877223,1.140002,0.162282,0,0,0
0,5.812863,1.140672,0.161037,0,0,0
0,5.812863,1.142014,0.160462,0,0,0
0,5.713187,1.142589,0.159503,0,0,0
0,5.645052,1.143931,0.158833,0,0,0
0,5.645052,1.144506,0.157779,0,0,0
0,5.539896,1.145751,0.1573,0,0,0
0,5.539896,1.146326,0.156245,0,0,0
0,5.468534,1.147381,0.155575,0,0,0
0,5.362316,1.147859,0.154425,0,0,0
0,5.362316,1.149009,0.153754,0,0,0
0,5.292481,1.149489,0.152412,0,0,0
0,5.292481,1.150447,0.151742,0,0,0
0,5.19073,1.151022,0.1504,0,0,0
0,5.125066,1.152172,0.149633,0,0,0
0,5.125066,1.152651,0.148387,0,0,0
0,5.028931,1.153801,0.147717,0,0,0
0,5.028931,1.154376,0.146567,0,0,0
0,4.967017,1.155525,0.146088,0,0,0
0,4.873722,1.156101,0.145034,0,0,0
0,4.873722,1.157442,0.144459,0,0,0
0,4.811655,1.158017,0.143596,0,0,0
0,4.811655,1.159263,0.143213,0,0,0
0,4.715416,1.159934,0.142159,0,0,0
0,4.648193,1.161084,0.141584,0,0,0
0,4.648193,1.161659,0.140626,0,0,0
0,4.543266,1.162905,0.140146,0,0,0
0,4.543266,1.16348,0.138805,0,0,0
0,4.471839,1.164534,0.13823,0,0,0
0,4.365752,1.165204,0.136889,0,0,0
0,4.365752,1.166354,0.136122,0,0,0
0,4.294754,1.166834,0.13478,0,0,0
0,4.294754,1.167983,0.134014,0,0,0
0,4.191046,1.168558,0.132576,0,0,0
0,4.123524,1.169708,0.132001,0,0,0
0,4.123524,1.170283,0.13066,0,0,0
0,4.025298,1.171625,0.130085,0,0,0
0,4.025298,1.172199,0.12903,0,0,0
0,3.960331,1.173445,0.12836,0,0,0
0,3.861409,1.174116,0.12721,0,0,0
0,3.861409,1.175362,0.126731,0,0,0
0,3.793888,1.176033,0.125677,0,0,0
0,3.793888,1.177374,0.125198,0,0,0
0,3.691273,1.177949,0.124335,0,0,0
0,3.62082,1.179195,0.123952,0,0,0
0,3.62082,1.179866,0.122993,0,0,0
0,3.51353,1.18092,0.122323,0,0,0
0,3.51353,1.181494,0.121077,0,0,0
0,3.441244,1.18274,0.120406,0,0,0
0,3.335374,1.183316,0.119065,0,0,0
0,3.335374,1.184369,0.118394,0,0,0
0,3.26552,1.184944,0.116765,0,0,0
0,3.26552,1.186095,0.115998,0,0,0
0,3.163436,1.186669,0.114656,0,0,0
0,3.096811,1.188011,0.113986,0,0,0
0,3.096811,1.188586,0.112836,0,0,0
0,2.998143,1.189736,0.112357,0,0,0
0,2.998143,1.190407,0.111111,0,0,0
0,2.931793,1.191653,0.110536,0,0,0
0,2.830073,1.192228,0.109578,0,0,0
0,2.830073,1.193569,0.109003,0,0,0
0,2.760341,1.194144,0.107949,0,0,0
0,2.760341,1.195198,0.10747,0,0,0
0,2.654099,1.195773,0.106511,0,0,0
0,2.582536,1.197019,0.105841,0,0,0
0,2.582536,1.197498,0.104691,0,0,0
0,2.476999,1.198744,0.10402,0,0,0
0,2.476999,1.199319,0.102678,0,0,0
0,2.407374,1.200373,0.102007,0,0,0
0,2.304891,1.200948,0.100666,0,0,0
0,2.304891,1.202098,0.099995,0,0,0
0,2.237484,1.202769,0.098654,0,0,0
0,2.237484,1.204014,0.097887,0,0,0
0,2.137624,1.204685,0.096545,0,0,0
0,2.071715,1.205835,0.096066,0,0,0
0,2.071715,1.206506,0.094725,0,0,0
0,1.971013,1.207847,0.09415,0,0,0
0,1.971013,1.208422,0.093,0,0,0
0,1.902453,1.209764,0.092425,0,0,0
0,1.797616,1.210434,0.091371,0,0,0
0,1.797616,1.211488,0.090892,0,0,0
0,1.727016,1.212064,0.089933,0,0,0
0,1.727016,1.213309,0.089263,0,0,0
0,1.621042,1.213788,0.088113,0,0,0
0,1.550924,1.214938,0.087538,0,0,0
0,1.550924,1.215513,0.086292,0,0,0
0,1.448817,1.216567,0.085717,0,0,0
0,1.448817,1.217046,0.084567,0,0,0
0,1.382344,1.218196,0.083896,0,0,0
0,1.285461,1.218771,0.082459,0,0,0
0,1.285461,1.219921,0.081884,0,0,0
0,1.222581,1.220592,0.080542,0,0,0
0,1.222581,1.221838,0.079967,0,0,0
0,1.129993,1.222509,0.078913,0,0,0
0,1.067876,1.223755,0.078338,0,0,0
0,1.067876,1.224521,0.077093,0,0,0
0,0.972037,1.225575,0.076613,0,0,0
0,0.972037,1.226246,0.075559,0,0,0
0,0.905628,1.227396,0.074984,0,0,0
0,0.803801,1.227875,0.074122,0,0,0
0,0.803801,1.229025,0.073643,0,0,0
0,0.735812,1.2296,0.072397,0,0,0
0,0.735812,1.230558,0.071822,0,0,0
0,0.635853,1.231037,0.070672,0,0,0
0,0.570268,1.232187,0.070001,0,0,0
0,0.570268,1.232666,0.068756,0,0,0
0,0.472851,1.233625,0.068276,0,0,0
0,0.472851,1.234103,0.067031,0,0,0
0,0.410133,1.235254,0.066456,0,0,0
0,0.318281,1.235733,0.065402,0,0,0
0,0.318281,1.236787,0.064827,0,0,0
0,0.258396,1.237458,0.063677,0,0,0
0,0.258396,1.238608,0.063198,0,0,0
0,0.167926,1.239182,0.062239,0,0,0
0,0.107776,1.240428,0.061569,0,0,0
0,0.107776,1.241003,0.060419,0,0,0
0,0.014472,1.242249,0.05994,0,0,0
0,0.014472,1.24292,0.05879,0,0,0
0,-0.049696,1.244069,0.058311,0,0,0
0,-0.148758,1.244644,0.057352,0,0,0
0,-0.148758,1.245699,0.056873,0,0,0
0,-0.216639,1.246273,0.055723,0,0,0
0,-0.216639,1.247232,0.055148,0,0,0
0,-0.319082,1.247711,0.053998,0,0,0
0,-0.38684,1.248861,0.053423,0,0,0
0,-0.38684,1.24934,0.052082,0,0,0
0,-0.485393,1.250298,0.051507,0,0,0
0,-0.485393,1.250778,0.050165,0,0,0
0,-0.548758,1.251832,0.049495,0,0,0
0,-0.640953,1.252311,0.048345,0,0,0
0,-0.640953,1.253365,0.047865,0,0,0
0,-0.699254,1.254036,0.046907,0,0,0
0,-0.699254,1.255186,0.046524,0,0,0
0,-0.786497,1.25576,0.045661,0,0,0
0,-0.84626,1.256911,0.045086,0,0,0
0,-0.84626,1.257581,0.044032,0,0,0
0,-0.93978,1.258731,0.043553,0,0,0
0,-0.93978,1.259306,0.042499,0,0,0
0,-1.004141,1.260552,0.041924,0,0,0
0,-1.102995,1.261031,0.040966,0,0,0
0,-1.102995,1.262181,0.040487,0,0,0
0,-1.17053,1.262756,0.039241,0,0,0
0,-1.17053,1.26381,0.038666,0,0,0
0,-1.270504,1.264289,0.03742,0,0,0
0,-1.336242,1.265343,0.036749,0,0,0
0,-1.336242,1.265822,0.035504,0,0,0
0,-1.432317,1.266781,0.034929,0,0,0
0,-1.432317,1.267164,0.033587,0,0,0
0,-1.493879,1.268218,0.033012,0,0,0
0,-1.582153,1.268697,0.031958,0,0,0
0,-1.582153,1.269751,0.031383,0,0,0
0,-1.637658,1.27023,0.030329,0,0,0
0,-1.637658,1.271188,0.029946,0,0,0
0,-1.719363,1.271764,0.029083,0,0,0
0,-1.774505,1.272722,0.028604,0,0,0
0,-1.774505,1.273297,0.027742,0,0,0
0,-1.858755,1.274447,0.027359,0,0,0
0,-1.858755,1.274925,0.026688,0,0,0
0,-1.916157,1.27598,0.026209,0,0,0
0,-2.003482,1.276555,0.02525,0,0,0
0,-2.003482,1.277513,0.024867,0,0,0
0,-2.063785,1.277992,0.024101,0,0,0
0,-2.063785,1.27895,0.023717,0,0,0
0,-2.153318,1.27943,0.022759,0,0,0
0,-2.212705,1.280388,0.022184,0,0,0
0,-2.212705,1.280771,0.02113,0,0,0
0,-2.299479,1.281634,0.020555,0,0,0
0,-2.299479,1.282017,0.019309,0,0,0
0,-2.356914,1.28288,0.01883,0,0,0
0,-2.439791,1.283263,0.01768,0,0,0
0,-2.439791,1.283934,0.017009,0,0,0
0,-2.492436,1.284221,0.015955,0,0,0
0,-2.492436,1.285084,0.015476,0,0,0
0,-2.57056,1.285467,0.014518,0,0,0
0,-2.620068,1.28633,0.014134,0,0,0
0,-2.620068,1.286713,0.013464,0,0,0
0,-2.693709,1.287575,0.013272,0,0,0
0,-2.693709,1.287958,0.012697,0,0,0
0,-2.743403,1.288725,0.012314,0,0,0
0,-2.817072,1.289013,0.011451,0,0,0
0,-2.817072,1.289683,0.011068,0,0,0
0,-2.865602,1.290066,0.010589,0,0,0
0,-2.865602,1.290929,0.010493,0,0,0
0,-2.935882,1.291217,0.010014,0,0,0
0,-2.978678,1.291791,0.009727,0,0,0
0,-2.978678,1.291983,0.009151,0,0,0
0,-3.041748,1.292462,0.008864,0,0,0
0,-3.041748,1.29275,0.008481,0,0,0
0,-3.081411,1.293325,0.008385,0,0,0
0,-3.133361,1.293612,0.008289,0,0,0
0,-3.133361,1.2939,0.008193,0,0,0
0,-3.163314,1.293995,0.008001,0,0,0
0,-3.163314,1.294091,0.007905,0,0,0
0,-3.206752,1.294091,0.007714,0,0,0
0,-3.231497,1.294187,0.007522,0,0,0
0,-3.231497,1.294283,0.007043,0,0,0
0,-3.25939,1.294474,0.006756,0,0,0
0,-3.25939,1.294474,0.006085,0,0,0
0,-3.271887,1.294666,0.005797,0,0,0
0,-3.289068,1.294666,0.00551,0,0,0
0,-3.289068,1.294858,0.005414,0,0,0
0,-3.297571,1.294954,0.005318,0,0,0
0,-3.297571,1.295241,0.005223,0,0,0
0,-3.310328,1.295433,0.005127,0,0,0
0,-3.31728,1.29572,0.005031,0,0,0
0,-3.31728,1.295912,0.004743,0,0,0
0,-3.33019,1.2962,0.004647,0,0,0
0,-3.33019,1.296391,0.004073,0,0,0
0,-3.339062,1.296487,0.003785,0,0,0
0,-3.354965,1.296582,0.003306,0,0,0
0,-3.354965,1.296582,0.003019,0,0,0
0,-3.36341,1.296678,0.002827,0,0,0
0,-3.36341,1.296678,0.002731,0,0,0
0,-3.374053,1.296678,0.002731,0,0,0
0,-3.378116,1.296774,0.002731,0,0,0
0,-3.378116,1.296774,0.002635,0,0,0
0,-3.384656,1.296774,0.002635,0,0,0
0,-3.384656,1.296774,0.002539,0,0,0
0,-3.38851,1.296774,0.002539,0,0,0
0,-3.394846,1.296774,0.002539,0,0,0
0,-3.394846,1.29687,0.002444,0,0,0
0,-3.398006,1.29687,0.002444,0,0,0
0,-3.398006,1.29687,0.002348,0,0,0
0,-3.403085,1.29687,0.002348,0,0,0
0,-3.405762,1.29687,0.002252,0,0,0
0,-3.405762,1.296966,0.002156,0,0,0
0,-3.409774,1.296966,0.002156,0,0,0
0,-3.409774,1.296966,0.001964,0,0,0
0,-3.41169,1.296966,0.001773,0,0,0
0,-3.414507,1.296966,0.001485,0,0,0
0,-3.414507,1.296966,0.001294,0,0,0
0,-3.414901,1.296966,0.00091,0,0,0
0,-3.414901,1.296966,0.000719,0,0,0
0,-3.413561,1.296966,0.000527,0,0,0
0,-3.411066,1.296966,0.000431,0,0,0
0,-3.411066,1.296966,0.000431,0,0,0
0,-3.405945,1.296966,0.000431,0,0,0
0,-3.405945,1.296966,0.000431,0,0,0
0,-3.401106,1.296966,0.000431,0,0,0
0,-3.393334,1.296966,0.000431,0,0,0
0,-3.393334,1.296966,0.000431,0,0,0
0,-3.387002,1.296966,0.000431,0,0,0
0,-3.387002,1.296966,0.000431,0,0,0
0,-3.377627,1.296966,0.000431,0,0,0
0,-3.37181,1.296966,0.000431,0,0,0
0,-3.37181,1.296966,0.000431,0,0,0
0,-3.363677,1.296966,0.000431,0,0,0
0,-3.363677,1.296966,0.000431,0,0,0
0,-3.358647,1.296966,0.000431,0,0,0
0,-3.352941,1.296966,0.000431,0,0,0
0,-3.352941,1.296966,0.000431,0,0,0
0,-3.350464,1.296966,0.000431,0,0,0
0,-3.350464,1.296966,0.000431,0,0,0
0,-3.347439,1.296966,0.000431,0,0,0
0,-3.346264,1.296966,0.000431,0,0,0
0,-3.346264,1.296966,0.000431,0,0,0
0,-3.345734,1.296966,0.000431,0,0,0
0,-3.345734,1.296966,0.000431,0,0,0
0,-3.34586,1.296966,0.000431,0,0,0
0,-3.344612,1.296966,0.000431,0,0,0
0,-3.344612,1.296966,0.000431,0,0,0
0,-3.343447,1.296966,0.000431,0,0,0
0,-3.343447,1.296966,0.000431,0,0,0
0,-3.341606,1.296966,0.000431,0,0,0
0,-3.340614,1.296966,0.000431,0,0,0
0,-3.340614,1.296966,0.000431,0,0,0
0,-3.337776,1.296966,0.000431,0,0,0
0,-3.337776,1.296966,0.000431,0,0,0
0,-3.335892,1.296966,0.000431,0,0,0
0,-3.333167,1.296966,0.000431,0,0,0
0,-3.333167,1.296966,0.000431,0,0,0
0,-3.331672,1.296966,0.000431,0,0,0
0,-3.331672,1.296966,0.000431,0,0,0
0,-3.329664,1.296966,0.000431,0,0,0
0,-3.329658,1.296966,0.000431,0,0,0
0,-3.329658,1.296966,0.000431,0,0,0
0,-3.33053,1.296966,0.000431,0,0,0
0,-3.33053,1.296966,0.000431,0,0,0
0,-3.330918,1.296966,0.000431,0,0,0
0,-3.331893,1.296966,0.000431,0,0,0
0,-3.331893,1.296966,0.000431,0,0,0
0,-3.333259,1.296966,0.000431,0,0,0
0,-3.333259,1.296966,0.000431,0,0,0
0,-3.334925,1.296966,0.000431,0,0,0
0,-3.335285,1.296966,0.000431,0,0,0
0,-3.335285,1.296966,0.000431,0,0,0
0,-3.336247,1.296966,0.000431,0,0,0
0,-3.336247,1.296966,0.000431,0,0,0
0,-3.337887,1.296966,0.000431,0,0,0
0,-3.340816,1.296966,0.000431,0,0,0
0,-3.340816,1.296966,0.000431,0,0,0
0,-3.342028,1.296966,0.000431,0,0,0
0,-3.342028,1.296966,0.000431,0,0,0
0,-3.342541,1.296966,0.000431,0,0,0
0,-3.342052,1.296966,0.000431,0,0,0
0,-3.342052,1.296966,0.000431,0,0,0
0,-3.341131,1.296966,0.000431,0,0,0
0,-3.341131,1.296966,0.000431,0,0,0
0,-3.340318,1.296966,0.000431,0,0,0
0,-3.339664,1.296966,0.000431,0,0,0
0,-3.339664,1.296966,0.000431,0,0,0
0,-3.338713,1.296966,0.000431,0,0,0
0,-3.338713,1.296966,0.000431,0,0,0
0,-3.338331,1.296966,0.000431,0,0,0
0,-3.33937,1.296966,0.000431,0,0,0
0,-3.33937,1.296966,0.000431,0,0,0
0,-3.341983,1.296966,0.000431,0,0,0
0,-3.341983,1.296966,0.000431,0,0,0
0,-3.343764,1.296966,0.000431,0,0,0
0,-3.346727,1.296966,0.000431,0,0,0
0,-3.346727,1.296966,0.000431,0,0,0
0,-3.347792,1.296966,0.000431,0,0,0
0,-3.347792,1.296966,0.000431,0,0,0
0,-3.349078,1.296966,0.000431,0,0,0
0,-3.349849,1.296966,0.000431,0,0,0
0,-3.349849,1.296966,0.000431,0,0,0
0,-3.351275,1.296966,0.000431,0,0,0
0,-3.351275,1.296966,0.000431,0,0,0
0,-3.352232,1.296966,0.000431,0,0,0
0,-3.354629,1.296966,0.000431,0,0,0
0,-3.354629,1.296966,0.000431,0,0,0
0,-3.356256,1.296966,0.000431,0,0,0
0,-3.356256,1.296966,0.000431,0,0,0
0,-3.357733,1.296966,0.000431,0,0,0
0,-3.357932,1.296966,0.000431,0,0,0
0,-3.357932,1.296966,0.000431,0,0,0
0,-3.357364,1.296966,0.000431,0,0,0
0,-3.357364,1.296966,0.000431,0,0,0
0,-3.356106,1.296966,0.000431,0,0,0
0,-3.354524,1.296966,0.000431,0,0,0
0,-3.354524,1.296966,0.000431,0,0,0
0,-3.353663,1.296966,0.000431,0,0,0
0,-3.353663,1.296966,0.000431,0,0,0
0,-3.352188,1.296966,0.000431,0,0,0
0,-3.35166,1.296966,0.000431,0,0,0
0,-3.35166,1.296966,0.000431,0,0,0
0,-3.352365,1.296966,0.000431,0,0,0
0,-3.352365,1.296966,0.000431,0,0,0
0,-3.353907,1.296966,0.000431,0,0,0
0,-3.356159,1.296966,0.000431,0,0,0
0,-3.356159,1.296966,0.000431,0,0,0
0,-3.357334,1.296966,0.000431,0,0,0
0,-3.357334,1.296966,0.000431,0,0,0
0,-3.358172,1.296966,0.000431,0,0,0
0,-3.358008,1.296966,0.000431,0,0,0
0,-3.358008,1.296966,0.000431,0,0,0
0,-3.357767,1.296966,0.000431,0,0,0
0,-3.357767,1.296966,0.000431,0,0,0
0,-3.357571,1.296966,0.000431,0,0,0
0,-3.356681,1.296966,0.000431,0,0,0
0,-3.356681,1.296966,0.000431,0,0,0
0,-3.355266,1.296966,0.000431,0,0,0
0,-3.355266,1.296966,0.000431,0,0,0
0,-3.353372,1.296966,0.000431,0,0,0
0,-3.351559,1.296966,0.000431,0,0,0
0,-3.351559,1.296966,0.000431,0,0,0
0,-3.349208,1.296966,0.000431,0,0,0
0,-3.349208,1.296966,0.000431,0,0,0
0,-3.347971,1.296966,0.000431,0,0,0
0,-3.346535,1.296966,0.000431,0,0,0
0,-3.346535,1.296966,0.000431,0,0,0
0,-3.346178,1.296966,0.000431,0,0,0
0,-3.346178,1.296966,0.000431,0,0,0
0,-3.34579,1.296966,0.000431,0,0,0
0,-3.344731,1.296966,0.000431,0,0,0
0,-3.344731,1.296966,0.000431,0,0,0
0,-3.343648,1.296966,0.000431,0,0,0
0,-3.343648,1.296966,0.000431,0,0,0
0,-3.343042,1.296966,0.000431,0,0,0
0,-3.341747,1.296966,0.000431,0,0,0
0,-3.341747,1.296966,0.000431,0,0,0
0,-3.340412,1.296966,0.000431,0,0,0
0,-3.340412,1.296966,0.000431,0,0,0
0,-3.339012,1.296966,0.000431,0,0,0
0,-3.338711,1.296966,0.000431,0,0,0
0,-3.338711,1.296966,0.000431,0,0,0
0,-3.339046,1.296966,0.000431,0,0,0
0,-3.339046,1.296966,0.000431,0,0,0
0,-3.339348,1.296966,0.000431,0,0,0
0,-3.340183,1.296966,0.000431,0,0,0
0,-3.340183,1.296966,0.000431,0,0,0
0,-3.340939,1.296966,0.000431,0,0,0
0,-3.340939,1.296966,0.000431,0,0,0
0,-3.341938,1.296966,0.000431,0,0,0
0,-3.341992,1.296966,0.000431,0,0,0
0,-3.341992,1.296966,0.000431,0,0,0
0,-3.342393,1.296966,0.000431,0,0,0
0,-3.342393,1.296966,0.000431,0,0,0
0,-3.342237,1.296966,0.000431,0,0,0
0,-3.341409,1.296966,0.000431,0,0,0
0,-3.341409,1.296966,0.000431,0,0,0
0,-3.3401,1.296966,0.000431,0,0,0
0,-3.3401,1.296966,0.000431,0,0,0
0,-3.338844,1.296966,0.000431,0,0,0
0,-3.338472,1.296966,0.000431,0,0,0
0,-3.338472,1.296966,0.000431,0,0,0
0,-3.338862,1.296966,0.000431,0,0,0
0,-3.338862,1.296966,0.000431,0,0,0
0,-3.339675,1.296966,0.000431,0,0,0
0,-3.340809,1.296966,0.000431,0,0,0
0,-3.340809,1.296966,0.000431,0,0,0
0,-3.340709,1.296966,0.000431,0,0,0
0,-3.340709,1.296966,0.000431,0,0,0
0,-3.340141,1.296966,0.000431,0,0,0
0,-3.339315,1.296966,0.000431,0,0,0
0,-3.339315,1.296966,0.000431,0,0,0
0,-3.338646,1.296966,0.000431,0,0,0
0,-3.338646,1.296966,0.000431,0,0,0
0,-3.337913,1.296966,0.000431,0,0,0
0,-3.337085,1.296966,0.000431,0,0,0
0,-3.337085,1.296966,0.000431,0,0,0
0,-3.336291,1.296966,0.000431,0,0,0
0,-3.336291,1.296966,0.000431,0,0,0
0,-3.335455,1.296966,0.000431,0,0,0
0,-3.335201,1.296966,0.000431,0,0,0
0,-3.335201,1.296966,0.000431,0,0,0
0,-3.33516,1.296966,0.000431,0,0,0
0,-3.33516,1.296966,0.000431,0,0,0
0,-3.335302,1.296966,0.000431,0,0,0
0,-3.336029,1.296966,0.000431,0,0,0
0,-3.336029,1.296966,0.000431,0,0,0
0,-3.336567,1.296966,0.000431,0,0,0
0,-3.336567,1.296966,0.000431,0,0,0
0,-3.336959,1.296966,0.000431,0,0,0
0,-3.336045,1.296966,0.000431,0,0,0
0,-3.336045,1.296966,0.000431,0,0,0
0,-3.334885,1.296966,0.000431,0,0,0
0,-3.334885,1.296966,0.000431,0,0,0
0,-3.334153,1.296966,0.000431,0,0,0
0,-3.333632,1.296966,0.000431,0,0,0
0,-3.333632,1.296966,0.000431,0,0,0
0,-3.333845,1.296966,0.000431,0,0,0
0,-3.333845,1.296966,0.000431,0,0,0
0,-3.334553,1.296966,0.000431,0,0,0
0,-3.335493,1.296966,0.000431,0,0,0
0,-3.335493,1.296966,0.000431,0,0,0
0,-3.336741,1.296966,0.000431,0,0,0
0,-3.336741,1.296966,0.000431,0,0,0
0,-3.337768,1.297062,0.000431,0,0,0
0,-3.33914,1.297062,0.000431,0,0,0
0,-3.33914,1.297062,0.000431,0,0,0
0,-3.339253,1.297062,0.000431,0,0,0
0,-3.339253,1.297062,0.000431,0,0,0
0,-3.340164,1.297062,0.000431,0,0,0
0,-3.340312,1.297062,0.000431,0,0,0
0,-3.340312,1.297062,0.000431,0,0,0
0,-3.339918,1.297062,0.000431,0,0,0
0,-3.339918,1.297062,0.000431,0,0,0
0,-3.338763,1.297062,0.000431,0,0,0
0,-3.33722,1.297062,0.000431,0,0,0
0,-3.33722,1.297062,0.000431,0,0,0
0,-3.336609,1.297062,0.000431,0,0,0
0,-3.336609,1.297062,0.000431,0,0,0
0,-3.336372,1.297062,0.000431,0,0,0
0,-3.336065,1.297062,0.000431,0,0,0
0,-3.336065,1.297062,0.000431,0,0,0
0,-3.334946,1.297062,0.000431,0,0,0
0,-3.334946,1.297062,0.000431,0,0,0
0,-3.334123,1.297062,0.000431,0,0,0
0,-3.333678,1.297062,0.000431,0,0,0
0,-3.333678,1.297062,0.000431,0,0,0
0,-3.334373,1.297062,0.000431,0,0,0
0,-3.334373,1.297062,0.000431,0,0,0
0,-3.335716,1.297062,0.000431,0,0,0
0,-3.336836,1.297062,0.000431,0,0,0
0,-3.336836,1.297062,0.000431,0,0,0
0,-3.337248,1.297062,0.000431,0,0,0
0,-3.337248,1.297062,0.000431,0,0,0
0,-3.337912,1.297062,0.000431,0,0,0
0,-3.339506,1.297062,0.000431,0,0,0
0,-3.339506,1.297062,0.000431,0,0,0
0,-3.340443,1.297062,0.000431,0,0,0
0,-3.340443,1.297062,0.000431,0,0,0
0,-3.342505,1.297062,0.000431,0,0,0
0,-3.342561,1.297062,0.000431,0,0,0
0,-3.342561,1.297062,0.000431,0,0,0
0,-3.342658,1.297062,0.000431,0,0,0
0,-3.342658,1.297062,0.000431,0,0,0
0,-3.342474,1.297062,0.000431,0,0,0
0,-3.341699,1.297062,0.000431,0,0,0
0,-3.341699,1.297062,0.000431,0,0,0
0,-3.341754,1.297062,0.000431,0,0,0
0,-3.341754,1.297062,0.000431,0,0,0
0,-3.341947,1.297062,0.000431,0,0,0
0,-3.340939,1.297062,0.000431,0,0,0
0,-3.340939,1.297062,0.000431,0,0,0
0,-3.340995,1.297062,0.000431,0,0,0
0,-3.340995,1.297062,0.000431,0,0,0
0,-3.340811,1.297062,0.000431,0,0,0
0,-3.339074,1.297062,0.000431,0,0,0
0,-3.339074,1.297062,0.000431,0,0,0
0,-3.338701,1.297062,0.000431,0,0,0
0,-3.338701,1.297062,0.000431,0,0,0
0,-3.339633,1.297062,0.000431,0,0,0
0,-3.339268,1.297062,0.000431,0,0,0
0,-3.339268,1.297062,0.000431,0,0,0
0,-3.338583,1.297062,0.000431,0,0,0
0,-3.338583,1.297062,0.000431,0,0,0
0,-3.339041,1.297062,0.000431,0,0,0
0,-3.339284,1.297062,0.000431,0,0,0
0,-3.339284,1.297062,0.000431,0,0,0
0,-3.338799,1.297062,0.000431,0,0,0
0,-3.338799,1.297062,0.000431,0,0,0
0,-3.34041,1.297062,0.000431,0,0,0
0,-3.342963,1.297158,0.000431,0,0,0
0,-3.342963,1.297158,0.000431,0,0,0
0,-3.345093,1.297158,0.000431,0,0,0
0,-3.345093,1.297158,0.000431,0,0,0
0,-3.34679,1.297158,0.000431,0,0,0
0,-3.349815,1.297253,0.000431,0,0,0
0,-3.349815,1.297253,0.000431,0,0,0
0,-3.35102,1.297253,0.000431,0,0,0
0,-3.35102,1.297253,0.000431,0,0,0
0,-3.35199,1.297253,0.000431,0,0,0
0,-3.350504,1.297253,0.000431,0,0,0
0,-3.350504,1.297253,0.000431,0,0,0
0,-3.347712,1.297253,0.000431,0,0,0
0,-3.347712,1.297253,0.000431,0,0,0
0,-3.345734,1.297253,0.000431,0,0,0
0,-3.344131,1.297253,0.000431,0,0,0
0,-3.344131,1.297253,0.000431,0,0,0
0,-3.342767,1.297253,0.000431,0,0,0
0,-3.342767,1.297253,0.000431,0,0,0
0,-3.341248,1.297253,0.000431,0,0,0
0,-3.3417,1.297253,0.000431,0,0,0
0,-3.3417,1.297253,0.000431,0,0,0
0,-3.344332,1.297253,0.000431,0,0,0
0,-3.344332,1.297253,0.000431,0,0,0
0,-3.346816,1.297253,0.000431,0,0,0
0,-3.350025,1.297253,0.000431,0,0,0
0,-3.350025,1.297253,0.000431,0,0,0
0,-3.350934,1.297253,0.000431,0,0,0
0,-3.350934,1.297253,0.000431,0,0,0
0,-3.351615,1.297253,0.000431,0,0,0
0,-3.350617,1.297253,0.000431,0,0,0
0,-3.350617,1.297253,0.000431,0,0,0
0,-3.349093,1.297253,0.000431,0,0,0
0,-3.349093,1.297253,0.000431,0,0,0
0,-3.348452,1.297253,0.000431,0,0,0
0,-3.347882,1.297253,0.000431,0,0,0
0,-3.347882,1.297253,0.000431,0,0,0
0,-3.34676,1.297253,0.000431,0,0,0
0,-3.34676,1.297253,0.000431,0,0,0
0,-3.34582,1.297253,0.000431,0,0,0
0,-3.346883,1.297253,0.000431,0,0,0
0,-3.346883,1.297253,0.000431,0,0,0
0,-3.348261,1.297253,0.000431,0,0,0
0,-3.348261,1.297253,0.000431,0,0,0
0,-3.347499,1.297253,0.000431,0,0,0
0,-3.347095,1.297253,0.000431,0,0,0
0,-3.347095,1.297253,0.000431,0,0,0
0,-3.347753,1.297253,0.000431,0,0,0
0,-3.347753,1.297253,0.000431,0,0,0
0,-3.348429,1.297253,0.000431,0,0,0
0,-3.347696,1.297253,0.000431,0,0,0
0,-3.347696,1.297253,0.000431,0,0,0
0,-3.347039,1.297253,0.000431,0,0,0
0,-3.347039,1.297253,0.000431,0,0,0
0,-3.348061,1.297349,0.000431,0,0,0
0,-3.349798,1.297349,0.000431,0,0,0
0,-3.349798,1.297349,0.000431,0,0,0
0,-3.350308,1.297349,0.000431,0,0,0
0,-3.350308,1.297349,0.000431,0,0,0
0,-3.350827,1.297349,0.000431,0,0,0
0,-3.351158,1.297349,0.000431,0,0,0
0,-3.351158,1.297349,0.000431,0,0,0
0,-3.352574,1.297349,0.000431,0,0,0
0,-3.352574,1.297349,0.000431,0,0,0
0,-3.353903,1.297349,0.000431,0,0,0
0,-3.355464,1.297349,0.000431,0,0,0
0,-3.355464,1.297349,0.000431,0,0,0
0,-3.355636,1.297349,0.000431,0,0,0
0,-3.355636,1.297349,0.000431,0,0,0
0,-3.355873,1.297349,0.000431,0,0,0
0,-3.355166,1.297349,0.000431,0,0,0
0,-3.355166,1.297349,0.000431,0,0,0
0,-3.353807,1.297349,0.000431,0,0,0
0,-3.353807,1.297349,0.000431,0,0,0
0,-3.352284,1.297349,0.000431,0,0,0
0,-3.350249,1.297349,0.000431,0,0,0
0,-3.350249,1.297349,0.000431,0,0,0
0,-3.348972,1.297349,0.000431,0,0,0
0,-3.348972,1.297349,0.000431,0,0,0
0,-3.347848,1.297349,0.000431,0,0,0
0,-3.346816,1.297349,0.000431,0,0,0
0,-3.346816,1.297349,0.000431,0,0,0
0,-3.346449,1.297349,0.000431,0,0,0
0,-3.346449,1.297349,0.000431,0,0,0
0,-3.346728,1.297349,0.000431,0,0,0
0,-3.348337,1.297349,0.000431,0,0,0
0,-3.348337,1.297349,0.000431,0,0,0
0,-3.349862,1.297349,0.000431,0,0,0
0,-3.349862,1.297349,0.000431,0,0,0
0,-3.352202,1.297349,0.000431,0,0,0
0,-3.353266,1.297349,0.000431,0,0,0
0,-3.353266,1.297349,0.000431,0,0,0
0,-3.354628,1.297349,0.000431,0,0,0
0,-3.354628,1.297445,0.000431,0,0,0
0,-3.355171,1.297445,0.000431,0,0,0
0,-3.356082,1.297445,0.000431,0,0,0
0,-3.356082,1.297445,0.000431,0,0,0
0,-3.355833,1.297445,0.000431,0,0,0
0,-3.355833,1.297445,0.000431,0,0,0
0,-3.355124,1.297445,0.000431,0,0,0
0,-3.354117,1.297445,0.000431,0,0,0
0,-3.354117,1.297445,0.000431,0,0,0
0,-3.352684,1.297445,0.000431,0,0,0
0,-3.352684,1.297445,0.000431,0,0,0
0,-3.351921,1.297445,0.000431,0,0,0
0,-3.351595,1.297445,0.000431,0,0,0
0,-3.351595,1.297445,0.000431,0,0,0
0,-3.351623,1.297445,0.000431,0,0,0
0,-3.351623,1.297445,0.000431,0,0,0
0,-3.35216,1.297445,0.000431,0,0,0
0,-3.353161,1.297445,0.000431,0,0,0
0,-3.353161,1.297445,0.000431,0,0,0
0,-3.355031,1.297445,0.000431,0,0,0
0,-3.355031,1.297445,0.000431,0,0,0
0,-3.356061,1.297445,0.000431,0,0,0
0,-3.357427,1.297445,0.000431,0,0,0
0,-3.357427,1.297445,0.000431,0,0,0
0,-3.357604,1.297445,0.000431,0,0,0
0,-3.357604,1.297445,0.000431,0,0,0
0,-3.358025,1.297445,0.000431,0,0,0
0,-3.357778,1.297445,0.000431,0,0,0
0,-3.357778,1.297445,0.000431,0,0,0
0,-3.357769,1.297445,0.000431,0,0,0
0,-3.357769,1.297445,0.000431,0,0,0
0,-3.357616,1.297445,0.000431,0,0,0
0,-3.357964,1.297445,0.000431,0,0,0
0,-3.357964,1.297445,0.000431,0,0,0
0,-3.357965,1.297445,0.000431,0,0,0
0,-3.357965,1.297445,0.000431,0,0,0
0,-3.357846,1.297445,0.000431,0,0,0
0,-3.357601,1.297445,0.000431,0,0,0
0,-3.357601,1.297445,0.000431,0,0,0
0,-3.357426,1.297445,0.000431,0,0,0
0,-3.357426,1.297445,0.000431,0,0,0
0,-3.357544,1.297445,0.000431,0,0,0
0,-3.357526,1.297445,0.000431,0,0,0
0,-3.357526,1.297445,0.000431,0,0,0
0,-3.357371,1.297445,0.000431,0,0,0
0,-3.357371,1.297445,0.000431,0,0,0
0,-3.357495,1.297445,0.000431,0,0,0
0,-3.357096,1.297445,0.000431,0,0,0
0,-3.357096,1.297445,0.000431,0,0,0
0,-3.356654,1.297445,0.000431,0,0,0
0,-3.356654,1.297445,0.000431,0,0,0
0,-3.356254,1.297445,0.000431,0,0,0
0,-3.356316,1.297445,0.000431,0,0,0
0,-3.356316,1.297445,0.000431,0,0,0
0,-3.35668,1.297445,0.000431,0,0,0
0,-3.35668,1.297445,0.000431,0,0,0
0,-3.357859,1.297445,0.000431,0,0,0
0,-3.358801,1.297445,0.000431,0,0,0
0,-3.358801,1.297445,0.000431,0,0,0
0,-3.360151,1.297445,0.000431,0,0,0
0,-3.360151,1.297445,0.000431,0,0,0
0,-3.360936,1.297445,0.000431,0,0,0
0,-3.361982,1.297445,0.000431,0,0,0
0,-3.361982,1.297445,0.000431,0,0,0
0,-3.362037,1.297445,0.000431,0,0,0
0,-3.362037,1.297445,0.000431,0,0,0
0,-3.362035,1.297445,0.000431,0,0,0
0,-3.36133,1.297445,0.000431,0,0,0
0,-3.36133,1.297445,0.000431,0,0,0
0,-3.360694,1.297445,0.000431,0,0,0
0,-3.360694,1.297445,0.000431,0,0,0
0,-3.360142,1.297445,0.000431,0,0,0
0,-3.359605,1.297445,0.000431,0,0,0
0,-3.359605,1.297445,0.000431,0,0,0
0,-3.358597,1.297445,0.000431,0,0,0
0,-3.358597,1.297445,0.000431,0,0,0
0,-3.358137,1.297445,0.000431,0,0,0
0,-3.358534,1.297445,0.000431,0,0,0
0,-3.358534,1.297445,0.000431,0,0,0
0,-3.359747,1.297445,0.000431,0,0,0
0,-3.359747,1.297445,0.000431,0,0,0
0,-3.360568,1.297445,0.000431,0,0,0
0,-3.361412,1.297445,0.000431,0,0,0
0,-3.361412,1.297445,0.000431,0,0,0
0,-3.361652,1.297445,0.000431,0,0,0
0,-3.361652,1.297445,0.000431,0,0,0
0,-3.361937,1.297445,0.000431,0,0,0
0,-3.361933,1.297445,0.000431,0,0,0
0,-3.361933,1.297445,0.000431,0,0,0
0,-3.362218,1.297445,0.000431,0,0,0
0,-3.362218,1.297445,0.000431,0,0,0
0,-3.362458,1.297445,0.000431,0,0,0
0,-3.362826,1.297541,0.000431,0,0,0
0,-3.362826,1.297541,0.000431,0,0,0
0,-3.362856,1.297541,0.000431,0,0,0
0,-3.362856,1.297541,0.000431,0,0,0
0,-3.362915,1.297541,0.000431,0,0,0
0,-3.362306,1.297541,0.000431,0,0,0
0,-3.362306,1.297541,0.000431,0,0,0
0,-3.361372,1.297541,0.000431,0,0,0
0,-3.361372,1.297541,0.000431,0,0,0
0,-3.3607,1.297541,0.000431,0,0,0
0,-3.360419,1.297541,0.000431,0,0,0
0,-3.360419,1.297541,0.000431,0,0,0
0,-3.360051,1.297541,0.000431,0,0,0
0,-3.360051,1.297541,0.000431,0,0,0
0,-3.359938,1.297541,0.000431,0,0,0
0,-3.360179,1.297541,0.000431,0,0,0
0,-3.360179,1.297541,0.000431,0,0,0
0,-3.360628,1.297541,0.000431,0,0,0
0,-3.360628,1.297541,0.000431,0,0,0
0,-3.360318,1.297541,0.000431,0,0,0
0,-3.360152,1.297541,0.000431,0,0,0
0,-3.360152,1.297541,0.000431,0,0,0
0,-3.36021,1.297541,0.000431,0,0,0
0,-3.36021,1.297541,0.000431,0,0,0
0,-3.360601,1.297541,0.000431,0,0,0
0,-3.360965,1.297541,0.000431,0,0,0
0,-3.360965,1.297541,0.000335,0,0,0
0,-3.361528,1.297541,0.000335,0,0,0
0,-3.361528,1.297541,0.000335,0,0,0
0,-3.361223,1.297541,0.000335,0,0,0
0,-3.36097,1.297541,0.000335,0,0,0
0,-3.36097,1.297541,0.000335,0,0,0
0,-3.36121,1.297541,0.000335,0,0,0
0,-3.36121,1.297541,0.000335,0,0,0
0,-3.362705,1.297541,0.000335,0,0,0
0,-3.363614,1.297541,0.000335,0,0,0
0,-3.363614,1.297541,0.000335,0,0,0
0,-3.364414,1.297541,0.000335,0,0,0
0,-3.364414,1.297541,0.000335,0,0,0
0,-3.364683,1.297541,0.000335,0,0,0
0,-3.365136,1.297541,0.000335,0,0,0
0,-3.365136,1.297541,0.000335,0,0,0
0,-3.364676,1.297541,0.000335,0,0,0
0,-3.364676,1.297541,0.000335,0,0,0
0,-3.363806,1.297541,0.000335,0,0,0
0,-3.363224,1.297541,0.000335,0,0,0
0,-3.363224,1.297541,0.000335,0,0,0
0,-3.362499,1.297541,0.000335,0,0,0
0,-3.362499,1.297541,0.000335,0,0,0
0,-3.361402,1.297541,0.000335,0,0,0
0,-3.360492,1.297541,0.000335,0,0,0
0,-3.360492,1.297541,0.000335,0,0,0
0,-3.359885,1.297541,0.000335,0,0,0
0,-3.359885,1.297541,0.000335,0,0,0
0,-3.359498,1.297541,0.000335,0,0,0
0,-3.360137,1.297541,0.000335,0,0,0
0,-3.360137,1.297541,0.000335,0,0,0
0,-3.36165,1.297541,0.000335,0,0,0
0,-3.36165,1.297541,0.000335,0,0,0
0,-3.362743,1.297541,0.000335,0,0,0
0,-3.364087,1.297541,0.000335,0,0,0
0,-3.364087,1.297541,0.000335,0,0,0
0,-3.364874,1.297541,0.000335,0,0,0
0,-3.364874,1.297541,0.000335,0,0,0
0,-3.365783,1.297541,0.000335,0,0,0
0,-3.365626,1.297637,0.000335,0,0,0
0,-3.365626,1.297637,0.000335,0,0,0
0,-3.365775,1.297637,0.000335,0,0,0
0,-3.365775,1.297637,0.000335,0,0,0
0,-3.365406,1.297637,0.000335,0,0,0
0,-3.364857,1.297637,0.000335,0,0,0
0,-3.364857,1.297637,0.000335,0,0,0
0,-3.364064,1.297637,0.000335,0,0,0
0,-3.364064,1.297637,0.000335,0,0,0
0,-3.363555,1.297637,0.000335,0,0,0
0,-3.363011,1.297637,0.000335,0,0,0
0,-3.363011,1.297637,0.000335,0,0,0
0,-3.362309,1.297637,0.000335,0,0,0
0,-3.362309,1.297637,0.000335,0,0,0
0,-3.36173,1.297637,0.000335,0,0,0
0,-3.361652,1.297637,0.000335,0,0,0
0,-3.361652,1.297637,0.000335,0,0,0
0,-3.362075,1.297637,0.000335,0,0,0
0,-3.362075,1.297637,0.000335,0,0,0
0,-3.363237,1.297637,0.000335,0,0,0
0,-3.364389,1.297637,0.000335,0,0,0
0,-3.364389,1.297733,0.000335,0,0,0
0,-3.365919,1.297733,0.000335,0,0,0
0,-3.365919,1.297733,0.000335,0,0,0
0,-3.366676,1.297733,0.000335,0,0,0
0,-3.367704,1.297733,0.000335,0,0,0
0,-3.367704,1.297828,0.000335,0,0,0
0,-3.367791,1.297828,0.000335,0,0,0
0,-3.367791,1.297828,0.000335,0,0,0
0,-3.367723,1.297828,0.000335,0,0,0
0,-3.36769,1.297828,0.000335,0,0,0
0,-3.36769,1.297924,0.000335,0,0,0
0,-3.368687,1.297924,0.000335,0,0,0
0,-3.368687,1.297924,0.000335,0,0,0
0,-3.36939,1.297924,0.000335,0,0,0
0,-3.370987,1.297924,0.000335,0,0,0
0,-3.370987,1.29802,0.000335,0,0,0
0,-3.371659,1.29802,0.000335,0,0,0
0,-3.371659,1.29802,0.000335,0,0,0
0,-3.372567,1.298116,0.000335,0,0,0
0,-3.372718,1.298116,0.000335,0,0,0
0,-3.372718,1.298116,0.000335,0,0,0
0,-3.373836,1.298212,0.000335,0,0,0
0,-3.373836,1.298212,0.000335,0,0,0
0,-3.374537,1.298308,0.000335,0,0,0
0,-3.376439,1.298308,0.000335,0,0,0
0,-3.376439,1.298404,0.000335,0,0,0
0,-3.377535,1.298404,0.000335,0,0,0
0,-3.377535,1.298404,0.000335,0,0,0
0,-3.379647,1.298404,0.000335,0,0,0
0,-3.381107,1.298499,0.000335,0,0,0
0,-3.381107,1.298499,0.000335,0,0,0
0,-3.383778,1.298499,0.000335,0,0,0
0,-3.383778,1.298499,0.000335,0,0,0
0,-3.385481,1.298499,0.000335,0,0,0
0,-3.388102,1.298499,0.000335,0,0,0
0,-3.388102,1.298499,0.000335,0,0,0
0,-3.389141,1.298499,0.000335,0,0,0
0,-3.389141,1.298499,0.000335,0,0,0
0,-3.390065,1.298499,0.000335,0,0,0
0,-3.390187,1.298499,0.000335,0,0,0
0,-3.390187,1.298499,0.000335,0,0,0
0,-3.39058,1.298499,0.000335,0,0,0
0,-3.39058,1.298499,0.000335,0,0,0
0,-3.390455,1.298595,0.000335,0,0,0
0,-3.390617,1.298595,0.000335,0,0,0
0,-3.390617,1.298595,0.000335,0,0,0
0,-3.390704,1.298595,0.000335,0,0,0
0,-3.390704,1.298595,0.000335,0,0,0
0,-3.391014,1.298595,0.000335,0,0,0
0,-3.390948,1.298595,0.000335,0,0,0
0,-3.390948,1.298595,0.000335,0,0,0
0,-3.391711,1.298595,0.000335,0,0,0
0,-3.391711,1.298595,0.000335,0,0,0
0,-3.391706,1.298595,0.000335,0,0,0
0,-3.392124,1.298595,0.000335,0,0,0
0,-3.392124,1.298595,0.000335,0,0,0
0,-3.391577,1.298595,0.000335,0,0,0
0,-3.391577,1.298595,0.000335,0,0,0
0,-3.391292,1.298595,0.000335,0,0,0
0,-3.391384,1.298595,0.000335,0,0,0
0,-3.391384,1.298595,0.000335,0,0,0
0,-3.392307,1.298595,0.000335,0,0,0
0,-3.392307,1.298595,0.000335,0,0,0
0,-3.393067,1.298595,0.000335,0,0,0
0,-3.394999,1.298595,0.000335,0,0,0
0,-3.394999,1.298595,0.000335,0,0,0
0,-3.395939,1.298595,0.000335,0,0,0
0,-3.395939,1.298595,0.000335,0,0,0
0,-3.396759,1.298595,0.000335,0,0,0
0,-3.397057,1.298595,0.000335,0,0,0
0,-3.397057,1.298595,0.000335,0,0,0
0,-3.397646,1.298595,0.000335,0,0,0
0,-3.397646,1.298595,0.000335,0,0,0
0,-3.397277,1.298595,0.000335,0,0,0
0,-3.397061,1.298595,0.000335,0,0,0
0,-3.397061,1.298595,0.000335,0,0,0
0,-3.395719,1.298595,0.000335,0,0,0
0,-3.395719,1.298595,0.000335,0,0,0
0,-3.394387,1.298595,0.000335,0,0,0
0,-3.393322,1.298595,0.000335,0,0,0
0,-3.393322,1.298595,0.000335,0,0,0
0,-3.392611,1.298595,0.000335,0,0,0
0,-3.392611,1.298595,0.000335,0,0,0
0,-3.392309,1.298595,0.000335,0,0,0
0,-3.392733,1.298595,0.000335,0,0,0
0,-3.392733,1.298595,0.000335,0,0,0
0,-3.393615,1.298595,0.000335,0,0,0
0,-3.393615,1.298595,0.000335,0,0,0
0,-3.39536,1.298595,0.000335,0,0,0
0,-3.397,1.298595,0.000335,0,0,0
0,-3.397,1.298595,0.000335,0,0,0
0,-3.399276,1.298595,0.000335,0,0,0
0,-3.399276,1.298691,0.000335,0,0,0
0,-3.400305,1.298691,0.000335,0,0,0
0,-3.401745,1.298691,0.000335,0,0,0
0,-3.401745,1.298691,0.000335,0,0,0
0,-3.401923,1.298691,0.000335,0,0,0
0,-3.401923,1.298691,0.000335,0,0,0
0,-3.402289,1.298691,0.000335,0,0,0
0,-3.401313,1.298691,0.000335,0,0,0
0,-3.401313,1.298691,0.000335,0,0,0
0,-3.399461,1.298691,0.000335,0,0,0
0,-3.399461,1.298691,0.000335,0,0,0
0,-3.397696,1.298691,0.000335,0,0,0
0,-3.395589,1.298691,0.000335,0,0,0
0,-3.395589,1.298691,0.000335,0,0,0
0,-3.394528,1.298691,0.000335,0,0,0
0,-3.394528,1.298691,0.000335,0,0,0
0,-3.393976,1.298691,0.000335,0,0,0
0,-3.394283,1.298691,0.000335,0,0,0
0,-3.394283,1.298691,0.000335,0,0,0
0,-3.395651,1.298691,0.000335,0,0,0
0,-3.395651,1.298691,0.000335,0,0,0
0,-3.396624,1.298691,0.000335,0,0,0
0,-3.398035,1.298691,0.000335,0,0,0
0,-3.398035,1.298691,0.000335,0,0,0
0,-3.399279,1.298691,0.000335,0,0,0
0,-3.399279,1.298691,0.000335,0,0,0
0,-3.401031,1.298691,0.000335,0,0,0
0,-3.402061,1.298691,0.000335,0,0,0
0,-3.402061,1.298691,0.000335,0,0,0
0,-3.40339,1.298691,0.000335,0,0,0
0,-3.40339,1.298691,0.000335,0,0,0
0,-3.403479,1.298691,0.000335,0,0,0
0,-3.403161,1.298691,0.000335,0,0,0
0,-3.403161,1.298691,0.000335,0,0,0
0,-3.402704,1.298691,0.000335,0,0,0
0,-3.402704,1.298691,0.000335,0,0,0
0,-3.402467,1.298691,0.000335,0,0,0
0,-3.402044,1.298691,0.000335,0,0,0
0,-3.402044,1.298691,0.000335,0,0,0
0,-3.401782,1.298691,0.000335,0,0,0
0,-3.401782,1.298691,0.000335,0,0,0
0,-3.402269,1.298691,0.000335,0,0,0
0,-3.403683,1.298691,0.000335,0,0,0
0,-3.403683,1.298691,0.000335,0,0,0
0,-3.40481,1.298691,0.000335,0,0,0
0,-3.40481,1.298691,0.000335,0,0,0
0,-3.406158,1.298691,0.000335,0,0,0
0,-3.40616,1.298691,0.000335,0,0,0
0,-3.40616,1.298691,0.000335,0,0,0
0,-3.406502,1.298691,0.000335,0,0,0
0,-3.406502,1.298691,0.000335,0,0,0
0,-3.407024,1.298691,0.000335,0,0,0
0,-3.408182,1.298691,0.000335,0,0,0
0,-3.408182,1.298691,0.000335,0,0,0
0,-3.408707,1.298691,0.000335,0,0,0
0,-3.408707,1.298691,0.000335,0,0,0
0,-3.409255,1.298691,0.000335,0,0,0
0,-3.408747,1.298691,0.000335,0,0,0
0,-3.408747,1.298691,0.000335,0,0,0
0,-3.407862,1.298691,0.000335,0,0,0
0,-3.407862,1.298691,0.000335,0,0,0
0,-3.407169,1.298691,0.000335,0,0,0
0,-3.406597,1.298691,0.000335,0,0,0
0,-3.406597,1.298691,0.000335,0,0,0
0,-3.406111,1.298691,0.000335,0,0,0
0,-3.406111,1.298691,0.000335,0,0,0
0,-3.405479,1.298691,0.000335,0,0,0
0,-3.404349,1.298691,0.000335,0,0,0
0,-3.404349,1.298691,0.000335,0,0,0
0,-3.402866,1.298691,0.000335,0,0,0
0,-3.402866,1.298691,0.000335,0,0,0
0,-3.401303,1.298691,0.000335,0,0,0
0,-3.399079,1.298691,0.000335,0,0,0
0,-3.399079,1.298691,0.000335,0,0,0
0,-3.397877,1.298691,0.000335,0,0,0
0,-3.397877,1.298691,0.000335,0,0,0
0,-3.397259,1.298691,0.000335,0,0,0
0,-3.39737,1.298691,0.000335,0,0,0
0,-3.39737,1.298691,0.000335,0,0,0
0,-3.397907,1.298691,0.000335,0,0,0
0,-3.397907,1.298691,0.000335,0,0,0
0,-3.398235,1.298691,0.000335,0,0,0
0,-3.399126,1.298691,0.000335,0,0,0
0,-3.399126,1.298691,0.000335,0,0,0
0,-3.400277,1.298691,0.000335,0,0,0
0,-3.400277,1.298691,0.000335,0,0,0
0,-3.402112,1.298691,0.000335,0,0,0
0,-3.403262,1.298691,0.000335,0,0,0
0,-3.403262,1.298691,0.000335,0,0,0
0,-3.404621,1.298691,0.000335,0,0,0
0,-3.404621,1.298691,0.000335,0,0,0
0,-3.40492,1.298691,0.000335,0,0,0
0,-3.404835,1.298691,0.000335,0,0,0
0,-3.404835,1.298691,0.000335,0,0,0
0,-3.403735,1.298691,0.000335,0,0,0
0,-3.403735,1.298691,0.000335,0,0,0
0,-3.402246,1.298691,0.000335,0,0,0
0,-3.401268,1.298691,0.000335,0,0,0
0,-3.401268,1.298691,0.000335,0,0,0
0,-3.399761,1.298691,0.000335,0,0,0
0,-3.399761,1.298691,0.000335,0,0,0
0,-3.397996,1.298691,0.000335,0,0,0
0,-3.3961,1.298691,0.000335,0,0,0
0,-3.3961,1.298691,0.000335,0,0,0
0,-3.394738,1.298691,0.000335,0,0,0
0,-3.394738,1.298691,0.000335,0,0,0
0,-3.39375,1.298691,0.000335,0,0,0
0,-3.393728,1.298691,0.000335,0,0,0
0,-3.393728,1.298691,0.000335,0,0,0
0,-3.394213,1.298691,0.000335,0,0,0
0,-3.394213,1.298691,0.000335,0,0,0
0,-3.395162,1.298691,0.000335,0,0,0
0,-3.397212,1.298691,0.000335,0,0,0
0,-3.397212,1.298691,0.000335,0,0,0
0,-3.398795,1.298691,0.000335,0,0,0
0,-3.398795,1.298691,0.000335,0,0,0
0,-3.400831,1.298691,0.000335,0,0,0
0,-3.401529,1.298691,0.000335,0,0,0
0,-3.401529,1.298691,0.000335,0,0,0
0,-3.402246,1.298691,0.000335,0,0,0
0,-3.402246,1.298691,0.000335,0,0,0
0,-3.401787,1.298691,0.000335,0,0,0
0,-3.400939,1.298691,0.000335,0,0,0
0,-3.400939,1.298691,0.000335,0,0,0
0,-3.400026,1.298691,0.000335,0,0,0
0,-3.400026,1.298691,0.000335,0,0,0
0,-3.398819,1.298691,0.000335,0,0,0
0,-3.397692,1.298691,0.000335,0,0,0
0,-3.397692,1.298691,0.000335,0,0,0
0,-3.396184,1.298691,0.000335,0,0,0
0,-3.396184,1.298691,0.000335,0,0,0
0,-3.395179,1.298691,0.000335,0,0,0
0,-3.3945,1.298691,0.000335,0,0,0
0,-3.3945,1.298691,0.000335,0,0,0
0,-3.39462,1.298691,0.000335,0,0,0
0,-3.39462,1.298691,0.000335,0,0,0
0,-3.395318,1.298691,0.000335,0,0,0
0,-3.396253,1.298691,0.000335,0,0,0
0,-3.396253,1.298691,0.000335,0,0,0
0,-3.397821,1.298691,0.000335,0,0,0
0,-3.397821,1.298691,0.000335,0,0,0
0,-3.398665,1.298691,0.000335,0,0,0
0,-3.399726,1.298691,0.000335,0,0,0
0,-3.399726,1.298691,0.000335,0,0,0
0,-3.399599,1.298691,0.000335,0,0,0
0,-3.399599,1.298691,0.000335,0,0,0
0,-3.398909,1.298691,0.000335,0,0,0
0,-3.39854,1.298691,0.000335,0,0,0
0,-3.39854,1.298691,0.000335,0,0,0
0,-3.398768,1.298691,0.000335,0,0,0
0,-3.398768,1.298691,0.000335,0,0,0
0,-3.398583,1.298691,0.000335,0,0,0
0,-3.398294,1.298691,0.000335,0,0,0
0,-3.398294,1.298691,0.000335,0,0,0
0,-3.397866,1.298691,0.000335,0,0,0
0,-3.397866,1.298691,0.000335,0,0,0
0,-3.397454,1.298691,0.000335,0,0,0
0,-3.397546,1.298691,0.000335,0,0,0
0,-3.397546,1.298691,0.000335,0,0,0
0,-3.397982,1.298691,0.000335,0,0,0
0,-3.397982,1.298691,0.000335,0,0,0
