I0,I1,I2,I3,I4,I5,I6
0.000000,-3.529945,1.298691,0.000144,0.000000,0.000000,0.000000
0.000000,-3.529945,1.298691,0.000144,0.000000,0.000000,0.000000
0.000000,-3.529901,1.298691,0.000144,0.000000,0.000000,0.000000
0.000000,-3.529901,1.298691,0.000144,0.000000,0.000000,0.000000
0.000000,-3.529901,1.298691,0.000144,0.000000,0.000000,0.000000
0.000000,-3.529901,1.298691,0.000144,0.000000,0.000000,0.000000
0.000000,-3.529875,1.298691,0.000144,0.000000,0.000000,0.000000
0.000000,-3.529875,1.298691,0.000144,0.000000,0.000000,0.000000
0.000000,-3.529875,1.298691,0.000144,0.000000,0.000000,0.000000
0.000000,-3.529830,1.298691,0.000144,0.000000,0.000000,0.000000
0.000000,-3.529830,1.298691,0.000144,0.000000,0.000000,0.000000
0.000000,-3.529830,1.298691,0.000144,0.000000,0.000000,0.000000
0.000000,-3.529799,1.298691,0.000144,0.000000,0.000000,0.000000
0.000000,-3.529799,1.298691,0.000144,0.000000,0.000000,0.000000
0.000000,-3.529799,1.298691,0.000144,0.000000,0.000000,0.000000
0.000000,-3.529799,1.298691,0.000144,0.000000,0.000000,0.000000
0.000000,-3.529770,1.298691,0.000144,0.000000,0.000000,0.000000
0.000000,-3.529770,1.298691,0.000144,0.000000,0.000000,0.000000
0.000000,-3.529770,1.298691,0.000144,0.000000,0.000000,0.000000
0.000000,-3.529735,1.298691,0.000144,0.000000,0.000000,0.000000
0.000000,-3.529735,1.298691,0.000144,0.000000,0.000000,0.000000
0.000000,-3.529735,1.298691,0.000144,0.000000,0.000000,0.000000
0.000000,-3.529711,1.298691,0.000144,0.000000,0.000000,0.000000
0.000000,-3.529711,1.298691,0.000144,0.000000,0.000000,0.000000
0.000000,-3.529711,1.298691,0.000144,0.000000,0.000000,0.000000
0.000000,-3.529711,1.298691,0.000144,0.000000,0.000000,0.000000
0.000000,-3.529699,1.298691,0.000144,0.000000,0.000000,0.000000
0.000000,-3.529699,1.298691,0.000144,0.000000,0.000000,0.000000
0.000000,-3.529699,1.298691,0.000144,0.000000,0.000000,0.000000
0.000000,-3.529696,1.298691,0.000144,0.000000,0.000000,0.000000
0.000000,-3.529696,1.298691,0.000144,0.000000,0.000000,0.000000
0.000000,-3.529696,1.298691,0.000144,0.000000,0.000000,0.000000
0.000000,-3.529678,1.298691,0.000144,0.000000,0.000000,0.000000
0.000000,-3.529678,1.298691,0.000144,0.000000,0.000000,0.000000
0.000000,-3.529678,1.298691,0.000144,0.000000,0.000000,0.000000
0.000000,-3.529678,1.298691,0.000144,0.000000,0.000000,0.000000
0.000000,-3.529644,1.298691,0.000144,0.000000,0.000000,0.000000
0.000000,-3.529644,1.298691,0.000144,0.000000,0.000000,0.000000
0.000000,-3.529644,1.298691,0.000144,0.000000,0.000000,0.000000
0.000000,-3.529665,1.298691,0.000144,0.000000,0.000000,0.000000
0.000000,-3.529665,1.298691,0.000144,0.000000,0.000000,0.000000
0.000000,-3.529665,1.298691,0.000144,0.000000,0.000000,0.000000
0.000000,-3.529680,1.298691,0.000144,0.000000,0.000000,0.000000
0.000000,-3.529680,1.298691,0.000144,0.000000,0.000000,0.000000
0.000000,-3.529680,1.298691,0.000144,0.000000,0.000000,0.000000
0.000000,-3.529680,1.298691,0.000144,0.000000,0.000000,0.000000
0.000000,-3.529695,1.298691,0.000144,0.000000,0.000000,0.000000
0.000000,-3.529695,1.298691,0.000144,0.000000,0.000000,0.000000
0.000000,-3.529695,1.298691,0.000144,0.000000,0.000000,0.000000
0.000000,-3.529706,1.298691,0.000144,0.000000,0.000000,0.000000
0.000000,-3.529706,1.298691,0.000144,0.000000,0.000000,0.000000
0.000000,-3.529706,1.298691,0.000144,0.000000,0.000000,0.000000
0.000000,-3.529745,1.298691,0.000144,0.000000,0.000000,0.000000
0.000000,-3.529745,1.298691,0.000144,0.000000,0.000000,0.000000
0.000000,-3.529745,1.298691,0.000144,0.000000,0.000000,0.000000
0.000000,-3.529745,1.298691,0.000144,0.000000,0.000000,0.000000
0.000000,-3.529757,1.298691,0.000144,0.000000,0.000000,0.000000
0.000000,-3.529757,1.298691,0.000144,0.000000,0.000000,0.000000
0.000000,-3.529757,1.298691,0.000144,0.000000,0.000000,0.000000
0.000000,-3.529767,1.298691,0.000144,0.000000,0.000000,0.000000
0.000000,-3.529767,1.298691,0.000144,0.000000,0.000000,0.000000
0.000000,-3.529767,1.298691,0.000144,0.000000,0.000000,0.000000
0.000000,-3.529789,1.298691,0.000144,0.000000,0.000000,0.000000
0.000000,-3.529789,1.298691,0.000144,0.000000,0.000000,0.000000
0.000000,-3.529789,1.298691,0.000144,0.000000,0.000000,0.000000
0.000000,-3.529789,1.298691,0.000144,0.000000,0.000000,0.000000
0.000000,-3.529775,1.298691,0.000144,0.000000,0.000000,0.000000
0.000000,-3.529775,1.298691,0.000144,0.000000,0.000000,0.000000
0.000000,-3.529775,1.298691,0.000144,0.000000,0.000000,0.000000
0.000000,-3.529769,1.298691,0.000144,0.000000,0.000000,0.000000
0.000000,-3.529769,1.298691,0.000144,0.000000,0.000000,0.000000
0.000000,-3.529769,1.298691,0.000144,0.000000,0.000000,0.000000
0.000000,-3.529783,1.298691,0.000144,0.000000,0.000000,0.000000
0.000000,-3.529783,1.298691,0.000144,0.000000,0.000000,0.000000
0.000000,-3.529783,1.298691,0.000144,0.000000,0.000000,0.000000
0.000000,-3.529783,1.298691,0.000144,0.000000,0.000000,0.000000
0.000000,-3.529793,1.298691,0.000144,0.000000,0.000000,0.000000
0.000000,-3.529793,1.298691,0.000144,0.000000,0.000000,0.000000
0.000000,-3.529793,1.298691,0.000144,0.000000,0.000000,0.000000
0.000000,-3.529783,1.298691,0.000144,0.000000,0.000000,0.000000
0.000000,-3.529783,1.298691,0.000144,0.000000,0.000000,0.000000
0.000000,-3.529783,1.298691,0.000144,0.000000,0.000000,0.000000
0.000000,-3.529795,1.298691,0.000144,0.000000,0.000000,0.000000
0.000000,-3.529795,1.298691,0.000144,0.000000,0.000000,0.000000
0.000000,-3.529795,1.298691,0.000144,0.000000,0.000000,0.000000
0.000000,-3.529795,1.298691,0.000144,0.000000,0.000000,0.000000
0.000000,-3.529814,1.298691,0.000144,0.000000,0.000000,0.000000
0.000000,-3.529814,1.298691,0.000144,0.000000,0.000000,0.000000
0.000000,-3.529814,1.298691,0.000144,0.000000,0.000000,0.000000
0.000000,-3.529847,1.298691,0.000144,0.000000,0.000000,0.000000
0.000000,-3.529847,1.298691,0.000144,0.000000,0.000000,0.000000
0.000000,-3.529847,1.298691,0.000144,0.000000,0.000000,0.000000
0.000000,-3.529874,1.298691,0.000144,0.000000,0.000000,0.000000
0.000000,-3.529874,1.298691,0.000144,0.000000,0.000000,0.000000
0.000000,-3.529874,1.298691,0.000144,0.000000,0.000000,0.000000
0.000000,-3.529874,1.298691,0.000144,0.000000,0.000000,0.000000
0.000000,-3.529891,1.298691,0.000144,0.000000,0.000000,0.000000
0.000000,-3.529891,1.298691,0.000144,0.000000,0.000000,0.000000
0.000000,-3.529891,1.298691,0.000144,0.000000,0.000000,0.000000
0.000000,-3.529881,1.298691,0.000144,0.000000,0.000000,0.000000
0.000000,-3.529881,1.298691,0.000144,0.000000,0.000000,0.000000
0.000000,-3.529881,1.298691,0.000144,0.000000,0.000000,0.000000
0.000000,-3.529879,1.298691,0.000144,0.000000,0.000000,0.000000
0.000000,-3.529879,1.298691,0.000144,0.000000,0.000000,0.000000
0.000000,-3.529879,1.298691,0.000144,0.000000,0.000000,0.000000
0.000000,-3.529879,1.298691,0.000144,0.000000,0.000000,0.000000
0.000000,-3.529896,1.298691,0.000144,0.000000,0.000000,0.000000
0.000000,-3.529896,1.298691,0.000144,0.000000,0.000000,0.000000
0.000000,-3.529896,1.298691,0.000144,0.000000,0.000000,0.000000
0.000000,-3.529927,1.298691,0.000144,0.000000,0.000000,0.000000
0.000000,-3.529927,1.298691,0.000144,0.000000,0.000000,0.000000
0.000000,-3.529927,1.298691,0.000144,0.000000,0.000000,0.000000
0.000000,-3.529948,1.298691,0.000144,0.000000,0.000000,0.000000
0.000000,-3.529948,1.298691,0.000144,0.000000,0.000000,0.000000
0.000000,-3.529948,1.298691,0.000144,0.000000,0.000000,0.000000
0.000000,-3.529948,1.298691,0.000144,0.000000,0.000000,0.000000
0.000000,-3.529968,1.298691,0.000144,0.000000,0.000000,0.000000
0.000000,-3.529968,1.298691,0.000144,0.000000,0.000000,0.000000
0.000000,-3.529968,1.298691,0.000144,0.000000,0.000000,0.000000
0.000000,-3.529996,1.298691,0.000144,0.000000,0.000000,0.000000
0.000000,-3.529996,1.298691,0.000144,0.000000,0.000000,0.000000
0.000000,-3.529996,1.298691,0.000144,0.000000,0.000000,0.000000
0.000000,-3.530009,1.298691,0.000144,0.000000,0.000000,0.000000
0.000000,-3.530009,1.298691,0.000144,0.000000,0.000000,0.000000
0.000000,-3.530009,1.298691,0.000144,0.000000,0.000000,0.000000
0.000000,-3.530009,1.298691,0.000144,0.000000,0.000000,0.000000
0.000000,-3.530047,1.298691,0.000144,0.000000,0.000000,0.000000
0.000000,-3.530047,1.298691,0.000144,0.000000,0.000000,0.000000
0.000000,-3.530047,1.298691,0.000144,0.000000,0.000000,0.000000
0.000000,-3.530104,1.298691,0.000144,0.000000,0.000000,0.000000
0.000000,-3.530104,1.298691,0.000144,0.000000,0.000000,0.000000
0.000000,-3.530104,1.298691,0.000144,0.000000,0.000000,0.000000
0.000000,-3.530147,1.298691,0.000144,0.000000,0.000000,0.000000
0.000000,-3.530147,1.298691,0.000144,0.000000,0.000000,0.000000
0.000000,-3.530147,1.298691,0.000144,0.000000,0.000000,0.000000
0.000000,-3.530147,1.298691,0.000144,0.000000,0.000000,0.000000
0.000000,-3.530211,1.298691,0.000144,0.000000,0.000000,0.000000
0.000000,-3.530211,1.298691,0.000144,0.000000,0.000000,0.000000
0.000000,-3.530211,1.298691,0.000144,0.000000,0.000000,0.000000
0.000000,-3.530265,1.298691,0.000144,0.000000,0.000000,0.000000
0.000000,-3.530265,1.298691,0.000144,0.000000,0.000000,0.000000
0.000000,-3.530265,1.298691,0.000144,0.000000,0.000000,0.000000
0.000000,-3.530276,1.298691,0.000144,0.000000,0.000000,0.000000
0.000000,-3.530276,1.298691,0.000144,0.000000,0.000000,0.000000
0.000000,-3.530276,1.298691,0.000144,0.000000,0.000000,0.000000
0.000000,-3.530276,1.298691,0.000144,0.000000,0.000000,0.000000
0.000000,-3.530275,1.298691,0.000144,0.000000,0.000000,0.000000
0.000000,-3.530275,1.298691,0.000144,0.000000,0.000000,0.000000
0.000000,-3.530275,1.298691,0.000144,0.000000,0.000000,0.000000
0.000000,-3.530264,1.298691,0.000144,0.000000,0.000000,0.000000
0.000000,-3.530264,1.298691,0.000144,0.000000,0.000000,0.000000
0.000000,-3.530264,1.298691,0.000144,0.000000,0.000000,0.000000
0.000000,-3.530257,1.298691,0.000144,0.000000,0.000000,0.000000
0.000000,-3.530257,1.298691,0.000144,0.000000,0.000000,0.000000
0.000000,-3.530257,1.298691,0.000144,0.000000,0.000000,0.000000
0.000000,-3.530257,1.298691,0.000144,0.000000,0.000000,0.000000
0.000000,-3.530240,1.298691,0.000144,0.000000,0.000000,0.000000
0.000000,-3.530240,1.298691,0.000144,0.000000,0.000000,0.000000
0.000000,-3.530240,1.298691,0.000144,0.000000,0.000000,0.000000
0.000000,-3.530241,1.298691,0.000144,0.000000,0.000000,0.000000
0.000000,-3.530241,1.298691,0.000144,0.000000,0.000000,0.000000
0.000000,-3.530241,1.298691,0.000144,0.000000,0.000000,0.000000
0.000000,-3.530259,1.298691,0.000144,0.000000,0.000000,0.000000
0.000000,-3.530259,1.298691,0.000144,0.000000,0.000000,0.000000
0.000000,-3.530259,1.298691,0.000144,0.000000,0.000000,0.000000
0.000000,-3.530259,1.298691,0.000144,0.000000,0.000000,0.000000
0.000000,-3.530263,1.298691,0.000144,0.000000,0.000000,0.000000
0.000000,-3.530263,1.298691,0.000144,0.000000,0.000000,0.000000
0.000000,-3.530263,1.298691,0.000144,0.000000,0.000000,0.000000
0.000000,-3.530260,1.298691,0.000144,0.000000,0.000000,0.000000
0.000000,-3.530260,1.298691,0.000144,0.000000,0.000000,0.000000
0.000000,-3.530260,1.298691,0.000144,0.000000,0.000000,0.000000
0.000000,-3.530246,1.298691,0.000144,0.000000,0.000000,0.000000
0.000000,-3.530246,1.298691,0.000144,0.000000,0.000000,0.000000
0.000000,-3.530246,1.298691,0.000144,0.000000,0.000000,0.000000
0.000000,-3.530246,1.298691,0.000144,0.000000,0.000000,0.000000
0.000000,-3.530257,1.298691,0.000144,0.000000,0.000000,0.000000
0.000000,-3.530257,1.298691,0.000144,0.000000,0.000000,0.000000
0.000000,-3.530257,1.298691,0.000144,0.000000,0.000000,0.000000
0.000000,-3.530221,1.298691,0.000144,0.000000,0.000000,0.000000
0.000000,-3.530221,1.298691,0.000144,0.000000,0.000000,0.000000
0.000000,-3.530221,1.298691,0.000144,0.000000,0.000000,0.000000
0.000000,-3.530173,1.298691,0.000144,0.000000,0.000000,0.000000
0.000000,-3.530173,1.298691,0.000144,0.000000,0.000000,0.000000
0.000000,-3.530173,1.298691,0.000144,0.000000,0.000000,0.000000
0.000000,-3.530173,1.298691,0.000144,0.000000,0.000000,0.000000
0.000000,-3.530133,1.298691,0.000144,0.000000,0.000000,0.000000
0.000000,-3.530133,1.298691,0.000144,0.000000,0.000000,0.000000
0.000000,-3.530133,1.298691,0.000144,0.000000,0.000000,0.000000
0.000000,-3.530123,1.298691,0.000144,0.000000,0.000000,0.000000
0.000000,-3.530123,1.298691,0.000144,0.000000,0.000000,0.000000
0.000000,-3.530123,1.298691,0.000144,0.000000,0.000000,0.000000
0.000000,-3.530136,1.298691,0.000144,0.000000,0.000000,0.000000
0.000000,-3.530136,1.298691,0.000144,0.000000,0.000000,0.000000
0.000000,-3.530136,1.298691,0.000144,0.000000,0.000000,0.000000
0.000000,-3.530136,1.298691,0.000144,0.000000,0.000000,0.000000
0.000000,-3.530143,1.298691,0.000144,0.000000,0.000000,0.000000
0.000000,-3.530143,1.298691,0.000144,0.000000,0.000000,0.000000
0.000000,-3.530143,1.298691,0.000144,0.000000,0.000000,0.000000
0.000000,-3.530112,1.298691,0.000144,0.000000,0.000000,0.000000
0.000000,-3.530112,1.298691,0.000144,0.000000,0.000000,0.000000
0.000000,-3.530112,1.298691,0.000144,0.000000,0.000000,0.000000
0.000000,-3.530067,1.298691,0.000144,0.000000,0.000000,0.000000
0.000000,-3.530067,1.298691,0.000144,0.000000,0.000000,0.000000
0.000000,-3.530067,1.298691,0.000144,0.000000,0.000000,0.000000
0.000000,-3.530067,1.298691,0.000144,0.000000,0.000000,0.000000
0.000000,-3.530028,1.298691,0.000144,0.000000,0.000000,0.000000
0.000000,-3.530028,1.298691,0.000144,0.000000,0.000000,0.000000
0.000000,-3.530028,1.298691,0.000144,0.000000,0.000000,0.000000
0.000000,-3.530003,1.298691,0.000144,0.000000,0.000000,0.000000
0.000000,-3.530003,1.298691,0.000144,0.000000,0.000000,0.000000
0.000000,-3.530003,1.298691,0.000144,0.000000,0.000000,0.000000
0.000000,-3.529984,1.298691,0.000144,0.000000,0.000000,0.000000
0.000000,-3.529984,1.298691,0.000144,0.000000,0.000000,0.000000
0.000000,-3.529984,1.298691,0.000144,0.000000,0.000000,0.000000
0.000000,-3.529984,1.298691,0.000144,0.000000,0.000000,0.000000
0.000000,-3.529958,1.298691,0.000144,0.000000,0.000000,0.000000
0.000000,-3.529958,1.298691,0.000144,0.000000,0.000000,0.000000
0.000000,-3.529958,1.298691,0.000144,0.000000,0.000000,0.000000
0.000000,-3.529952,1.298691,0.000144,0.000000,0.000000,0.000000
0.000000,-3.529952,1.298691,0.000144,0.000000,0.000000,0.000000
0.000000,-3.529952,1.298691,0.000144,0.000000,0.000000,0.000000
0.000000,-3.529921,1.298691,0.000144,0.000000,0.000000,0.000000
0.000000,-3.529921,1.298691,0.000144,0.000000,0.000000,0.000000
0.000000,-3.529921,1.298691,0.000144,0.000000,0.000000,0.000000
0.000000,-3.529921,1.298691,0.000144,0.000000,0.000000,0.000000
0.000000,-3.529903,1.298691,0.000144,0.000000,0.000000,0.000000
0.000000,-3.529903,1.298691,0.000144,0.000000,0.000000,0.000000
0.000000,-3.529903,1.298691,0.000144,0.000000,0.000000,0.000000
0.000000,-3.529897,1.298691,0.000144,0.000000,0.000000,0.000000
0.000000,-3.529897,1.298691,0.000144,0.000000,0.000000,0.000000
0.000000,-3.529897,1.298691,0.000144,0.000000,0.000000,0.000000
0.000000,-3.529902,1.298691,0.000144,0.000000,0.000000,0.000000
0.000000,-3.529902,1.298691,0.000144,0.000000,0.000000,0.000000
0.000000,-3.529902,1.298691,0.000144,0.000000,0.000000,0.000000
0.000000,-3.529902,1.298691,0.000144,0.000000,0.000000,0.000000
0.000000,-3.529913,1.298691,0.000144,0.000000,0.000000,0.000000
0.000000,-3.529913,1.298691,0.000144,0.000000,0.000000,0.000000
0.000000,-3.529913,1.298691,0.000144,0.000000,0.000000,0.000000
0.000000,-3.529964,1.298691,0.000144,0.000000,0.000000,0.000000
0.000000,-3.529964,1.298691,0.000144,0.000000,0.000000,0.000000
0.000000,-3.529964,1.298691,0.000144,0.000000,0.000000,0.000000
0.000000,-3.530002,1.298691,0.000144,0.000000,0.000000,0.000000
0.000000,-3.530002,1.298691,0.000144,0.000000,0.000000,0.000000
0.000000,-3.530002,1.298691,0.000144,0.000000,0.000000,0.000000
0.000000,-3.530002,1.298691,0.000144,0.000000,0.000000,0.000000
0.000000,-3.530028,1.298691,0.000144,0.000000,0.000000,0.000000
0.000000,-3.530028,1.298691,0.000144,0.000000,0.000000,0.000000
0.000000,-3.530028,1.298691,0.000144,0.000000,0.000000,0.000000
0.000000,-3.530063,1.298691,0.000144,0.000000,0.000000,0.000000
0.000000,-3.530063,1.298691,0.000144,0.000000,0.000000,0.000000
0.000000,-3.530063,1.298691,0.000144,0.000000,0.000000,0.000000
0.000000,-3.530084,1.298691,0.000144,0.000000,0.000000,0.000000
0.000000,-3.530084,1.298691,0.000144,0.000000,0.000000,0.000000
0.000000,-3.530084,1.298691,0.000144,0.000000,0.000000,0.000000
0.000000,-3.530084,1.298691,0.000144,0.000000,0.000000,0.000000
0.000000,-3.530068,1.298691,0.000144,0.000000,0.000000,0.000000
0.000000,-3.530068,1.298691,0.000144,0.000000,0.000000,0.000000
0.000000,-3.530068,1.298691,0.000144,0.000000,0.000000,0.000000
0.000000,-3.530034,1.298691,0.000144,0.000000,0.000000,0.000000
0.000000,-3.530034,1.298691,0.000144,0.000000,0.000000,0.000000
0.000000,-3.530034,1.298691,0.000144,0.000000,0.000000,0.000000
0.000000,-3.530010,1.298691,0.000144,0.000000,0.000000,0.000000
0.000000,-3.530010,1.298691,0.000144,0.000000,0.000000,0.000000
0.000000,-3.530010,1.298691,0.000144,0.000000,0.000000,0.000000
0.000000,-3.530010,1.298691,0.000144,0.000000,0.000000,0.000000
0.000000,-3.529994,1.298691,0.000144,0.000000,0.000000,0.000000
0.000000,-3.529994,1.298691,0.000144,0.000000,0.000000,0.000000
0.000000,-3.529994,1.298691,0.000144,0.000000,0.000000,0.000000
0.000000,-3.529993,1.298691,0.000144,0.000000,0.000000,0.000000
0.000000,-3.529993,1.298691,0.000144,0.000000,0.000000,0.000000
0.000000,-3.529993,1.298691,0.000144,0.000000,0.000000,0.000000
0.000000,-3.529973,1.298691,0.000144,0.000000,0.000000,0.000000
0.000000,-3.529973,1.298691,0.000144,0.000000,0.000000,0.000000
0.000000,-3.529973,1.298691,0.000144,0.000000,0.000000,0.000000
0.000000,-3.529973,1.298691,0.000144,0.000000,0.000000,0.000000
0.000000,-3.529932,1.298691,0.000144,0.000000,0.000000,0.000000
0.000000,-3.529932,1.298691,0.000144,0.000000,0.000000,0.000000
0.000000,-3.529932,1.298691,0.000144,0.000000,0.000000,0.000000
0.000000,-3.529874,1.298691,0.000144,0.000000,0.000000,0.000000
0.000000,-3.529874,1.298691,0.000144,0.000000,0.000000,0.000000
0.000000,-3.529874,1.298691,0.000144,0.000000,0.000000,0.000000
0.000000,-3.529825,1.298691,0.000144,0.000000,0.000000,0.000000
0.000000,-3.529825,1.298691,0.000144,0.000000,0.000000,0.000000
0.000000,-3.529825,1.298691,0.000144,0.000000,0.000000,0.000000
0.000000,-3.529825,1.298691,0.000144,0.000000,0.000000,0.000000
0.000000,-3.529801,1.298691,0.000144,0.000000,0.000000,0.000000
0.000000,-3.529801,1.298691,0.000144,0.000000,0.000000,0.000000
0.000000,-3.529801,1.298691,0.000144,0.000000,0.000000,0.000000
0.000000,-3.529782,1.298691,0.000144,0.000000,0.000000,0.000000
0.000000,-3.529782,1.298691,0.000144,0.000000,0.000000,0.000000
0.000000,-3.529782,1.298691,0.000144,0.000000,0.000000,0.000000
0.000000,-3.529758,1.298691,0.000144,0.000000,0.000000,0.000000
0.000000,-3.529758,1.298691,0.000144,0.000000,0.000000,0.000000
0.000000,-3.529758,1.298691,0.000144,0.000000,0.000000,0.000000
0.000000,-3.529758,1.298691,0.000144,0.000000,0.000000,0.000000
0.000000,-3.529745,1.298691,0.000144,0.000000,0.000000,0.000000
0.000000,-3.529745,1.298691,0.000144,0.000000,0.000000,0.000000
0.000000,-3.529745,1.298691,0.000144,0.000000,0.000000,0.000000
0.000000,-3.529740,1.298691,0.000144,0.000000,0.000000,0.000000
0.000000,-3.529740,1.298691,0.000144,0.000000,0.000000,0.000000
0.000000,-3.529740,1.298691,0.000144,0.000000,0.000000,0.000000
0.000000,-3.529741,1.298691,0.000144,0.000000,0.000000,0.000000
0.000000,-3.529741,1.298691,0.000144,0.000000,0.000000,0.000000
0.000000,-3.529741,1.298691,0.000144,0.000000,0.000000,0.000000
0.000000,-3.529741,1.298691,0.000144,0.000000,0.000000,0.000000
0.000000,-3.529727,1.298691,0.000144,0.000000,0.000000,0.000000
0.000000,-3.529727,1.298691,0.000144,0.000000,0.000000,0.000000
0.000000,-3.529727,1.298691,0.000144,0.000000,0.000000,0.000000
0.000000,-3.529708,1.298691,0.000144,0.000000,0.000000,0.000000
0.000000,-3.529708,1.298691,0.000144,0.000000,0.000000,0.000000
0.000000,-3.529708,1.298691,0.000144,0.000000,0.000000,0.000000
0.000000,-3.529682,1.298691,0.000144,0.000000,0.000000,0.000000
0.000000,-3.529682,1.298691,0.000144,0.000000,0.000000,0.000000
0.000000,-3.529682,1.298691,0.000144,0.000000,0.000000,0.000000
0.000000,-3.529682,1.298691,0.000144,0.000000,0.000000,0.000000
0.000000,-3.529675,1.298691,0.000144,0.000000,0.000000,0.000000
0.000000,-3.529675,1.298691,0.000144,0.000000,0.000000,0.000000
0.000000,-3.529675,1.298691,0.000144,0.000000,0.000000,0.000000
0.000000,-3.529659,1.298691,0.000144,0.000000,0.000000,0.000000
0.000000,-3.529659,1.298691,0.000144,0.000000,0.000000,0.000000
0.000000,-3.529659,1.298691,0.000144,0.000000,0.000000,0.000000
0.000000,-3.529642,1.298691,0.000144,0.000000,0.000000,0.000000
0.000000,-3.529642,1.298691,0.000144,0.000000,0.000000,0.000000
0.000000,-3.529642,1.298691,0.000144,0.000000,0.000000,0.000000
0.000000,-3.529642,1.298691,0.000144,0.000000,0.000000,0.000000
0.000000,-3.529616,1.298691,0.000144,0.000000,0.000000,0.000000
0.000000,-3.529616,1.298691,0.000144,0.000000,0.000000,0.000000
0.000000,-3.529616,1.298691,0.000144,0.000000,0.000000,0.000000
0.000000,-3.529575,1.298691,0.000144,0.000000,0.000000,0.000000
0.000000,-3.529575,1.298691,0.000144,0.000000,0.000000,0.000000
0.000000,-3.529575,1.298691,0.000144,0.000000,0.000000,0.000000
0.000000,-3.529559,1.298691,0.000144,0.000000,0.000000,0.000000
0.000000,-3.529559,1.298691,0.000144,0.000000,0.000000,0.000000
0.000000,-3.529559,1.298691,0.000144,0.000000,0.000000,0.000000
0.000000,-3.529559,1.298691,0.000144,0.000000,0.000000,0.000000
0.000000,-3.529579,1.298691,0.000144,0.000000,0.000000,0.000000
0.000000,-3.529579,1.298691,0.000144,0.000000,0.000000,0.000000
0.000000,-3.529579,1.298691,0.000144,0.000000,0.000000,0.000000
0.000000,-3.529611,1.298691,0.000144,0.000000,0.000000,0.000000
0.000000,-3.529611,1.298691,0.000144,0.000000,0.000000,0.000000
0.000000,-3.529611,1.298691,0.000144,0.000000,0.000000,0.000000
0.000000,-3.529657,1.298691,0.000144,0.000000,0.000000,0.000000
0.000000,-3.529657,1.298691,0.000144,0.000000,0.000000,0.000000
0.000000,-3.529657,1.298691,0.000144,0.000000,0.000000,0.000000
0.000000,-3.529657,1.298691,0.000144,0.000000,0.000000,0.000000
0.000000,-3.529690,1.298691,0.000144,0.000000,0.000000,0.000000
0.000000,-3.529690,1.298691,0.000144,0.000000,0.000000,0.000000
0.000000,-3.529690,1.298691,0.000144,0.000000,0.000000,0.000000
0.000000,-3.529711,1.298691,0.000144,0.000000,0.000000,0.000000
0.000000,-3.529711,1.298691,0.000144,0.000000,0.000000,0.000000
0.000000,-3.529711,1.298691,0.000144,0.000000,0.000000,0.000000
0.000000,-3.529732,1.298691,0.000144,0.000000,0.000000,0.000000
0.000000,-3.529732,1.298691,0.000144,0.000000,0.000000,0.000000
0.000000,-3.529732,1.298691,0.000144,0.000000,0.000000,0.000000
0.000000,-3.529732,1.298691,0.000144,0.000000,0.000000,0.000000
0.000000,-3.529726,1.298691,0.000144,0.000000,0.000000,0.000000
0.000000,-3.529726,1.298691,0.000144,0.000000,0.000000,0.000000
0.000000,-3.529726,1.298691,0.000144,0.000000,0.000000,0.000000
0.000000,-3.529698,1.298691,0.000144,0.000000,0.000000,0.000000
0.000000,-3.529698,1.298691,0.000144,0.000000,0.000000,0.000000
0.000000,-3.529698,1.298691,0.000144,0.000000,0.000000,0.000000
0.000000,-3.529669,1.298691,0.000144,0.000000,0.000000,0.000000
0.000000,-3.529669,1.298691,0.000144,0.000000,0.000000,0.000000
0.000000,-3.529669,1.298691,0.000144,0.000000,0.000000,0.000000
0.000000,-3.529669,1.298691,0.000144,0.000000,0.000000,0.000000
0.000000,-3.529643,1.298691,0.000144,0.000000,0.000000,0.000000
0.000000,-3.529643,1.298691,0.000144,0.000000,0.000000,0.000000
0.000000,-3.529643,1.298691,0.000144,0.000000,0.000000,0.000000
0.000000,-3.529603,1.298691,0.000144,0.000000,0.000000,0.000000
0.000000,-3.529603,1.298691,0.000144,0.000000,0.000000,0.000000
0.000000,-3.529603,1.298691,0.000144,0.000000,0.000000,0.000000
0.000000,-3.529555,1.298691,0.000144,0.000000,0.000000,0.000000
0.000000,-3.529555,1.298691,0.000144,0.000000,0.000000,0.000000
0.000000,-3.529555,1.298691,0.000144,0.000000,0.000000,0.000000
0.000000,-3.529555,1.298691,0.000144,0.000000,0.000000,0.000000
0.000000,-3.529514,1.298691,0.000144,0.000000,0.000000,0.000000
0.000000,-3.529514,1.298691,0.000144,0.000000,0.000000,0.000000
0.000000,-3.529514,1.298691,0.000144,0.000000,0.000000,0.000000
0.000000,-3.529534,1.298691,0.000144,0.000000,0.000000,0.000000
0.000000,-3.529534,1.298691,0.000144,0.000000,0.000000,0.000000
0.000000,-3.529534,1.298691,0.000144,0.000000,0.000000,0.000000
0.000000,-3.529550,1.298691,0.000144,0.000000,0.000000,0.000000
0.000000,-3.529550,1.298691,0.000144,0.000000,0.000000,0.000000
0.000000,-3.529550,1.298691,0.000144,0.000000,0.000000,0.000000
0.000000,-3.529550,1.298691,0.000144,0.000000,0.000000,0.000000
0.000000,-3.529576,1.298691,0.000144,0.000000,0.000000,0.000000
0.000000,-3.529576,1.298691,0.000144,0.000000,0.000000,0.000000
0.000000,-3.529576,1.298691,0.000144,0.000000,0.000000,0.000000
0.000000,-3.529594,1.298691,0.000144,0.000000,0.000000,0.000000
0.000000,-3.529594,1.298691,0.000144,0.000000,0.000000,0.000000
0.000000,-3.529594,1.298691,0.000144,0.000000,0.000000,0.000000
0.000000,-3.529587,1.298691,0.000144,0.000000,0.000000,0.000000
0.000000,-3.529587,1.298691,0.000144,0.000000,0.000000,0.000000
0.000000,-3.529587,1.298691,0.000144,0.000000,0.000000,0.000000
0.000000,-3.529587,1.298691,0.000144,0.000000,0.000000,0.000000
0.000000,-3.529577,1.298691,0.000144,0.000000,0.000000,0.000000
0.000000,-3.529577,1.298691,0.000144,0.000000,0.000000,0.000000
0.000000,-3.529577,1.298691,0.000144,0.000000,0.000000,0.000000
0.000000,-3.529539,1.298691,0.000144,0.000000,0.000000,0.000000
0.000000,-3.529539,1.298691,0.000144,0.000000,0.000000,0.000000
0.000000,-3.529539,1.298691,0.000144,0.000000,0.000000,0.000000
0.000000,-3.529520,1.298691,0.000144,0.000000,0.000000,0.000000
0.000000,-3.529520,1.298691,0.000144,0.000000,0.000000,0.000000
0.000000,-3.529520,1.298691,0.000144,0.000000,0.000000,0.000000
0.000000,-3.529520,1.298691,0.000144,0.000000,0.000000,0.000000
0.000000,-3.529482,1.298691,0.000144,0.000000,0.000000,0.000000
0.000000,-3.529482,1.298691,0.000144,0.000000,0.000000,0.000000
0.000000,-3.529482,1.298691,0.000144,0.000000,0.000000,0.000000
0.000000,-3.529467,1.298691,0.000144,0.000000,0.000000,0.000000
0.000000,-3.529467,1.298691,0.000144,0.000000,0.000000,0.000000
0.000000,-3.529467,1.298691,0.000144,0.000000,0.000000,0.000000
0.000000,-3.529460,1.298691,0.000144,0.000000,0.000000,0.000000
0.000000,-3.529460,1.298691,0.000144,0.000000,0.000000,0.000000
0.000000,-3.529460,1.298691,0.000144,0.000000,0.000000,0.000000
0.000000,-3.529460,1.298691,0.000144,0.000000,0.000000,0.000000
0.000000,-3.529450,1.298691,0.000144,0.000000,0.000000,0.000000
0.000000,-3.529450,1.298691,0.000144,0.000000,0.000000,0.000000
0.000000,-3.529450,1.298691,0.000144,0.000000,0.000000,0.000000
0.000000,-3.529444,1.298691,0.000144,0.000000,0.000000,0.000000
0.000000,-3.529444,1.298691,0.000144,0.000000,0.000000,0.000000
0.000000,-3.529444,1.298691,0.000144,0.000000,0.000000,0.000000
0.000000,-3.529437,1.298691,0.000144,0.000000,0.000000,0.000000
0.000000,-3.529437,1.298691,0.000144,0.000000,0.000000,0.000000
0.000000,-3.529437,1.298691,0.000144,0.000000,0.000000,0.000000
0.000000,-3.529437,1.298691,0.000144,0.000000,0.000000,0.000000
0.000000,-3.529414,1.298691,0.000144,0.000000,0.000000,0.000000
0.000000,-3.529414,1.298691,0.000144,0.000000,0.000000,0.000000
0.000000,-3.529414,1.298691,0.000144,0.000000,0.000000,0.000000
0.000000,-3.529378,1.298691,0.000144,0.000000,0.000000,0.000000
0.000000,-3.529378,1.298691,0.000144,0.000000,0.000000,0.000000
0.000000,-3.529378,1.298691,0.000144,0.000000,0.000000,0.000000
0.000000,-3.529337,1.298691,0.000144,0.000000,0.000000,0.000000
0.000000,-3.529337,1.298691,0.000144,0.000000,0.000000,0.000000
0.000000,-3.529337,1.298691,0.000144,0.000000,0.000000,0.000000
0.000000,-3.529337,1.298691,0.000144,0.000000,0.000000,0.000000
0.000000,-3.529293,1.298691,0.000144,0.000000,0.000000,0.000000
0.000000,-3.529293,1.298691,0.000144,0.000000,0.000000,0.000000
0.000000,-3.529293,1.298691,0.000144,0.000000,0.000000,0.000000
0.000000,-3.529288,1.298691,0.000144,0.000000,0.000000,0.000000
0.000000,-3.529288,1.298691,0.000144,0.000000,0.000000,0.000000
0.000000,-3.529288,1.298691,0.000144,0.000000,0.000000,0.000000
0.000000,-3.529277,1.298691,0.000144,0.000000,0.000000,0.000000
0.000000,-3.529277,1.298691,0.000144,0.000000,0.000000,0.000000
0.000000,-3.529277,1.298691,0.000144,0.000000,0.000000,0.000000
0.000000,-3.529277,1.298691,0.000144,0.000000,0.000000,0.000000
0.000000,-3.529257,1.298691,0.000144,0.000000,0.000000,0.000000
0.000000,-3.529257,1.298691,0.000144,0.000000,0.000000,0.000000
0.000000,-3.529257,1.298691,0.000144,0.000000,0.000000,0.000000
0.000000,-3.529214,1.298691,0.000144,0.000000,0.000000,0.000000
0.000000,-3.529214,1.298691,0.000144,0.000000,0.000000,0.000000
0.000000,-3.529214,1.298691,0.000144,0.000000,0.000000,0.000000
0.000000,-3.529180,1.298691,0.000144,0.000000,0.000000,0.000000
0.000000,-3.529180,1.298691,0.000144,0.000000,0.000000,0.000000
0.000000,-3.529180,1.298691,0.000144,0.000000,0.000000,0.000000
0.000000,-3.529180,1.298691,0.000144,0.000000,0.000000,0.000000
0.000000,-3.529156,1.298691,0.000144,0.000000,0.000000,0.000000
0.000000,-3.529156,1.298691,0.000144,0.000000,0.000000,0.000000
0.000000,-3.529156,1.298691,0.000144,0.000000,0.000000,0.000000
0.000000,-3.529127,1.298691,0.000144,0.000000,0.000000,0.000000
0.000000,-3.529127,1.298691,0.000144,0.000000,0.000000,0.000000
0.000000,-3.529127,1.298691,0.000144,0.000000,0.000000,0.000000
0.000000,-3.529113,1.298691,0.000144,0.000000,0.000000,0.000000
0.000000,-3.529113,1.298691,0.000144,0.000000,0.000000,0.000000
0.000000,-3.529113,1.298691,0.000144,0.000000,0.000000,0.000000
0.000000,-3.529113,1.298691,0.000144,0.000000,0.000000,0.000000
0.000000,-3.529071,1.298691,0.000144,0.000000,0.000000,0.000000
0.000000,-3.529071,1.298691,0.000144,0.000000,0.000000,0.000000
0.000000,-3.529071,1.298691,0.000144,0.000000,0.000000,0.000000
0.000000,-3.529040,1.298691,0.000144,0.000000,0.000000,0.000000
0.000000,-3.529040,1.298691,0.000144,0.000000,0.000000,0.000000
0.000000,-3.529040,1.298691,0.000144,0.000000,0.000000,0.000000
0.000000,-3.529005,1.298691,0.000144,0.000000,0.000000,0.000000
0.000000,-3.529005,1.298691,0.000144,0.000000,0.000000,0.000000
0.000000,-3.529005,1.298691,0.000144,0.000000,0.000000,0.000000
0.000000,-3.529005,1.298691,0.000144,0.000000,0.000000,0.000000
0.000000,-3.528982,1.298691,0.000144,0.000000,0.000000,0.000000
0.000000,-3.528982,1.298691,0.000144,0.000000,0.000000,0.000000
0.000000,-3.528982,1.298691,0.000144,0.000000,0.000000,0.000000
0.000000,-3.528952,1.298691,0.000144,0.000000,0.000000,0.000000
0.000000,-3.528952,1.298691,0.000144,0.000000,0.000000,0.000000
0.000000,-3.528952,1.298691,0.000144,0.000000,0.000000,0.000000
0.000000,-3.528921,1.298691,0.000144,0.000000,0.000000,0.000000
0.000000,-3.528921,1.298691,0.000144,0.000000,0.000000,0.000000
0.000000,-3.528921,1.298691,0.000144,0.000000,0.000000,0.000000
0.000000,-3.528921,1.298691,0.000144,0.000000,0.000000,0.000000
0.000000,-3.528903,1.298691,0.000144,0.000000,0.000000,0.000000
0.000000,-3.528903,1.298691,0.000144,0.000000,0.000000,0.000000
0.000000,-3.528903,1.298691,0.000144,0.000000,0.000000,0.000000
0.000000,-3.528904,1.298691,0.000144,0.000000,0.000000,0.000000
0.000000,-3.528904,1.298691,0.000144,0.000000,0.000000,0.000000
0.000000,-3.528904,1.298691,0.000144,0.000000,0.000000,0.000000
0.000000,-3.528898,1.298691,0.000144,0.000000,0.000000,0.000000
0.000000,-3.528898,1.298691,0.000144,0.000000,0.000000,0.000000
0.000000,-3.528898,1.298691,0.000144,0.000000,0.000000,0.000000
0.000000,-3.528898,1.298691,0.000144,0.000000,0.000000,0.000000
0.000000,-3.528876,1.298691,0.000144,0.000000,0.000000,0.000000
0.000000,-3.528876,1.298691,0.000144,0.000000,0.000000,0.000000
0.000000,-3.528876,1.298691,0.000144,0.000000,0.000000,0.000000
0.000000,-3.528868,1.298691,0.000144,0.000000,0.000000,0.000000
0.000000,-3.528868,1.298691,0.000144,0.000000,0.000000,0.000000
0.000000,-3.528868,1.298691,0.000144,0.000000,0.000000,0.000000
0.000000,-3.528880,1.298691,0.000144,0.000000,0.000000,0.000000
0.000000,-3.528880,1.298691,0.000144,0.000000,0.000000,0.000000
0.000000,-3.528880,1.298691,0.000144,0.000000,0.000000,0.000000
0.000000,-3.528880,1.298691,0.000144,0.000000,0.000000,0.000000
0.000000,-3.528881,1.298691,0.000144,0.000000,0.000000,0.000000
0.000000,-3.528881,1.298691,0.000144,0.000000,0.000000,0.000000
0.000000,-3.528881,1.298691,0.000144,0.000000,0.000000,0.000000
0.000000,-3.528897,1.298691,0.000144,0.000000,0.000000,0.000000
0.000000,-3.528897,1.298691,0.000144,0.000000,0.000000,0.000000
0.000000,-3.528897,1.298691,0.000144,0.000000,0.000000,0.000000
0.000000,-3.528944,1.298691,0.000144,0.000000,0.000000,0.000000
0.000000,-3.528944,1.298691,0.000144,0.000000,0.000000,0.000000
0.000000,-3.528944,1.298691,0.000144,0.000000,0.000000,0.000000
0.000000,-3.528944,1.298691,0.000144,0.000000,0.000000,0.000000
0.000000,-3.528974,1.298691,0.000144,0.000000,0.000000,0.000000
0.000000,-3.528974,1.298691,0.000144,0.000000,0.000000,0.000000
0.000000,-3.528974,1.298691,0.000144,0.000000,0.000000,0.000000
0.000000,-3.529023,1.298691,0.000144,0.000000,0.000000,0.000000
0.000000,-3.529023,1.298691,0.000144,0.000000,0.000000,0.000000
0.000000,-3.529023,1.298691,0.000144,0.000000,0.000000,0.000000
0.000000,-3.529052,1.298691,0.000144,0.000000,0.000000,0.000000
0.000000,-3.529052,1.298691,0.000144,0.000000,0.000000,0.000000
0.000000,-3.529052,1.298691,0.000144,0.000000,0.000000,0.000000
0.000000,-3.529052,1.298691,0.000144,0.000000,0.000000,0.000000
0.000000,-3.529078,1.298691,0.000144,0.000000,0.000000,0.000000
0.000000,-3.529078,1.298691,0.000144,0.000000,0.000000,0.000000
0.000000,-3.529078,1.298691,0.000144,0.000000,0.000000,0.000000
0.000000,-3.529109,1.298691,0.000144,0.000000,0.000000,0.000000
0.000000,-3.529109,1.298691,0.000144,0.000000,0.000000,0.000000
0.000000,-3.529109,1.298691,0.000144,0.000000,0.000000,0.000000
0.000000,-3.529140,1.298691,0.000144,0.000000,0.000000,0.000000
0.000000,-3.529140,1.298691,0.000144,0.000000,0.000000,0.000000
0.000000,-3.529140,1.298691,0.000144,0.000000,0.000000,0.000000
0.000000,-3.529140,1.298691,0.000144,0.000000,0.000000,0.000000
0.000000,-3.529175,1.298691,0.000144,0.000000,0.000000,0.000000
0.000000,-3.529175,1.298691,0.000144,0.000000,0.000000,0.000000
0.000000,-3.529175,1.298691,0.000144,0.000000,0.000000,0.000000
0.000000,-3.529171,1.298691,0.000144,0.000000,0.000000,0.000000
0.000000,-3.529171,1.298691,0.000144,0.000000,0.000000,0.000000
0.000000,-3.529171,1.298691,0.000144,0.000000,0.000000,0.000000
0.000000,-3.529173,1.298691,0.000144,0.000000,0.000000,0.000000
0.000000,-3.529173,1.298691,0.000144,0.000000,0.000000,0.000000
0.000000,-3.529173,1.298691,0.000144,0.000000,0.000000,0.000000
0.000000,-3.529173,1.298691,0.000144,0.000000,0.000000,0.000000
0.000000,-3.529165,1.298691,0.000144,0.000000,0.000000,0.000000
0.000000,-3.529165,1.298691,0.000144,0.000000,0.000000,0.000000
0.000000,-3.529165,1.298691,0.000144,0.000000,0.000000,0.000000
0.000000,-3.529168,1.298691,0.000144,0.000000,0.000000,0.000000
0.000000,-3.529168,1.298691,0.000144,0.000000,0.000000,0.000000
0.000000,-3.529168,1.298691,0.000144,0.000000,0.000000,0.000000
0.000000,-3.529175,1.298691,0.000144,0.000000,0.000000,0.000000
0.000000,-3.529175,1.298691,0.000144,0.000000,0.000000,0.000000
0.000000,-3.529175,1.298691,0.000144,0.000000,0.000000,0.000000
0.000000,-3.529175,1.298691,0.000144,0.000000,0.000000,0.000000
0.000000,-3.529195,1.298691,0.000144,0.000000,0.000000,0.000000
0.000000,-3.529195,1.298691,0.000144,0.000000,0.000000,0.000000
0.000000,-3.529195,1.298691,0.000144,0.000000,0.000000,0.000000
0.000000,-3.529195,1.298691,0.000144,0.000000,0.000000,0.000000
0.000000,-3.529195,1.298691,0.000144,0.000000,0.000000,0.000000
0.000000,-3.529195,1.298691,0.000144,0.000000,0.000000,0.000000
0.000000,-3.529213,1.298691,0.000144,0.000000,0.000000,0.000000
0.000000,-3.529213,1.298691,0.000144,0.000000,0.000000,0.000000
0.000000,-3.529213,1.298691,0.000144,0.000000,0.000000,0.000000
0.000000,-3.529213,1.298691,0.000144,0.000000,0.000000,0.000000
0.000000,-3.529215,1.298691,0.000144,0.000000,0.000000,0.000000
0.000000,-3.529215,1.298691,0.000144,0.000000,0.000000,0.000000
0.000000,-3.529215,1.298691,0.000144,0.000000,0.000000,0.000000
0.000000,-3.529211,1.298691,0.000144,0.000000,0.000000,0.000000
0.000000,-3.529211,1.298691,0.000144,0.000000,0.000000,0.000000
0.000000,-3.529211,1.298691,0.000144,0.000000,0.000000,0.000000
0.000000,-3.529199,1.298691,0.000144,0.000000,0.000000,0.000000
0.000000,-3.529199,1.298691,0.000144,0.000000,0.000000,0.000000
0.000000,-3.529199,1.298691,0.000144,0.000000,0.000000,0.000000
0.000000,-3.529199,1.298691,0.000144,0.000000,0.000000,0.000000
0.000000,-3.529199,1.298691,0.000144,0.000000,0.000000,0.000000
0.000000,-3.529199,1.298691,0.000144,0.000000,0.000000,0.000000
0.000000,-3.529199,1.298691,0.000144,0.000000,0.000000,0.000000
0.000000,-3.529215,1.298691,0.000144,0.000000,0.000000,0.000000
0.000000,-3.529215,1.298691,0.000144,0.000000,0.000000,0.000000
0.000000,-3.529215,1.298691,0.000144,0.000000,0.000000,0.000000
0.000000,-3.529222,1.298691,0.000144,0.000000,0.000000,0.000000
0.000000,-3.529222,1.298691,0.000144,0.000000,0.000000,0.000000
0.000000,-3.529222,1.298691,0.000144,0.000000,0.000000,0.000000
0.000000,-3.529222,1.298691,0.000144,0.000000,0.000000,0.000000
0.000000,-3.529232,1.298691,0.000144,0.000000,0.000000,0.000000
0.000000,-3.529232,1.298691,0.000144,0.000000,0.000000,0.000000
0.000000,-3.529232,1.298691,0.000144,0.000000,0.000000,0.000000
0.000000,-3.529227,1.298691,0.000144,0.000000,0.000000,0.000000
0.000000,-3.529227,1.298691,0.000144,0.000000,0.000000,0.000000
0.000000,-3.529227,1.298691,0.000144,0.000000,0.000000,0.000000
0.000000,-3.529239,1.298691,0.000144,0.000000,0.000000,0.000000
0.000000,-3.529239,1.298691,0.000144,0.000000,0.000000,0.000000
0.000000,-3.529239,1.298691,0.000144,0.000000,0.000000,0.000000
0.000000,-3.529239,1.298691,0.000144,0.000000,0.000000,0.000000
0.000000,-3.529276,1.298691,0.000144,0.000000,0.000000,0.000000
0.000000,-3.529276,1.298691,0.000144,0.000000,0.000000,0.000000
0.000000,-3.529276,1.298691,0.000144,0.000000,0.000000,0.000000
0.000000,-3.529296,1.298691,0.000144,0.000000,0.000000,0.000000
0.000000,-3.529296,1.298691,0.000144,0.000000,0.000000,0.000000
0.000000,-3.529296,1.298691,0.000144,0.000000,0.000000,0.000000
0.000000,-3.529286,1.298691,0.000144,0.000000,0.000000,0.000000
0.000000,-3.529286,1.298691,0.000144,0.000000,0.000000,0.000000
0.000000,-3.529286,1.298691,0.000144,0.000000,0.000000,0.000000
0.000000,-3.529286,1.298691,0.000144,0.000000,0.000000,0.000000
0.000000,-3.529293,1.298691,0.000144,0.000000,0.000000,0.000000
0.000000,-3.529293,1.298691,0.000144,0.000000,0.000000,0.000000
0.000000,-3.529293,1.298691,0.000144,0.000000,0.000000,0.000000
0.000000,-3.529298,1.298691,0.000144,0.000000,0.000000,0.000000
0.000000,-3.529298,1.298691,0.000144,0.000000,0.000000,0.000000
0.000000,-3.529298,1.298691,0.000144,0.000000,0.000000,0.000000
0.000000,-3.529328,1.298691,0.000144,0.000000,0.000000,0.000000
0.000000,-3.529328,1.298691,0.000144,0.000000,0.000000,0.000000
0.000000,-3.529328,1.298691,0.000144,0.000000,0.000000,0.000000
0.000000,-3.529328,1.298691,0.000144,0.000000,0.000000,0.000000
0.000000,-3.529360,1.298691,0.000144,0.000000,0.000000,0.000000
0.000000,-3.529360,1.298691,0.000144,0.000000,0.000000,0.000000
0.000000,-3.529360,1.298691,0.000144,0.000000,0.000000,0.000000
0.000000,-3.529371,1.298691,0.000144,0.000000,0.000000,0.000000
0.000000,-3.529371,1.298691,0.000144,0.000000,0.000000,0.000000
0.000000,-3.529371,1.298691,0.000144,0.000000,0.000000,0.000000
0.000000,-3.529367,1.298691,0.000144,0.000000,0.000000,0.000000
0.000000,-3.529367,1.298691,0.000144,0.000000,0.000000,0.000000
0.000000,-3.529367,1.298691,0.000144,0.000000,0.000000,0.000000
0.000000,-3.529367,1.298691,0.000144,0.000000,0.000000,0.000000
0.000000,-3.529335,1.298691,0.000144,0.000000,0.000000,0.000000
0.000000,-3.529335,1.298691,0.000144,0.000000,0.000000,0.000000
0.000000,-3.529335,1.298691,0.000144,0.000000,0.000000,0.000000
0.000000,-3.529326,1.298691,0.000144,0.000000,0.000000,0.000000
0.000000,-3.529326,1.298691,0.000144,0.000000,0.000000,0.000000
0.000000,-3.529326,1.298691,0.000144,0.000000,0.000000,0.000000
0.000000,-3.529336,1.298691,0.000144,0.000000,0.000000,0.000000
0.000000,-3.529336,1.298691,0.000144,0.000000,0.000000,0.000000
0.000000,-3.529336,1.298691,0.000144,0.000000,0.000000,0.000000
0.000000,-3.529336,1.298691,0.000144,0.000000,0.000000,0.000000
0.000000,-3.529347,1.298691,0.000144,0.000000,0.000000,0.000000
0.000000,-3.529347,1.298691,0.000144,0.000000,0.000000,0.000000
0.000000,-3.529347,1.298691,0.000144,0.000000,0.000000,0.000000
0.000000,-3.529352,1.298691,0.000144,0.000000,0.000000,0.000000
0.000000,-3.529352,1.298691,0.000144,0.000000,0.000000,0.000000
0.000000,-3.529352,1.298691,0.000144,0.000000,0.000000,0.000000
0.000000,-3.529357,1.298691,0.000144,0.000000,0.000000,0.000000
0.000000,-3.529357,1.298691,0.000144,0.000000,0.000000,0.000000
0.000000,-3.529357,1.298691,0.000144,0.000000,0.000000,0.000000
0.000000,-3.529357,1.298691,0.000144,0.000000,0.000000,0.000000
0.000000,-3.529360,1.298691,0.000144,0.000000,0.000000,0.000000
0.000000,-3.529360,1.298691,0.000144,0.000000,0.000000,0.000000
0.000000,-3.529360,1.298691,0.000144,0.000000,0.000000,0.000000
0.000000,-3.529370,1.298691,0.000144,0.000000,0.000000,0.000000
0.000000,-3.529370,1.298691,0.000144,0.000000,0.000000,0.000000
0.000000,-3.529370,1.298691,0.000144,0.000000,0.000000,0.000000
0.000000,-3.529367,1.298691,0.000144,0.000000,0.000000,0.000000
0.000000,-3.529367,1.298691,0.000144,0.000000,0.000000,0.000000
0.000000,-3.529367,1.298691,0.000144,0.000000,0.000000,0.000000
0.000000,-3.529367,1.298691,0.000144,0.000000,0.000000,0.000000
0.000000,-3.529399,1.298691,0.000144,0.000000,0.000000,0.000000
0.000000,-3.529399,1.298691,0.000144,0.000000,0.000000,0.000000
0.000000,-3.529399,1.298691,0.000144,0.000000,0.000000,0.000000
0.000000,-3.529439,1.298691,0.000144,0.000000,0.000000,0.000000
0.000000,-3.529439,1.298691,0.000144,0.000000,0.000000,0.000000
0.000000,-3.529439,1.298691,0.000144,0.000000,0.000000,0.000000
0.000000,-3.529430,1.298691,0.000144,0.000000,0.000000,0.000000
0.000000,-3.529430,1.298691,0.000144,0.000000,0.000000,0.000000
0.000000,-3.529430,1.298691,0.000144,0.000000,0.000000,0.000000
0.000000,-3.529430,1.298691,0.000144,0.000000,0.000000,0.000000
0.000000,-3.529406,1.298691,0.000144,0.000000,0.000000,0.000000
0.000000,-3.529406,1.298691,0.000144,0.000000,0.000000,0.000000
0.000000,-3.529406,1.298691,0.000144,0.000000,0.000000,0.000000
0.000000,-3.529380,1.298691,0.000144,0.000000,0.000000,0.000000
0.000000,-3.529380,1.298691,0.000144,0.000000,0.000000,0.000000
0.000000,-3.529380,1.298691,0.000144,0.000000,0.000000,0.000000
0.000000,-3.529342,1.298691,0.000144,0.000000,0.000000,0.000000
0.000000,-3.529342,1.298691,0.000144,0.000000,0.000000,0.000000
0.000000,-3.529342,1.298691,0.000144,0.000000,0.000000,0.000000
0.000000,-3.529342,1.298691,0.000144,0.000000,0.000000,0.000000
0.000000,-3.529309,1.298691,0.000144,0.000000,0.000000,0.000000
0.000000,-3.529309,1.298691,0.000144,0.000000,0.000000,0.000000
0.000000,-3.529309,1.298691,0.000144,0.000000,0.000000,0.000000
0.000000,-3.529284,1.298691,0.000144,0.000000,0.000000,0.000000
0.000000,-3.529284,1.298691,0.000144,0.000000,0.000000,0.000000
0.000000,-3.529284,1.298691,0.000144,0.000000,0.000000,0.000000
0.000000,-3.529305,1.298691,0.000144,0.000000,0.000000,0.000000
0.000000,-3.529305,1.298691,0.000144,0.000000,0.000000,0.000000
0.000000,-3.529305,1.298691,0.000144,0.000000,0.000000,0.000000
0.000000,-3.529305,1.298691,0.000144,0.000000,0.000000,0.000000
0.000000,-3.529313,1.298691,0.000144,0.000000,0.000000,0.000000
0.000000,-3.529313,1.298691,0.000144,0.000000,0.000000,0.000000
0.000000,-3.529313,1.298691,0.000144,0.000000,0.000000,0.000000
0.000000,-3.529308,1.298691,0.000144,0.000000,0.000000,0.000000
0.000000,-3.529308,1.298691,0.000144,0.000000,0.000000,0.000000
0.000000,-3.529308,1.298691,0.000144,0.000000,0.000000,0.000000
0.000000,-3.529273,1.298691,0.000144,0.000000,0.000000,0.000000
0.000000,-3.529273,1.298691,0.000144,0.000000,0.000000,0.000000
0.000000,-3.529273,1.298691,0.000144,0.000000,0.000000,0.000000
0.000000,-3.529273,1.298691,0.000144,0.000000,0.000000,0.000000
0.000000,-3.529236,1.298691,0.000144,0.000000,0.000000,0.000000
0.000000,-3.529236,1.298691,0.000144,0.000000,0.000000,0.000000
0.000000,-3.529236,1.298691,0.000144,0.000000,0.000000,0.000000
0.000000,-3.529195,1.298691,0.000144,0.000000,0.000000,0.000000
0.000000,-3.529195,1.298691,0.000144,0.000000,0.000000,0.000000
0.000000,-3.529195,1.298691,0.000144,0.000000,0.000000,0.000000
0.000000,-3.529168,1.298691,0.000144,0.000000,0.000000,0.000000
0.000000,-3.529168,1.298691,0.000144,0.000000,0.000000,0.000000
0.000000,-3.529168,1.298691,0.000144,0.000000,0.000000,0.000000
0.000000,-3.529168,1.298691,0.000144,0.000000,0.000000,0.000000
0.000000,-3.529148,1.298691,0.000144,0.000000,0.000000,0.000000
0.000000,-3.529148,1.298691,0.000144,0.000000,0.000000,0.000000
0.000000,-3.529148,1.298691,0.000144,0.000000,0.000000,0.000000
0.000000,-3.529168,1.298691,0.000144,0.000000,0.000000,0.000000
0.000000,-3.529168,1.298691,0.000144,0.000000,0.000000,0.000000
0.000000,-3.529168,1.298691,0.000144,0.000000,0.000000,0.000000
0.000000,-3.529179,1.298691,0.000144,0.000000,0.000000,0.000000
0.000000,-3.529179,1.298691,0.000144,0.000000,0.000000,0.000000
0.000000,-3.529179,1.298691,0.000144,0.000000,0.000000,0.000000
0.000000,-3.529179,1.298691,0.000144,0.000000,0.000000,0.000000
0.000000,-3.529191,1.298691,0.000144,0.000000,0.000000,0.000000
0.000000,-3.529191,1.298691,0.000144,0.000000,0.000000,0.000000
0.000000,-3.529191,1.298691,0.000144,0.000000,0.000000,0.000000
0.000000,-3.529192,1.298691,0.000144,0.000000,0.000000,0.000000
0.000000,-3.529192,1.298691,0.000144,0.000000,0.000000,0.000000
0.000000,-3.529192,1.298691,0.000144,0.000000,0.000000,0.000000
0.000000,-3.529211,1.298691,0.000144,0.000000,0.000000,0.000000
0.000000,-3.529211,1.298691,0.000144,0.000000,0.000000,0.000000
0.000000,-3.529211,1.298691,0.000144,0.000000,0.000000,0.000000
0.000000,-3.529211,1.298691,0.000144,0.000000,0.000000,0.000000
0.000000,-3.529238,1.298691,0.000144,0.000000,0.000000,0.000000
0.000000,-3.529238,1.298691,0.000144,0.000000,0.000000,0.000000
0.000000,-3.529238,1.298691,0.000144,0.000000,0.000000,0.000000
0.000000,-3.529282,1.298691,0.000144,0.000000,0.000000,0.000000
0.000000,-3.529282,1.298691,0.000144,0.000000,0.000000,0.000000
0.000000,-3.529282,1.298691,0.000144,0.000000,0.000000,0.000000
0.000000,-3.529301,1.298691,0.000144,0.000000,0.000000,0.000000
0.000000,-3.529301,1.298691,0.000144,0.000000,0.000000,0.000000
0.000000,-3.529301,1.298691,0.000144,0.000000,0.000000,0.000000
0.000000,-3.529301,1.298691,0.000144,0.000000,0.000000,0.000000
0.000000,-3.529322,1.298691,0.000144,0.000000,0.000000,0.000000
0.000000,-3.529322,1.298691,0.000144,0.000000,0.000000,0.000000
0.000000,-3.529322,1.298691,0.000144,0.000000,0.000000,0.000000
0.000000,-3.529354,1.298691,0.000144,0.000000,0.000000,0.000000
0.000000,-3.529354,1.298691,0.000144,0.000000,0.000000,0.000000
0.000000,-3.529354,1.298691,0.000144,0.000000,0.000000,0.000000
0.000000,-3.529355,1.298691,0.000144,0.000000,0.000000,0.000000
0.000000,-3.529355,1.298691,0.000144,0.000000,0.000000,0.000000
0.000000,-3.529355,1.298691,0.000144,0.000000,0.000000,0.000000
0.000000,-3.529355,1.298691,0.000144,0.000000,0.000000,0.000000
0.000000,-3.529346,1.298691,0.000144,0.000000,0.000000,0.000000
0.000000,-3.529346,1.298691,0.000144,0.000000,0.000000,0.000000
0.000000,-3.529346,1.298691,0.000144,0.000000,0.000000,0.000000
0.000000,-3.529361,1.298691,0.000144,0.000000,0.000000,0.000000
0.000000,-3.529361,1.298691,0.000144,0.000000,0.000000,0.000000
0.000000,-3.529361,1.298691,0.000144,0.000000,0.000000,0.000000
0.000000,-3.529410,1.298691,0.000144,0.000000,0.000000,0.000000
0.000000,-3.529410,1.298691,0.000144,0.000000,0.000000,0.000000
0.000000,-3.529410,1.298691,0.000144,0.000000,0.000000,0.000000
0.000000,-3.529410,1.298691,0.000144,0.000000,0.000000,0.000000
0.000000,-3.529451,1.298691,0.000144,0.000000,0.000000,0.000000
0.000000,-3.529451,1.298691,0.000144,0.000000,0.000000,0.000000
0.000000,-3.529451,1.298691,0.000144,0.000000,0.000000,0.000000
0.000000,-3.529433,1.298691,0.000144,0.000000,0.000000,0.000000
0.000000,-3.529433,1.298691,0.000144,0.000000,0.000000,0.000000
0.000000,-3.529433,1.298691,0.000144,0.000000,0.000000,0.000000
0.000000,-3.529405,1.298691,0.000144,0.000000,0.000000,0.000000
0.000000,-3.529405,1.298691,0.000144,0.000000,0.000000,0.000000
0.000000,-3.529405,1.298691,0.000144,0.000000,0.000000,0.000000
0.000000,-3.529405,1.298691,0.000144,0.000000,0.000000,0.000000
0.000000,-3.529392,1.298691,0.000144,0.000000,0.000000,0.000000
0.000000,-3.529392,1.298691,0.000144,0.000000,0.000000,0.000000
0.000000,-3.529392,1.298691,0.000144,0.000000,0.000000,0.000000
0.000000,-3.529435,1.298691,0.000144,0.000000,0.000000,0.000000
0.000000,-3.529435,1.298691,0.000144,0.000000,0.000000,0.000000
0.000000,-3.529435,1.298691,0.000144,0.000000,0.000000,0.000000
0.000000,-3.529517,1.298691,0.000144,0.000000,0.000000,0.000000
0.000000,-3.529517,1.298691,0.000144,0.000000,0.000000,0.000000
0.000000,-3.529517,1.298691,0.000144,0.000000,0.000000,0.000000
0.000000,-3.529517,1.298691,0.000144,0.000000,0.000000,0.000000
0.000000,-3.529583,1.298691,0.000144,0.000000,0.000000,0.000000
0.000000,-3.529583,1.298691,0.000144,0.000000,0.000000,0.000000
0.000000,-3.529583,1.298691,0.000144,0.000000,0.000000,0.000000
0.000000,-3.529547,1.298691,0.000144,0.000000,0.000000,0.000000
0.000000,-3.529547,1.298691,0.000144,0.000000,0.000000,0.000000
0.000000,-3.529547,1.298691,0.000144,0.000000,0.000000,0.000000
0.000000,-3.529483,1.298691,0.000144,0.000000,0.000000,0.000000
0.000000,-3.529483,1.298691,0.000144,0.000000,0.000000,0.000000
0.000000,-3.529483,1.298691,0.000144,0.000000,0.000000,0.000000
0.000000,-3.529483,1.298691,0.000144,0.000000,0.000000,0.000000
0.000000,-3.529442,1.298691,0.000144,0.000000,0.000000,0.000000
0.000000,-3.529442,1.298691,0.000144,0.000000,0.000000,0.000000
0.000000,-3.529442,1.298691,0.000144,0.000000,0.000000,0.000000
0.000000,-3.529433,1.298691,0.000144,0.000000,0.000000,0.000000
0.000000,-3.529433,1.298691,0.000144,0.000000,0.000000,0.000000
0.000000,-3.529433,1.298691,0.000144,0.000000,0.000000,0.000000
0.000000,-3.529505,1.298691,0.000144,0.000000,0.000000,0.000000
0.000000,-3.529505,1.298691,0.000144,0.000000,0.000000,0.000000
0.000000,-3.529505,1.298691,0.000144,0.000000,0.000000,0.000000
0.000000,-3.529505,1.298691,0.000144,0.000000,0.000000,0.000000
0.000000,-3.529548,1.298691,0.000144,0.000000,0.000000,0.000000
0.000000,-3.529548,1.298691,0.000144,0.000000,0.000000,0.000000
0.000000,-3.529548,1.298691,0.000144,0.000000,0.000000,0.000000
0.000000,-3.529514,1.298691,0.000144,0.000000,0.000000,0.000000
0.000000,-3.529514,1.298691,0.000144,0.000000,0.000000,0.000000
0.000000,-3.529514,1.298691,0.000144,0.000000,0.000000,0.000000
0.000000,-3.529447,1.298691,0.000144,0.000000,0.000000,0.000000
0.000000,-3.529447,1.298691,0.000144,0.000000,0.000000,0.000000
0.000000,-3.529447,1.298691,0.000144,0.000000,0.000000,0.000000
0.000000,-3.529447,1.298691,0.000144,0.000000,0.000000,0.000000
0.000000,-3.529379,1.298691,0.000144,0.000000,0.000000,0.000000
0.000000,-3.529379,1.298691,0.000144,0.000000,0.000000,0.000000
0.000000,-3.529379,1.298691,0.000144,0.000000,0.000000,0.000000
0.000000,-3.529354,1.298691,0.000144,0.000000,0.000000,0.000000
0.000000,-3.529354,1.298691,0.000144,0.000000,0.000000,0.000000
0.000000,-3.529354,1.298691,0.000144,0.000000,0.000000,0.000000
0.000000,-3.529386,1.298691,0.000144,0.000000,0.000000,0.000000
0.000000,-3.529386,1.298691,0.000144,0.000000,0.000000,0.000000
0.000000,-3.529386,1.298691,0.000144,0.000000,0.000000,0.000000
0.000000,-3.529386,1.298691,0.000144,0.000000,0.000000,0.000000
0.000000,-3.529426,1.298691,0.000144,0.000000,0.000000,0.000000
0.000000,-3.529426,1.298691,0.000144,0.000000,0.000000,0.000000
0.000000,-3.529426,1.298691,0.000144,0.000000,0.000000,0.000000
0.000000,-3.529427,1.298691,0.000144,0.000000,0.000000,0.000000
0.000000,-3.529427,1.298691,0.000144,0.000000,0.000000,0.000000
0.000000,-3.529427,1.298691,0.000144,0.000000,0.000000,0.000000
0.000000,-3.529411,1.298691,0.000144,0.000000,0.000000,0.000000
0.000000,-3.529411,1.298691,0.000144,0.000000,0.000000,0.000000
0.000000,-3.529411,1.298691,0.000144,0.000000,0.000000,0.000000
0.000000,-3.529411,1.298691,0.000144,0.000000,0.000000,0.000000
0.000000,-3.529359,1.298691,0.000144,0.000000,0.000000,0.000000
0.000000,-3.529359,1.298691,0.000144,0.000000,0.000000,0.000000
0.000000,-3.529359,1.298691,0.000144,0.000000,0.000000,0.000000
0.000000,-3.529312,1.298691,0.000144,0.000000,0.000000,0.000000
0.000000,-3.529312,1.298691,0.000144,0.000000,0.000000,0.000000
0.000000,-3.529312,1.298691,0.000144,0.000000,0.000000,0.000000
0.000000,-3.529290,1.298691,0.000144,0.000000,0.000000,0.000000
0.000000,-3.529290,1.298691,0.000144,0.000000,0.000000,0.000000
0.000000,-3.529290,1.298691,0.000144,0.000000,0.000000,0.000000
0.000000,-3.529290,1.298691,0.000144,0.000000,0.000000,0.000000
0.000000,-3.529293,1.298691,0.000144,0.000000,0.000000,0.000000
0.000000,-3.529293,1.298691,0.000144,0.000000,0.000000,0.000000
0.000000,-3.529293,1.298691,0.000144,0.000000,0.000000,0.000000
0.000000,-3.529292,1.298691,0.000144,0.000000,0.000000,0.000000
0.000000,-3.529292,1.298691,0.000144,0.000000,0.000000,0.000000
0.000000,-3.529292,1.298691,0.000144,0.000000,0.000000,0.000000
0.000000,-3.529265,1.298691,0.000144,0.000000,0.000000,0.000000
0.000000,-3.529265,1.298691,0.000144,0.000000,0.000000,0.000000
0.000000,-3.529265,1.298691,0.000144,0.000000,0.000000,0.000000
0.000000,-3.529265,1.298691,0.000144,0.000000,0.000000,0.000000
0.000000,-3.529231,1.298691,0.000144,0.000000,0.000000,0.000000
0.000000,-3.529231,1.298691,0.000144,0.000000,0.000000,0.000000
0.000000,-3.529231,1.298691,0.000144,0.000000,0.000000,0.000000
0.000000,-3.529166,1.298691,0.000144,0.000000,0.000000,0.000000
0.000000,-3.529166,1.298691,0.000144,0.000000,0.000000,0.000000
0.000000,-3.529166,1.298691,0.000144,0.000000,0.000000,0.000000
0.000000,-3.529129,1.298691,0.000144,0.000000,0.000000,0.000000
0.000000,-3.529129,1.298691,0.000144,0.000000,0.000000,0.000000
0.000000,-3.529129,1.298691,0.000144,0.000000,0.000000,0.000000
0.000000,-3.529129,1.298691,0.000144,0.000000,0.000000,0.000000
0.000000,-3.529121,1.298691,0.000144,0.000000,0.000000,0.000000
0.000000,-3.529121,1.298691,0.000144,0.000000,0.000000,0.000000
0.000000,-3.529121,1.298691,0.000144,0.000000,0.000000,0.000000
0.000000,-3.529145,1.298691,0.000144,0.000000,0.000000,0.000000
0.000000,-3.529145,1.298691,0.000144,0.000000,0.000000,0.000000
0.000000,-3.529145,1.298691,0.000144,0.000000,0.000000,0.000000
0.000000,-3.529041,1.298691,0.000144,0.000000,0.000000,0.000000
0.000000,-3.529041,1.298691,0.000144,0.000000,0.000000,0.000000
0.000000,-3.529041,1.298691,0.000144,0.000000,0.000000,0.000000
0.000000,-3.529041,1.298691,0.000144,0.000000,0.000000,0.000000
0.000000,-3.529581,1.298691,0.000144,0.000000,0.000000,0.000000
0.000000,-3.529973,1.298691,0.000144,0.000000,0.000000,0.000000
0.000000,-3.529973,1.298691,0.000144,0.000000,0.000000,0.000000
0.000000,-3.529961,1.298691,0.000144,0.000000,0.000000,0.000000
0.000000,-3.529961,1.298691,0.000144,0.000000,0.000000,0.000000
0.000000,-3.530535,1.298691,0.000144,0.000000,0.000000,0.000000
0.000000,-3.531911,1.298691,0.000144,0.000000,0.000000,0.000000
0.000000,-3.531911,1.298691,0.000144,0.000000,0.000000,0.000000
0.000000,-3.533340,1.298691,0.000144,0.000000,0.000000,0.000000
0.000000,-3.533340,1.298691,0.000144,0.000000,0.000000,0.000000
0.000000,-3.534799,1.298691,0.000144,0.000000,0.000000,0.000000
0.000000,-3.535831,1.298691,0.000144,0.000000,0.000000,0.000000
0.000000,-3.535831,1.298691,0.000144,0.000000,0.000000,0.000000
0.000000,-3.537324,1.298691,0.000144,0.000000,0.000000,0.000000
0.000000,-3.537324,1.298691,0.000144,0.000000,0.000000,0.000000
0.000000,-3.538294,1.298691,0.000144,0.000000,0.000000,0.000000
0.000000,-3.538743,1.298691,0.000144,0.000000,0.000000,0.000000
0.000000,-3.538743,1.298691,0.000144,0.000000,0.000000,0.000000
0.000000,-3.538982,1.298691,0.000144,0.000000,0.000000,0.000000
0.000000,-3.538982,1.298691,0.000144,0.000000,0.000000,0.000000
0.000000,-3.539196,1.298691,0.000144,0.000000,0.000000,0.000000
0.000000,-3.538763,1.298691,0.000144,0.000000,0.000000,0.000000
0.000000,-3.538763,1.298691,0.000144,0.000000,0.000000,0.000000
0.000000,-3.537402,1.298691,0.000144,0.000000,0.000000,0.000000
0.000000,-3.537402,1.298691,0.000144,0.000000,0.000000,0.000000
0.000000,-3.536115,1.298691,0.000144,0.000000,0.000000,0.000000
0.000000,-3.534106,1.298691,0.000144,0.000000,0.000000,0.000000
0.000000,-3.534106,1.298691,0.000144,0.000000,0.000000,0.000000
0.000000,-3.533186,1.298691,0.000144,0.000000,0.000000,0.000000
0.000000,-3.533186,1.298691,0.000144,0.000000,0.000000,0.000000
0.000000,-3.532606,1.298691,0.000144,0.000000,0.000000,0.000000
0.000000,-3.532448,1.298691,0.000144,0.000000,0.000000,0.000000
0.000000,-3.532448,1.298691,0.000144,0.000000,0.000000,0.000000
0.000000,-3.531945,1.298691,0.000144,0.000000,0.000000,0.000000
0.000000,-3.531945,1.298691,0.000144,0.000000,0.000000,0.000000
0.000000,-3.532214,1.298691,0.000144,0.000000,0.000000,0.000000
0.000000,-3.533204,1.298691,0.000144,0.000000,0.000000,0.000000
0.000000,-3.533204,1.298691,0.000144,0.000000,0.000000,0.000000
0.000000,-3.533991,1.298691,0.000144,0.000000,0.000000,0.000000
0.000000,-3.533991,1.298691,0.000144,0.000000,0.000000,0.000000
0.000000,-3.535097,1.298691,0.000144,0.000000,0.000000,0.000000
0.000000,-3.535641,1.298691,0.000144,0.000000,0.000000,0.000000
0.000000,-3.535641,1.298691,0.000144,0.000000,0.000000,0.000000
0.000000,-3.535907,1.298691,0.000144,0.000000,0.000000,0.000000
0.000000,-3.535907,1.298691,0.000144,0.000000,0.000000,0.000000
0.000000,-3.535781,1.298691,0.000144,0.000000,0.000000,0.000000
0.000000,-3.535302,1.298691,0.000144,0.000000,0.000000,0.000000
0.000000,-3.535302,1.298691,0.000144,0.000000,0.000000,0.000000
0.000000,-3.534720,1.298691,0.000144,0.000000,0.000000,0.000000
0.000000,-3.534720,1.298691,0.000144,0.000000,0.000000,0.000000
0.000000,-3.534178,1.298691,0.000144,0.000000,0.000000,0.000000
0.000000,-3.533383,1.298691,0.000144,0.000000,0.000000,0.000000
0.000000,-3.533383,1.298691,0.000144,0.000000,0.000000,0.000000
0.000000,-3.531978,1.298691,0.000144,0.000000,0.000000,0.000000
0.000000,-3.531978,1.298691,0.000144,0.000000,0.000000,0.000000
0.000000,-3.531152,1.298691,0.000144,0.000000,0.000000,0.000000
0.000000,-3.530556,1.298691,0.000144,0.000000,0.000000,0.000000
0.000000,-3.530556,1.298691,0.000144,0.000000,0.000000,0.000000
0.000000,-3.530370,1.298691,0.000144,0.000000,0.000000,0.000000
0.000000,-3.530370,1.298691,0.000144,0.000000,0.000000,0.000000
0.000000,-3.530431,1.298691,0.000144,0.000000,0.000000,0.000000
0.000000,-3.530853,1.298691,0.000144,0.000000,0.000000,0.000000
0.000000,-3.530853,1.298691,0.000144,0.000000,0.000000,0.000000
0.000000,-3.531873,1.298691,0.000144,0.000000,0.000000,0.000000
0.000000,-3.531873,1.298691,0.000144,0.000000,0.000000,0.000000
0.000000,-3.533027,1.298691,0.000144,0.000000,0.000000,0.000000
0.000000,-3.534047,1.298691,0.000144,0.000000,0.000000,0.000000
0.000000,-3.534047,1.298691,0.000144,0.000000,0.000000,0.000000
0.000000,-3.535021,1.298691,0.000144,0.000000,0.000000,0.000000
0.000000,-3.535021,1.298691,0.000144,0.000000,0.000000,0.000000
0.000000,-3.536921,1.298691,0.000144,0.000000,0.000000,0.000000
0.000000,-3.537986,1.298691,0.000144,0.000000,0.000000,0.000000
0.000000,-3.537986,1.298691,0.000144,0.000000,0.000000,0.000000
0.000000,-3.539132,1.298691,0.000144,0.000000,0.000000,0.000000
0.000000,-3.539132,1.298691,0.000144,0.000000,0.000000,0.000000
0.000000,-3.539651,1.298691,0.000144,0.000000,0.000000,0.000000
0.000000,-3.540205,1.298691,0.000144,0.000000,0.000000,0.000000
0.000000,-3.540205,1.298691,0.000144,0.000000,0.000000,0.000000
0.000000,-3.541213,1.298691,0.000144,0.000000,0.000000,0.000000
0.000000,-3.541213,1.298691,0.000144,0.000000,0.000000,0.000000
0.000000,-3.543637,1.298691,0.000144,0.000000,0.000000,0.000000
0.000000,-3.545925,1.298691,0.000144,0.000000,0.000000,0.000000
0.000000,-3.545925,1.298786,0.000144,0.000000,0.000000,0.000000
0.000000,-3.549903,1.298786,0.000144,0.000000,0.000000,0.000000
0.000000,-3.549903,1.298786,0.000144,0.000000,0.000000,0.000000
0.000000,-3.554110,1.298786,0.000144,0.000000,0.000000,0.000000
0.000000,-3.560934,1.298786,0.000144,0.000000,0.000000,0.000000
0.000000,-3.560934,1.298786,0.000144,0.000000,0.000000,0.000000
0.000000,-3.566054,1.298786,0.000144,0.000000,0.000000,0.000000
0.000000,-3.566054,1.298882,0.000144,0.000000,0.000000,0.000000
0.000000,-3.573206,1.298882,0.000144,0.000000,0.000000,0.000000
0.000000,-3.578475,1.298882,0.000144,0.000000,0.000000,0.000000
0.000000,-3.578475,1.298882,0.000144,0.000000,0.000000,0.000000
0.000000,-3.585505,1.298882,0.000144,0.000000,0.000000,0.000000
0.000000,-3.585505,1.298882,0.000144,0.000000,0.000000,0.000000
0.000000,-3.589767,1.298978,0.000144,0.000000,0.000000,0.000000
0.000000,-3.594301,1.298978,0.000144,0.000000,0.000000,0.000000
0.000000,-3.594301,1.298978,0.000048,0.000000,0.000000,0.000000
0.000000,-3.597918,1.298978,0.000048,0.000000,0.000000,0.000000
0.000000,-3.597918,1.298978,0.000048,0.000000,0.000000,0.000000
0.000000,-3.602675,1.298978,0.000048,0.000000,0.000000,0.000000
0.000000,-3.607443,1.298978,0.000048,0.000000,0.000000,0.000000
0.000000,-3.607443,1.299074,0.000048,0.000000,0.000000,0.000000
0.000000,-3.613748,1.299074,0.000048,0.000000,0.000000,0.000000
0.000000,-3.613748,1.299074,0.000048,0.000000,0.000000,0.000000
0.000000,-3.619125,1.299074,0.000048,0.000000,0.000000,0.000000
0.000000,-3.625839,1.299074,0.000048,0.000000,0.000000,0.000000
0.000000,-3.625839,1.299074,-0.000048,0.000000,0.000000,0.000000
0.000000,-3.630790,1.299074,-0.000048,0.000000,0.000000,0.000000
0.000000,-3.630790,1.299074,-0.000048,0.000000,0.000000,0.000000
0.000000,-3.637095,1.299170,-0.000048,0.000000,0.000000,0.000000
0.000000,-3.642017,1.299170,-0.000048,0.000000,0.000000,0.000000
0.000000,-3.642017,1.299170,-0.000048,0.000000,0.000000,0.000000
0.000000,-3.648916,1.299170,-0.000048,0.000000,0.000000,0.000000
0.000000,-3.648916,1.299170,-0.000048,0.000000,0.000000,0.000000
0.000000,-3.654282,1.299266,-0.000048,0.000000,0.000000,0.000000
0.000000,-3.660273,1.299266,-0.000048,0.000000,0.000000,0.000000
0.000000,-3.660273,1.299266,-0.000144,0.000000,0.000000,0.000000
0.000000,-3.665478,1.299266,-0.000144,0.000000,0.000000,0.000000
0.000000,-3.665478,1.299266,-0.000144,0.000000,0.000000,0.000000
0.000000,-3.673604,1.299361,-0.000144,0.000000,0.000000,0.000000
0.000000,-3.680005,1.299361,-0.000144,0.000000,0.000000,0.000000
0.000000,-3.680005,1.299361,-0.000144,0.000000,0.000000,0.000000
0.000000,-3.689869,1.299361,-0.000144,0.000000,0.000000,0.000000
0.000000,-3.689869,1.299457,-0.000144,0.000000,0.000000,0.000000
0.000000,-3.697222,1.299457,-0.000240,0.000000,0.000000,0.000000
0.000000,-3.708948,1.299457,-0.000240,0.000000,0.000000,0.000000
0.000000,-3.708948,1.299553,-0.000240,0.000000,0.000000,0.000000
0.000000,-3.717673,1.299553,-0.000240,0.000000,0.000000,0.000000
0.000000,-3.717673,1.299649,-0.000335,0.000000,0.000000,0.000000
0.000000,-3.730906,1.299745,-0.000335,0.000000,0.000000,0.000000
0.000000,-3.738987,1.299745,-0.000335,0.000000,0.000000,0.000000
0.000000,-3.738987,1.299841,-0.000431,0.000000,0.000000,0.000000
0.000000,-3.752166,1.299841,-0.000527,0.000000,0.000000,0.000000
0.000000,-3.752166,1.299937,-0.000527,0.000000,0.000000,0.000000
0.000000,-3.761797,1.299937,-0.000623,0.000000,0.000000,0.000000
0.000000,-3.775338,1.300032,-0.000719,0.000000,0.000000,0.000000
0.000000,-3.775338,1.300032,-0.000910,0.000000,0.000000,0.000000
0.000000,-3.781885,1.300128,-0.001006,0.000000,0.000000,0.000000
0.000000,-3.781885,1.300224,-0.001294,0.000000,0.000000,0.000000
0.000000,-3.790274,1.300320,-0.001485,0.000000,0.000000,0.000000
0.000000,-3.794771,1.300320,-0.001773,0.000000,0.000000,0.000000
0.000000,-3.794771,1.300512,-0.001868,0.000000,0.000000,0.000000
0.000000,-3.801730,1.300607,-0.002060,0.000000,0.000000,0.000000
0.000000,-3.801730,1.300703,-0.002060,0.000000,0.000000,0.000000
0.000000,-3.806793,1.300799,-0.002060,0.000000,0.000000,0.000000
0.000000,-3.816758,1.301087,-0.002156,0.000000,0.000000,0.000000
0.000000,-3.816758,1.301182,-0.002156,0.000000,0.000000,0.000000
0.000000,-3.823021,1.301374,-0.002156,0.000000,0.000000,0.000000
0.000000,-3.823021,1.301470,-0.002252,0.000000,0.000000,0.000000
0.000000,-3.833002,1.301565,-0.002252,0.000000,0.000000,0.000000
0.000000,-3.840624,1.301661,-0.002348,0.000000,0.000000,0.000000
0.000000,-3.840624,1.301661,-0.002348,0.000000,0.000000,0.000000
0.000000,-3.854696,1.301757,-0.002348,0.000000,0.000000,0.000000
0.000000,-3.854696,1.301757,-0.002348,0.000000,0.000000,0.000000
0.000000,-3.863229,1.301757,-0.002444,0.000000,0.000000,0.000000
0.000000,-3.872572,1.301853,-0.002444,0.000000,0.000000,0.000000
0.000000,-3.872572,1.301853,-0.002444,0.000000,0.000000,0.000000
0.000000,-3.875689,1.301853,-0.002444,0.000000,0.000000,0.000000
0.000000,-3.875689,1.301853,-0.002444,0.000000,0.000000,0.000000
0.000000,-3.877241,1.301853,-0.002444,0.000000,0.000000,0.000000
0.000000,-3.876911,1.301853,-0.002444,0.000000,0.000000,0.000000
0.000000,-3.876911,1.301853,-0.002444,0.000000,0.000000,0.000000
0.000000,-3.879110,1.301853,-0.002444,0.000000,0.000000,0.000000
0.000000,-3.879110,1.301853,-0.002444,0.000000,0.000000,0.000000
0.000000,-3.881624,1.301853,-0.002444,0.000000,0.000000,0.000000
0.000000,-3.889023,1.301949,-0.002539,0.000000,0.000000,0.000000
0.000000,-3.889023,1.301949,-0.002539,0.000000,0.000000,0.000000
0.000000,-3.902152,1.301949,-0.002539,0.000000,0.000000,0.000000
0.000000,-3.902152,1.301949,-0.002539,0.000000,0.000000,0.000000
0.000000,-3.933252,1.301949,-0.002539,0.000000,0.000000,0.000000
0.000000,-3.956653,1.301949,-0.002539,0.000000,0.000000,0.000000
0.000000,-3.956653,1.301949,-0.002539,0.000000,0.000000,0.000000
0.000000,-3.996231,1.301949,-0.002635,0.000000,0.000000,0.000000
0.000000,-3.996231,1.302045,-0.002635,0.000000,0.000000,0.000000
0.000000,-4.023339,1.302045,-0.002731,0.000000,0.000000,0.000000
0.000000,-4.065329,1.302045,-0.002731,0.000000,0.000000,0.000000
0.000000,-4.065329,1.302045,-0.002731,0.000000,0.000000,0.000000
0.000000,-4.098741,1.302045,-0.002731,0.000000,0.000000,0.000000
0.000000,-4.098741,1.302140,-0.002827,0.000000,0.000000,0.000000
0.000000,-4.162911,1.302236,-0.002827,0.000000,0.000000,0.000000
0.000000,-4.208142,1.302236,-0.002827,0.000000,0.000000,0.000000
0.000000,-4.208142,1.302236,-0.002827,0.000000,0.000000,0.000000
0.000000,-4.274215,1.302236,-0.002827,0.000000,0.000000,0.000000
0.000000,-4.274215,1.302332,-0.002827,0.000000,0.000000,0.000000
0.000000,-4.318458,1.302332,-0.002827,0.000000,0.000000,0.000000
0.000000,-4.384910,1.302332,-0.002827,0.000000,0.000000,0.000000
0.000000,-4.384910,1.302332,-0.002923,0.000000,0.000000,0.000000
0.000000,-4.430072,1.302332,-0.002923,0.000000,0.000000,0.000000
0.000000,-4.430072,1.302332,-0.003018,0.000000,0.000000,0.000000
0.000000,-4.494021,1.302332,-0.003018,0.000000,0.000000,0.000000
0.000000,-4.534698,1.302332,-0.003114,0.000000,0.000000,0.000000
0.000000,-4.534698,1.302332,-0.003210,0.000000,0.000000,0.000000
0.000000,-4.597258,1.302332,-0.003306,0.000000,0.000000,0.000000
0.000000,-4.597258,1.302332,-0.003402,0.000000,0.000000,0.000000
0.000000,-4.638567,1.302332,-0.003689,0.000000,0.000000,0.000000
0.000000,-4.696295,1.302236,-0.003881,0.000000,0.000000,0.000000
0.000000,-4.696295,1.302236,-0.004360,0.000000,0.000000,0.000000
0.000000,-4.732876,1.302236,-0.004552,0.000000,0.000000,0.000000
0.000000,-4.732876,1.302236,-0.005031,0.000000,0.000000,0.000000
0.000000,-4.786076,1.302236,-0.005223,0.000000,0.000000,0.000000
0.000000,-4.820737,1.302236,-0.005318,0.000000,0.000000,0.000000
0.000000,-4.820737,1.302236,-0.005318,0.000000,0.000000,0.000000
0.000000,-4.872485,1.302236,-0.005414,0.000000,0.000000,0.000000
0.000000,-4.872485,1.302236,-0.005414,0.000000,0.000000,0.000000
0.000000,-4.908284,1.302236,-0.005510,0.000000,0.000000,0.000000
0.000000,-4.964067,1.302236,-0.005606,0.000000,0.000000,0.000000
0.000000,-4.964067,1.302236,-0.005797,0.000000,0.000000,0.000000
0.000000,-5.000837,1.302236,-0.005893,0.000000,0.000000,0.000000
0.000000,-5.000837,1.302236,-0.006277,0.000000,0.000000,0.000000
0.000000,-5.054961,1.302140,-0.006564,0.000000,0.000000,0.000000
0.000000,-5.090034,1.302140,-0.007139,0.000000,0.000000,0.000000
0.000000,-5.090034,1.302140,-0.007427,0.000000,0.000000,0.000000
0.000000,-5.139490,1.302140,-0.008002,0.000000,0.000000,0.000000
0.000000,-5.139490,1.302140,-0.008193,0.000000,0.000000,0.000000
0.000000,-5.171520,1.302140,-0.008385,0.000000,0.000000,0.000000
0.000000,-5.219398,1.302140,-0.008481,0.000000,0.000000,0.000000
0.000000,-5.219398,1.302140,-0.008672,0.000000,0.000000,0.000000
0.000000,-5.252815,1.302140,-0.008864,0.000000,0.000000,0.000000
0.000000,-5.252815,1.302140,-0.009151,0.000000,0.000000,0.000000
0.000000,-5.305768,1.302140,-0.009439,0.000000,0.000000,0.000000
0.000000,-5.341611,1.302140,-0.010110,0.000000,0.000000,0.000000
0.000000,-5.341611,1.302045,-0.010397,0.000000,0.000000,0.000000
0.000000,-5.394146,1.302045,-0.011068,0.000000,0.000000,0.000000
0.000000,-5.394146,1.302045,-0.011260,0.000000,0.000000,0.000000
0.000000,-5.427461,1.302045,-0.011643,0.000000,0.000000,0.000000
0.000000,-5.475214,1.302045,-0.011835,0.000000,0.000000,0.000000
0.000000,-5.475214,1.302045,-0.012506,0.000000,0.000000,0.000000
0.000000,-5.508033,1.302045,-0.012889,0.000000,0.000000,0.000000
0.000000,-5.508033,1.302045,-0.013847,0.000000,0.000000,0.000000
0.000000,-5.560780,1.302045,-0.014230,0.000000,0.000000,0.000000
0.000000,-5.598588,1.302045,-0.014901,0.000000,0.000000,0.000000
0.000000,-5.598588,1.302045,-0.015380,0.000000,0.000000,0.000000
0.000000,-5.658543,1.302045,-0.016434,0.000000,0.000000,0.000000
0.000000,-5.658543,1.302045,-0.016913,0.000000,0.000000,0.000000
0.000000,-5.702917,1.302045,-0.017872,0.000000,0.000000,0.000000
0.000000,-5.775469,1.302045,-0.018351,0.000000,0.000000,0.000000
0.000000,-5.775469,1.302045,-0.019309,0.000000,0.000000,0.000000
0.000000,-5.825746,1.302045,-0.019692,0.000000,0.000000,0.000000
0.000000,-5.825746,1.302045,-0.020267,0.000000,0.000000,0.000000
0.000000,-5.904070,1.302045,-0.020651,0.000000,0.000000,0.000000
0.000000,-5.956329,1.302045,-0.021513,0.000000,0.000000,0.000000
0.000000,-5.956329,1.302045,-0.021896,0.000000,0.000000,0.000000
0.000000,-6.033319,1.302045,-0.022567,0.000000,0.000000,0.000000
0.000000,-6.033319,1.302045,-0.022855,0.000000,0.000000,0.000000
0.000000,-6.083795,1.302045,-0.023621,0.000000,0.000000,0.000000
0.000000,-6.157698,1.302045,-0.024005,0.000000,0.000000,0.000000
0.000000,-6.157698,1.302045,-0.024675,0.000000,0.000000,0.000000
0.000000,-6.208249,1.302045,-0.024963,0.000000,0.000000,0.000000
0.000000,-6.208249,1.302045,-0.025346,0.000000,0.000000,0.000000
0.000000,-6.284573,1.302045,-0.025634,0.000000,0.000000,0.000000
0.000000,-6.335207,1.302045,-0.026304,0.000000,0.000000,0.000000
0.000000,-6.335207,1.302045,-0.026784,0.000000,0.000000,0.000000
0.000000,-6.411273,1.302045,-0.027742,0.000000,0.000000,0.000000
0.000000,-6.411273,1.302045,-0.028125,0.000000,0.000000,0.000000
0.000000,-6.460778,1.302045,-0.028796,0.000000,0.000000,0.000000
0.000000,-6.532501,1.302045,-0.029275,0.000000,0.000000,0.000000
0.000000,-6.532501,1.302045,-0.030138,0.000000,0.000000,0.000000
0.000000,-6.578717,1.302045,-0.030521,0.000000,0.000000,0.000000
0.000000,-6.578717,1.302045,-0.031192,0.000000,0.000000,0.000000
0.000000,-6.647904,1.302045,-0.031575,0.000000,0.000000,0.000000
0.000000,-6.694214,1.302045,-0.032629,0.000000,0.000000,0.000000
0.000000,-6.694214,1.302045,-0.033204,0.000000,0.000000,0.000000
0.000000,-6.764884,1.302045,-0.034066,0.000000,0.000000,0.000000
0.000000,-6.764884,1.302045,-0.034545,0.000000,0.000000,0.000000
0.000000,-6.813804,1.302045,-0.035599,0.000000,0.000000,0.000000
0.000000,-6.887445,1.302045,-0.036079,0.000000,0.000000,0.000000
0.000000,-6.887445,1.302045,-0.036845,0.000000,0.000000,0.000000
0.000000,-6.937146,1.302045,-0.037229,0.000000,0.000000,0.000000
0.000000,-6.937146,1.302045,-0.038283,0.000000,0.000000,0.000000
0.000000,-7.013132,1.302045,-0.038762,0.000000,0.000000,0.000000
0.000000,-7.065272,1.302045,-0.039529,0.000000,0.000000,0.000000
0.000000,-7.065272,1.302045,-0.040008,0.000000,0.000000,0.000000
0.000000,-7.144118,1.302045,-0.040870,0.000000,0.000000,0.000000
0.000000,-7.144118,1.302045,-0.041254,0.000000,0.000000,0.000000
0.000000,-7.197909,1.302045,-0.041924,0.000000,0.000000,0.000000
0.000000,-7.281513,1.302045,-0.042308,0.000000,0.000000,0.000000
0.000000,-7.281513,1.302045,-0.043170,0.000000,0.000000,0.000000
0.000000,-7.339208,1.302045,-0.043649,0.000000,0.000000,0.000000
0.000000,-7.339208,1.302045,-0.044703,0.000000,0.000000,0.000000
0.000000,-7.429089,1.302045,-0.045182,0.000000,0.000000,0.000000
0.000000,-7.490525,1.302045,-0.046236,0.000000,0.000000,0.000000
0.000000,-7.490525,1.302045,-0.046811,0.000000,0.000000,0.000000
0.000000,-7.583407,1.302045,-0.047961,0.000000,0.000000,0.000000
0.000000,-7.583407,1.302045,-0.048536,0.000000,0.000000,0.000000
0.000000,-7.646649,1.302045,-0.049686,0.000000,0.000000,0.000000
0.000000,-7.740842,1.302045,-0.050261,0.000000,0.000000,0.000000
0.000000,-7.740842,1.302045,-0.051315,0.000000,0.000000,0.000000
0.000000,-7.804516,1.302045,-0.051890,0.000000,0.000000,0.000000
0.000000,-7.804516,1.302045,-0.052944,0.000000,0.000000,0.000000
0.000000,-7.900301,1.302045,-0.053423,0.000000,0.000000,0.000000
0.000000,-7.964634,1.302045,-0.054382,0.000000,0.000000,0.000000
0.000000,-7.964634,1.302045,-0.054957,0.000000,0.000000,0.000000
0.000000,-8.062208,1.302045,-0.055819,0.000000,0.000000,0.000000
0.000000,-8.062208,1.302045,-0.056298,0.000000,0.000000,0.000000
0.000000,-8.128311,1.302045,-0.057256,0.000000,0.000000,0.000000
0.000000,-8.225345,1.302045,-0.057832,0.000000,0.000000,0.000000
0.000000,-8.225345,1.302045,-0.058694,0.000000,0.000000,0.000000
0.000000,-8.289814,1.302045,-0.058981,0.000000,0.000000,0.000000
0.000000,-8.289814,1.302045,-0.060035,0.000000,0.000000,0.000000
0.000000,-8.384827,1.302045,-0.060610,0.000000,0.000000,0.000000
0.000000,-8.447728,1.302045,-0.061760,0.000000,0.000000,0.000000
0.000000,-8.447728,1.302045,-0.062335,0.000000,0.000000,0.000000
0.000000,-8.541615,1.302045,-0.063581,0.000000,0.000000,0.000000
0.000000,-8.541615,1.302045,-0.064156,0.000000,0.000000,0.000000
0.000000,-8.602915,1.302045,-0.065306,0.000000,0.000000,0.000000
0.000000,-8.692949,1.302045,-0.065977,0.000000,0.000000,0.000000
0.000000,-8.692949,1.302045,-0.067127,0.000000,0.000000,0.000000
0.000000,-8.753374,1.302045,-0.067701,0.000000,0.000000,0.000000
0.000000,-8.753374,1.302045,-0.068851,0.000000,0.000000,0.000000
0.000000,-8.844826,1.302045,-0.069330,0.000000,0.000000,0.000000
0.000000,-8.906701,1.302045,-0.070193,0.000000,0.000000,0.000000
0.000000,-8.906701,1.302045,-0.070768,0.000000,0.000000,0.000000
0.000000,-9.001763,1.302045,-0.071918,0.000000,0.000000,0.000000
0.000000,-9.001763,1.302045,-0.072397,0.000000,0.000000,0.000000
0.000000,-9.066877,1.302045,-0.073355,0.000000,0.000000,0.000000
0.000000,-9.165751,1.302045,-0.073834,0.000000,0.000000,0.000000
0.000000,-9.165751,1.302045,-0.074793,0.000000,0.000000,0.000000
0.000000,-9.232370,1.302045,-0.075176,0.000000,0.000000,0.000000
0.000000,-9.232370,1.302045,-0.076038,0.000000,0.000000,0.000000
0.000000,-9.331844,1.302045,-0.076613,0.000000,0.000000,0.000000
0.000000,-9.398640,1.302045,-0.077763,0.000000,0.000000,0.000000
0.000000,-9.398640,1.302045,-0.078243,0.000000,0.000000,0.000000
0.000000,-9.499619,1.302045,-0.079488,0.000000,0.000000,0.000000
0.000000,-9.499619,1.302045,-0.080159,0.000000,0.000000,0.000000
0.000000,-9.566092,1.302045,-0.081405,0.000000,0.000000,0.000000
0.000000,-9.664285,1.302045,-0.082075,0.000000,0.000000,0.000000
0.000000,-9.664285,1.302045,-0.083513,0.000000,0.000000,0.000000
0.000000,-9.730597,1.302045,-0.084088,0.000000,0.000000,0.000000
0.000000,-9.730597,1.302045,-0.085430,0.000000,0.000000,0.000000
0.000000,-9.830281,1.302045,-0.086100,0.000000,0.000000,0.000000
0.000000,-9.898652,1.302045,-0.087059,0.000000,0.000000,0.000000
0.000000,-9.898652,1.302045,-0.087634,0.000000,0.000000,0.000000
0.000000,-10.005428,1.302045,-0.088784,0.000000,0.000000,0.000000
0.000000,-10.005428,1.302045,-0.089262,0.000000,0.000000,0.000000
0.000000,-10.079174,1.302045,-0.090221,0.000000,0.000000,0.000000
0.000000,-10.191236,1.302045,-0.090796,0.000000,0.000000,0.000000
0.000000,-10.191236,1.302045,-0.091850,0.000000,0.000000,0.000000
0.000000,-10.266573,1.302045,-0.092329,0.000000,0.000000,0.000000
0.000000,-10.266573,1.302045,-0.093479,0.000000,0.000000,0.000000
0.000000,-10.376815,1.302045,-0.094054,0.000000,0.000000,0.000000
0.000000,-10.448402,1.302045,-0.095299,0.000000,0.000000,0.000000
0.000000,-10.448402,1.302045,-0.095970,0.000000,0.000000,0.000000
0.000000,-10.554043,1.302045,-0.097408,0.000000,0.000000,0.000000
0.000000,-10.554043,1.302045,-0.097983,0.000000,0.000000,0.000000
0.000000,-10.623730,1.302045,-0.099420,0.000000,0.000000,0.000000
0.000000,-10.727983,1.302045,-0.100091,0.000000,0.000000,0.000000
0.000000,-10.727983,1.302045,-0.101528,0.000000,0.000000,0.000000
0.000000,-10.799379,1.302045,-0.102103,0.000000,0.000000,0.000000
0.000000,-10.799379,1.302045,-0.103253,0.000000,0.000000,0.000000
0.000000,-10.907792,1.302045,-0.103924,0.000000,0.000000,0.000000
0.000000,-10.982074,1.302045,-0.105074,0.000000,0.000000,0.000000
0.000000,-10.982074,1.302045,-0.105649,0.000000,0.000000,0.000000
0.000000,-11.094668,1.302045,-0.106703,0.000000,0.000000,0.000000
0.000000,-11.094668,1.302045,-0.107182,0.000000,0.000000,0.000000
0.000000,-11.170402,1.302045,-0.108045,0.000000,0.000000,0.000000
0.000000,-11.281699,1.302045,-0.108332,0.000000,0.000000,0.000000
0.000000,-11.281699,1.302045,-0.109099,0.000000,0.000000,0.000000
0.000000,-11.355701,1.302045,-0.109674,0.000000,0.000000,0.000000
0.000000,-11.355701,1.302045,-0.110919,0.000000,0.000000,0.000000
0.000000,-11.464733,1.302045,-0.111494,0.000000,0.000000,0.000000
0.000000,-11.537443,1.302045,-0.112836,0.000000,0.000000,0.000000
0.000000,-11.537443,1.302045,-0.113602,0.000000,0.000000,0.000000
0.000000,-11.645414,1.302045,-0.115040,0.000000,0.000000,0.000000
0.000000,-11.645414,1.302045,-0.115806,0.000000,0.000000,0.000000
0.000000,-11.718091,1.302045,-0.117340,0.000000,0.000000,0.000000
0.000000,-11.830228,1.302045,-0.118106,0.000000,0.000000,0.000000
0.000000,-11.830228,1.302045,-0.119448,0.000000,0.000000,0.000000
0.000000,-11.908879,1.302045,-0.120119,0.000000,0.000000,0.000000
0.000000,-11.908879,1.302045,-0.121460,0.000000,0.000000,0.000000
0.000000,-12.029582,1.302045,-0.122131,0.000000,0.000000,0.000000
0.000000,-12.112320,1.302045,-0.123281,0.000000,0.000000,0.000000
0.000000,-12.112320,1.302045,-0.123952,0.000000,0.000000,0.000000
0.000000,-12.238258,1.302045,-0.125102,0.000000,0.000000,0.000000
0.000000,-12.238258,1.302045,-0.125677,0.000000,0.000000,0.000000
0.000000,-12.321524,1.302045,-0.127018,0.000000,0.000000,0.000000
0.000000,-12.445538,1.302045,-0.127593,0.000000,0.000000,0.000000
0.000000,-12.445538,1.302045,-0.128935,0.000000,0.000000,0.000000
0.000000,-12.529489,1.302045,-0.129797,0.000000,0.000000,0.000000
0.000000,-12.529489,1.302045,-0.131234,0.000000,0.000000,0.000000
0.000000,-12.654956,1.302045,-0.132097,0.000000,0.000000,0.000000
0.000000,-12.738879,1.302045,-0.133726,0.000000,0.000000,0.000000
0.000000,-12.738879,1.302045,-0.134589,0.000000,0.000000,0.000000
0.000000,-12.867553,1.302045,-0.136218,0.000000,0.000000,0.000000
0.000000,-12.867553,1.302045,-0.136889,0.000000,0.000000,0.000000
0.000000,-12.958046,1.302045,-0.138613,0.000000,0.000000,0.000000
0.000000,-13.096926,1.302045,-0.139284,0.000000,0.000000,0.000000
0.000000,-13.096926,1.302045,-0.140817,0.000000,0.000000,0.000000
0.000000,-13.192015,1.302045,-0.141488,0.000000,0.000000,0.000000
0.000000,-13.192015,1.302045,-0.142926,0.000000,0.000000,0.000000
0.000000,-13.338334,1.302045,-0.143692,0.000000,0.000000,0.000000
0.000000,-13.438605,1.302045,-0.145129,0.000000,0.000000,0.000000
0.000000,-13.438605,1.302045,-0.145896,0.000000,0.000000,0.000000
0.000000,-13.584312,1.302045,-0.147429,0.000000,0.000000,0.000000
0.000000,-13.584312,1.301949,-0.148196,0.000000,0.000000,0.000000
0.000000,-13.679903,1.301949,-0.149921,0.000000,0.000000,0.000000
0.000000,-13.826617,1.301949,-0.150783,0.000000,0.000000,0.000000
0.000000,-13.826617,1.301949,-0.152508,0.000000,0.000000,0.000000
0.000000,-13.925753,1.301949,-0.153275,0.000000,0.000000,0.000000
0.000000,-13.925753,1.301949,-0.154904,0.000000,0.000000,0.000000
0.000000,-14.069787,1.301949,-0.155670,0.000000,0.000000,0.000000
0.000000,-14.166239,1.301949,-0.157204,0.000000,0.000000,0.000000
0.000000,-14.166239,1.301949,-0.157874,0.000000,0.000000,0.000000
0.000000,-14.312831,1.301949,-0.159312,0.000000,0.000000,0.000000
0.000000,-14.312831,1.301949,-0.160078,0.000000,0.000000,0.000000
0.000000,-14.410219,1.301949,-0.161707,0.000000,0.000000,0.000000
0.000000,-14.552439,1.301949,-0.162474,0.000000,0.000000,0.000000
0.000000,-14.552439,1.301949,-0.164103,0.000000,0.000000,0.000000
0.000000,-14.647363,1.301949,-0.164966,0.000000,0.000000,0.000000
0.000000,-14.647363,1.301949,-0.166691,0.000000,0.000000,0.000000
0.000000,-14.788625,1.301949,-0.167553,0.000000,0.000000,0.000000
0.000000,-14.883377,1.301949,-0.169278,0.000000,0.000000,0.000000
0.000000,-14.883377,1.301949,-0.170044,0.000000,0.000000,0.000000
0.000000,-15.025348,1.301949,-0.171865,0.000000,0.000000,0.000000
0.000000,-15.025348,1.301949,-0.172632,0.000000,0.000000,0.000000
0.000000,-15.120952,1.301949,-0.174261,0.000000,0.000000,0.000000
0.000000,-15.268005,1.301949,-0.175027,0.000000,0.000000,0.000000
0.000000,-15.268005,1.301949,-0.176561,0.000000,0.000000,0.000000
0.000000,-15.368897,1.301949,-0.177423,0.000000,0.000000,0.000000
0.000000,-15.368897,1.301949,-0.179244,0.000000,0.000000,0.000000
0.000000,-15.517273,1.301949,-0.180106,0.000000,0.000000,0.000000
0.000000,-15.616584,1.301949,-0.181831,0.000000,0.000000,0.000000
0.000000,-15.616584,1.301949,-0.182789,0.000000,0.000000,0.000000
0.000000,-15.768694,1.301949,-0.184610,0.000000,0.000000,0.000000
0.000000,-15.768694,1.301949,-0.185568,0.000000,0.000000,0.000000
0.000000,-15.870668,1.301949,-0.187102,0.000000,0.000000,0.000000
0.000000,-16.020483,1.301949,-0.187964,0.000000,0.000000,0.000000
0.000000,-16.020483,1.301949,-0.189593,0.000000,0.000000,0.000000
0.000000,-16.123152,1.301949,-0.190455,0.000000,0.000000,0.000000
0.000000,-16.123152,1.301949,-0.191893,0.000000,0.000000,0.000000
0.000000,-16.280186,1.301949,-0.192659,0.000000,0.000000,0.000000
0.000000,-16.384634,1.301853,-0.194480,0.000000,0.000000,0.000000
0.000000,-16.384634,1.301853,-0.195343,0.000000,0.000000,0.000000
0.000000,-16.539949,1.301853,-0.197067,0.000000,0.000000,0.000000
0.000000,-16.539949,1.301853,-0.197930,0.000000,0.000000,0.000000
0.000000,-16.642258,1.301853,-0.199847,0.000000,0.000000,0.000000
0.000000,-16.795815,1.301853,-0.200805,0.000000,0.000000,0.000000
0.000000,-16.795815,1.301853,-0.202626,0.000000,0.000000,0.000000
0.000000,-16.897734,1.301853,-0.203392,0.000000,0.000000,0.000000
0.000000,-16.897734,1.301853,-0.205117,0.000000,0.000000,0.000000
0.000000,-17.052378,1.301853,-0.205884,0.000000,0.000000,0.000000
0.000000,-17.157717,1.301853,-0.207608,0.000000,0.000000,0.000000
0.000000,-17.157717,1.301853,-0.208279,0.000000,0.000000,0.000000
0.000000,-17.317528,1.301853,-0.210004,0.000000,0.000000,0.000000
0.000000,-17.317528,1.301853,-0.210867,0.000000,0.000000,0.000000
0.000000,-17.425228,1.301853,-0.212687,0.000000,0.000000,0.000000
0.000000,-17.586288,1.301853,-0.213646,0.000000,0.000000,0.000000
0.000000,-17.586288,1.301853,-0.215466,0.000000,0.000000,0.000000
0.000000,-17.693083,1.301853,-0.216520,0.000000,0.000000,0.000000
0.000000,-17.693083,1.301853,-0.218437,0.000000,0.000000,0.000000
0.000000,-17.851105,1.301853,-0.219299,0.000000,0.000000,0.000000
0.000000,-17.955496,1.301853,-0.221120,0.000000,0.000000,0.000000
0.000000,-17.955496,1.301853,-0.221982,0.000000,0.000000,0.000000
0.000000,-18.112310,1.301853,-0.223611,0.000000,0.000000,0.000000
0.000000,-18.112310,1.301853,-0.224378,0.000000,0.000000,0.000000
0.000000,-18.220200,1.301853,-0.225911,0.000000,0.000000,0.000000
0.000000,-18.385460,1.301853,-0.226774,0.000000,0.000000,0.000000
0.000000,-18.385460,1.301853,-0.228595,0.000000,0.000000,0.000000
0.000000,-18.497328,1.301853,-0.229553,0.000000,0.000000,0.000000
0.000000,-18.497328,1.301853,-0.231374,0.000000,0.000000,0.000000
0.000000,-18.665489,1.301853,-0.232428,0.000000,0.000000,0.000000
0.000000,-18.778599,1.301853,-0.234440,0.000000,0.000000,0.000000
0.000000,-18.778599,1.301853,-0.235398,0.000000,0.000000,0.000000
0.000000,-18.946730,1.301853,-0.237219,0.000000,0.000000,0.000000
0.000000,-18.946730,1.301853,-0.238081,0.000000,0.000000,0.000000
0.000000,-19.058283,1.301853,-0.239806,0.000000,0.000000,0.000000
0.000000,-19.225082,1.301853,-0.240764,0.000000,0.000000,0.000000
0.000000,-19.225082,1.301853,-0.242298,0.000000,0.000000,0.000000
0.000000,-19.336691,1.301853,-0.243160,0.000000,0.000000,0.000000
0.000000,-19.336691,1.301853,-0.244885,0.000000,0.000000,0.000000
0.000000,-19.500914,1.301757,-0.245843,0.000000,0.000000,0.000000
0.000000,-19.610458,1.301757,-0.247760,0.000000,0.000000,0.000000
0.000000,-19.610458,1.301757,-0.248814,0.000000,0.000000,0.000000
0.000000,-19.774830,1.301757,-0.250826,0.000000,0.000000,0.000000
0.000000,-19.774830,1.301757,-0.251880,0.000000,0.000000,0.000000
0.000000,-19.883560,1.301757,-0.253701,0.000000,0.000000,0.000000
0.000000,-20.045403,1.301757,-0.254659,0.000000,0.000000,0.000000
0.000000,-20.045403,1.301757,-0.256480,0.000000,0.000000,0.000000
0.000000,-20.153849,1.301757,-0.257343,0.000000,0.000000,0.000000
0.000000,-20.153849,1.301757,-0.259068,0.000000,0.000000,0.000000
0.000000,-20.315893,1.301757,-0.260026,0.000000,0.000000,0.000000
0.000000,-20.422712,1.301757,-0.261846,0.000000,0.000000,0.000000
0.000000,-20.422712,1.301757,-0.262805,0.000000,0.000000,0.000000
0.000000,-20.582293,1.301757,-0.264625,0.000000,0.000000,0.000000
0.000000,-20.582293,1.301757,-0.265584,0.000000,0.000000,0.000000
0.000000,-20.688419,1.301757,-0.267596,0.000000,0.000000,0.000000
0.000000,-20.844799,1.301757,-0.268554,0.000000,0.000000,0.000000
0.000000,-20.844799,1.301757,-0.270375,0.000000,0.000000,0.000000
0.000000,-20.947948,1.301757,-0.271333,0.000000,0.000000,0.000000
0.000000,-20.947948,1.301757,-0.273154,0.000000,0.000000,0.000000
0.000000,-21.100880,1.301757,-0.274016,0.000000,0.000000,0.000000
0.000000,-21.203135,1.301757,-0.275645,0.000000,0.000000,0.000000
0.000000,-21.203135,1.301757,-0.276604,0.000000,0.000000,0.000000
0.000000,-21.357349,1.301757,-0.278329,0.000000,0.000000,0.000000
0.000000,-21.357349,1.301757,-0.279287,0.000000,0.000000,0.000000
0.000000,-21.461418,1.301757,-0.281012,0.000000,0.000000,0.000000
0.000000,-21.616753,1.301757,-0.281970,0.000000,0.000000,0.000000
0.000000,-21.616753,1.301757,-0.283886,0.000000,0.000000,0.000000
0.000000,-21.718187,1.301757,-0.284845,0.000000,0.000000,0.000000
0.000000,-21.718187,1.301757,-0.286570,0.000000,0.000000,0.000000
0.000000,-21.867496,1.301757,-0.287432,0.000000,0.000000,0.000000
0.000000,-21.967714,1.301757,-0.289157,0.000000,0.000000,0.000000
0.000000,-21.967714,1.301757,-0.290020,0.000000,0.000000,0.000000
0.000000,-22.115404,1.301757,-0.291649,0.000000,0.000000,0.000000
0.000000,-22.115404,1.301757,-0.292511,0.000000,0.000000,0.000000
0.000000,-22.212809,1.301757,-0.294236,0.000000,0.000000,0.000000
0.000000,-22.357389,1.301757,-0.295098,0.000000,0.000000,0.000000
0.000000,-22.357389,1.301757,-0.296919,0.000000,0.000000,0.000000
0.000000,-22.453804,1.301757,-0.297781,0.000000,0.000000,0.000000
0.000000,-22.453804,1.301757,-0.299698,0.000000,0.000000,0.000000
0.000000,-22.597225,1.301757,-0.300560,0.000000,0.000000,0.000000
0.000000,-22.691225,1.301757,-0.302285,0.000000,0.000000,0.000000
0.000000,-22.691225,1.301757,-0.302956,0.000000,0.000000,0.000000
0.000000,-22.828455,1.301757,-0.304681,0.000000,0.000000,0.000000
0.000000,-22.828455,1.301757,-0.305448,0.000000,0.000000,0.000000
0.000000,-22.919302,1.301757,-0.307077,0.000000,0.000000,0.000000
0.000000,-23.052942,1.301757,-0.307747,0.000000,0.000000,0.000000
0.000000,-23.052942,1.301757,-0.309281,0.000000,0.000000,0.000000
0.000000,-23.142130,1.301757,-0.310143,0.000000,0.000000,0.000000
0.000000,-23.142130,1.301757,-0.311676,0.000000,0.000000,0.000000
0.000000,-23.277346,1.301757,-0.312634,0.000000,0.000000,0.000000
0.000000,-23.367863,1.301757,-0.314168,0.000000,0.000000,0.000000
0.000000,-23.367863,1.301757,-0.315126,0.000000,0.000000,0.000000
0.000000,-23.500259,1.301757,-0.316947,0.000000,0.000000,0.000000
0.000000,-23.500259,1.301757,-0.317713,0.000000,0.000000,0.000000
0.000000,-23.587189,1.301757,-0.319342,0.000000,0.000000,0.000000
0.000000,-23.719355,1.301757,-0.320013,0.000000,0.000000,0.000000
0.000000,-23.719355,1.301757,-0.321547,0.000000,0.000000,0.000000
0.000000,-23.808653,1.301757,-0.322121,0.000000,0.000000,0.000000
0.000000,-23.808653,1.301757,-0.323559,0.000000,0.000000,0.000000
0.000000,-23.943554,1.301757,-0.324229,0.000000,0.000000,0.000000
0.000000,-24.034849,1.301757,-0.325571,0.000000,0.000000,0.000000
0.000000,-24.034849,1.301757,-0.326433,0.000000,0.000000,0.000000
0.000000,-24.169947,1.301757,-0.327967,0.000000,0.000000,0.000000
0.000000,-24.169947,1.301757,-0.328829,0.000000,0.000000,0.000000
0.000000,-24.256262,1.301757,-0.330458,0.000000,0.000000,0.000000
0.000000,-24.382851,1.301757,-0.331225,0.000000,0.000000,0.000000
0.000000,-24.382851,1.301757,-0.332950,0.000000,0.000000,0.000000
0.000000,-24.463684,1.301757,-0.333812,0.000000,0.000000,0.000000
0.000000,-24.463684,1.301757,-0.335346,0.000000,0.000000,0.000000
0.000000,-24.583204,1.301757,-0.336016,0.000000,0.000000,0.000000
0.000000,-24.664642,1.301757,-0.337549,0.000000,0.000000,0.000000
0.000000,-24.664642,1.301757,-0.338316,0.000000,0.000000,0.000000
0.000000,-24.784737,1.301757,-0.339658,0.000000,0.000000,0.000000
0.000000,-24.784737,1.301757,-0.340233,0.000000,0.000000,0.000000
0.000000,-24.864185,1.301757,-0.341287,0.000000,0.000000,0.000000
0.000000,-24.982277,1.301757,-0.341766,0.000000,0.000000,0.000000
0.000000,-24.982277,1.301757,-0.343203,0.000000,0.000000,0.000000
0.000000,-25.058939,1.301757,-0.343874,0.000000,0.000000,0.000000
0.000000,-25.058939,1.301757,-0.345311,0.000000,0.000000,0.000000
0.000000,-25.171755,1.301757,-0.346078,0.000000,0.000000,0.000000
0.000000,-25.242491,1.301757,-0.347515,0.000000,0.000000,0.000000
0.000000,-25.242491,1.301757,-0.348378,0.000000,0.000000,0.000000
0.000000,-25.347588,1.301757,-0.349911,0.000000,0.000000,0.000000
0.000000,-25.347588,1.301757,-0.350677,0.000000,0.000000,0.000000
0.000000,-25.416933,1.301757,-0.352115,0.000000,0.000000,0.000000
0.000000,-25.521513,1.301757,-0.352690,0.000000,0.000000,0.000000
0.000000,-25.521513,1.301757,-0.354032,0.000000,0.000000,0.000000
0.000000,-25.590530,1.301757,-0.354607,0.000000,0.000000,0.000000
0.000000,-25.590530,1.301757,-0.355757,0.000000,0.000000,0.000000
0.000000,-25.696032,1.301757,-0.356332,0.000000,0.000000,0.000000
0.000000,-25.770609,1.301757,-0.357481,0.000000,0.000000,0.000000
0.000000,-25.770609,1.301757,-0.357865,0.000000,0.000000,0.000000
0.000000,-25.880718,1.301757,-0.359015,0.000000,0.000000,0.000000
0.000000,-25.880718,1.301757,-0.359590,0.000000,0.000000,0.000000
0.000000,-25.950880,1.301757,-0.360739,0.000000,0.000000,0.000000
0.000000,-26.053141,1.301757,-0.361314,0.000000,0.000000,0.000000
0.000000,-26.053141,1.301757,-0.362752,0.000000,0.000000,0.000000
0.000000,-26.120289,1.301757,-0.363327,0.000000,0.000000,0.000000
0.000000,-26.120289,1.301757,-0.364764,0.000000,0.000000,0.000000
0.000000,-26.221508,1.301757,-0.365531,0.000000,0.000000,0.000000
0.000000,-26.289852,1.301757,-0.366873,0.000000,0.000000,0.000000
0.000000,-26.289852,1.301757,-0.367543,0.000000,0.000000,0.000000
0.000000,-26.392776,1.301757,-0.368885,0.000000,0.000000,0.000000
0.000000,-26.392776,1.301757,-0.369460,0.000000,0.000000,0.000000
0.000000,-26.461771,1.301853,-0.370801,0.000000,0.000000,0.000000
0.000000,-26.565411,1.301853,-0.371376,0.000000,0.000000,0.000000
0.000000,-26.565411,1.301853,-0.372526,0.000000,0.000000,0.000000
0.000000,-26.635036,1.301853,-0.373101,0.000000,0.000000,0.000000
0.000000,-26.635036,1.301853,-0.374155,0.000000,0.000000,0.000000
0.000000,-26.739267,1.301853,-0.374538,0.000000,0.000000,0.000000
0.000000,-26.808540,1.301853,-0.375592,0.000000,0.000000,0.000000
0.000000,-26.808540,1.301853,-0.376263,0.000000,0.000000,0.000000
0.000000,-26.910820,1.301853,-0.377413,0.000000,0.000000,0.000000
0.000000,-26.910820,1.301853,-0.377988,0.000000,0.000000,0.000000
0.000000,-26.977900,1.301853,-0.379234,0.000000,0.000000,0.000000
0.000000,-27.075899,1.301853,-0.379809,0.000000,0.000000,0.000000
0.000000,-27.075899,1.301853,-0.381150,0.000000,0.000000,0.000000
0.000000,-27.140314,1.301853,-0.381821,0.000000,0.000000,0.000000
0.000000,-27.140314,1.301853,-0.383163,0.000000,0.000000,0.000000
0.000000,-27.236883,1.301853,-0.383834,0.000000,0.000000,0.000000
0.000000,-27.301279,1.301853,-0.385080,0.000000,0.000000,0.000000
0.000000,-27.301279,1.301853,-0.385654,0.000000,0.000000,0.000000
0.000000,-27.397781,1.301853,-0.386900,0.000000,0.000000,0.000000
0.000000,-27.397781,1.301853,-0.387475,0.000000,0.000000,0.000000
0.000000,-27.462368,1.301853,-0.388529,0.000000,0.000000,0.000000
0.000000,-27.559713,1.301853,-0.389008,0.000000,0.000000,0.000000
0.000000,-27.559713,1.301853,-0.390062,0.000000,0.000000,0.000000
0.000000,-27.624559,1.301853,-0.390542,0.000000,0.000000,0.000000
0.000000,-27.624559,1.301853,-0.391404,0.000000,0.000000,0.000000
0.000000,-27.721073,1.301853,-0.391979,0.000000,0.000000,0.000000
0.000000,-27.785713,1.301853,-0.393225,0.000000,0.000000,0.000000
0.000000,-27.785713,1.301853,-0.393704,0.000000,0.000000,0.000000
0.000000,-27.882397,1.301853,-0.395045,0.000000,0.000000,0.000000
0.000000,-27.882397,1.301853,-0.395716,0.000000,0.000000,0.000000
0.000000,-27.946785,1.301853,-0.396866,0.000000,0.000000,0.000000
0.000000,-28.042515,1.301853,-0.397537,0.000000,0.000000,0.000000
0.000000,-28.042515,1.301853,-0.398879,0.000000,0.000000,0.000000
0.000000,-28.106327,1.301853,-0.399454,0.000000,0.000000,0.000000
0.000000,-28.106327,1.301853,-0.400604,0.000000,0.000000,0.000000
0.000000,-28.202154,1.301853,-0.401274,0.000000,0.000000,0.000000
0.000000,-28.266624,1.301853,-0.402328,0.000000,0.000000,0.000000
0.000000,-28.266624,1.301853,-0.402903,0.000000,0.000000,0.000000
0.000000,-28.364000,1.301853,-0.404149,0.000000,0.000000,0.000000
0.000000,-28.364000,1.301853,-0.404628,0.000000,0.000000,0.000000
0.000000,-28.429068,1.301853,-0.405682,0.000000,0.000000,0.000000
0.000000,-28.526297,1.301853,-0.406257,0.000000,0.000000,0.000000
0.000000,-28.526297,1.301853,-0.407215,0.000000,0.000000,0.000000
0.000000,-28.591688,1.301853,-0.407599,0.000000,0.000000,0.000000
0.000000,-28.591688,1.301853,-0.408557,0.000000,0.000000,0.000000
0.000000,-28.690411,1.301853,-0.409132,0.000000,0.000000,0.000000
0.000000,-28.757761,1.301853,-0.410186,0.000000,0.000000,0.000000
0.000000,-28.757761,1.301853,-0.410761,0.000000,0.000000,0.000000
0.000000,-28.859253,1.301853,-0.412102,0.000000,0.000000,0.000000
0.000000,-28.859253,1.301853,-0.412677,0.000000,0.000000,0.000000
0.000000,-28.927166,1.301853,-0.413923,0.000000,0.000000,0.000000
0.000000,-29.028496,1.301853,-0.414690,0.000000,0.000000,0.000000
0.000000,-29.028496,1.301853,-0.416032,0.000000,0.000000,0.000000
0.000000,-29.096886,1.301853,-0.416702,0.000000,0.000000,0.000000
0.000000,-29.096886,1.301853,-0.417948,0.000000,0.000000,0.000000
0.000000,-29.200480,1.301853,-0.418427,0.000000,0.000000,0.000000
0.000000,-29.270838,1.301853,-0.419385,0.000000,0.000000,0.000000
0.000000,-29.270838,1.301853,-0.420056,0.000000,0.000000,0.000000
0.000000,-29.377102,1.301853,-0.421206,0.000000,0.000000,0.000000
0.000000,-29.377102,1.301853,-0.421685,0.000000,0.000000,0.000000
0.000000,-29.449409,1.301853,-0.422835,0.000000,0.000000,0.000000
0.000000,-29.558559,1.301853,-0.423410,0.000000,0.000000,0.000000
0.000000,-29.558559,1.301853,-0.424368,0.000000,0.000000,0.000000
0.000000,-29.632107,1.301853,-0.424943,0.000000,0.000000,0.000000
0.000000,-29.632107,1.301853,-0.426381,0.000000,0.000000,0.000000
0.000000,-29.742290,1.301853,-0.427051,0.000000,0.000000,0.000000
0.000000,-29.816830,1.301853,-0.428393,0.000000,0.000000,0.000000
0.000000,-29.816830,1.301853,-0.429160,0.000000,0.000000,0.000000
0.000000,-29.929083,1.301853,-0.430501,0.000000,0.000000,0.000000
0.000000,-29.929083,1.301853,-0.431364,0.000000,0.000000,0.000000
0.000000,-30.004660,1.301853,-0.432801,0.000000,0.000000,0.000000
0.000000,-30.118109,1.301853,-0.433568,0.000000,0.000000,0.000000
0.000000,-30.118109,1.301853,-0.435005,0.000000,0.000000,0.000000
0.000000,-30.194422,1.301853,-0.435580,0.000000,0.000000,0.000000
0.000000,-30.194422,1.301853,-0.436922,0.000000,0.000000,0.000000
0.000000,-30.309624,1.301853,-0.437593,0.000000,0.000000,0.000000
0.000000,-30.387823,1.301853,-0.438742,0.000000,0.000000,0.000000
0.000000,-30.387823,1.301853,-0.439413,0.000000,0.000000,0.000000
0.000000,-30.505783,1.301853,-0.440563,0.000000,0.000000,0.000000
0.000000,-30.505783,1.301853,-0.441042,0.000000,0.000000,0.000000
0.000000,-30.585373,1.301853,-0.442288,0.000000,0.000000,0.000000
0.000000,-30.704823,1.301853,-0.442959,0.000000,0.000000,0.000000
0.000000,-30.704823,1.301853,-0.444300,0.000000,0.000000,0.000000
0.000000,-30.785629,1.301853,-0.445067,0.000000,0.000000,0.000000
0.000000,-30.785629,1.301853,-0.446600,0.000000,0.000000,0.000000
0.000000,-30.906179,1.301853,-0.447367,0.000000,0.000000,0.000000
0.000000,-30.986975,1.301853,-0.448996,0.000000,0.000000,0.000000
0.000000,-30.986975,1.301853,-0.449667,0.000000,0.000000,0.000000
0.000000,-31.107712,1.301853,-0.451296,0.000000,0.000000,0.000000
0.000000,-31.107712,1.301853,-0.451871,0.000000,0.000000,0.000000
0.000000,-31.189383,1.301853,-0.453212,0.000000,0.000000,0.000000
0.000000,-31.312616,1.301853,-0.453979,0.000000,0.000000,0.000000
0.000000,-31.312616,1.301853,-0.455129,0.000000,0.000000,0.000000
0.000000,-31.396532,1.301853,-0.455800,0.000000,0.000000,0.000000
0.000000,-31.396532,1.301853,-0.456949,0.000000,0.000000,0.000000
0.000000,-31.521965,1.301853,-0.457524,0.000000,0.000000,0.000000
0.000000,-31.606291,1.301853,-0.458770,0.000000,0.000000,0.000000
0.000000,-31.606291,1.301853,-0.459537,0.000000,0.000000,0.000000
0.000000,-31.732868,1.301853,-0.461070,0.000000,0.000000,0.000000
0.000000,-31.732868,1.301853,-0.461837,0.000000,0.000000,0.000000
0.000000,-31.818201,1.301853,-0.463370,0.000000,0.000000,0.000000
0.000000,-31.944511,1.301853,-0.464232,0.000000,0.000000,0.000000
0.000000,-31.944511,1.301853,-0.465957,0.000000,0.000000,0.000000
0.000000,-32.029980,1.301853,-0.466724,0.000000,0.000000,0.000000
0.000000,-32.029980,1.301853,-0.468353,0.000000,0.000000,0.000000
0.000000,-32.159004,1.301853,-0.469023,0.000000,0.000000,0.000000
0.000000,-32.247433,1.301853,-0.470653,0.000000,0.000000,0.000000
0.000000,-32.247433,1.301853,-0.471323,0.000000,0.000000,0.000000
0.000000,-32.382126,1.301853,-0.472761,0.000000,0.000000,0.000000
0.000000,-32.382126,1.301853,-0.473432,0.000000,0.000000,0.000000
0.000000,-32.474663,1.301853,-0.474677,0.000000,0.000000,0.000000
0.000000,-32.613304,1.301853,-0.475444,0.000000,0.000000,0.000000
0.000000,-32.613304,1.301853,-0.476786,0.000000,0.000000,0.000000
0.000000,-32.706699,1.301853,-0.477552,0.000000,0.000000,0.000000
0.000000,-32.706699,1.301853,-0.479181,0.000000,0.000000,0.000000
0.000000,-32.847179,1.301853,-0.479948,0.000000,0.000000,0.000000
0.000000,-32.941967,1.301853,-0.481673,0.000000,0.000000,0.000000
0.000000,-32.941967,1.301853,-0.482535,0.000000,0.000000,0.000000
0.000000,-33.083195,1.301853,-0.484356,0.000000,0.000000,0.000000
0.000000,-33.083195,1.301853,-0.485122,0.000000,0.000000,0.000000
0.000000,-33.177975,1.301853,-0.486656,0.000000,0.000000,0.000000
0.000000,-33.318951,1.301853,-0.487422,0.000000,0.000000,0.000000
0.000000,-33.318951,1.301853,-0.488955,0.000000,0.000000,0.000000
0.000000,-33.413574,1.301853,-0.489722,0.000000,0.000000,0.000000
0.000000,-33.413574,1.301853,-0.491064,0.000000,0.000000,0.000000
0.000000,-33.556042,1.301853,-0.491830,0.000000,0.000000,0.000000
0.000000,-33.651527,1.301853,-0.493459,0.000000,0.000000,0.000000
0.000000,-33.651527,1.301853,-0.494226,0.000000,0.000000,0.000000
0.000000,-33.793003,1.301853,-0.495855,0.000000,0.000000,0.000000
0.000000,-33.793003,1.301853,-0.496622,0.000000,0.000000,0.000000
0.000000,-33.886517,1.301853,-0.498347,0.000000,0.000000,0.000000
0.000000,-34.025181,1.301853,-0.499209,0.000000,0.000000,0.000000
0.000000,-34.025181,1.301853,-0.500934,0.000000,0.000000,0.000000
0.000000,-34.117279,1.301853,-0.501700,0.000000,0.000000,0.000000
0.000000,-34.117279,1.301853,-0.503425,0.000000,0.000000,0.000000
0.000000,-34.255203,1.301853,-0.504288,0.000000,0.000000,0.000000
0.000000,-34.347565,1.301853,-0.505821,0.000000,0.000000,0.000000
0.000000,-34.347565,1.301853,-0.506588,0.000000,0.000000,0.000000
0.000000,-34.485996,1.301853,-0.507929,0.000000,0.000000,0.000000
0.000000,-34.485996,1.301853,-0.508696,0.000000,0.000000,0.000000
0.000000,-34.578842,1.301853,-0.510229,0.000000,0.000000,0.000000
0.000000,-34.717529,1.301853,-0.511091,0.000000,0.000000,0.000000
0.000000,-34.717529,1.301853,-0.512721,0.000000,0.000000,0.000000
0.000000,-34.809978,1.301853,-0.513487,0.000000,0.000000,0.000000
0.000000,-34.809978,1.301853,-0.515212,0.000000,0.000000,0.000000
0.000000,-34.946911,1.301853,-0.516074,0.000000,0.000000,0.000000
0.000000,-35.036972,1.301853,-0.517608,0.000000,0.000000,0.000000
0.000000,-35.036972,1.301853,-0.518374,0.000000,0.000000,0.000000
0.000000,-35.171150,1.301853,-0.519907,0.000000,0.000000,0.000000
0.000000,-35.171150,1.301853,-0.520674,0.000000,0.000000,0.000000
0.000000,-35.260895,1.301853,-0.522207,0.000000,0.000000,0.000000
0.000000,-35.395168,1.301853,-0.522974,0.000000,0.000000,0.000000
0.000000,-35.395168,1.301853,-0.524316,0.000000,0.000000,0.000000
0.000000,-35.485443,1.301853,-0.525082,0.000000,0.000000,0.000000
0.000000,-35.485443,1.301853,-0.526615,0.000000,0.000000,0.000000
0.000000,-35.620087,1.301853,-0.527478,0.000000,0.000000,0.000000
0.000000,-35.709747,1.301853,-0.529107,0.000000,0.000000,0.000000
0.000000,-35.709747,1.301853,-0.529874,0.000000,0.000000,0.000000
0.000000,-35.842857,1.301853,-0.531694,0.000000,0.000000,0.000000
0.000000,-35.842857,1.301853,-0.532461,0.000000,0.000000,0.000000
0.000000,-35.930931,1.301853,-0.534186,0.000000,0.000000,0.000000
0.000000,-36.061543,1.301853,-0.534857,0.000000,0.000000,0.000000
0.000000,-36.061543,1.301853,-0.536390,0.000000,0.000000,0.000000
0.000000,-36.148628,1.301853,-0.537156,0.000000,0.000000,0.000000
0.000000,-36.148628,1.301853,-0.538690,0.000000,0.000000,0.000000
0.000000,-36.278439,1.301853,-0.539456,0.000000,0.000000,0.000000
0.000000,-36.365192,1.301853,-0.540798,0.000000,0.000000,0.000000
0.000000,-36.365192,1.301853,-0.541469,0.000000,0.000000,0.000000
0.000000,-36.493538,1.301853,-0.543098,0.000000,0.000000,0.000000
0.000000,-36.493538,1.301853,-0.543768,0.000000,0.000000,0.000000
0.000000,-36.578793,1.301853,-0.545398,0.000000,0.000000,0.000000
0.000000,-36.705273,1.301853,-0.546164,0.000000,0.000000,0.000000
0.000000,-36.705273,1.301853,-0.547793,0.000000,0.000000,0.000000
0.000000,-36.788891,1.301853,-0.548656,0.000000,0.000000,0.000000
0.000000,-36.788891,1.301853,-0.550285,0.000000,0.000000,0.000000
0.000000,-36.912964,1.301853,-0.551051,0.000000,0.000000,0.000000
0.000000,-36.995773,1.301853,-0.552393,0.000000,0.000000,0.000000
0.000000,-36.995773,1.301853,-0.553159,0.000000,0.000000,0.000000
0.000000,-37.118572,1.301853,-0.554405,0.000000,0.000000,0.000000
0.000000,-37.118572,1.301853,-0.555076,0.000000,0.000000,0.000000
0.000000,-37.201286,1.301853,-0.556418,0.000000,0.000000,0.000000
0.000000,-37.326420,1.301949,-0.556993,0.000000,0.000000,0.000000
0.000000,-37.326420,1.301949,-0.558334,0.000000,0.000000,0.000000
0.000000,-37.411022,1.301949,-0.559005,0.000000,0.000000,0.000000
0.000000,-37.411022,1.301949,-0.560442,0.000000,0.000000,0.000000
0.000000,-37.537823,1.301949,-0.561305,0.000000,0.000000,0.000000
0.000000,-37.622662,1.301949,-0.562838,0.000000,0.000000,0.000000
0.000000,-37.622662,1.301949,-0.563605,0.000000,0.000000,0.000000
0.000000,-37.747620,1.301949,-0.565329,0.000000,0.000000,0.000000
0.000000,-37.747620,1.302045,-0.566096,0.000000,0.000000,0.000000
0.000000,-37.831120,1.302045,-0.567629,0.000000,0.000000,0.000000
0.000000,-37.957050,1.302045,-0.568300,0.000000,0.000000,0.000000
0.000000,-37.957050,1.302045,-0.569833,0.000000,0.000000,0.000000
0.000000,-38.041355,1.302140,-0.570600,0.000000,0.000000,0.000000
0.000000,-38.041355,1.302140,-0.571942,0.000000,0.000000,0.000000
0.000000,-38.166939,1.302140,-0.572708,0.000000,0.000000,0.000000
0.000000,-38.250301,1.302140,-0.573762,0.000000,0.000000,0.000000
0.000000,-38.250301,1.302140,-0.574337,0.000000,0.000000,0.000000
0.000000,-38.373631,1.302140,-0.575774,0.000000,0.000000,0.000000
0.000000,-38.373631,1.302140,-0.576445,0.000000,0.000000,0.000000
0.000000,-38.455128,1.302140,-0.577979,0.000000,0.000000,0.000000
0.000000,-38.577885,1.302140,-0.578745,0.000000,0.000000,0.000000
0.000000,-38.577885,1.302140,-0.580278,0.000000,0.000000,0.000000
0.000000,-38.658474,1.302236,-0.581141,0.000000,0.000000,0.000000
0.000000,-38.658474,1.302236,-0.582770,0.000000,0.000000,0.000000
0.000000,-38.773014,1.302236,-0.583536,0.000000,0.000000,0.000000
0.000000,-38.847725,1.302236,-0.584878,0.000000,0.000000,0.000000
0.000000,-38.847725,1.302332,-0.585549,0.000000,0.000000,0.000000
0.000000,-38.960167,1.302332,-0.586986,0.000000,0.000000,0.000000
0.000000,-38.960167,1.302332,-0.587561,0.000000,0.000000,0.000000
0.000000,-39.035454,1.302332,-0.588615,0.000000,0.000000,0.000000
0.000000,-39.149395,1.302428,-0.589286,0.000000,0.000000,0.000000
0.000000,-39.149395,1.302428,-0.590340,0.000000,0.000000,0.000000
0.000000,-39.224236,1.302428,-0.590819,0.000000,0.000000,0.000000
0.000000,-39.224236,1.302428,-0.591969,0.000000,0.000000,0.000000
0.000000,-39.333054,1.302428,-0.592544,0.000000,0.000000,0.000000
0.000000,-39.403316,1.302428,-0.593694,0.000000,0.000000,0.000000
0.000000,-39.403316,1.302428,-0.594365,0.000000,0.000000,0.000000
0.000000,-39.505733,1.302524,-0.595706,0.000000,0.000000,0.000000
0.000000,-39.505733,1.302524,-0.596281,0.000000,0.000000,0.000000
0.000000,-39.570522,1.302524,-0.597719,0.000000,0.000000,0.000000
0.000000,-39.665443,1.302620,-0.598389,0.000000,0.000000,0.000000
0.000000,-39.665443,1.302620,-0.599731,0.000000,0.000000,0.000000
0.000000,-39.727997,1.302716,-0.600402,0.000000,0.000000,0.000000
0.000000,-39.727997,1.302716,-0.601648,0.000000,0.000000,0.000000
0.000000,-39.822365,1.302811,-0.602223,0.000000,0.000000,0.000000
0.000000,-39.885086,1.302811,-0.603468,0.000000,0.000000,0.000000
0.000000,-39.885086,1.302907,-0.604043,0.000000,0.000000,0.000000
0.000000,-39.976997,1.303003,-0.605098,0.000000,0.000000,0.000000
0.000000,-39.976997,1.303099,-0.605577,0.000000,0.000000,0.000000
0.000000,-40.037956,1.303099,-0.606631,0.000000,0.000000,0.000000
0.000000,-40.131123,1.303195,-0.606918,0.000000,0.000000,0.000000
0.000000,-40.131123,1.303291,-0.607781,0.000000,0.000000,0.000000
0.000000,-40.188595,1.303386,-0.608356,0.000000,0.000000,0.000000
0.000000,-40.188595,1.303482,-0.609410,0.000000,0.000000,0.000000
0.000000,-40.271416,1.303578,-0.609889,0.000000,0.000000,0.000000
0.000000,-40.329056,1.303674,-0.610943,0.000000,0.000000,0.000000
0.000000,-40.329056,1.303961,-0.611518,0.000000,0.000000,0.000000
0.000000,-40.410484,1.304057,-0.612476,0.000000,0.000000,0.000000
0.000000,-40.410484,1.304249,-0.612955,0.000000,0.000000,0.000000
0.000000,-40.461220,1.304344,-0.614201,0.000000,0.000000,0.000000
0.000000,-40.539619,1.304536,-0.614776,0.000000,0.000000,0.000000
0.000000,-40.539619,1.304536,-0.615926,0.000000,0.000000,0.000000
0.000000,-40.591797,1.304728,-0.616501,0.000000,0.000000,0.000000
0.000000,-40.591797,1.304824,-0.617555,0.000000,0.000000,0.000000
0.000000,-40.667614,1.304919,-0.618034,0.000000,0.000000,0.000000
0.000000,-40.716892,1.304919,-0.618896,0.000000,0.000000,0.000000
0.000000,-40.716892,1.305015,-0.619472,0.000000,0.000000,0.000000
0.000000,-40.790424,1.305111,-0.620430,0.000000,0.000000,0.000000
0.000000,-40.790424,1.305207,-0.620813,0.000000,0.000000,0.000000
0.000000,-40.840599,1.305303,-0.621484,0.000000,0.000000,0.000000
0.000000,-40.915180,1.305399,-0.621867,0.000000,0.000000,0.000000
0.000000,-40.915180,1.305399,-0.622730,0.000000,0.000000,0.000000
0.000000,-40.963444,1.305495,-0.623017,0.000000,0.000000,0.000000
0.000000,-40.963444,1.305495,-0.623592,0.000000,0.000000,0.000000
0.000000,-41.035328,1.305590,-0.623879,0.000000,0.000000,0.000000
0.000000,-41.083447,1.305686,-0.624742,0.000000,0.000000,0.000000
0.000000,-41.083447,1.305782,-0.625317,0.000000,0.000000,0.000000
0.000000,-41.156010,1.305878,-0.626179,0.000000,0.000000,0.000000
0.000000,-41.156010,1.306069,-0.626658,0.000000,0.000000,0.000000
0.000000,-41.205750,1.306165,-0.627617,0.000000,0.000000,0.000000
0.000000,-41.280178,1.306357,-0.628192,0.000000,0.000000,0.000000
0.000000,-41.280178,1.306453,-0.629150,0.000000,0.000000,0.000000
0.000000,-41.330406,1.306740,-0.629629,0.000000,0.000000,0.000000
0.000000,-41.330406,1.306836,-0.630683,0.000000,0.000000,0.000000
0.000000,-41.408726,1.307028,-0.631258,0.000000,0.000000,0.000000
0.000000,-41.464672,1.307123,-0.632120,0.000000,0.000000,0.000000
0.000000,-41.464672,1.307219,-0.632696,0.000000,0.000000,0.000000
0.000000,-41.551178,1.307315,-0.633750,0.000000,0.000000,0.000000
0.000000,-41.551178,1.307315,-0.634229,0.000000,0.000000,0.000000
0.000000,-41.610195,1.307411,-0.635091,0.000000,0.000000,0.000000
0.000000,-41.700787,1.307411,-0.635570,0.000000,0.000000,0.000000
0.000000,-41.700787,1.307507,-0.636625,0.000000,0.000000,0.000000
0.000000,-41.763165,1.307603,-0.637199,0.000000,0.000000,0.000000
0.000000,-41.763165,1.307603,-0.637966,0.000000,0.000000,0.000000
0.000000,-41.856148,1.307698,-0.638445,0.000000,0.000000,0.000000
0.000000,-41.917885,1.307698,-0.639403,0.000000,0.000000,0.000000
0.000000,-41.917885,1.307794,-0.639787,0.000000,0.000000,0.000000
0.000000,-42.010258,1.307794,-0.640457,0.000000,0.000000,0.000000
0.000000,-42.010258,1.307794,-0.640745,0.000000,0.000000,0.000000
0.000000,-42.071297,1.307794,-0.641799,0.000000,0.000000,0.000000
0.000000,-42.161453,1.307890,-0.642278,0.000000,0.000000,0.000000
0.000000,-42.161453,1.307890,-0.643236,0.000000,0.000000,0.000000
0.000000,-42.219543,1.307890,-0.643716,0.000000,0.000000,0.000000
0.000000,-42.219543,1.307890,-0.644866,0.000000,0.000000,0.000000
0.000000,-42.303452,1.307890,-0.645344,0.000000,0.000000,0.000000
0.000000,-42.356827,1.307890,-0.646399,0.000000,0.000000,0.000000
0.000000,-42.356827,1.307890,-0.646974,0.000000,0.000000,0.000000
0.000000,-42.435658,1.307890,-0.648220,0.000000,0.000000,0.000000
0.000000,-42.435658,1.307890,-0.648603,0.000000,0.000000,0.000000
0.000000,-42.486645,1.307890,-0.649657,0.000000,0.000000,0.000000
0.000000,-42.562500,1.307890,-0.650232,0.000000,0.000000,0.000000
0.000000,-42.562500,1.307890,-0.650999,0.000000,0.000000,0.000000
0.000000,-42.613033,1.307890,-0.651382,0.000000,0.000000,0.000000
0.000000,-42.613033,1.307890,-0.652148,0.000000,0.000000,0.000000
0.000000,-42.690853,1.307890,-0.652723,0.000000,0.000000,0.000000
0.000000,-42.744831,1.307890,-0.653682,0.000000,0.000000,0.000000
0.000000,-42.744831,1.307890,-0.654065,0.000000,0.000000,0.000000
0.000000,-42.829258,1.307890,-0.654927,0.000000,0.000000,0.000000
0.000000,-42.829258,1.307890,-0.655406,0.000000,0.000000,0.000000
0.000000,-42.887428,1.307890,-0.656269,0.000000,0.000000,0.000000
0.000000,-42.974319,1.307890,-0.656652,0.000000,0.000000,0.000000
0.000000,-42.974319,1.307890,-0.657515,0.000000,0.000000,0.000000
0.000000,-43.032322,1.307890,-0.657994,0.000000,0.000000,0.000000
0.000000,-43.032322,1.307890,-0.659240,0.000000,0.000000,0.000000
0.000000,-43.120209,1.307890,-0.659719,0.000000,0.000000,0.000000
0.000000,-43.179665,1.307890,-0.660868,0.000000,0.000000,0.000000
0.000000,-43.179665,1.307890,-0.661539,0.000000,0.000000,0.000000
0.000000,-43.269150,1.307890,-0.662689,0.000000,0.000000,0.000000
0.000000,-43.269150,1.307890,-0.663168,0.000000,0.000000,0.000000
0.000000,-43.328121,1.307890,-0.664510,0.000000,0.000000,0.000000
0.000000,-43.415886,1.307890,-0.665085,0.000000,0.000000,0.000000
0.000000,-43.415886,1.307890,-0.666331,0.000000,0.000000,0.000000
0.000000,-43.475029,1.307890,-0.667001,0.000000,0.000000,0.000000
0.000000,-43.475029,1.307890,-0.668056,0.000000,0.000000,0.000000
0.000000,-43.565380,1.307890,-0.668631,0.000000,0.000000,0.000000
0.000000,-43.628223,1.307890,-0.669780,0.000000,0.000000,0.000000
0.000000,-43.628223,1.307890,-0.670355,0.000000,0.000000,0.000000
0.000000,-43.725719,1.307890,-0.671218,0.000000,0.000000,0.000000
0.000000,-43.725719,1.307890,-0.671697,0.000000,0.000000,0.000000
0.000000,-43.793190,1.307890,-0.672751,0.000000,0.000000,0.000000
0.000000,-43.895599,1.307890,-0.673134,0.000000,0.000000,0.000000
0.000000,-43.895599,1.307890,-0.673901,0.000000,0.000000,0.000000
0.000000,-43.964432,1.307890,-0.674380,0.000000,0.000000,0.000000
0.000000,-43.964432,1.307890,-0.675530,0.000000,0.000000,0.000000
0.000000,-44.067986,1.307890,-0.676105,0.000000,0.000000,0.000000
0.000000,-44.136944,1.307890,-0.677255,0.000000,0.000000,0.000000
0.000000,-44.136944,1.307890,-0.677926,0.000000,0.000000,0.000000
0.000000,-44.238628,1.307890,-0.679267,0.000000,0.000000,0.000000
0.000000,-44.238628,1.307890,-0.679938,0.000000,0.000000,0.000000
0.000000,-44.306217,1.307890,-0.681376,0.000000,0.000000,0.000000
0.000000,-44.406719,1.307890,-0.682046,0.000000,0.000000,0.000000
0.000000,-44.406719,1.307890,-0.683388,0.000000,0.000000,0.000000
0.000000,-44.472664,1.307890,-0.683963,0.000000,0.000000,0.000000
0.000000,-44.472664,1.307890,-0.684921,0.000000,0.000000,0.000000
0.000000,-44.570526,1.307890,-0.685496,0.000000,0.000000,0.000000
0.000000,-44.635342,1.307890,-0.686550,0.000000,0.000000,0.000000
0.000000,-44.635342,1.307890,-0.687029,0.000000,0.000000,0.000000
0.000000,-44.730034,1.307890,-0.687892,0.000000,0.000000,0.000000
0.000000,-44.730034,1.307890,-0.688371,0.000000,0.000000,0.000000
0.000000,-44.791603,1.307890,-0.689233,0.000000,0.000000,0.000000
0.000000,-44.884232,1.307890,-0.689521,0.000000,0.000000,0.000000
0.000000,-44.884232,1.307890,-0.690096,0.000000,0.000000,0.000000
0.000000,-44.947510,1.307890,-0.690479,0.000000,0.000000,0.000000
0.000000,-44.947510,1.307890,-0.691533,0.000000,0.000000,0.000000
0.000000,-45.037563,1.307890,-0.692108,0.000000,0.000000,0.000000
0.000000,-45.092426,1.307890,-0.693162,0.000000,0.000000,0.000000
0.000000,-45.092426,1.307890,-0.693737,0.000000,0.000000,0.000000
0.000000,-45.172192,1.307890,-0.694983,0.000000,0.000000,0.000000
0.000000,-45.172192,1.307890,-0.695462,0.000000,0.000000,0.000000
0.000000,-45.223881,1.307890,-0.696612,0.000000,0.000000,0.000000
0.000000,-45.301052,1.307890,-0.697283,0.000000,0.000000,0.000000
0.000000,-45.301052,1.307890,-0.698433,0.000000,0.000000,0.000000
0.000000,-45.351254,1.307986,-0.698912,0.000000,0.000000,0.000000
0.000000,-45.351254,1.307986,-0.699966,0.000000,0.000000,0.000000
0.000000,-45.424362,1.307986,-0.700541,0.000000,0.000000,0.000000
0.000000,-45.476788,1.307986,-0.701212,0.000000,0.000000,0.000000
0.000000,-45.476788,1.307986,-0.701691,0.000000,0.000000,0.000000
0.000000,-45.559021,1.307986,-0.702745,0.000000,0.000000,0.000000
0.000000,-45.559021,1.307986,-0.703224,0.000000,0.000000,0.000000
0.000000,-45.608540,1.307986,-0.703990,0.000000,0.000000,0.000000
0.000000,-45.681961,1.308082,-0.704278,0.000000,0.000000,0.000000
0.000000,-45.681961,1.308082,-0.705045,0.000000,0.000000,0.000000
0.000000,-45.736481,1.308082,-0.705524,0.000000,0.000000,0.000000
0.000000,-45.736481,1.308178,-0.706290,0.000000,0.000000,0.000000
0.000000,-45.817295,1.308178,-0.706578,0.000000,0.000000,0.000000
0.000000,-45.867821,1.308178,-0.707057,0.000000,0.000000,0.000000
0.000000,-45.867821,1.308178,-0.707440,0.000000,0.000000,0.000000
0.000000,-45.946373,1.308178,-0.708303,0.000000,0.000000,0.000000
0.000000,-45.946373,1.308274,-0.708686,0.000000,0.000000,0.000000
0.000000,-46.000988,1.308274,-0.709453,0.000000,0.000000,0.000000
0.000000,-46.080921,1.308274,-0.709836,0.000000,0.000000,0.000000
0.000000,-46.080921,1.308369,-0.710794,0.000000,0.000000,0.000000
0.000000,-46.132034,1.308369,-0.711369,0.000000,0.000000,0.000000
0.000000,-46.132034,1.308369,-0.712327,0.000000,0.000000,0.000000
0.000000,-46.209614,1.308465,-0.712903,0.000000,0.000000,0.000000
0.000000,-46.262249,1.308465,-0.714052,0.000000,0.000000,0.000000
0.000000,-46.262249,1.308561,-0.714627,0.000000,0.000000,0.000000
0.000000,-46.340313,1.308561,-0.715777,0.000000,0.000000,0.000000
0.000000,-46.340313,1.308656,-0.716352,0.000000,0.000000,0.000000
0.000000,-46.392010,1.308656,-0.717406,0.000000,0.000000,0.000000
0.000000,-46.469471,1.308656,-0.717790,0.000000,0.000000,0.000000
0.000000,-46.469471,1.308656,-0.718652,0.000000,0.000000,0.000000
0.000000,-46.521687,1.308752,-0.719227,0.000000,0.000000,0.000000
0.000000,-46.521687,1.308752,-0.720185,0.000000,0.000000,0.000000
0.000000,-46.600254,1.308752,-0.720569,0.000000,0.000000,0.000000
0.000000,-46.651878,1.308752,-0.721431,0.000000,0.000000,0.000000
0.000000,-46.651878,1.308752,-0.721814,0.000000,0.000000,0.000000
0.000000,-46.729275,1.308752,-0.722677,0.000000,0.000000,0.000000
0.000000,-46.729275,1.308848,-0.722868,0.000000,0.000000,0.000000
0.000000,-46.781471,1.308848,-0.723443,0.000000,0.000000,0.000000
0.000000,-46.859341,1.308848,-0.723731,0.000000,0.000000,0.000000
0.000000,-46.859341,1.308848,-0.724593,0.000000,0.000000,0.000000
0.000000,-46.911358,1.308848,-0.725168,0.000000,0.000000,0.000000
0.000000,-46.911358,1.308848,-0.726031,0.000000,0.000000,0.000000
0.000000,-46.990635,1.308848,-0.726414,0.000000,0.000000,0.000000
0.000000,-47.042641,1.308848,-0.727277,0.000000,0.000000,0.000000
0.000000,-47.042641,1.308944,-0.727756,0.000000,0.000000,0.000000
0.000000,-47.118332,1.308944,-0.728618,0.000000,0.000000,0.000000
0.000000,-47.118332,1.308944,-0.728906,0.000000,0.000000,0.000000
0.000000,-47.168343,1.308944,-0.729864,0.000000,0.000000,0.000000
0.000000,-47.242828,1.308944,-0.730439,0.000000,0.000000,0.000000
0.000000,-47.242828,1.308944,-0.731493,0.000000,0.000000,0.000000
0.000000,-47.292118,1.308944,-0.732068,0.000000,0.000000,0.000000
0.000000,-47.292118,1.308944,-0.733122,0.000000,0.000000,0.000000
0.000000,-47.366821,1.308944,-0.733697,0.000000,0.000000,0.000000
0.000000,-47.415527,1.308944,-0.734559,0.000000,0.000000,0.000000
0.000000,-47.415527,1.308944,-0.735038,0.000000,0.000000,0.000000
0.000000,-47.488026,1.308944,-0.736284,0.000000,0.000000,0.000000
0.000000,-47.488026,1.309040,-0.736763,0.000000,0.000000,0.000000
0.000000,-47.537132,1.309040,-0.737530,0.000000,0.000000,0.000000
0.000000,-47.610706,1.309040,-0.738009,0.000000,0.000000,0.000000
0.000000,-47.610706,1.309040,-0.738871,0.000000,0.000000,0.000000
0.000000,-47.659328,1.309040,-0.739255,0.000000,0.000000,0.000000
0.000000,-47.659328,1.309040,-0.739734,0.000000,0.000000,0.000000
0.000000,-47.733067,1.309040,-0.740021,0.000000,0.000000,0.000000
0.000000,-47.783157,1.309040,-0.740788,0.000000,0.000000,0.000000
0.000000,-47.783157,1.309136,-0.741267,0.000000,0.000000,0.000000
0.000000,-47.856232,1.309136,-0.742225,0.000000,0.000000,0.000000
0.000000,-47.856232,1.309136,-0.742513,0.000000,0.000000,0.000000
0.000000,-47.902573,1.309136,-0.743375,0.000000,0.000000,0.000000
0.000000,-47.969112,1.309232,-0.743855,0.000000,0.000000,0.000000
0.000000,-47.969112,1.309232,-0.744813,0.000000,0.000000,0.000000
0.000000,-48.011799,1.309232,-0.745196,0.000000,0.000000,0.000000
0.000000,-48.011799,1.309327,-0.746058,0.000000,0.000000,0.000000
0.000000,-48.075371,1.309327,-0.746538,0.000000,0.000000,0.000000
0.000000,-48.117039,1.309327,-0.747496,0.000000,0.000000,0.000000
0.000000,-48.117039,1.309327,-0.747975,0.000000,0.000000,0.000000
0.000000,-48.179985,1.309423,-0.748742,0.000000,0.000000,0.000000
0.000000,-48.179985,1.309423,-0.749125,0.000000,0.000000,0.000000
0.000000,-48.222454,1.309423,-0.750179,0.000000,0.000000,0.000000
0.000000,-48.284924,1.309519,-0.750562,0.000000,0.000000,0.000000
0.000000,-48.284924,1.309519,-0.751137,0.000000,0.000000,0.000000
0.000000,-48.326374,1.309519,-0.751425,0.000000,0.000000,0.000000
0.000000,-48.326374,1.309519,-0.752287,0.000000,0.000000,0.000000
0.000000,-48.388336,1.309519,-0.752766,0.000000,0.000000,0.000000
0.000000,-48.429344,1.309615,-0.753437,0.000000,0.000000,0.000000
0.000000,-48.429344,1.309615,-0.753725,0.000000,0.000000,0.000000
0.000000,-48.489140,1.309615,-0.754395,0.000000,0.000000,0.000000
0.000000,-48.489140,1.309615,-0.754683,0.000000,0.000000,0.000000
0.000000,-48.526424,1.309615,-0.755449,0.000000,0.000000,0.000000
0.000000,-48.581120,1.309711,-0.755737,0.000000,0.000000,0.000000
0.000000,-48.581120,1.309711,-0.756120,0.000000,0.000000,0.000000
0.000000,-48.616737,1.309807,-0.756216,0.000000,0.000000,0.000000
0.000000,-48.616737,1.309807,-0.756599,0.000000,0.000000,0.000000
0.000000,-48.667801,1.309807,-0.756791,0.000000,0.000000,0.000000
0.000000,-48.700287,1.309807,-0.757366,0.000000,0.000000,0.000000
0.000000,-48.700287,1.309807,-0.757845,0.000000,0.000000,0.000000
0.000000,-48.746738,1.309807,-0.758516,0.000000,0.000000,0.000000
0.000000,-48.746738,1.309807,-0.758804,0.000000,0.000000,0.000000
0.000000,-48.773273,1.309902,-0.759283,0.000000,0.000000,0.000000
0.000000,-48.808697,1.309902,-0.759570,0.000000,0.000000,0.000000
0.000000,-48.808697,1.309902,-0.760241,0.000000,0.000000,0.000000
0.000000,-48.831360,1.309998,-0.760624,0.000000,0.000000,0.000000
0.000000,-48.831360,1.309998,-0.761295,0.000000,0.000000,0.000000
0.000000,-48.865871,1.309998,-0.761582,0.000000,0.000000,0.000000
0.000000,-48.889397,1.309998,-0.761966,0.000000,0.000000,0.000000
0.000000,-48.889397,1.310094,-0.762157,0.000000,0.000000,0.000000
0.000000,-48.925983,1.310094,-0.762828,0.000000,0.000000,0.000000
0.000000,-48.925983,1.310094,-0.763307,0.000000,0.000000,0.000000
0.000000,-48.951004,1.310094,-0.764074,0.000000,0.000000,0.000000
0.000000,-48.988773,1.310094,-0.764361,0.000000,0.000000,0.000000
0.000000,-48.988773,1.310094,-0.764841,0.000000,0.000000,0.000000
0.000000,-49.013931,1.310190,-0.765128,0.000000,0.000000,0.000000
0.000000,-49.013931,1.310190,-0.765703,0.000000,0.000000,0.000000
0.000000,-49.053234,1.310190,-0.765990,0.000000,0.000000,0.000000
0.000000,-49.081997,1.310190,-0.766565,0.000000,0.000000,0.000000
0.000000,-49.081997,1.310190,-0.766757,0.000000,0.000000,0.000000
0.000000,-49.127640,1.310190,-0.766949,0.000000,0.000000,0.000000
0.000000,-49.127640,1.310286,-0.767045,0.000000,0.000000,0.000000
0.000000,-49.157791,1.310286,-0.767236,0.000000,0.000000,0.000000
0.000000,-49.203575,1.310286,-0.767332,0.000000,0.000000,0.000000
0.000000,-49.203575,1.310286,-0.767715,0.000000,0.000000,0.000000
0.000000,-49.234795,1.310286,-0.767907,0.000000,0.000000,0.000000
0.000000,-49.234795,1.310382,-0.768578,0.000000,0.000000,0.000000
0.000000,-49.279488,1.310382,-0.768961,0.000000,0.000000,0.000000
0.000000,-49.307182,1.310382,-0.769536,0.000000,0.000000,0.000000
0.000000,-49.307182,1.310382,-0.769727,0.000000,0.000000,0.000000
0.000000,-49.346909,1.310382,-0.769919,0.000000,0.000000,0.000000
0.000000,-49.346909,1.310382,-0.769919,0.000000,0.000000,0.000000
0.000000,-49.373001,1.310382,-0.770111,0.000000,0.000000,0.000000
0.000000,-49.414444,1.310382,-0.770207,0.000000,0.000000,0.000000
0.000000,-49.414444,1.310477,-0.770398,0.000000,0.000000,0.000000
0.000000,-49.444340,1.310477,-0.770686,0.000000,0.000000,0.000000
0.000000,-49.444340,1.310477,-0.771165,0.000000,0.000000,0.000000
0.000000,-49.490017,1.310477,-0.771452,0.000000,0.000000,0.000000
0.000000,-49.519611,1.310477,-0.771932,0.000000,0.000000,0.000000
0.000000,-49.519611,1.310477,-0.772123,0.000000,0.000000,0.000000
0.000000,-49.562599,1.310477,-0.772411,0.000000,0.000000,0.000000
0.000000,-49.562599,1.310477,-0.772411,0.000000,0.000000,0.000000
0.000000,-49.590076,1.310477,-0.772602,0.000000,0.000000,0.000000
0.000000,-49.630276,1.310477,-0.772698,0.000000,0.000000,0.000000
0.000000,-49.630276,1.310477,-0.772890,0.000000,0.000000,0.000000
0.000000,-49.657768,1.310477,-0.773082,0.000000,0.000000,0.000000
0.000000,-49.657768,1.310477,-0.773561,0.000000,0.000000,0.000000
0.000000,-49.702366,1.310477,-0.773944,0.000000,0.000000,0.000000
0.000000,-49.730892,1.310477,-0.774711,0.000000,0.000000,0.000000
0.000000,-49.730892,1.310477,-0.775094,0.000000,0.000000,0.000000
0.000000,-49.767834,1.310477,-0.775573,0.000000,0.000000,0.000000
0.000000,-49.767834,1.310477,-0.775765,0.000000,0.000000,0.000000
0.000000,-49.792503,1.310477,-0.776244,0.000000,0.000000,0.000000
0.000000,-49.830265,1.310477,-0.776627,0.000000,0.000000,0.000000
0.000000,-49.830265,1.310477,-0.777394,0.000000,0.000000,0.000000
0.000000,-49.854084,1.310477,-0.777777,0.000000,0.000000,0.000000
0.000000,-49.854084,1.310477,-0.778352,0.000000,0.000000,0.000000
0.000000,-49.896114,1.310477,-0.778640,0.000000,0.000000,0.000000
0.000000,-49.928856,1.310477,-0.779406,0.000000,0.000000,0.000000
0.000000,-49.928856,1.310477,-0.779885,0.000000,0.000000,0.000000
0.000000,-49.976093,1.310477,-0.780843,0.000000,0.000000,0.000000
0.000000,-49.976093,1.310477,-0.781131,0.000000,0.000000,0.000000
0.000000,-50.008682,1.310477,-0.781802,0.000000,0.000000,0.000000
0.000000,-50.064323,1.310477,-0.782185,0.000000,0.000000,0.000000
0.000000,-50.064323,1.310573,-0.783047,0.000000,0.000000,0.000000
0.000000,-50.100628,1.310573,-0.783335,0.000000,0.000000,0.000000
0.000000,-50.100628,1.310573,-0.783814,0.000000,0.000000,0.000000
0.000000,-50.155106,1.310573,-0.784006,0.000000,0.000000,0.000000
0.000000,-50.196316,1.310669,-0.784485,0.000000,0.000000,0.000000
0.000000,-50.196316,1.310669,-0.784772,0.000000,0.000000,0.000000
0.000000,-50.257576,1.310669,-0.785443,0.000000,0.000000,0.000000
0.000000,-50.257576,1.310669,-0.785826,0.000000,0.000000,0.000000
0.000000,-50.295479,1.310669,-0.786306,0.000000,0.000000,0.000000
0.000000,-50.354725,1.310765,-0.786402,0.000000,0.000000,0.000000
0.000000,-50.354725,1.310765,-0.786689,0.000000,0.000000,0.000000
0.000000,-50.394707,1.310860,-0.786785,0.000000,0.000000,0.000000
0.000000,-50.394707,1.310860,-0.787168,0.000000,0.000000,0.000000
0.000000,-50.448193,1.310956,-0.787456,0.000000,0.000000,0.000000
0.000000,-50.481575,1.310956,-0.788030,0.000000,0.000000,0.000000
0.000000,-50.481575,1.311052,-0.788318,0.000000,0.000000,0.000000
0.000000,-50.530170,1.311052,-0.788797,0.000000,0.000000,0.000000
0.000000,-50.530170,1.311148,-0.788893,0.000000,0.000000,0.000000
0.000000,-50.560295,1.311148,-0.789085,0.000000,0.000000,0.000000
0.000000,-50.601028,1.311244,-0.789085,0.000000,0.000000,0.000000
0.000000,-50.601028,1.311340,-0.789181,0.000000,0.000000,0.000000
0.000000,-50.627705,1.311435,-0.789276,0.000000,0.000000,0.000000
0.000000,-50.627705,1.311531,-0.789468,0.000000,0.000000,0.000000
0.000000,-50.669315,1.311723,-0.789660,0.000000,0.000000,0.000000
0.000000,-50.697788,1.311819,-0.789947,0.000000,0.000000,0.000000
0.000000,-50.697788,1.312011,-0.790235,0.000000,0.000000,0.000000
0.000000,-50.739902,1.312106,-0.791001,0.000000,0.000000,0.000000
0.000000,-50.739902,1.312394,-0.791289,0.000000,0.000000,0.000000
0.000000,-50.768139,1.312490,-0.791960,0.000000,0.000000,0.000000
0.000000,-50.811161,1.312681,-0.792247,0.000000,0.000000,0.000000
0.000000,-50.811161,1.312777,-0.792822,0.000000,0.000000,0.000000
0.000000,-50.840420,1.312873,-0.793205,0.000000,0.000000,0.000000
0.000000,-50.840420,1.312969,-0.794163,0.000000,0.000000,0.000000
0.000000,-50.887821,1.313065,-0.794547,0.000000,0.000000,0.000000
0.000000,-50.923584,1.313161,-0.795218,0.000000,0.000000,0.000000
0.000000,-50.923584,1.313257,-0.795601,0.000000,0.000000,0.000000
0.000000,-50.980156,1.313257,-0.796463,0.000000,0.000000,0.000000
0.000000,-50.980156,1.313352,-0.796942,0.000000,0.000000,0.000000
0.000000,-51.018780,1.313448,-0.797805,0.000000,0.000000,0.000000
0.000000,-51.081711,1.313544,-0.798092,0.000000,0.000000,0.000000
0.000000,-51.081711,1.313544,-0.798955,0.000000,0.000000,0.000000
0.000000,-51.124451,1.313640,-0.799434,0.000000,0.000000,0.000000
0.000000,-51.124451,1.313640,-0.800105,0.000000,0.000000,0.000000
0.000000,-51.184624,1.313736,-0.800392,0.000000,0.000000,0.000000
0.000000,-51.228119,1.313736,-0.800871,0.000000,0.000000,0.000000
0.000000,-51.228119,1.313832,-0.801255,0.000000,0.000000,0.000000
0.000000,-51.299835,1.313927,-0.802021,0.000000,0.000000,0.000000
0.000000,-51.299835,1.314023,-0.802500,0.000000,0.000000,0.000000
0.000000,-51.348347,1.314023,-0.803171,0.000000,0.000000,0.000000
0.000000,-51.423969,1.314215,-0.803458,0.000000,0.000000,0.000000
0.000000,-51.423969,1.314215,-0.803938,0.000000,0.000000,0.000000
0.000000,-51.474548,1.314311,-0.804225,0.000000,0.000000,0.000000
0.000000,-51.474548,1.314311,-0.804800,0.000000,0.000000,0.000000
0.000000,-51.548969,1.314407,-0.805088,0.000000,0.000000,0.000000
0.000000,-51.598629,1.314502,-0.805471,0.000000,0.000000,0.000000
0.000000,-51.598629,1.314598,-0.805663,0.000000,0.000000,0.000000
0.000000,-51.672703,1.314694,-0.805950,0.000000,0.000000,0.000000
0.000000,-51.672703,1.314790,-0.806046,0.000000,0.000000,0.000000
0.000000,-51.718864,1.314790,-0.806429,0.000000,0.000000,0.000000
0.000000,-51.783730,1.314886,-0.806717,0.000000,0.000000,0.000000
0.000000,-51.783730,1.314886,-0.807483,0.000000,0.000000,0.000000
0.000000,-51.824219,1.314982,-0.807963,0.000000,0.000000,0.000000
0.000000,-51.824219,1.315078,-0.808729,0.000000,0.000000,0.000000
0.000000,-51.882584,1.315173,-0.809113,0.000000,0.000000,0.000000
0.000000,-51.917477,1.315173,-0.809783,0.000000,0.000000,0.000000
0.000000,-51.917477,1.315269,-0.810262,0.000000,0.000000,0.000000
0.000000,-51.965076,1.315365,-0.811221,0.000000,0.000000,0.000000
0.000000,-51.965076,1.315461,-0.811604,0.000000,0.000000,0.000000
0.000000,-51.997231,1.315461,-0.812562,0.000000,0.000000,0.000000
0.000000,-52.043907,1.315556,-0.813041,0.000000,0.000000,0.000000
0.000000,-52.043907,1.315556,-0.814095,0.000000,0.000000,0.000000
0.000000,-52.075291,1.315556,-0.814574,0.000000,0.000000,0.000000
0.000000,-52.075291,1.315556,-0.815437,0.000000,0.000000,0.000000
0.000000,-52.128529,1.315556,-0.815916,0.000000,0.000000,0.000000
0.000000,-52.165092,1.315652,-0.816778,0.000000,0.000000,0.000000
0.000000,-52.165092,1.315652,-0.817066,0.000000,0.000000,0.000000
0.000000,-52.218933,1.315652,-0.817641,0.000000,0.000000,0.000000
0.000000,-52.218933,1.315652,-0.818024,0.000000,0.000000,0.000000
0.000000,-52.259560,1.315652,-0.818887,0.000000,0.000000,0.000000
0.000000,-52.324829,1.315652,-0.819366,0.000000,0.000000,0.000000
0.000000,-52.324829,1.315652,-0.819941,0.000000,0.000000,0.000000
0.000000,-52.365841,1.315652,-0.820228,0.000000,0.000000,0.000000
0.000000,-52.365841,1.315652,-0.820899,0.000000,0.000000,0.000000
0.000000,-52.427025,1.315652,-0.821282,0.000000,0.000000,0.000000
0.000000,-52.466972,1.315652,-0.822049,0.000000,0.000000,0.000000
0.000000,-52.466972,1.315652,-0.822241,0.000000,0.000000,0.000000
0.000000,-52.525333,1.315652,-0.822624,0.000000,0.000000,0.000000
0.000000,-52.525333,1.315652,-0.822816,0.000000,0.000000,0.000000
0.000000,-52.561832,1.315652,-0.823199,0.000000,0.000000,0.000000
0.000000,-52.610855,1.315652,-0.823487,0.000000,0.000000,0.000000
0.000000,-52.610855,1.315652,-0.824253,0.000000,0.000000,0.000000
0.000000,-52.643246,1.315652,-0.824636,0.000000,0.000000,0.000000
0.000000,-52.643246,1.315652,-0.825211,0.000000,0.000000,0.000000
0.000000,-52.690933,1.315652,-0.825403,0.000000,0.000000,0.000000
0.000000,-52.719036,1.315652,-0.825882,0.000000,0.000000,0.000000
0.000000,-52.719036,1.315652,-0.826169,0.000000,0.000000,0.000000
0.000000,-52.757576,1.315652,-0.827032,0.000000,0.000000,0.000000
0.000000,-52.757576,1.315652,-0.827319,0.000000,0.000000,0.000000
0.000000,-52.784580,1.315652,-0.828086,0.000000,0.000000,0.000000
0.000000,-52.828903,1.315652,-0.828374,0.000000,0.000000,0.000000
0.000000,-52.828903,1.315652,-0.828948,0.000000,0.000000,0.000000
0.000000,-52.856991,1.315652,-0.829428,0.000000,0.000000,0.000000
0.000000,-52.856991,1.315652,-0.830386,0.000000,0.000000,0.000000
0.000000,-52.900822,1.315652,-0.830769,0.000000,0.000000,0.000000
0.000000,-52.935181,1.315652,-0.831440,0.000000,0.000000,0.000000
0.000000,-52.935181,1.315652,-0.831823,0.000000,0.000000,0.000000
0.000000,-52.988579,1.315652,-0.832782,0.000000,0.000000,0.000000
0.000000,-52.988579,1.315652,-0.833261,0.000000,0.000000,0.000000
0.000000,-53.023827,1.315652,-0.833836,0.000000,0.000000,0.000000
0.000000,-53.086063,1.315652,-0.834123,0.000000,0.000000,0.000000
0.000000,-53.086063,1.315652,-0.834890,0.000000,0.000000,0.000000
0.000000,-53.132862,1.315652,-0.835465,0.000000,0.000000,0.000000
0.000000,-53.132862,1.315652,-0.836327,0.000000,0.000000,0.000000
0.000000,-53.204655,1.315652,-0.836711,0.000000,0.000000,0.000000
0.000000,-53.257046,1.315652,-0.837477,0.000000,0.000000,0.000000
0.000000,-53.257046,1.315652,-0.837861,0.000000,0.000000,0.000000
0.000000,-53.334068,1.315652,-0.838723,0.000000,0.000000,0.000000
0.000000,-53.334068,1.315652,-0.839010,0.000000,0.000000,0.000000
0.000000,-53.381233,1.315652,-0.839489,0.000000,0.000000,0.000000
0.000000,-53.454418,1.315652,-0.839777,0.000000,0.000000,0.000000
0.000000,-53.454418,1.315652,-0.840544,0.000000,0.000000,0.000000
0.000000,-53.505863,1.315652,-0.841023,0.000000,0.000000,0.000000
0.000000,-53.505863,1.315652,-0.841885,0.000000,0.000000,0.000000
0.000000,-53.578796,1.315652,-0.842364,0.000000,0.000000,0.000000
0.000000,-53.624039,1.315652,-0.843131,0.000000,0.000000,0.000000
0.000000,-53.624039,1.315652,-0.843610,0.000000,0.000000,0.000000
0.000000,-53.690418,1.315652,-0.844472,0.000000,0.000000,0.000000
0.000000,-53.690418,1.315652,-0.844856,0.000000,0.000000,0.000000
0.000000,-53.735096,1.315652,-0.845622,0.000000,0.000000,0.000000
0.000000,-53.802067,1.315652,-0.846197,0.000000,0.000000,0.000000
0.000000,-53.802067,1.315652,-0.847347,0.000000,0.000000,0.000000
0.000000,-53.847778,1.315652,-0.847826,0.000000,0.000000,0.000000
0.000000,-53.847778,1.315652,-0.848880,0.000000,0.000000,0.000000
0.000000,-53.918839,1.315652,-0.849455,0.000000,0.000000,0.000000
0.000000,-53.967865,1.315652,-0.850318,0.000000,0.000000,0.000000
0.000000,-53.967865,1.315652,-0.850701,0.000000,0.000000,0.000000
0.000000,-54.042816,1.315652,-0.851660,0.000000,0.000000,0.000000
0.000000,-54.042816,1.315652,-0.852235,0.000000,0.000000,0.000000
0.000000,-54.095066,1.315652,-0.853193,0.000000,0.000000,0.000000
0.000000,-54.177570,1.315652,-0.853576,0.000000,0.000000,0.000000
0.000000,-54.177570,1.315652,-0.854439,0.000000,0.000000,0.000000
0.000000,-54.234943,1.315652,-0.854918,0.000000,0.000000,0.000000
0.000000,-54.234943,1.315652,-0.855780,0.000000,0.000000,0.000000
0.000000,-54.322742,1.315652,-0.856163,0.000000,0.000000,0.000000
0.000000,-54.384193,1.315556,-0.857026,0.000000,0.000000,0.000000
0.000000,-54.384193,1.315556,-0.857601,0.000000,0.000000,0.000000
0.000000,-54.478313,1.315556,-0.858751,0.000000,0.000000,0.000000
0.000000,-54.478313,1.315556,-0.859230,0.000000,0.000000,0.000000
0.000000,-54.540359,1.315556,-0.860380,0.000000,0.000000,0.000000
0.000000,-54.631165,1.315556,-0.861050,0.000000,0.000000,0.000000
0.000000,-54.631165,1.315556,-0.862104,0.000000,0.000000,0.000000
0.000000,-54.690735,1.315556,-0.862679,0.000000,0.000000,0.000000
0.000000,-54.690735,1.315556,-0.863925,0.000000,0.000000,0.000000
0.000000,-54.780720,1.315556,-0.864500,0.000000,0.000000,0.000000
0.000000,-54.842514,1.315556,-0.865554,0.000000,0.000000,0.000000
0.000000,-54.842514,1.315556,-0.866129,0.000000,0.000000,0.000000
0.000000,-54.937416,1.315556,-0.867279,0.000000,0.000000,0.000000
0.000000,-54.937416,1.315556,-0.867759,0.000000,0.000000,0.000000
0.000000,-55.001614,1.315556,-0.869004,0.000000,0.000000,0.000000
0.000000,-55.098503,1.315556,-0.869579,0.000000,0.000000,0.000000
0.000000,-55.098503,1.315556,-0.870633,0.000000,0.000000,0.000000
0.000000,-55.164898,1.315556,-0.871112,0.000000,0.000000,0.000000
0.000000,-55.164898,1.315556,-0.872262,0.000000,0.000000,0.000000
0.000000,-55.267349,1.315556,-0.872741,0.000000,0.000000,0.000000
0.000000,-55.337475,1.315556,-0.873700,0.000000,0.000000,0.000000
0.000000,-55.337475,1.315556,-0.874274,0.000000,0.000000,0.000000
0.000000,-55.444786,1.315556,-0.875520,0.000000,0.000000,0.000000
0.000000,-55.444786,1.315556,-0.876095,0.000000,0.000000,0.000000
0.000000,-55.517914,1.315556,-0.877437,0.000000,0.000000,0.000000
0.000000,-55.628185,1.315556,-0.878108,0.000000,0.000000,0.000000
0.000000,-55.628185,1.315556,-0.879449,0.000000,0.000000,0.000000
0.000000,-55.701950,1.315556,-0.880216,0.000000,0.000000,0.000000
0.000000,-55.701950,1.315556,-0.881557,0.000000,0.000000,0.000000
0.000000,-55.812687,1.315556,-0.882228,0.000000,0.000000,0.000000
0.000000,-55.887371,1.315556,-0.883474,0.000000,0.000000,0.000000
0.000000,-55.887371,1.315556,-0.883953,0.000000,0.000000,0.000000
0.000000,-56.000053,1.315556,-0.885103,0.000000,0.000000,0.000000
0.000000,-56.000053,1.315556,-0.885774,0.000000,0.000000,0.000000
0.000000,-56.076012,1.315556,-0.886828,0.000000,0.000000,0.000000
0.000000,-56.191093,1.315556,-0.887403,0.000000,0.000000,0.000000
0.000000,-56.191093,1.315556,-0.888649,0.000000,0.000000,0.000000
0.000000,-56.268349,1.315556,-0.889128,0.000000,0.000000,0.000000
0.000000,-56.268349,1.315556,-0.890182,0.000000,0.000000,0.000000
0.000000,-56.383018,1.315556,-0.890948,0.000000,0.000000,0.000000
0.000000,-56.383018,1.315556,-0.892194,0.000000,0.000000,0.000000
0.000000,-56.459980,1.315556,-0.892865,0.000000,0.000000,0.000000
0.000000,-56.575001,1.315556,-0.894398,0.000000,0.000000,0.000000
0.000000,-56.575001,1.315556,-0.894973,0.000000,0.000000,0.000000
0.000000,-56.651421,1.315556,-0.896410,0.000000,0.000000,0.000000
0.000000,-56.765076,1.315556,-0.897177,0.000000,0.000000,0.000000
0.000000,-56.765076,1.315556,-0.898519,0.000000,0.000000,0.000000
0.000000,-56.841682,1.315556,-0.899285,0.000000,0.000000,0.000000
0.000000,-56.841682,1.315556,-0.900531,0.000000,0.000000,0.000000
0.000000,-56.955177,1.315556,-0.901106,0.000000,0.000000,0.000000
0.000000,-57.027802,1.315556,-0.902352,0.000000,0.000000,0.000000
0.000000,-57.027802,1.315556,-0.902831,0.000000,0.000000,0.000000
0.000000,-57.136425,1.315556,-0.903885,0.000000,0.000000,0.000000
0.000000,-57.136425,1.315556,-0.904460,0.000000,0.000000,0.000000
0.000000,-57.212597,1.315556,-0.905514,0.000000,0.000000,0.000000
0.000000,-57.327526,1.315556,-0.905993,0.000000,0.000000,0.000000
0.000000,-57.327526,1.315556,-0.907047,0.000000,0.000000,0.000000
0.000000,-57.404278,1.315556,-0.907718,0.000000,0.000000,0.000000
0.000000,-57.404278,1.315556,-0.908964,0.000000,0.000000,0.000000
0.000000,-57.518692,1.315556,-0.909635,0.000000,0.000000,0.000000
0.000000,-57.593857,1.315556,-0.911072,0.000000,0.000000,0.000000
0.000000,-57.593857,1.315556,-0.911743,0.000000,0.000000,0.000000
0.000000,-57.703503,1.315556,-0.913372,0.000000,0.000000,0.000000
0.000000,-57.703503,1.315556,-0.914139,0.000000,0.000000,0.000000
0.000000,-57.776176,1.315556,-0.915576,0.000000,0.000000,0.000000
0.000000,-57.887199,1.315556,-0.916247,0.000000,0.000000,0.000000
0.000000,-57.887199,1.315556,-0.917492,0.000000,0.000000,0.000000
0.000000,-57.960987,1.315556,-0.918163,0.000000,0.000000,0.000000
0.000000,-57.960987,1.315556,-0.919505,0.000000,0.000000,0.000000
0.000000,-58.068501,1.315556,-0.920080,0.000000,0.000000,0.000000
0.000000,-58.142620,1.315556,-0.921134,0.000000,0.000000,0.000000
0.000000,-58.142620,1.315556,-0.921709,0.000000,0.000000,0.000000
0.000000,-58.255653,1.315556,-0.922667,0.000000,0.000000,0.000000
0.000000,-58.255653,1.315556,-0.923146,0.000000,0.000000,0.000000
0.000000,-58.328407,1.315556,-0.924392,0.000000,0.000000,0.000000
0.000000,-58.438484,1.315556,-0.925063,0.000000,0.000000,0.000000
0.000000,-58.438484,1.315556,-0.926404,0.000000,0.000000,0.000000
0.000000,-58.512264,1.315556,-0.927075,0.000000,0.000000,0.000000
0.000000,-58.512264,1.315556,-0.928416,0.000000,0.000000,0.000000
0.000000,-58.619484,1.315556,-0.929279,0.000000,0.000000,0.000000
0.000000,-58.619423,1.315556,-0.930717,0.000000,0.000000,0.000000
0.000000,-58.687813,1.315556,-0.931387,0.000000,0.000000,0.000000
0.000000,-58.786633,1.315556,-0.932825,0.000000,0.000000,0.000000
0.000000,-58.786633,1.315556,-0.933400,0.000000,0.000000,0.000000
0.000000,-58.853657,1.315556,-0.934550,0.000000,0.000000,0.000000
0.000000,-58.953003,1.315556,-0.935220,0.000000,0.000000,0.000000
0.000000,-58.953003,1.315556,-0.936370,0.000000,0.000000,0.000000
0.000000,-59.018784,1.315556,-0.936945,0.000000,0.000000,0.000000
0.000000,-59.018784,1.315556,-0.938095,0.000000,0.000000,0.000000
0.000000,-59.121750,1.315556,-0.938574,0.000000,0.000000,0.000000
0.000000,-59.121750,1.315556,-0.939437,0.000000,0.000000,0.000000
0.000000,-59.189545,1.315556,-0.939916,0.000000,0.000000,0.000000
0.000000,-59.290016,1.315556,-0.941161,0.000000,0.000000,0.000000
0.000000,-59.290016,1.315556,-0.941641,0.000000,0.000000,0.000000
0.000000,-59.358025,1.315556,-0.942695,0.000000,0.000000,0.000000
0.000000,-59.459312,1.315556,-0.943366,0.000000,0.000000,0.000000
0.000000,-59.459312,1.315556,-0.944611,0.000000,0.000000,0.000000
0.000000,-59.524033,1.315556,-0.945282,0.000000,0.000000,0.000000
0.000000,-59.524033,1.315556,-0.946815,0.000000,0.000000,0.000000
0.000000,-59.617424,1.315556,-0.947486,0.000000,0.000000,0.000000
0.000000,-59.617424,1.315556,-0.948828,0.000000,0.000000,0.000000
0.000000,-59.678902,1.315556,-0.949498,0.000000,0.000000,0.000000
0.000000,-59.771206,1.315556,-0.950648,0.000000,0.000000,0.000000
0.000000,-59.771206,1.315556,-0.951128,0.000000,0.000000,0.000000
0.000000,-59.831993,1.315556,-0.952277,0.000000,0.000000,0.000000
0.000000,-59.923977,1.315556,-0.952757,0.000000,0.000000,0.000000
0.000000,-59.923977,1.315556,-0.953715,0.000000,0.000000,0.000000
0.000000,-59.984814,1.315556,-0.954194,0.000000,0.000000,0.000000
0.000000,-59.984814,1.315556,-0.955152,0.000000,0.000000,0.000000
0.000000,-60.074944,1.315556,-0.955535,0.000000,0.000000,0.000000
0.000000,-60.074944,1.315556,-0.956302,0.000000,0.000000,0.000000
0.000000,-60.134754,1.315556,-0.956781,0.000000,0.000000,0.000000
0.000000,-60.223999,1.315556,-0.958027,0.000000,0.000000,0.000000
0.000000,-60.223999,1.315556,-0.958506,0.000000,0.000000,0.000000
0.000000,-60.281483,1.315556,-0.959656,0.000000,0.000000,0.000000
0.000000,-60.363708,1.315556,-0.960327,0.000000,0.000000,0.000000
0.000000,-60.363708,1.315556,-0.961381,0.000000,0.000000,0.000000
0.000000,-60.418331,1.315556,-0.961860,0.000000,0.000000,0.000000
0.000000,-60.418331,1.315556,-0.963106,0.000000,0.000000,0.000000
0.000000,-60.500744,1.315556,-0.963777,0.000000,0.000000,0.000000
0.000000,-60.500744,1.315556,-0.964831,0.000000,0.000000,0.000000
0.000000,-60.554134,1.315652,-0.965406,0.000000,0.000000,0.000000
0.000000,-60.633278,1.315652,-0.966556,0.000000,0.000000,0.000000
0.000000,-60.633278,1.315652,-0.966939,0.000000,0.000000,0.000000
0.000000,-60.686558,1.315652,-0.967897,0.000000,0.000000,0.000000
0.000000,-60.767803,1.315652,-0.968472,0.000000,0.000000,0.000000
0.000000,-60.767803,1.315652,-0.969430,0.000000,0.000000,0.000000
0.000000,-60.822529,1.315652,-0.969814,0.000000,0.000000,0.000000
0.000000,-60.822529,1.315652,-0.970580,0.000000,0.000000,0.000000
0.000000,-60.904682,1.315652,-0.971059,0.000000,0.000000,0.000000
0.000000,-60.904682,1.315748,-0.971826,0.000000,0.000000,0.000000
0.000000,-60.959835,1.315748,-0.972114,0.000000,0.000000,0.000000
0.000000,-61.043259,1.315748,-0.972784,0.000000,0.000000,0.000000
0.000000,-61.043259,1.315748,-0.973168,0.000000,0.000000,0.000000
0.000000,-61.101711,1.315748,-0.974222,0.000000,0.000000,0.000000
0.000000,-61.191063,1.315748,-0.974701,0.000000,0.000000,0.000000
0.000000,-61.191063,1.315748,-0.975659,0.000000,0.000000,0.000000
0.000000,-61.248734,1.315748,-0.976234,0.000000,0.000000,0.000000
0.000000,-61.248734,1.315748,-0.977384,0.000000,0.000000,0.000000
0.000000,-61.334415,1.315748,-0.977959,0.000000,0.000000,0.000000
0.000000,-61.334415,1.315748,-0.979013,0.000000,0.000000,0.000000
0.000000,-61.391983,1.315748,-0.979588,0.000000,0.000000,0.000000
0.000000,-61.478752,1.315748,-0.980738,0.000000,0.000000,0.000000
0.000000,-61.478752,1.315844,-0.981217,0.000000,0.000000,0.000000
0.000000,-61.536022,1.315844,-0.982271,0.000000,0.000000,0.000000
0.000000,-61.620396,1.315844,-0.982846,0.000000,0.000000,0.000000
0.000000,-61.620396,1.315844,-0.983613,0.000000,0.000000,0.000000
0.000000,-61.677429,1.315844,-0.984092,0.000000,0.000000,0.000000
0.000000,-61.677429,1.315844,-0.985050,0.000000,0.000000,0.000000
0.000000,-61.764351,1.315844,-0.985625,0.000000,0.000000,0.000000
0.000000,-61.764351,1.315844,-0.986488,0.000000,0.000000,0.000000
0.000000,-61.822544,1.315844,-0.986871,0.000000,0.000000,0.000000
0.000000,-61.909660,1.315844,-0.988021,0.000000,0.000000,0.000000
0.000000,-61.909660,1.315844,-0.988404,0.000000,0.000000,0.000000
0.000000,-61.967144,1.315844,-0.989171,0.000000,0.000000,0.000000
0.000000,-62.052120,1.315844,-0.989554,0.000000,0.000000,0.000000
0.000000,-62.052120,1.315844,-0.990608,0.000000,0.000000,0.000000
0.000000,-62.108112,1.315844,-0.991183,0.000000,0.000000,0.000000
0.000000,-62.108112,1.315844,-0.992237,0.000000,0.000000,0.000000
0.000000,-62.193062,1.315844,-0.992908,0.000000,0.000000,0.000000
0.000000,-62.193062,1.315844,-0.994154,0.000000,0.000000,0.000000
0.000000,-62.249954,1.315844,-0.994633,0.000000,0.000000,0.000000
0.000000,-62.334110,1.315844,-0.995879,0.000000,0.000000,0.000000
0.000000,-62.334110,1.315940,-0.996454,0.000000,0.000000,0.000000
0.000000,-62.390697,1.315940,-0.997603,0.000000,0.000000,0.000000
0.000000,-62.475159,1.315940,-0.998083,0.000000,0.000000,0.000000
0.000000,-62.475159,1.315940,-0.999233,0.000000,0.000000,0.000000
0.000000,-62.530697,1.315940,-0.999616,0.000000,0.000000,0.000000
0.000000,-62.530697,1.315940,-1.000382,0.000000,0.000000,0.000000
0.000000,-62.614105,1.315940,-1.000862,0.000000,0.000000,0.000000
0.000000,-62.614105,1.316036,-1.001916,0.000000,0.000000,0.000000
0.000000,-62.672138,1.316036,-1.002395,0.000000,0.000000,0.000000
0.000000,-62.760498,1.316036,-1.003353,0.000000,0.000000,0.000000
0.000000,-62.760498,1.316036,-1.003736,0.000000,0.000000,0.000000
0.000000,-62.817730,1.316036,-1.004694,0.000000,0.000000,0.000000
0.000000,-62.901127,1.316036,-1.005078,0.000000,0.000000,0.000000
0.000000,-62.901127,1.316036,-1.005749,0.000000,0.000000,0.000000
0.000000,-62.956963,1.316036,-1.006036,0.000000,0.000000,0.000000
0.000000,-62.956963,1.316131,-1.007090,0.000000,0.000000,0.000000
0.000000,-63.041828,1.316131,-1.007665,0.000000,0.000000,0.000000
0.000000,-63.041828,1.316131,-1.008624,0.000000,0.000000,0.000000
0.000000,-63.099213,1.316131,-1.009103,0.000000,0.000000,0.000000
0.000000,-63.187454,1.316131,-1.010253,0.000000,0.000000,0.000000
0.000000,-63.187454,1.316131,-1.010828,0.000000,0.000000,0.000000
0.000000,-63.245224,1.316131,-1.011882,0.000000,0.000000,0.000000
0.000000,-63.245224,1.316227,-1.012457,0.000000,0.000000,0.000000
0.000000,-63.328613,1.316227,-1.013798,0.000000,0.000000,0.000000
0.000000,-63.384178,1.316227,-1.014277,0.000000,0.000000,0.000000
0.000000,-63.384178,1.316227,-1.015523,0.000000,0.000000,0.000000
0.000000,-63.468098,1.316227,-1.016098,0.000000,0.000000,0.000000
0.000000,-63.468098,1.316227,-1.016865,0.000000,0.000000,0.000000
0.000000,-63.524395,1.316227,-1.017248,0.000000,0.000000,0.000000
0.000000,-63.608707,1.316227,-1.018302,0.000000,0.000000,0.000000
0.000000,-63.608707,1.316227,-1.018685,0.000000,0.000000,0.000000
0.000000,-63.664291,1.316227,-1.019452,0.000000,0.000000,0.000000
0.000000,-63.664291,1.316227,-1.019739,0.000000,0.000000,0.000000
0.000000,-63.746758,1.316227,-1.020506,0.000000,0.000000,0.000000
0.000000,-63.801548,1.316227,-1.020985,0.000000,0.000000,0.000000
0.000000,-63.801548,1.316227,-1.021847,0.000000,0.000000,0.000000
0.000000,-63.882587,1.316227,-1.022135,0.000000,0.000000,0.000000
0.000000,-63.882587,1.316227,-1.022902,0.000000,0.000000,0.000000
0.000000,-63.935688,1.316227,-1.023381,0.000000,0.000000,0.000000
0.000000,-64.012741,1.316227,-1.024435,0.000000,0.000000,0.000000
0.000000,-64.012741,1.316227,-1.024914,0.000000,0.000000,0.000000
0.000000,-64.063065,1.316227,-1.025968,0.000000,0.000000,0.000000
0.000000,-64.063065,1.316227,-1.026639,0.000000,0.000000,0.000000
0.000000,-64.139091,1.316227,-1.027693,0.000000,0.000000,0.000000
0.000000,-64.188538,1.316323,-1.028172,0.000000,0.000000,0.000000
0.000000,-64.188538,1.316323,-1.029418,0.000000,0.000000,0.000000
0.000000,-64.261635,1.316323,-1.030089,0.000000,0.000000,0.000000
0.000000,-64.261635,1.316323,-1.031047,0.000000,0.000000,0.000000
0.000000,-64.310928,1.316419,-1.031622,0.000000,0.000000,0.000000
0.000000,-64.384796,1.316419,-1.032676,0.000000,0.000000,0.000000
0.000000,-64.384796,1.316419,-1.033059,0.000000,0.000000,0.000000
0.000000,-64.433167,1.316515,-1.033922,0.000000,0.000000,0.000000
0.000000,-64.433167,1.316611,-1.034497,0.000000,0.000000,0.000000
0.000000,-64.505081,1.316706,-1.035551,0.000000,0.000000,0.000000
0.000000,-64.554199,1.316898,-1.036030,0.000000,0.000000,0.000000
0.000000,-64.554199,1.316994,-1.036797,0.000000,0.000000,0.000000
0.000000,-64.619972,1.317281,-1.037180,0.000000,0.000000,0.000000
0.000000,-64.619972,1.317473,-1.037851,0.000000,0.000000,0.000000
0.000000,-64.656425,1.317857,-1.038042,0.000000,0.000000,0.000000
0.000000,-64.722763,1.317952,-1.038425,0.000000,0.000000,0.000000
0.000000,-64.722763,1.318239,-1.038522,0.000000,0.000000,0.000000
0.000000,-64.777390,1.318335,-1.038905,0.000000,0.000000,0.000000
0.000000,-64.777390,1.318431,-1.039192,0.000000,0.000000,0.000000
0.000000,-64.860054,1.318527,-1.039959,0.000000,0.000000,0.000000
0.000000,-64.916199,1.318623,-1.040534,0.000000,0.000000,0.000000
0.000000,-64.916199,1.318623,-1.041396,0.000000,0.000000,0.000000
0.000000,-64.995613,1.318815,-1.041780,0.000000,0.000000,0.000000
0.000000,-64.995613,1.318815,-1.042738,0.000000,0.000000,0.000000
0.000000,-65.040436,1.318910,-1.043313,0.000000,0.000000,0.000000
0.000000,-65.100555,1.318910,-1.044271,0.000000,0.000000,0.000000
0.000000,-65.100555,1.319006,-1.044654,0.000000,0.000000,0.000000
0.000000,-65.139343,1.319102,-1.045804,0.000000,0.000000,0.000000
0.000000,-65.139343,1.319198,-1.046475,0.000000,0.000000,0.000000
0.000000,-65.196625,1.319294,-1.047529,0.000000,0.000000,0.000000
0.000000,-65.235809,1.319390,-1.048008,0.000000,0.000000,0.000000
0.000000,-65.235809,1.319485,-1.048966,0.000000,0.000000,0.000000
0.000000,-65.299583,1.319677,-1.049446,0.000000,0.000000,0.000000
0.000000,-65.299583,1.319677,-1.050021,0.000000,0.000000,0.000000
0.000000,-65.346046,1.319869,-1.050404,0.000000,0.000000,0.000000
0.000000,-65.421906,1.319965,-1.051362,0.000000,0.000000,0.000000
0.000000,-65.421906,1.320060,-1.051841,0.000000,0.000000,0.000000
0.000000,-65.476158,1.320156,-1.052512,0.000000,0.000000,0.000000
0.000000,-65.476158,1.320252,-1.052895,0.000000,0.000000,0.000000
0.000000,-65.558258,1.320348,-1.053662,0.000000,0.000000,0.000000
0.000000,-65.610977,1.320443,-1.054045,0.000000,0.000000,0.000000
0.000000,-65.610977,1.320443,-1.054908,0.000000,0.000000,0.000000
0.000000,-65.692245,1.320539,-1.055195,0.000000,0.000000,0.000000
0.000000,-65.692245,1.320635,-1.055770,0.000000,0.000000,0.000000
0.000000,-65.748337,1.320731,-1.056058,0.000000,0.000000,0.000000
0.000000,-65.831886,1.320731,-1.057112,0.000000,0.000000,0.000000
0.000000,-65.831886,1.320827,-1.057495,0.000000,0.000000,0.000000
0.000000,-65.888229,1.320923,-1.058262,0.000000,0.000000,0.000000
0.000000,-65.888229,1.320923,-1.058645,0.000000,0.000000,0.000000
0.000000,-65.973137,1.321018,-1.059699,0.000000,0.000000,0.000000
0.000000,-66.029411,1.321018,-1.060274,0.000000,0.000000,0.000000
0.000000,-66.029411,1.321018,-1.061232,0.000000,0.000000,0.000000
0.000000,-66.114746,1.321018,-1.061712,0.000000,0.000000,0.000000
0.000000,-66.114746,1.321018,-1.062861,0.000000,0.000000,0.000000
0.000000,-66.171051,1.321018,-1.063436,0.000000,0.000000,0.000000
0.000000,-66.253014,1.321018,-1.064490,0.000000,0.000000,0.000000
0.000000,-66.253014,1.321018,-1.065065,0.000000,0.000000,0.000000
0.000000,-66.306961,1.321018,-1.066119,0.000000,0.000000,0.000000
0.000000,-66.306961,1.321018,-1.066599,0.000000,0.000000,0.000000
0.000000,-66.386986,1.321018,-1.067461,0.000000,0.000000,0.000000
0.000000,-66.440010,1.321018,-1.068036,0.000000,0.000000,0.000000
0.000000,-66.440010,1.321018,-1.068994,0.000000,0.000000,0.000000
0.000000,-66.519844,1.321018,-1.069473,0.000000,0.000000,0.000000
0.000000,-66.519844,1.321018,-1.070336,0.000000,0.000000,0.000000
0.000000,-66.572922,1.321018,-1.070815,0.000000,0.000000,0.000000
0.000000,-66.652802,1.321018,-1.071582,0.000000,0.000000,0.000000
0.000000,-66.652802,1.321018,-1.071773,0.000000,0.000000,0.000000
0.000000,-66.707848,1.321018,-1.072444,0.000000,0.000000,0.000000
0.000000,-66.707848,1.321018,-1.072923,0.000000,0.000000,0.000000
0.000000,-66.792160,1.321018,-1.073882,0.000000,0.000000,0.000000
0.000000,-66.848381,1.321018,-1.074361,0.000000,0.000000,0.000000
0.000000,-66.848381,1.321018,-1.075223,0.000000,0.000000,0.000000
0.000000,-66.932655,1.321018,-1.075798,0.000000,0.000000,0.000000
0.000000,-66.932655,1.321018,-1.076852,0.000000,0.000000,0.000000
0.000000,-66.988205,1.321018,-1.077235,0.000000,0.000000,0.000000
0.000000,-67.069382,1.321018,-1.078194,0.000000,0.000000,0.000000
0.000000,-67.069382,1.321018,-1.078673,0.000000,0.000000,0.000000
0.000000,-67.122200,1.321018,-1.079919,0.000000,0.000000,0.000000
0.000000,-67.122200,1.321018,-1.080398,0.000000,0.000000,0.000000
0.000000,-67.198341,1.321018,-1.081452,0.000000,0.000000,0.000000
0.000000,-67.247742,1.321114,-1.082027,0.000000,0.000000,0.000000
0.000000,-67.247742,1.321114,-1.082889,0.000000,0.000000,0.000000
0.000000,-67.320930,1.321210,-1.083272,0.000000,0.000000,0.000000
0.000000,-67.320930,1.321210,-1.084231,0.000000,0.000000,0.000000
0.000000,-67.368874,1.321210,-1.084710,0.000000,0.000000,0.000000
0.000000,-67.439346,1.321306,-1.085572,0.000000,0.000000,0.000000
0.000000,-67.439346,1.321306,-1.085956,0.000000,0.000000,0.000000
0.000000,-67.486221,1.321306,-1.086627,0.000000,0.000000,0.000000
0.000000,-67.486221,1.321402,-1.087106,0.000000,0.000000,0.000000
0.000000,-67.557304,1.321402,-1.087872,0.000000,0.000000,0.000000
0.000000,-67.604889,1.321402,-1.088160,0.000000,0.000000,0.000000
0.000000,-67.604889,1.321402,-1.088735,0.000000,0.000000,0.000000
0.000000,-67.674149,1.321498,-1.089022,0.000000,0.000000,0.000000
0.000000,-67.674149,1.321498,-1.089980,0.000000,0.000000,0.000000
0.000000,-67.718185,1.321498,-1.090460,0.000000,0.000000,0.000000
0.000000,-67.782455,1.321594,-1.091322,0.000000,0.000000,0.000000
0.000000,-67.782455,1.321594,-1.091705,0.000000,0.000000,0.000000
0.000000,-67.824966,1.321689,-1.092664,0.000000,0.000000,0.000000
0.000000,-67.824966,1.321689,-1.093238,0.000000,0.000000,0.000000
0.000000,-67.887283,1.321785,-1.094005,0.000000,0.000000,0.000000
0.000000,-67.928490,1.321785,-1.094388,0.000000,0.000000,0.000000
0.000000,-67.928490,1.321785,-1.095251,0.000000,0.000000,0.000000
0.000000,-67.990509,1.321881,-1.095730,0.000000,0.000000,0.000000
0.000000,-67.990509,1.321881,-1.096592,0.000000,0.000000,0.000000
0.000000,-68.032181,1.321881,-1.096880,0.000000,0.000000,0.000000
0.000000,-68.096153,1.321977,-1.097551,0.000000,0.000000,0.000000
0.000000,-68.096153,1.321977,-1.098030,0.000000,0.000000,0.000000
0.000000,-68.138680,1.321977,-1.098988,0.000000,0.000000,0.000000
0.000000,-68.138680,1.321977,-1.099275,0.000000,0.000000,0.000000
0.000000,-68.202980,1.321977,-1.099850,0.000000,0.000000,0.000000
0.000000,-68.247169,1.321977,-1.100234,0.000000,0.000000,0.000000
0.000000,-68.247169,1.321977,-1.101096,0.000000,0.000000,0.000000
0.000000,-68.314354,1.321977,-1.101575,0.000000,0.000000,0.000000
0.000000,-68.314354,1.321977,-1.102342,0.000000,0.000000,0.000000
0.000000,-68.360130,1.321977,-1.102630,0.000000,0.000000,0.000000
0.000000,-68.429947,1.321977,-1.103396,0.000000,0.000000,0.000000
0.000000,-68.429947,1.321977,-1.103780,0.000000,0.000000,0.000000
0.000000,-68.475861,1.321977,-1.104546,0.000000,0.000000,0.000000
0.000000,-68.475861,1.321977,-1.104834,0.000000,0.000000,0.000000
0.000000,-68.544243,1.321977,-1.105217,0.000000,0.000000,0.000000
0.000000,-68.590683,1.321977,-1.105504,0.000000,0.000000,0.000000
0.000000,-68.590683,1.321977,-1.106175,0.000000,0.000000,0.000000
0.000000,-68.660599,1.321977,-1.106654,0.000000,0.000000,0.000000
0.000000,-68.660599,1.321977,-1.107421,0.000000,0.000000,0.000000
0.000000,-68.707207,1.321977,-1.107804,0.000000,0.000000,0.000000
0.000000,-68.775650,1.321977,-1.108475,0.000000,0.000000,0.000000
0.000000,-68.775650,1.321977,-1.108954,0.000000,0.000000,0.000000
0.000000,-68.819412,1.321977,-1.109912,0.000000,0.000000,0.000000
0.000000,-68.819412,1.321977,-1.110296,0.000000,0.000000,0.000000
0.000000,-68.885139,1.321977,-1.110966,0.000000,0.000000,0.000000
0.000000,-68.929283,1.321977,-1.111445,0.000000,0.000000,0.000000
0.000000,-68.929283,1.321977,-1.112499,0.000000,0.000000,0.000000
0.000000,-68.993240,1.321977,-1.112979,0.000000,0.000000,0.000000
0.000000,-68.993240,1.321977,-1.113745,0.000000,0.000000,0.000000
0.000000,-69.034897,1.321977,-1.114224,0.000000,0.000000,0.000000
0.000000,-69.096138,1.321977,-1.115087,0.000000,0.000000,0.000000
0.000000,-69.096138,1.321977,-1.115470,0.000000,0.000000,0.000000
0.000000,-69.135994,1.321977,-1.115949,0.000000,0.000000,0.000000
0.000000,-69.135994,1.321977,-1.116141,0.000000,0.000000,0.000000
0.000000,-69.195633,1.321977,-1.116716,0.000000,0.000000,0.000000
0.000000,-69.236046,1.321977,-1.117100,0.000000,0.000000,0.000000
0.000000,-69.236046,1.321977,-1.117962,0.000000,0.000000,0.000000
0.000000,-69.295891,1.321977,-1.118345,0.000000,0.000000,0.000000
0.000000,-69.295891,1.322073,-1.118920,0.000000,0.000000,0.000000
0.000000,-69.333855,1.322073,-1.119112,0.000000,0.000000,0.000000
0.000000,-69.389435,1.322073,-1.119591,0.000000,0.000000,0.000000
0.000000,-69.389435,1.322073,-1.119974,0.000000,0.000000,0.000000
0.000000,-69.426918,1.322169,-1.120549,0.000000,0.000000,0.000000
0.000000,-69.426918,1.322169,-1.120836,0.000000,0.000000,0.000000
0.000000,-69.484680,1.322264,-1.121220,0.000000,0.000000,0.000000
0.000000,-69.523979,1.322264,-1.121412,0.000000,0.000000,0.000000
0.000000,-69.523979,1.322360,-1.121699,0.000000,0.000000,0.000000
0.000000,-69.582184,1.322360,-1.121891,0.000000,0.000000,0.000000
0.000000,-69.582184,1.322360,-1.122370,0.000000,0.000000,0.000000
0.000000,-69.621323,1.322456,-1.122753,0.000000,0.000000,0.000000
0.000000,-69.679634,1.322456,-1.123711,0.000000,0.000000,0.000000
0.000000,-69.679634,1.322552,-1.124095,0.000000,0.000000,0.000000
0.000000,-69.718033,1.322552,-1.124765,0.000000,0.000000,0.000000
0.000000,-69.718033,1.322743,-1.125149,0.000000,0.000000,0.000000
0.000000,-69.775673,1.322743,-1.126011,0.000000,0.000000,0.000000
0.000000,-69.813812,1.322839,-1.126490,0.000000,0.000000,0.000000
0.000000,-69.813812,1.322935,-1.127353,0.000000,0.000000,0.000000
0.000000,-69.871460,1.323031,-1.127736,0.000000,0.000000,0.000000
0.000000,-69.871460,1.323127,-1.128790,0.000000,0.000000,0.000000
0.000000,-69.910866,1.323318,-1.129365,0.000000,0.000000,0.000000
0.000000,-69.972694,1.323318,-1.130323,0.000000,0.000000,0.000000
0.000000,-69.972694,1.323510,-1.130802,0.000000,0.000000,0.000000
0.000000,-70.015625,1.323606,-1.131856,0.000000,0.000000,0.000000
0.000000,-70.015625,1.323702,-1.132336,0.000000,0.000000,0.000000
0.000000,-70.080887,1.323797,-1.133007,0.000000,0.000000,0.000000
0.000000,-70.125099,1.323797,-1.133390,0.000000,0.000000,0.000000
0.000000,-70.125099,1.323893,-1.134348,0.000000,0.000000,0.000000
0.000000,-70.193405,1.323893,-1.134732,0.000000,0.000000,0.000000
0.000000,-70.193405,1.323893,-1.135402,0.000000,0.000000,0.000000
0.000000,-70.240776,1.323893,-1.135690,0.000000,0.000000,0.000000
0.000000,-70.312920,1.323893,-1.136169,0.000000,0.000000,0.000000
0.000000,-70.312920,1.323989,-1.136552,0.000000,0.000000,0.000000
0.000000,-70.360428,1.323989,-1.137415,0.000000,0.000000,0.000000
0.000000,-70.360428,1.323989,-1.137702,0.000000,0.000000,0.000000
0.000000,-70.433708,1.323989,-1.138181,0.000000,0.000000,0.000000
0.000000,-70.483978,1.324085,-1.138373,0.000000,0.000000,0.000000
0.000000,-70.483978,1.324085,-1.138852,0.000000,0.000000,0.000000
0.000000,-70.559471,1.324085,-1.139139,0.000000,0.000000,0.000000
0.000000,-70.559471,1.324085,-1.140002,0.000000,0.000000,0.000000
0.000000,-70.611137,1.324085,-1.140481,0.000000,0.000000,0.000000
0.000000,-70.690056,1.324085,-1.141248,0.000000,0.000000,0.000000
0.000000,-70.690056,1.324181,-1.141727,0.000000,0.000000,0.000000
0.000000,-70.742065,1.324181,-1.142781,0.000000,0.000000,0.000000
0.000000,-70.742065,1.324277,-1.143356,0.000000,0.000000,0.000000
0.000000,-70.820351,1.324277,-1.144314,0.000000,0.000000,0.000000
0.000000,-70.873055,1.324277,-1.144889,0.000000,0.000000,0.000000
0.000000,-70.873055,1.324373,-1.146231,0.000000,0.000000,0.000000
0.000000,-70.952553,1.324373,-1.146806,0.000000,0.000000,0.000000
0.000000,-70.952553,1.324373,-1.147860,0.000000,0.000000,0.000000
0.000000,-71.006485,1.324468,-1.148530,0.000000,0.000000,0.000000
0.000000,-71.089462,1.324468,-1.149489,0.000000,0.000000,0.000000
0.000000,-71.089462,1.324468,-1.149872,0.000000,0.000000,0.000000
0.000000,-71.145958,1.324468,-1.150830,0.000000,0.000000,0.000000
0.000000,-71.145958,1.324564,-1.151405,0.000000,0.000000,0.000000
0.000000,-71.232368,1.324564,-1.152364,0.000000,0.000000,0.000000
0.000000,-71.290436,1.324564,-1.152747,0.000000,0.000000,0.000000
0.000000,-71.290436,1.324660,-1.153609,0.000000,0.000000,0.000000
0.000000,-71.377434,1.324660,-1.153993,0.000000,0.000000,0.000000
0.000000,-71.377434,1.324660,-1.154663,0.000000,0.000000,0.000000
0.000000,-71.436180,1.324756,-1.154951,0.000000,0.000000,0.000000
0.000000,-71.525879,1.324756,-1.155622,0.000000,0.000000,0.000000
0.000000,-71.525879,1.324756,-1.156101,0.000000,0.000000,0.000000
0.000000,-71.585938,1.324852,-1.157251,0.000000,0.000000,0.000000
0.000000,-71.585938,1.324852,-1.157730,0.000000,0.000000,0.000000
0.000000,-71.675346,1.324852,-1.158784,0.000000,0.000000,0.000000
0.000000,-71.735046,1.324948,-1.159455,0.000000,0.000000,0.000000
0.000000,-71.735046,1.325043,-1.160509,0.000000,0.000000,0.000000
0.000000,-71.823227,1.325139,-1.161084,0.000000,0.000000,0.000000
0.000000,-71.823227,1.325139,-1.162330,0.000000,0.000000,0.000000
0.000000,-71.881607,1.325235,-1.163000,0.000000,0.000000,0.000000
0.000000,-71.970985,1.325330,-1.164150,0.000000,0.000000,0.000000
0.000000,-71.970985,1.325426,-1.164821,0.000000,0.000000,0.000000
0.000000,-72.031631,1.325522,-1.165971,0.000000,0.000000,0.000000
0.000000,-72.031631,1.325618,-1.166450,0.000000,0.000000,0.000000
0.000000,-72.123825,1.325714,-1.167600,0.000000,0.000000,0.000000
0.000000,-72.186844,1.325810,-1.168175,0.000000,0.000000,0.000000
0.000000,-72.186844,1.325810,-1.169229,0.000000,0.000000,0.000000
0.000000,-72.284729,1.325906,-1.169708,0.000000,0.000000,0.000000
0.000000,-72.284729,1.326001,-1.170858,0.000000,0.000000,0.000000
0.000000,-72.349792,1.326097,-1.171337,0.000000,0.000000,0.000000
0.000000,-72.446548,1.326097,-1.172104,0.000000,0.000000,0.000000
0.000000,-72.446548,1.326193,-1.172583,0.000000,0.000000,0.000000
0.000000,-72.512886,1.326193,-1.173637,0.000000,0.000000,0.000000
0.000000,-72.512886,1.326289,-1.174212,0.000000,0.000000,0.000000
0.000000,-72.614418,1.326289,-1.175170,0.000000,0.000000,0.000000
0.000000,-72.682999,1.326385,-1.175841,0.000000,0.000000,0.000000
0.000000,-72.682999,1.326385,-1.177087,0.000000,0.000000,0.000000
0.000000,-72.786194,1.326481,-1.177758,0.000000,0.000000,0.000000
0.000000,-72.786194,1.326481,-1.179099,0.000000,0.000000,0.000000
0.000000,-72.855339,1.326481,-1.179866,0.000000,0.000000,0.000000
0.000000,-72.960045,1.326576,-1.181207,0.000000,0.000000,0.000000
0.000000,-72.960045,1.326576,-1.181878,0.000000,0.000000,0.000000
0.000000,-73.030609,1.326672,-1.183028,0.000000,0.000000,0.000000
0.000000,-73.030609,1.326672,-1.183603,0.000000,0.000000,0.000000
0.000000,-73.136551,1.326672,-1.184849,0.000000,0.000000,0.000000
0.000000,-73.206978,1.326672,-1.185424,0.000000,0.000000,0.000000
0.000000,-73.206978,1.326672,-1.186382,0.000000,0.000000,0.000000
0.000000,-73.313614,1.326672,-1.186957,0.000000,0.000000,0.000000
0.000000,-73.313614,1.326672,-1.188011,0.000000,0.000000,0.000000
0.000000,-73.386177,1.326672,-1.188490,0.000000,0.000000,0.000000
0.000000,-73.496574,1.326672,-1.189448,0.000000,0.000000,0.000000
0.000000,-73.496574,1.326672,-1.190119,0.000000,0.000000,0.000000
0.000000,-73.570015,1.326672,-1.191365,0.000000,0.000000,0.000000
0.000000,-73.570015,1.326672,-1.191940,0.000000,0.000000,0.000000
0.000000,-73.681442,1.326672,-1.193282,0.000000,0.000000,0.000000
0.000000,-73.757103,1.326672,-1.193856,0.000000,0.000000,0.000000
0.000000,-73.757103,1.326672,-1.195102,0.000000,0.000000,0.000000
0.000000,-73.871185,1.326672,-1.195869,0.000000,0.000000,0.000000
0.000000,-73.871185,1.326672,-1.197210,0.000000,0.000000,0.000000
0.000000,-73.947411,1.326672,-1.197977,0.000000,0.000000,0.000000
0.000000,-74.063133,1.326672,-1.199319,0.000000,0.000000,0.000000
0.000000,-74.063133,1.326672,-1.199989,0.000000,0.000000,0.000000
0.000000,-74.140793,1.326672,-1.201427,0.000000,0.000000,0.000000
0.000000,-74.140793,1.326672,-1.202098,0.000000,0.000000,0.000000
0.000000,-74.257355,1.326672,-1.203343,0.000000,0.000000,0.000000
0.000000,-74.335251,1.326672,-1.204014,0.000000,0.000000,0.000000
0.000000,-74.335251,1.326672,-1.205068,0.000000,0.000000,0.000000
0.000000,-74.451645,1.326672,-1.205643,0.000000,0.000000,0.000000
0.000000,-74.451645,1.326672,-1.206889,0.000000,0.000000,0.000000
0.000000,-74.529472,1.326672,-1.207560,0.000000,0.000000,0.000000
0.000000,-74.647293,1.326672,-1.208901,0.000000,0.000000,0.000000
0.000000,-74.647293,1.326672,-1.209572,0.000000,0.000000,0.000000
0.000000,-74.726257,1.326672,-1.210914,0.000000,0.000000,0.000000
0.000000,-74.726257,1.326672,-1.211680,0.000000,0.000000,0.000000
0.000000,-74.844048,1.326672,-1.213213,0.000000,0.000000,0.000000
0.000000,-74.922737,1.326672,-1.213884,0.000000,0.000000,0.000000
0.000000,-74.922737,1.326672,-1.215322,0.000000,0.000000,0.000000
0.000000,-75.040939,1.326672,-1.215992,0.000000,0.000000,0.000000
0.000000,-75.040939,1.326672,-1.217238,0.000000,0.000000,0.000000
0.000000,-75.120483,1.326672,-1.217909,0.000000,0.000000,0.000000
0.000000,-75.240204,1.326672,-1.219155,0.000000,0.000000,0.000000
0.000000,-75.240204,1.326672,-1.219826,0.000000,0.000000,0.000000
0.000000,-75.320198,1.326672,-1.221167,0.000000,0.000000,0.000000
0.000000,-75.320198,1.326672,-1.221646,0.000000,0.000000,0.000000
0.000000,-75.440430,1.326672,-1.222892,0.000000,0.000000,0.000000
0.000000,-75.521019,1.326672,-1.223563,0.000000,0.000000,0.000000
0.000000,-75.521019,1.326672,-1.224904,0.000000,0.000000,0.000000
0.000000,-75.640968,1.326672,-1.225671,0.000000,0.000000,0.000000
0.000000,-75.640968,1.326672,-1.227108,0.000000,0.000000,0.000000
0.000000,-75.721130,1.326672,-1.227779,0.000000,0.000000,0.000000
0.000000,-75.841675,1.326672,-1.229408,0.000000,0.000000,0.000000
0.000000,-75.841675,1.326768,-1.230079,0.000000,0.000000,0.000000
0.000000,-75.922661,1.326768,-1.231612,0.000000,0.000000,0.000000
0.000000,-75.922661,1.326768,-1.232283,0.000000,0.000000,0.000000
0.000000,-76.044655,1.326768,-1.233529,0.000000,0.000000,0.000000
0.000000,-76.126587,1.326768,-1.234295,0.000000,0.000000,0.000000
0.000000,-76.126587,1.326768,-1.235637,0.000000,0.000000,0.000000
0.000000,-76.250000,1.326768,-1.236308,0.000000,0.000000,0.000000
0.000000,-76.250000,1.326768,-1.237649,0.000000,0.000000,0.000000
0.000000,-76.333076,1.326768,-1.238224,0.000000,0.000000,0.000000
0.000000,-76.457390,1.326768,-1.239470,0.000000,0.000000,0.000000
0.000000,-76.457390,1.326768,-1.240141,0.000000,0.000000,0.000000
0.000000,-76.539314,1.326768,-1.241482,0.000000,0.000000,0.000000
0.000000,-76.539314,1.326768,-1.242153,0.000000,0.000000,0.000000
0.000000,-76.660736,1.326768,-1.243686,0.000000,0.000000,0.000000
0.000000,-76.741661,1.326768,-1.244357,0.000000,0.000000,0.000000
0.000000,-76.741661,1.326768,-1.245986,0.000000,0.000000,0.000000
0.000000,-76.860580,1.326768,-1.246753,0.000000,0.000000,0.000000
0.000000,-76.860580,1.326768,-1.248286,0.000000,0.000000,0.000000
0.000000,-76.939499,1.326864,-1.249053,0.000000,0.000000,0.000000
0.000000,-77.057045,1.326864,-1.250298,0.000000,0.000000,0.000000
0.000000,-77.057045,1.326864,-1.250969,0.000000,0.000000,0.000000
0.000000,-77.133995,1.326864,-1.252119,0.000000,0.000000,0.000000
0.000000,-77.133995,1.326864,-1.252694,0.000000,0.000000,0.000000
0.000000,-77.249138,1.326864,-1.253940,0.000000,0.000000,0.000000
0.000000,-77.327316,1.326864,-1.254419,0.000000,0.000000,0.000000
0.000000,-77.327316,1.326864,-1.255473,0.000000,0.000000,0.000000
0.000000,-77.445511,1.326864,-1.256144,0.000000,0.000000,0.000000
0.000000,-77.445511,1.326864,-1.257485,0.000000,0.000000,0.000000
0.000000,-77.523827,1.326864,-1.258156,0.000000,0.000000,0.000000
0.000000,-77.638664,1.326864,-1.259689,0.000000,0.000000,0.000000
0.000000,-77.638664,1.326864,-1.260360,0.000000,0.000000,0.000000
0.000000,-77.713837,1.326864,-1.261798,0.000000,0.000000,0.000000
0.000000,-77.713837,1.326864,-1.262564,0.000000,0.000000,0.000000
0.000000,-77.822968,1.326960,-1.264002,0.000000,0.000000,0.000000
0.000000,-77.894867,1.326960,-1.264768,0.000000,0.000000,0.000000
0.000000,-77.894867,1.326960,-1.266110,0.000000,0.000000,0.000000
0.000000,-78.003990,1.326960,-1.266685,0.000000,0.000000,0.000000
0.000000,-78.003990,1.326960,-1.268122,0.000000,0.000000,0.000000
0.000000,-78.078041,1.326960,-1.268793,0.000000,0.000000,0.000000
0.000000,-78.190918,1.326960,-1.269943,0.000000,0.000000,0.000000
0.000000,-78.190918,1.326960,-1.270614,0.000000,0.000000,0.000000
0.000000,-78.267128,1.326960,-1.271572,0.000000,0.000000,0.000000
0.000000,-78.267128,1.326960,-1.272051,0.000000,0.000000,0.000000
0.000000,-78.380180,1.326960,-1.273201,0.000000,0.000000,0.000000
0.000000,-78.454887,1.326960,-1.273872,0.000000,0.000000,0.000000
0.000000,-78.454887,1.326960,-1.275117,0.000000,0.000000,0.000000
0.000000,-78.565125,1.326960,-1.275788,0.000000,0.000000,0.000000
0.000000,-78.565125,1.326960,-1.277226,0.000000,0.000000,0.000000
0.000000,-78.637413,1.326960,-1.277897,0.000000,0.000000,0.000000
0.000000,-78.741997,1.326960,-1.279430,0.000000,0.000000,0.000000
0.000000,-78.741997,1.327056,-1.280196,0.000000,0.000000,0.000000
0.000000,-78.810745,1.327056,-1.281538,0.000000,0.000000,0.000000
0.000000,-78.810745,1.327056,-1.282209,0.000000,0.000000,0.000000
0.000000,-78.914566,1.327056,-1.283263,0.000000,0.000000,0.000000
0.000000,-78.984077,1.327152,-1.283934,0.000000,0.000000,0.000000
0.000000,-78.984077,1.327152,-1.285179,0.000000,0.000000,0.000000
0.000000,-79.089401,1.327152,-1.285658,0.000000,0.000000,0.000000
0.000000,-79.089401,1.327152,-1.286713,0.000000,0.000000,0.000000
0.000000,-79.160698,1.327152,-1.287287,0.000000,0.000000,0.000000
0.000000,-79.267273,1.327152,-1.288150,0.000000,0.000000,0.000000
0.000000,-79.267273,1.327152,-1.288629,0.000000,0.000000,0.000000
0.000000,-79.337555,1.327152,-1.289779,0.000000,0.000000,0.000000
0.000000,-79.337555,1.327152,-1.290354,0.000000,0.000000,0.000000
0.000000,-79.440796,1.327152,-1.291408,0.000000,0.000000,0.000000
0.000000,-79.508682,1.327152,-1.291983,0.000000,0.000000,0.000000
0.000000,-79.508682,1.327152,-1.293325,0.000000,0.000000,0.000000
0.000000,-79.608727,1.327152,-1.293900,0.000000,0.000000,0.000000
0.000000,-79.608727,1.327152,-1.295241,0.000000,0.000000,0.000000
0.000000,-79.674782,1.327152,-1.295912,0.000000,0.000000,0.000000
0.000000,-79.772469,1.327152,-1.297253,0.000000,0.000000,0.000000
0.000000,-79.772469,1.327152,-1.297924,0.000000,0.000000,0.000000
0.000000,-79.836960,1.327247,-1.299170,0.000000,0.000000,0.000000
0.000000,-79.836960,1.327247,-1.299745,0.000000,0.000000,0.000000
0.000000,-79.932991,1.327247,-1.300991,0.000000,0.000000,0.000000
0.000000,-79.996971,1.327247,-1.301661,0.000000,0.000000,0.000000
0.000000,-79.996971,1.327247,-1.302716,0.000000,0.000000,0.000000
0.000000,-80.094170,1.327247,-1.303195,0.000000,0.000000,0.000000
0.000000,-80.094170,1.327247,-1.304249,0.000000,0.000000,0.000000
0.000000,-80.159508,1.327247,-1.304728,0.000000,0.000000,0.000000
0.000000,-80.257309,1.327247,-1.305590,0.000000,0.000000,0.000000
0.000000,-80.257309,1.327247,-1.306069,0.000000,0.000000,0.000000
0.000000,-80.322395,1.327247,-1.307219,0.000000,0.000000,0.000000
0.000000,-80.322395,1.327247,-1.307794,0.000000,0.000000,0.000000
0.000000,-80.419418,1.327247,-1.308944,0.000000,0.000000,0.000000
0.000000,-80.484169,1.327247,-1.309519,0.000000,0.000000,0.000000
0.000000,-80.484169,1.327247,-1.310669,0.000000,0.000000,0.000000
0.000000,-80.580788,1.327247,-1.311340,0.000000,0.000000,0.000000
0.000000,-80.580788,1.327247,-1.312777,0.000000,0.000000,0.000000
0.000000,-80.645218,1.327247,-1.313352,0.000000,0.000000,0.000000
0.000000,-80.743172,1.327247,-1.314694,0.000000,0.000000,0.000000
0.000000,-80.743172,1.327247,-1.315269,0.000000,0.000000,0.000000
0.000000,-80.808975,1.327247,-1.316419,0.000000,0.000000,0.000000
0.000000,-80.808975,1.327247,-1.316994,0.000000,0.000000,0.000000
0.000000,-80.907616,1.327247,-1.318239,0.000000,0.000000,0.000000
0.000000,-80.973618,1.327343,-1.318719,0.000000,0.000000,0.000000
0.000000,-80.973618,1.327343,-1.319677,0.000000,0.000000,0.000000
0.000000,-81.073677,1.327343,-1.320252,0.000000,0.000000,0.000000
0.000000,-81.073677,1.327343,-1.321210,0.000000,0.000000,0.000000
0.000000,-81.140457,1.327343,-1.321593,0.000000,0.000000,0.000000
0.000000,-81.239212,1.327343,-1.322743,0.000000,0.000000,0.000000
0.000000,-81.239212,1.327343,-1.323318,0.000000,0.000000,0.000000
0.000000,-81.304733,1.327343,-1.324468,0.000000,0.000000,0.000000
0.000000,-81.304733,1.327343,-1.325043,0.000000,0.000000,0.000000
0.000000,-81.402222,1.327343,-1.326385,0.000000,0.000000,0.000000
0.000000,-81.467049,1.327343,-1.326864,0.000000,0.000000,0.000000
0.000000,-81.467049,1.327343,-1.328110,0.000000,0.000000,0.000000
0.000000,-81.563316,1.327343,-1.328780,0.000000,0.000000,0.000000
0.000000,-81.563316,1.327343,-1.329834,0.000000,0.000000,0.000000
0.000000,-81.627563,1.327343,-1.330409,0.000000,0.000000,0.000000
0.000000,-81.724159,1.327439,-1.331655,0.000000,0.000000,0.000000
0.000000,-81.724159,1.327439,-1.332230,0.000000,0.000000,0.000000
0.000000,-81.788506,1.327439,-1.333284,0.000000,0.000000,0.000000
0.000000,-81.788506,1.327439,-1.333859,0.000000,0.000000,0.000000
0.000000,-81.885284,1.327439,-1.335009,0.000000,0.000000,0.000000
0.000000,-81.950249,1.327439,-1.335488,0.000000,0.000000,0.000000
0.000000,-81.950249,1.327439,-1.336638,0.000000,0.000000,0.000000
0.000000,-82.046654,1.327439,-1.337117,0.000000,0.000000,0.000000
0.000000,-82.046654,1.327439,-1.337980,0.000000,0.000000,0.000000
0.000000,-82.110909,1.327534,-1.338363,0.000000,0.000000,0.000000
0.000000,-82.206024,1.327534,-1.339321,0.000000,0.000000,0.000000
0.000000,-82.206024,1.327534,-1.339896,0.000000,0.000000,0.000000
0.000000,-82.269547,1.327534,-1.340950,0.000000,0.000000,0.000000
0.000000,-82.269547,1.327534,-1.341525,0.000000,0.000000,0.000000
0.000000,-82.363838,1.327534,-1.342867,0.000000,0.000000,0.000000
0.000000,-82.426926,1.327534,-1.343442,0.000000,0.000000,0.000000
0.000000,-82.426926,1.327534,-1.344688,0.000000,0.000000,0.000000
0.000000,-82.520103,1.327534,-1.345454,0.000000,0.000000,0.000000
0.000000,-82.520103,1.327534,-1.346700,0.000000,0.000000,0.000000
0.000000,-82.582588,1.327534,-1.347275,0.000000,0.000000,0.000000
0.000000,-82.675850,1.327534,-1.348425,0.000000,0.000000,0.000000
0.000000,-82.675850,1.327534,-1.348904,0.000000,0.000000,0.000000
0.000000,-82.738220,1.327534,-1.349862,0.000000,0.000000,0.000000
0.000000,-82.738220,1.327534,-1.350437,0.000000,0.000000,0.000000
0.000000,-82.832001,1.327534,-1.351491,0.000000,0.000000,0.000000
0.000000,-82.895729,1.327534,-1.351970,0.000000,0.000000,0.000000
0.000000,-82.895729,1.327534,-1.352929,0.000000,0.000000,0.000000
0.000000,-82.991165,1.327534,-1.353504,0.000000,0.000000,0.000000
0.000000,-82.991165,1.327534,-1.354366,0.000000,0.000000,0.000000
0.000000,-83.054840,1.327534,-1.354749,0.000000,0.000000,0.000000
0.000000,-83.149467,1.327534,-1.355804,0.000000,0.000000,0.000000
0.000000,-83.149467,1.327534,-1.356474,0.000000,0.000000,0.000000
0.000000,-83.213181,1.327534,-1.357624,0.000000,0.000000,0.000000
0.000000,-83.213181,1.327534,-1.358199,0.000000,0.000000,0.000000
0.000000,-83.306602,1.327534,-1.359445,0.000000,0.000000,0.000000
0.000000,-83.369102,1.327534,-1.360020,0.000000,0.000000,0.000000
0.000000,-83.369102,1.327534,-1.361266,0.000000,0.000000,0.000000
0.000000,-83.461273,1.327534,-1.361936,0.000000,0.000000,0.000000
0.000000,-83.461273,1.327534,-1.363182,0.000000,0.000000,0.000000
0.000000,-83.522591,1.327534,-1.363757,0.000000,0.000000,0.000000
0.000000,-83.614716,1.327630,-1.364907,0.000000,0.000000,0.000000
0.000000,-83.614716,1.327630,-1.365482,0.000000,0.000000,0.000000
0.000000,-83.677116,1.327630,-1.366440,0.000000,0.000000,0.000000
0.000000,-83.677116,1.327630,-1.367015,0.000000,0.000000,0.000000
0.000000,-83.771759,1.327630,-1.367973,0.000000,0.000000,0.000000
0.000000,-83.836403,1.327630,-1.368453,0.000000,0.000000,0.000000
0.000000,-83.836403,1.327630,-1.369315,0.000000,0.000000,0.000000
0.000000,-83.933182,1.327630,-1.369794,0.000000,0.000000,0.000000
0.000000,-83.933182,1.327630,-1.370753,0.000000,0.000000,0.000000
0.000000,-83.998657,1.327630,-1.371136,0.000000,0.000000,0.000000
0.000000,-84.096626,1.327630,-1.371902,0.000000,0.000000,0.000000
0.000000,-84.096626,1.327630,-1.372477,0.000000,0.000000,0.000000
0.000000,-84.163078,1.327630,-1.373627,0.000000,0.000000,0.000000
0.000000,-84.163078,1.327630,-1.374202,0.000000,0.000000,0.000000
0.000000,-84.261475,1.327630,-1.375448,0.000000,0.000000,0.000000
0.000000,-84.328033,1.327630,-1.376119,0.000000,0.000000,0.000000
0.000000,-84.328033,1.327630,-1.377365,0.000000,0.000000,0.000000
0.000000,-84.425964,1.327630,-1.378035,0.000000,0.000000,0.000000
0.000000,-84.425964,1.327630,-1.379473,0.000000,0.000000,0.000000
0.000000,-84.491043,1.327630,-1.380048,0.000000,0.000000,0.000000
0.000000,-84.586395,1.327630,-1.381389,0.000000,0.000000,0.000000
0.000000,-84.586395,1.327630,-1.381964,0.000000,0.000000,0.000000
0.000000,-84.650002,1.327630,-1.383018,0.000000,0.000000,0.000000
0.000000,-84.650002,1.327726,-1.383593,0.000000,0.000000,0.000000
0.000000,-84.745918,1.327726,-1.384743,0.000000,0.000000,0.000000
0.000000,-84.811218,1.327726,-1.385126,0.000000,0.000000,0.000000
0.000000,-84.811218,1.327726,-1.386085,0.000000,0.000000,0.000000
0.000000,-84.909866,1.327726,-1.386564,0.000000,0.000000,0.000000
0.000000,-84.909866,1.327726,-1.387522,0.000000,0.000000,0.000000
0.000000,-84.976936,1.327726,-1.387905,0.000000,0.000000,0.000000
0.000000,-85.076820,1.327726,-1.388768,0.000000,0.000000,0.000000
0.000000,-85.076820,1.327726,-1.389343,0.000000,0.000000,0.000000
0.000000,-85.144203,1.327726,-1.390684,0.000000,0.000000,0.000000
0.000000,-85.144203,1.327822,-1.391259,0.000000,0.000000,0.000000
0.000000,-85.242279,1.327822,-1.392601,0.000000,0.000000,0.000000
0.000000,-85.306900,1.327822,-1.393272,0.000000,0.000000,0.000000
0.000000,-85.306900,1.327918,-1.394613,0.000000,0.000000,0.000000
0.000000,-85.402985,1.327918,-1.395380,0.000000,0.000000,0.000000
0.000000,-85.402985,1.328014,-1.396626,0.000000,0.000000,0.000000
0.000000,-85.468033,1.328110,-1.397296,0.000000,0.000000,0.000000
0.000000,-85.566895,1.328205,-1.398542,0.000000,0.000000,0.000000
0.000000,-85.566895,1.328301,-1.399117,0.000000,0.000000,0.000000
0.000000,-85.633308,1.328397,-1.400267,0.000000,0.000000,0.000000
0.000000,-85.633308,1.328493,-1.400938,0.000000,0.000000,0.000000
0.000000,-85.734650,1.328493,-1.401992,0.000000,0.000000,0.000000
0.000000,-85.804260,1.328589,-1.402567,0.000000,0.000000,0.000000
0.000000,-85.804260,1.328589,-1.403621,0.000000,0.000000,0.000000
0.000000,-85.910172,1.328685,-1.404100,0.000000,0.000000,0.000000
0.000000,-85.910172,1.328685,-1.404963,0.000000,0.000000,0.000000
0.000000,-85.982292,1.328780,-1.405442,0.000000,0.000000,0.000000
0.000000,-86.091309,1.328780,-1.406592,0.000000,0.000000,0.000000
0.000000,-86.091309,1.328876,-1.407167,0.000000,0.000000,0.000000
0.000000,-86.165100,1.328876,-1.408316,0.000000,0.000000,0.000000
0.000000,-86.165100,1.328972,-1.408987,0.000000,0.000000,0.000000
0.000000,-86.276535,1.329068,-1.410329,0.000000,0.000000,0.000000
0.000000,-86.350578,1.329068,-1.411095,0.000000,0.000000,0.000000
0.000000,-86.350578,1.329164,-1.412629,0.000000,0.000000,0.000000
0.000000,-86.460785,1.329260,-1.413300,0.000000,0.000000,0.000000
0.000000,-86.460785,1.329260,-1.414833,0.000000,0.000000,0.000000
0.000000,-86.535339,1.329355,-1.415408,0.000000,0.000000,0.000000
0.000000,-86.648849,1.329355,-1.416653,0.000000,0.000000,0.000000
0.000000,-86.648849,1.329355,-1.417420,0.000000,0.000000,0.000000
0.000000,-86.725769,1.329451,-1.418570,0.000000,0.000000,0.000000
0.000000,-86.725769,1.329451,-1.419241,0.000000,0.000000,0.000000
0.000000,-86.843468,1.329451,-1.420487,0.000000,0.000000,0.000000
0.000000,-86.923698,1.329547,-1.420966,0.000000,0.000000,0.000000
0.000000,-86.923698,1.329547,-1.422116,0.000000,0.000000,0.000000
0.000000,-87.044975,1.329547,-1.422882,0.000000,0.000000,0.000000
0.000000,-87.044975,1.329547,-1.424224,0.000000,0.000000,0.000000
0.000000,-87.125923,1.329547,-1.424894,0.000000,0.000000,0.000000
0.000000,-87.246841,1.329547,-1.426332,0.000000,0.000000,0.000000
0.000000,-87.246841,1.329643,-1.427003,0.000000,0.000000,0.000000
0.000000,-87.326668,1.329643,-1.428536,0.000000,0.000000,0.000000
0.000000,-87.326668,1.329643,-1.429303,0.000000,0.000000,0.000000
0.000000,-87.445946,1.329643,-1.430836,0.000000,0.000000,0.000000
0.000000,-87.525864,1.329643,-1.431507,0.000000,0.000000,0.000000
0.000000,-87.525864,1.329643,-1.432944,0.000000,0.000000,0.000000
0.000000,-87.646973,1.329643,-1.433711,0.000000,0.000000,0.000000
0.000000,-87.646973,1.329643,-1.435052,0.000000,0.000000,0.000000
0.000000,-87.728165,1.329643,-1.435723,0.000000,0.000000,0.000000
0.000000,-87.850410,1.329643,-1.437065,0.000000,0.000000,0.000000
0.000000,-87.850410,1.329643,-1.437639,0.000000,0.000000,0.000000
0.000000,-87.930878,1.329643,-1.438885,0.000000,0.000000,0.000000
0.000000,-87.930878,1.329643,-1.439556,0.000000,0.000000,0.000000
0.000000,-88.050774,1.329643,-1.440898,0.000000,0.000000,0.000000
0.000000,-88.130318,1.329643,-1.441568,0.000000,0.000000,0.000000
0.000000,-88.130318,1.329643,-1.443006,0.000000,0.000000,0.000000
0.000000,-88.248779,1.329643,-1.443772,0.000000,0.000000,0.000000
0.000000,-88.248779,1.329643,-1.445210,0.000000,0.000000,0.000000
0.000000,-88.325096,1.329643,-1.445976,0.000000,0.000000,0.000000
0.000000,-88.435921,1.329643,-1.447318,0.000000,0.000000,0.000000
0.000000,-88.435921,1.329643,-1.448084,0.000000,0.000000,0.000000
0.000000,-88.509514,1.329643,-1.449330,0.000000,0.000000,0.000000
0.000000,-88.509514,1.329643,-1.450001,0.000000,0.000000,0.000000
0.000000,-88.622139,1.329643,-1.451343,0.000000,0.000000,0.000000
0.000000,-88.698334,1.329643,-1.451918,0.000000,0.000000,0.000000
0.000000,-88.698334,1.329643,-1.453259,0.000000,0.000000,0.000000
0.000000,-88.812813,1.329643,-1.453834,0.000000,0.000000,0.000000
0.000000,-88.812813,1.329643,-1.454888,0.000000,0.000000,0.000000
0.000000,-88.888245,1.329643,-1.455559,0.000000,0.000000,0.000000
0.000000,-88.998474,1.329643,-1.456901,0.000000,0.000000,0.000000
0.000000,-88.998474,1.329643,-1.457476,0.000000,0.000000,0.000000
0.000000,-89.069496,1.329643,-1.458913,0.000000,0.000000,0.000000
0.000000,-89.069496,1.329643,-1.459584,0.000000,0.000000,0.000000
0.000000,-89.171646,1.329643,-1.460829,0.000000,0.000000,0.000000
0.000000,-89.237198,1.329643,-1.461596,0.000000,0.000000,0.000000
0.000000,-89.237198,1.329643,-1.462938,0.000000,0.000000,0.000000
0.000000,-89.333199,1.329643,-1.463513,0.000000,0.000000,0.000000
0.000000,-89.333199,1.329643,-1.464759,0.000000,0.000000,0.000000
0.000000,-89.397148,1.329643,-1.465238,0.000000,0.000000,0.000000
0.000000,-89.493538,1.329643,-1.466292,0.000000,0.000000,0.000000
0.000000,-89.493538,1.329643,-1.466962,0.000000,0.000000,0.000000
0.000000,-89.557747,1.329643,-1.468017,0.000000,0.000000,0.000000
0.000000,-89.557747,1.329643,-1.468591,0.000000,0.000000,0.000000
0.000000,-89.653114,1.329643,-1.469646,0.000000,0.000000,0.000000
0.000000,-89.715515,1.329643,-1.470125,0.000000,0.000000,0.000000
0.000000,-89.715515,1.329643,-1.470987,0.000000,0.000000,0.000000
0.000000,-89.806297,1.329643,-1.471370,0.000000,0.000000,0.000000
0.000000,-89.806297,1.329643,-1.472520,0.000000,0.000000,0.000000
0.000000,-89.865173,1.329643,-1.473095,0.000000,0.000000,0.000000
0.000000,-89.951187,1.329643,-1.474054,0.000000,0.000000,0.000000
0.000000,-89.951187,1.329643,-1.474629,0.000000,0.000000,0.000000
0.000000,-90.006622,1.329643,-1.475874,0.000000,0.000000,0.000000
0.000000,-90.006622,1.329643,-1.476449,0.000000,0.000000,0.000000
0.000000,-90.087212,1.329739,-1.477599,0.000000,0.000000,0.000000
0.000000,-90.139511,1.329739,-1.478270,0.000000,0.000000,0.000000
0.000000,-90.139511,1.329739,-1.479420,0.000000,0.000000,0.000000
0.000000,-90.218040,1.329739,-1.480091,0.000000,0.000000,0.000000
0.000000,-90.218040,1.329739,-1.481241,0.000000,0.000000,0.000000
0.000000,-90.270065,1.329739,-1.481720,0.000000,0.000000,0.000000
0.000000,-90.347534,1.329739,-1.482486,0.000000,0.000000,0.000000
0.000000,-90.347534,1.329739,-1.482965,0.000000,0.000000,0.000000
0.000000,-90.399826,1.329739,-1.483924,0.000000,0.000000,0.000000
0.000000,-90.399826,1.329739,-1.484307,0.000000,0.000000,0.000000
0.000000,-90.480118,1.329739,-1.484882,0.000000,0.000000,0.000000
0.000000,-90.534126,1.329739,-1.485265,0.000000,0.000000,0.000000
0.000000,-90.534126,1.329739,-1.486224,0.000000,0.000000,0.000000
0.000000,-90.614616,1.329739,-1.486607,0.000000,0.000000,0.000000
0.000000,-90.614616,1.329739,-1.487278,0.000000,0.000000,0.000000
0.000000,-90.668251,1.329739,-1.487661,0.000000,0.000000,0.000000
0.000000,-90.748001,1.329739,-1.488523,0.000000,0.000000,0.000000
0.000000,-90.748001,1.329739,-1.489003,0.000000,0.000000,0.000000
0.000000,-90.800636,1.329739,-1.490152,0.000000,0.000000,0.000000
0.000000,-90.800636,1.329739,-1.490632,0.000000,0.000000,0.000000
0.000000,-90.878693,1.329739,-1.491782,0.000000,0.000000,0.000000
0.000000,-90.930664,1.329739,-1.492357,0.000000,0.000000,0.000000
0.000000,-90.930664,1.329739,-1.493411,0.000000,0.000000,0.000000
0.000000,-91.008057,1.329739,-1.493986,0.000000,0.000000,0.000000
0.000000,-91.008057,1.329835,-1.495231,0.000000,0.000000,0.000000
0.000000,-91.059425,1.329835,-1.495710,0.000000,0.000000,0.000000
0.000000,-91.137695,1.329835,-1.496860,0.000000,0.000000,0.000000
0.000000,-91.137695,1.329835,-1.497435,0.000000,0.000000,0.000000
0.000000,-91.190987,1.329835,-1.498394,0.000000,0.000000,0.000000
0.000000,-91.190987,1.329835,-1.498777,0.000000,0.000000,0.000000
0.000000,-91.271751,1.329835,-1.499735,0.000000,0.000000,0.000000
0.000000,-91.326057,1.329835,-1.500214,0.000000,0.000000,0.000000
0.000000,-91.326057,1.329835,-1.501173,0.000000,0.000000,0.000000
0.000000,-91.409172,1.329835,-1.501556,0.000000,0.000000,0.000000
0.000000,-91.409172,1.329835,-1.502322,0.000000,0.000000,0.000000
0.000000,-91.465675,1.329835,-1.502802,0.000000,0.000000,0.000000
0.000000,-91.550232,1.329835,-1.503472,0.000000,0.000000,0.000000
0.000000,-91.550232,1.329835,-1.503760,0.000000,0.000000,0.000000
0.000000,-91.606873,1.329835,-1.504239,0.000000,0.000000,0.000000
0.000000,-91.606873,1.329835,-1.504622,0.000000,0.000000,0.000000
0.000000,-91.691956,1.329835,-1.505676,0.000000,0.000000,0.000000
0.000000,-91.749367,1.329835,-1.506156,0.000000,0.000000,0.000000
0.000000,-91.749367,1.329835,-1.507114,0.000000,0.000000,0.000000
0.000000,-91.834488,1.329835,-1.507689,0.000000,0.000000,0.000000
0.000000,-91.834488,1.329835,-1.508839,0.000000,0.000000,0.000000
0.000000,-91.889259,1.329835,-1.509414,0.000000,0.000000,0.000000
0.000000,-91.967873,1.329835,-1.510563,0.000000,0.000000,0.000000
0.000000,-91.967873,1.329835,-1.511234,0.000000,0.000000,0.000000
0.000000,-92.020264,1.329835,-1.512384,0.000000,0.000000,0.000000
0.000000,-92.020264,1.329835,-1.512959,0.000000,0.000000,0.000000
0.000000,-92.098984,1.329835,-1.514109,0.000000,0.000000,0.000000
0.000000,-92.152664,1.329835,-1.514588,0.000000,0.000000,0.000000
0.000000,-92.152664,1.329835,-1.515451,0.000000,0.000000,0.000000
0.000000,-92.235535,1.329835,-1.515930,0.000000,0.000000,0.000000
0.000000,-92.235535,1.329835,-1.516984,0.000000,0.000000,0.000000
0.000000,-92.291908,1.329835,-1.517463,0.000000,0.000000,0.000000
0.000000,-92.377922,1.329835,-1.518325,0.000000,0.000000,0.000000
0.000000,-92.377922,1.329835,-1.518709,0.000000,0.000000,0.000000
0.000000,-92.436928,1.329835,-1.519763,0.000000,0.000000,0.000000
0.000000,-92.436928,1.329835,-1.520146,0.000000,0.000000,0.000000
0.000000,-92.525803,1.329835,-1.520817,0.000000,0.000000,0.000000
0.000000,-92.584473,1.329835,-1.521200,0.000000,0.000000,0.000000
0.000000,-92.584473,1.329835,-1.522159,0.000000,0.000000,0.000000
0.000000,-92.671516,1.329835,-1.522734,0.000000,0.000000,0.000000
0.000000,-92.671516,1.329835,-1.523596,0.000000,0.000000,0.000000
0.000000,-92.729652,1.329835,-1.524075,0.000000,0.000000,0.000000
0.000000,-92.815292,1.329835,-1.525321,0.000000,0.000000,0.000000
0.000000,-92.815292,1.329835,-1.525800,0.000000,0.000000,0.000000
0.000000,-92.871651,1.329835,-1.526854,0.000000,0.000000,0.000000
0.000000,-92.871651,1.329835,-1.527429,0.000000,0.000000,0.000000
0.000000,-92.955574,1.329835,-1.528675,0.000000,0.000000,0.000000
0.000000,-93.012032,1.329835,-1.529250,0.000000,0.000000,0.000000
0.000000,-93.012032,1.329835,-1.530400,0.000000,0.000000,0.000000
0.000000,-93.097282,1.329835,-1.531070,0.000000,0.000000,0.000000
0.000000,-93.097282,1.329835,-1.532029,0.000000,0.000000,0.000000
0.000000,-93.154961,1.329835,-1.532508,0.000000,0.000000,0.000000
0.000000,-93.244156,1.329835,-1.533658,0.000000,0.000000,0.000000
0.000000,-93.244156,1.329835,-1.534137,0.000000,0.000000,0.000000
0.000000,-93.305527,1.329835,-1.535095,0.000000,0.000000,0.000000
0.000000,-93.305527,1.329835,-1.535574,0.000000,0.000000,0.000000
0.000000,-93.398872,1.329835,-1.536533,0.000000,0.000000,0.000000
0.000000,-93.462357,1.329835,-1.536916,0.000000,0.000000,0.000000
0.000000,-93.462357,1.329835,-1.537683,0.000000,0.000000,0.000000
0.000000,-93.558548,1.329835,-1.538162,0.000000,0.000000,0.000000
0.000000,-93.558548,1.329835,-1.539312,0.000000,0.000000,0.000000
0.000000,-93.622917,1.329835,-1.539791,0.000000,0.000000,0.000000
0.000000,-93.718102,1.329835,-1.540845,0.000000,0.000000,0.000000
0.000000,-93.718102,1.329835,-1.541420,0.000000,0.000000,0.000000
0.000000,-93.780998,1.329835,-1.542474,0.000000,0.000000,0.000000
0.000000,-93.780998,1.329835,-1.542953,0.000000,0.000000,0.000000
0.000000,-93.872780,1.329835,-1.544103,0.000000,0.000000,0.000000
0.000000,-93.932686,1.329930,-1.544774,0.000000,0.000000,0.000000
0.000000,-93.932686,1.329930,-1.545924,0.000000,0.000000,0.000000
0.000000,-94.020950,1.329930,-1.546499,0.000000,0.000000,0.000000
0.000000,-94.020950,1.329930,-1.547648,0.000000,0.000000,0.000000
0.000000,-94.079720,1.329930,-1.548128,0.000000,0.000000,0.000000
0.000000,-94.166985,1.329930,-1.549086,0.000000,0.000000,0.000000
0.000000,-94.166985,1.329930,-1.549661,0.000000,0.000000,0.000000
0.000000,-94.224998,1.329930,-1.550811,0.000000,0.000000,0.000000
0.000000,-94.224998,1.329930,-1.551194,0.000000,0.000000,0.000000
0.000000,-94.312607,1.329930,-1.552057,0.000000,0.000000,0.000000
0.000000,-94.371155,1.329930,-1.552536,0.000000,0.000000,0.000000
0.000000,-94.371155,1.329930,-1.553494,0.000000,0.000000,0.000000
0.000000,-94.457375,1.329930,-1.553877,0.000000,0.000000,0.000000
0.000000,-94.457375,1.329930,-1.554644,0.000000,0.000000,0.000000
0.000000,-94.514030,1.329930,-1.555219,0.000000,0.000000,0.000000
0.000000,-94.597313,1.329930,-1.556273,0.000000,0.000000,0.000000
0.000000,-94.597313,1.329930,-1.556752,0.000000,0.000000,0.000000
0.000000,-94.651421,1.329930,-1.557902,0.000000,0.000000,0.000000
0.000000,-94.651421,1.329930,-1.558477,0.000000,0.000000,0.000000
0.000000,-94.729202,1.329930,-1.559435,0.000000,0.000000,0.000000
0.000000,-94.778648,1.329930,-1.559914,0.000000,0.000000,0.000000
0.000000,-94.778648,1.330026,-1.561064,0.000000,0.000000,0.000000
0.000000,-94.850700,1.330026,-1.561543,0.000000,0.000000,0.000000
0.000000,-94.850700,1.330026,-1.562406,0.000000,0.000000,0.000000
0.000000,-94.898140,1.330026,-1.562789,0.000000,0.000000,0.000000
0.000000,-94.971046,1.330026,-1.563843,0.000000,0.000000,0.000000
0.000000,-94.971046,1.330026,-1.564322,0.000000,0.000000,0.000000
0.000000,-95.020042,1.330026,-1.564993,0.000000,0.000000,0.000000
0.000000,-95.020042,1.330026,-1.565376,0.000000,0.000000,0.000000
0.000000,-95.093742,1.330122,-1.566335,0.000000,0.000000,0.000000
0.000000,-95.142517,1.330122,-1.566814,0.000000,0.000000,0.000000
0.000000,-95.142517,1.330122,-1.567676,0.000000,0.000000,0.000000
0.000000,-95.215141,1.330122,-1.567964,0.000000,0.000000,0.000000
0.000000,-95.215141,1.330122,-1.568826,0.000000,0.000000,0.000000
0.000000,-95.262642,1.330122,-1.569305,0.000000,0.000000,0.000000
0.000000,-95.333092,1.330122,-1.569976,0.000000,0.000000,0.000000
0.000000,-95.333092,1.330122,-1.570168,0.000000,0.000000,0.000000
0.000000,-95.379425,1.330122,-1.570647,0.000000,0.000000,0.000000
0.000000,-95.379425,1.330122,-1.570934,0.000000,0.000000,0.000000
0.000000,-95.447830,1.330122,-1.571797,0.000000,0.000000,0.000000
0.000000,-95.492142,1.330122,-1.572180,0.000000,0.000000,0.000000
0.000000,-95.492142,1.330122,-1.573043,0.000000,0.000000,0.000000
0.000000,-95.556618,1.330218,-1.573330,0.000000,0.000000,0.000000
0.000000,-95.556618,1.330218,-1.574097,0.000000,0.000000,0.000000
0.000000,-95.597641,1.330218,-1.574576,0.000000,0.000000,0.000000
0.000000,-95.655579,1.330218,-1.575534,0.000000,0.000000,0.000000
0.000000,-95.655579,1.330313,-1.575822,0.000000,0.000000,0.000000
0.000000,-95.692596,1.330313,-1.576588,0.000000,0.000000,0.000000
0.000000,-95.692596,1.330313,-1.577067,0.000000,0.000000,0.000000
0.000000,-95.747704,1.330313,-1.578121,0.000000,0.000000,0.000000
0.000000,-95.783920,1.330313,-1.578601,0.000000,0.000000,0.000000
0.000000,-95.783920,1.330409,-1.579271,0.000000,0.000000,0.000000
0.000000,-95.837410,1.330409,-1.579655,0.000000,0.000000,0.000000
0.000000,-95.837410,1.330409,-1.580421,0.000000,0.000000,0.000000
0.000000,-95.872383,1.330409,-1.580709,0.000000,0.000000,0.000000
0.000000,-95.925804,1.330409,-1.581188,0.000000,0.000000,0.000000
0.000000,-95.925804,1.330409,-1.581379,0.000000,0.000000,0.000000
0.000000,-95.961502,1.330409,-1.581763,0.000000,0.000000,0.000000
0.000000,-95.961502,1.330409,-1.581954,0.000000,0.000000,0.000000
0.000000,-96.014427,1.330409,-1.582721,0.000000,0.000000,0.000000
0.000000,-96.048393,1.330409,-1.583104,0.000000,0.000000,0.000000
0.000000,-96.048393,1.330409,-1.583775,0.000000,0.000000,0.000000
0.000000,-96.098267,1.330409,-1.583967,0.000000,0.000000,0.000000
0.000000,-96.098267,1.330409,-1.584254,0.000000,0.000000,0.000000
0.000000,-96.130325,1.330409,-1.584446,0.000000,0.000000,0.000000
0.000000,-96.177048,1.330409,-1.584829,0.000000,0.000000,0.000000
0.000000,-96.177048,1.330409,-1.585117,0.000000,0.000000,0.000000
0.000000,-96.207436,1.330409,-1.585692,0.000000,0.000000,0.000000
0.000000,-96.207436,1.330409,-1.585979,0.000000,0.000000,0.000000
0.000000,-96.253845,1.330409,-1.586267,0.000000,0.000000,0.000000
0.000000,-96.283386,1.330409,-1.586458,0.000000,0.000000,0.000000
0.000000,-96.283386,1.330409,-1.586554,0.000000,0.000000,0.000000
0.000000,-96.324738,1.330409,-1.586650,0.000000,0.000000,0.000000
0.000000,-96.324738,1.330409,-1.586937,0.000000,0.000000,0.000000
0.000000,-96.351479,1.330409,-1.587033,0.000000,0.000000,0.000000
0.000000,-96.390976,1.330409,-1.587417,0.000000,0.000000,0.000000
0.000000,-96.390976,1.330409,-1.587800,0.000000,0.000000,0.000000
0.000000,-96.415665,1.330409,-1.588471,0.000000,0.000000,0.000000
0.000000,-96.415665,1.330409,-1.588950,0.000000,0.000000,0.000000
0.000000,-96.449448,1.330409,-1.589429,0.000000,0.000000,0.000000
0.000000,-96.470825,1.330409,-1.589621,0.000000,0.000000,0.000000
0.000000,-96.470825,1.330409,-1.590004,0.000000,0.000000,0.000000
0.000000,-96.502861,1.330409,-1.590291,0.000000,0.000000,0.000000
0.000000,-96.502861,1.330409,-1.590962,0.000000,0.000000,0.000000
0.000000,-96.524162,1.330409,-1.591345,0.000000,0.000000,0.000000
0.000000,-96.558044,1.330409,-1.592016,0.000000,0.000000,0.000000
0.000000,-96.558044,1.330409,-1.592304,0.000000,0.000000,0.000000
0.000000,-96.581375,1.330409,-1.592783,0.000000,0.000000,0.000000
0.000000,-96.581375,1.330409,-1.592975,0.000000,0.000000,0.000000
0.000000,-96.617302,1.330409,-1.593837,0.000000,0.000000,0.000000
0.000000,-96.641571,1.330409,-1.594220,0.000000,0.000000,0.000000
0.000000,-96.641571,1.330409,-1.594891,0.000000,0.000000,0.000000
0.000000,-96.679916,1.330409,-1.595178,0.000000,0.000000,0.000000
0.000000,-96.679916,1.330409,-1.595658,0.000000,0.000000,0.000000
0.000000,-96.705978,1.330409,-1.595945,0.000000,0.000000,0.000000
0.000000,-96.745544,1.330409,-1.596712,0.000000,0.000000,0.000000
0.000000,-96.745544,1.330409,-1.597095,0.000000,0.000000,0.000000
0.000000,-96.772667,1.330409,-1.597574,0.000000,0.000000,0.000000
0.000000,-96.772667,1.330409,-1.597766,0.000000,0.000000,0.000000
0.000000,-96.816734,1.330313,-1.597957,0.000000,0.000000,0.000000
0.000000,-96.847267,1.330313,-1.598149,0.000000,0.000000,0.000000
0.000000,-96.847267,1.330313,-1.598532,0.000000,0.000000,0.000000
0.000000,-96.893211,1.330313,-1.598820,0.000000,0.000000,0.000000
0.000000,-96.893211,1.330313,-1.599491,0.000000,0.000000,0.000000
0.000000,-96.924034,1.330313,-1.599874,0.000000,0.000000,0.000000
0.000000,-96.970444,1.330313,-1.600257,0.000000,0.000000,0.000000
0.000000,-96.970444,1.330313,-1.600353,0.000000,0.000000,0.000000
0.000000,-97.001518,1.330313,-1.600449,0.000000,0.000000,0.000000
0.000000,-97.001518,1.330313,-1.600545,0.000000,0.000000,0.000000
0.000000,-97.046776,1.330313,-1.600641,0.000000,0.000000,0.000000
0.000000,-97.077057,1.330313,-1.600736,0.000000,0.000000,0.000000
0.000000,-97.077057,1.330313,-1.601024,0.000000,0.000000,0.000000
0.000000,-97.122398,1.330313,-1.601311,0.000000,0.000000,0.000000
0.000000,-97.122398,1.330313,-1.601791,0.000000,0.000000,0.000000
0.000000,-97.153221,1.330313,-1.602078,0.000000,0.000000,0.000000
0.000000,-97.197189,1.330313,-1.602653,0.000000,0.000000,0.000000
0.000000,-97.197189,1.330313,-1.602845,0.000000,0.000000,0.000000
0.000000,-97.225334,1.330313,-1.603036,0.000000,0.000000,0.000000
0.000000,-97.225334,1.330313,-1.603132,0.000000,0.000000,0.000000
0.000000,-97.266373,1.330313,-1.603324,0.000000,0.000000,0.000000
0.000000,-97.295120,1.330313,-1.603420,0.000000,0.000000,0.000000
0.000000,-97.295120,1.330313,-1.603707,0.000000,0.000000,0.000000
0.000000,-97.338737,1.330313,-1.603899,0.000000,0.000000,0.000000
0.000000,-97.338737,1.330313,-1.604569,0.000000,0.000000,0.000000
0.000000,-97.367996,1.330313,-1.604857,0.000000,0.000000,0.000000
0.000000,-97.410919,1.330313,-1.605624,0.000000,0.000000,0.000000
0.000000,-97.410919,1.330409,-1.606007,0.000000,0.000000,0.000000
0.000000,-97.438774,1.330409,-1.606486,0.000000,0.000000,0.000000
0.000000,-97.438774,1.330409,-1.606774,0.000000,0.000000,0.000000
0.000000,-97.479782,1.330409,-1.607636,0.000000,0.000000,0.000000
0.000000,-97.507767,1.330409,-1.608019,0.000000,0.000000,0.000000
0.000000,-97.507767,1.330409,-1.608882,0.000000,0.000000,0.000000
0.000000,-97.551430,1.330409,-1.609169,0.000000,0.000000,0.000000
0.000000,-97.551430,1.330409,-1.609936,0.000000,0.000000,0.000000
0.000000,-97.581375,1.330409,-1.610415,0.000000,0.000000,0.000000
0.000000,-97.628464,1.330409,-1.611469,0.000000,0.000000,0.000000
0.000000,-97.628464,1.330409,-1.611852,0.000000,0.000000,0.000000
0.000000,-97.661140,1.330409,-1.612619,0.000000,0.000000,0.000000
0.000000,-97.661140,1.330409,-1.613098,0.000000,0.000000,0.000000
0.000000,-97.711632,1.330409,-1.613865,0.000000,0.000000,0.000000
0.000000,-97.745720,1.330409,-1.614248,0.000000,0.000000,0.000000
0.000000,-97.745720,1.330409,-1.614631,0.000000,0.000000,0.000000
0.000000,-97.799118,1.330409,-1.614919,0.000000,0.000000,0.000000
0.000000,-97.799118,1.330409,-1.615494,0.000000,0.000000,0.000000
0.000000,-97.836769,1.330409,-1.615877,0.000000,0.000000,0.000000
0.000000,-97.895378,1.330409,-1.616644,0.000000,0.000000,0.000000
0.000000,-97.895378,1.330409,-1.617027,0.000000,0.000000,0.000000
0.000000,-97.935631,1.330409,-1.617410,0.000000,0.000000,0.000000
0.000000,-97.935631,1.330409,-1.617602,0.000000,0.000000,0.000000
0.000000,-97.996895,1.330409,-1.617985,0.000000,0.000000,0.000000
0.000000,-98.039391,1.330409,-1.618273,0.000000,0.000000,0.000000
0.000000,-98.039391,1.330409,-1.618943,0.000000,0.000000,0.000000
0.000000,-98.103661,1.330409,-1.619231,0.000000,0.000000,0.000000
0.000000,-98.103661,1.330409,-1.619614,0.000000,0.000000,0.000000
0.000000,-98.148071,1.330409,-1.619710,0.000000,0.000000,0.000000
0.000000,-98.214493,1.330409,-1.619998,0.000000,0.000000,0.000000
0.000000,-98.214493,1.330409,-1.620093,0.000000,0.000000,0.000000
0.000000,-98.259247,1.330409,-1.620573,0.000000,0.000000,0.000000
0.000000,-98.259247,1.330409,-1.620860,0.000000,0.000000,0.000000
0.000000,-98.325348,1.330409,-1.621818,0.000000,0.000000,0.000000
0.000000,-98.370995,1.330409,-1.622298,0.000000,0.000000,0.000000
0.000000,-98.370995,1.330409,-1.623160,0.000000,0.000000,0.000000
0.000000,-98.438042,1.330505,-1.623543,0.000000,0.000000,0.000000
0.000000,-98.438042,1.330505,-1.624501,0.000000,0.000000,0.000000
0.000000,-98.481850,1.330505,-1.625076,0.000000,0.000000,0.000000
0.000000,-98.546974,1.330601,-1.625939,0.000000,0.000000,0.000000
0.000000,-98.546974,1.330601,-1.626514,0.000000,0.000000,0.000000
0.000000,-98.593758,1.330601,-1.627664,0.000000,0.000000,0.000000
0.000000,-98.593758,1.330697,-1.628335,0.000000,0.000000,0.000000
0.000000,-98.667305,1.330697,-1.629293,0.000000,0.000000,0.000000
0.000000,-98.718369,1.330697,-1.629868,0.000000,0.000000,0.000000
0.000000,-98.718369,1.330697,-1.631018,0.000000,0.000000,0.000000
0.000000,-98.797928,1.330697,-1.631401,0.000000,0.000000,0.000000
0.000000,-98.797928,1.330697,-1.632455,0.000000,0.000000,0.000000
0.000000,-98.854027,1.330697,-1.633030,0.000000,0.000000,0.000000
0.000000,-98.941223,1.330697,-1.634084,0.000000,0.000000,0.000000
0.000000,-98.941223,1.330697,-1.634467,0.000000,0.000000,0.000000
0.000000,-99.001892,1.330697,-1.635426,0.000000,0.000000,0.000000
0.000000,-99.001892,1.330697,-1.635905,0.000000,0.000000,0.000000
0.000000,-99.094658,1.330697,-1.636672,0.000000,0.000000,0.000000
0.000000,-99.158600,1.330697,-1.637055,0.000000,0.000000,0.000000
0.000000,-99.158600,1.330697,-1.637917,0.000000,0.000000,0.000000
0.000000,-99.255798,1.330697,-1.638396,0.000000,0.000000,0.000000
0.000000,-99.255798,1.330697,-1.639355,0.000000,0.000000,0.000000
0.000000,-99.321877,1.330697,-1.639834,0.000000,0.000000,0.000000
0.000000,-99.421577,1.330697,-1.640984,0.000000,0.000000,0.000000
0.000000,-99.421577,1.330697,-1.641654,0.000000,0.000000,0.000000
0.000000,-99.489128,1.330697,-1.642804,0.000000,0.000000,0.000000
0.000000,-99.489128,1.330697,-1.643475,0.000000,0.000000,0.000000
0.000000,-99.588005,1.330697,-1.644913,0.000000,0.000000,0.000000
0.000000,-99.653244,1.330697,-1.645488,0.000000,0.000000,0.000000
0.000000,-99.653244,1.330697,-1.646925,0.000000,0.000000,0.000000
0.000000,-99.751411,1.330697,-1.647500,0.000000,0.000000,0.000000
0.000000,-99.751411,1.330697,-1.648554,0.000000,0.000000,0.000000
0.000000,-99.818520,1.330793,-1.649225,0.000000,0.000000,0.000000
0.000000,-99.921028,1.330793,-1.650375,0.000000,0.000000,0.000000
0.000000,-99.921028,1.330793,-1.650950,0.000000,0.000000,0.000000
0.000000,-99.992233,1.330793,-1.652004,0.000000,0.000000,0.000000
0.000000,-99.992233,1.330793,-1.652579,0.000000,0.000000,0.000000
0.000000,-100.101761,1.330889,-1.653537,0.000000,0.000000,0.000000
0.000000,-100.176224,1.330889,-1.654016,0.000000,0.000000,0.000000
0.000000,-100.176224,1.330889,-1.655262,0.000000,0.000000,0.000000
0.000000,-100.287460,1.330889,-1.655933,0.000000,0.000000,0.000000
0.000000,-100.287460,1.330889,-1.657178,0.000000,0.000000,0.000000
0.000000,-100.361496,1.330889,-1.657849,0.000000,0.000000,0.000000
0.000000,-100.469986,1.330984,-1.659095,0.000000,0.000000,0.000000
0.000000,-100.469986,1.330984,-1.659766,0.000000,0.000000,0.000000
0.000000,-100.541656,1.330984,-1.661203,0.000000,0.000000,0.000000
0.000000,-100.541656,1.331080,-1.661874,0.000000,0.000000,0.000000
0.000000,-100.648994,1.331080,-1.663215,0.000000,0.000000,0.000000
0.000000,-100.721581,1.331176,-1.663886,0.000000,0.000000,0.000000
0.000000,-100.721581,1.331176,-1.665132,0.000000,0.000000,0.000000
0.000000,-100.831261,1.331176,-1.665803,0.000000,0.000000,0.000000
0.000000,-100.831261,1.331272,-1.667144,0.000000,0.000000,0.000000
0.000000,-100.905060,1.331272,-1.667719,0.000000,0.000000,0.000000
0.000000,-101.016983,1.331272,-1.668965,0.000000,0.000000,0.000000
0.000000,-101.016983,1.331368,-1.669540,0.000000,0.000000,0.000000
0.000000,-101.092644,1.331368,-1.670498,0.000000,0.000000,0.000000
0.000000,-101.092644,1.331368,-1.671073,0.000000,0.000000,0.000000
0.000000,-101.205917,1.331368,-1.672415,0.000000,0.000000,0.000000
0.000000,-101.281662,1.331368,-1.672990,0.000000,0.000000,0.000000
0.000000,-101.281662,1.331368,-1.674331,0.000000,0.000000,0.000000
0.000000,-101.393677,1.331464,-1.675002,0.000000,0.000000,0.000000
0.000000,-101.393677,1.331464,-1.676344,0.000000,0.000000,0.000000
0.000000,-101.468231,1.331464,-1.677014,0.000000,0.000000,0.000000
0.000000,-101.579613,1.331559,-1.678452,0.000000,0.000000,0.000000
0.000000,-101.579613,1.331559,-1.679027,0.000000,0.000000,0.000000
0.000000,-101.654381,1.331559,-1.680464,0.000000,0.000000,0.000000
0.000000,-101.654381,1.331559,-1.681039,0.000000,0.000000,0.000000
0.000000,-101.766708,1.331559,-1.682189,0.000000,0.000000,0.000000
0.000000,-101.841408,1.331655,-1.682860,0.000000,0.000000,0.000000
0.000000,-101.841408,1.331655,-1.684010,0.000000,0.000000,0.000000
0.000000,-101.952019,1.331655,-1.684585,0.000000,0.000000,0.000000
0.000000,-101.952019,1.331655,-1.685831,0.000000,0.000000,0.000000
0.000000,-102.025360,1.331655,-1.686406,0.000000,0.000000,0.000000
0.000000,-102.134750,1.331655,-1.687460,0.000000,0.000000,0.000000
0.000000,-102.134750,1.331655,-1.688130,0.000000,0.000000,0.000000
0.000000,-102.207420,1.331655,-1.689376,0.000000,0.000000,0.000000
0.000000,-102.207420,1.331655,-1.690047,0.000000,0.000000,0.000000
0.000000,-102.315567,1.331655,-1.691484,0.000000,0.000000,0.000000
0.000000,-102.387741,1.331655,-1.692155,0.000000,0.000000,0.000000
0.000000,-102.387741,1.331655,-1.693497,0.000000,0.000000,0.000000
0.000000,-102.495239,1.331655,-1.694263,0.000000,0.000000,0.000000
0.000000,-102.495239,1.331655,-1.695605,0.000000,0.000000,0.000000
0.000000,-102.567001,1.331655,-1.696276,0.000000,0.000000,0.000000
0.000000,-102.675827,1.331655,-1.697617,0.000000,0.000000,0.000000
0.000000,-102.675827,1.331655,-1.698096,0.000000,0.000000,0.000000
0.000000,-102.749054,1.331655,-1.699438,0.000000,0.000000,0.000000
0.000000,-102.749054,1.331655,-1.700109,0.000000,0.000000,0.000000
0.000000,-102.859215,1.331655,-1.701259,0.000000,0.000000,0.000000
0.000000,-102.932747,1.331655,-1.701929,0.000000,0.000000,0.000000
0.000000,-102.932747,1.331655,-1.703079,0.000000,0.000000,0.000000
0.000000,-103.041748,1.331655,-1.703558,0.000000,0.000000,0.000000
0.000000,-103.041748,1.331655,-1.704708,0.000000,0.000000,0.000000
0.000000,-103.113617,1.331655,-1.705475,0.000000,0.000000,0.000000
0.000000,-103.219223,1.331655,-1.706721,0.000000,0.000000,0.000000
0.000000,-103.219223,1.331655,-1.707392,0.000000,0.000000,0.000000
0.000000,-103.288879,1.331655,-1.708733,0.000000,0.000000,0.000000
0.000000,-103.288879,1.331655,-1.709308,0.000000,0.000000,0.000000
0.000000,-103.391953,1.331655,-1.710841,0.000000,0.000000,0.000000
0.000000,-103.460197,1.331655,-1.711512,0.000000,0.000000,0.000000
0.000000,-103.460197,1.331655,-1.712949,0.000000,0.000000,0.000000
0.000000,-103.561501,1.331655,-1.713620,0.000000,0.000000,0.000000
0.000000,-103.561501,1.331655,-1.714770,0.000000,0.000000,0.000000
0.000000,-103.628845,1.331655,-1.715249,0.000000,0.000000,0.000000
0.000000,-103.729980,1.331655,-1.716399,0.000000,0.000000,0.000000
0.000000,-103.729980,1.331655,-1.716974,0.000000,0.000000,0.000000
0.000000,-103.797249,1.331655,-1.717837,0.000000,0.000000,0.000000
0.000000,-103.797249,1.331655,-1.718316,0.000000,0.000000,0.000000
0.000000,-103.898117,1.331655,-1.719370,0.000000,0.000000,0.000000
0.000000,-103.965111,1.331655,-1.719849,0.000000,0.000000,0.000000
0.000000,-103.965111,1.331655,-1.720711,0.000000,0.000000,0.000000
0.000000,-104.063232,1.331655,-1.721382,0.000000,0.000000,0.000000
0.000000,-104.063232,1.331655,-1.722532,0.000000,0.000000,0.000000
0.000000,-104.127594,1.331655,-1.723107,0.000000,0.000000,0.000000
0.000000,-104.222824,1.331655,-1.724449,0.000000,0.000000,0.000000
0.000000,-104.222824,1.331655,-1.725119,0.000000,0.000000,0.000000
0.000000,-104.285568,1.331655,-1.726365,0.000000,0.000000,0.000000
0.000000,-104.285568,1.331655,-1.727132,0.000000,0.000000,0.000000
0.000000,-104.378822,1.331655,-1.728473,0.000000,0.000000,0.000000
0.000000,-104.440704,1.331655,-1.729048,0.000000,0.000000,0.000000
0.000000,-104.440704,1.331655,-1.730390,0.000000,0.000000,0.000000
0.000000,-104.534737,1.331655,-1.730965,0.000000,0.000000,0.000000
0.000000,-104.534737,1.331655,-1.731923,0.000000,0.000000,0.000000
0.000000,-104.597702,1.331655,-1.732594,0.000000,0.000000,0.000000
0.000000,-104.692848,1.331655,-1.733744,0.000000,0.000000,0.000000
0.000000,-104.692848,1.331655,-1.734223,0.000000,0.000000,0.000000
0.000000,-104.756355,1.331655,-1.735181,0.000000,0.000000,0.000000
0.000000,-104.756355,1.331655,-1.735660,0.000000,0.000000,0.000000
0.000000,-104.850716,1.331655,-1.736427,0.000000,0.000000,0.000000
0.000000,-104.912735,1.331655,-1.736714,0.000000,0.000000,0.000000
0.000000,-104.912735,1.331655,-1.737577,0.000000,0.000000,0.000000
0.000000,-105.004288,1.331655,-1.738152,0.000000,0.000000,0.000000
0.000000,-105.004288,1.331655,-1.739206,0.000000,0.000000,0.000000
0.000000,-105.064751,1.331655,-1.739685,0.000000,0.000000,0.000000
0.000000,-105.153984,1.331655,-1.740931,0.000000,0.000000,0.000000
0.000000,-105.153984,1.331655,-1.741602,0.000000,0.000000,0.000000
0.000000,-105.212601,1.331655,-1.742752,0.000000,0.000000,0.000000
0.000000,-105.212601,1.331655,-1.743422,0.000000,0.000000,0.000000
0.000000,-105.298470,1.331655,-1.744860,0.000000,0.000000,0.000000
0.000000,-105.355034,1.331655,-1.745435,0.000000,0.000000,0.000000
0.000000,-105.355034,1.331655,-1.746680,0.000000,0.000000,0.000000
0.000000,-105.440582,1.331655,-1.747255,0.000000,0.000000,0.000000
0.000000,-105.440582,1.331655,-1.748214,0.000000,0.000000,0.000000
0.000000,-105.498703,1.331655,-1.748789,0.000000,0.000000,0.000000
0.000000,-105.588600,1.331655,-1.749843,0.000000,0.000000,0.000000
0.000000,-105.588600,1.331655,-1.750322,0.000000,0.000000,0.000000
0.000000,-105.650055,1.331655,-1.751184,0.000000,0.000000,0.000000
0.000000,-105.650055,1.331655,-1.751663,0.000000,0.000000,0.000000
0.000000,-105.742882,1.331655,-1.752622,0.000000,0.000000,0.000000
0.000000,-105.804802,1.331655,-1.753005,0.000000,0.000000,0.000000
0.000000,-105.804802,1.331655,-1.753772,0.000000,0.000000,0.000000
0.000000,-105.897034,1.331655,-1.754251,0.000000,0.000000,0.000000
0.000000,-105.897034,1.331655,-1.755305,0.000000,0.000000,0.000000
0.000000,-105.959175,1.331655,-1.755784,0.000000,0.000000,0.000000
0.000000,-106.053055,1.331655,-1.756742,0.000000,0.000000,0.000000
0.000000,-106.053055,1.331655,-1.757413,0.000000,0.000000,0.000000
0.000000,-106.115959,1.331655,-1.758563,0.000000,0.000000,0.000000
0.000000,-106.115959,1.331655,-1.759138,0.000000,0.000000,0.000000
0.000000,-106.208855,1.331655,-1.760479,0.000000,0.000000,0.000000
0.000000,-106.270134,1.331655,-1.761054,0.000000,0.000000,0.000000
0.000000,-106.270134,1.331655,-1.762300,0.000000,0.000000,0.000000
0.000000,-106.361519,1.331655,-1.762971,0.000000,0.000000,0.000000
0.000000,-106.361519,1.331655,-1.764121,0.000000,0.000000,0.000000
0.000000,-106.423218,1.331655,-1.764600,0.000000,0.000000,0.000000
0.000000,-106.516525,1.331655,-1.765750,0.000000,0.000000,0.000000
0.000000,-106.516525,1.331655,-1.766325,0.000000,0.000000,0.000000
0.000000,-106.579399,1.331655,-1.767379,0.000000,0.000000,0.000000
0.000000,-106.579399,1.331655,-1.767858,0.000000,0.000000,0.000000
0.000000,-106.674683,1.331655,-1.768912,0.000000,0.000000,0.000000
0.000000,-106.738983,1.331655,-1.769391,0.000000,0.000000,0.000000
0.000000,-106.738983,1.331655,-1.770062,0.000000,0.000000,0.000000
0.000000,-106.834785,1.331655,-1.770541,0.000000,0.000000,0.000000
0.000000,-106.834785,1.331655,-1.771691,0.000000,0.000000,0.000000
0.000000,-106.898949,1.331655,-1.772266,0.000000,0.000000,0.000000
0.000000,-106.995483,1.331655,-1.773224,0.000000,0.000000,0.000000
0.000000,-106.995483,1.331655,-1.773895,0.000000,0.000000,0.000000
0.000000,-107.060310,1.331655,-1.774949,0.000000,0.000000,0.000000
0.000000,-107.060310,1.331655,-1.775524,0.000000,0.000000,0.000000
0.000000,-107.156387,1.331655,-1.776770,0.000000,0.000000,0.000000
0.000000,-107.220161,1.331655,-1.777441,0.000000,0.000000,0.000000
0.000000,-107.220161,1.331655,-1.778687,0.000000,0.000000,0.000000
0.000000,-107.314423,1.331655,-1.779357,0.000000,0.000000,0.000000
0.000000,-107.314423,1.331655,-1.780507,0.000000,0.000000,0.000000
0.000000,-107.377762,1.331655,-1.780986,0.000000,0.000000,0.000000
0.000000,-107.473595,1.331655,-1.782136,0.000000,0.000000,0.000000
0.000000,-107.473595,1.331655,-1.782807,0.000000,0.000000,0.000000
0.000000,-107.538963,1.331655,-1.783765,0.000000,0.000000,0.000000
0.000000,-107.538963,1.331655,-1.784340,0.000000,0.000000,0.000000
0.000000,-107.638779,1.331655,-1.785394,0.000000,0.000000,0.000000
0.000000,-107.706245,1.331655,-1.785874,0.000000,0.000000,0.000000
0.000000,-107.706245,1.331655,-1.786736,0.000000,0.000000,0.000000
0.000000,-107.808655,1.331655,-1.787311,0.000000,0.000000,0.000000
0.000000,-107.808655,1.331655,-1.788557,0.000000,0.000000,0.000000
0.000000,-107.877296,1.331655,-1.789132,0.000000,0.000000,0.000000
0.000000,-107.978706,1.331655,-1.790377,0.000000,0.000000,0.000000
0.000000,-107.978706,1.331655,-1.791144,0.000000,0.000000,0.000000
0.000000,-108.046150,1.331655,-1.792294,0.000000,0.000000,0.000000
0.000000,-108.046150,1.331655,-1.792965,0.000000,0.000000,0.000000
0.000000,-108.145836,1.331655,-1.794306,0.000000,0.000000,0.000000
0.000000,-108.211952,1.331655,-1.794881,0.000000,0.000000,0.000000
0.000000,-108.211952,1.331655,-1.796031,0.000000,0.000000,0.000000
0.000000,-108.310699,1.331655,-1.796702,0.000000,0.000000,0.000000
0.000000,-108.310699,1.331655,-1.797756,0.000000,0.000000,0.000000
0.000000,-108.376930,1.331655,-1.798427,0.000000,0.000000,0.000000
0.000000,-108.476898,1.331655,-1.799673,0.000000,0.000000,0.000000
0.000000,-108.476898,1.331655,-1.800152,0.000000,0.000000,0.000000
0.000000,-108.544281,1.331655,-1.801302,0.000000,0.000000,0.000000
0.000000,-108.544281,1.331655,-1.801877,0.000000,0.000000,0.000000
0.000000,-108.644958,1.331655,-1.802835,0.000000,0.000000,0.000000
0.000000,-108.712074,1.331655,-1.803314,0.000000,0.000000,0.000000
0.000000,-108.712074,1.331655,-1.804272,0.000000,0.000000,0.000000
0.000000,-108.811470,1.331655,-1.804943,0.000000,0.000000,0.000000
0.000000,-108.811470,1.331655,-1.805997,0.000000,0.000000,0.000000
0.000000,-108.877449,1.331655,-1.806572,0.000000,0.000000,0.000000
0.000000,-108.975555,1.331655,-1.807914,0.000000,0.000000,0.000000
0.000000,-108.975555,1.331655,-1.808489,0.000000,0.000000,0.000000
0.000000,-109.040771,1.331655,-1.809734,0.000000,0.000000,0.000000
0.000000,-109.040771,1.331655,-1.810501,0.000000,0.000000,0.000000
0.000000,-109.137054,1.331655,-1.811747,0.000000,0.000000,0.000000
0.000000,-109.200470,1.331655,-1.812418,0.000000,0.000000,0.000000
0.000000,-109.200470,1.331655,-1.813567,0.000000,0.000000,0.000000
0.000000,-109.294609,1.331655,-1.814047,0.000000,0.000000,0.000000
0.000000,-109.294609,1.331655,-1.815005,0.000000,0.000000,0.000000
0.000000,-109.357262,1.331655,-1.815580,0.000000,0.000000,0.000000
0.000000,-109.451920,1.331655,-1.816634,0.000000,0.000000,0.000000
0.000000,-109.451920,1.331655,-1.817113,0.000000,0.000000,0.000000
0.000000,-109.515381,1.331655,-1.818071,0.000000,0.000000,0.000000
0.000000,-109.515381,1.331655,-1.818550,0.000000,0.000000,0.000000
0.000000,-109.610451,1.331655,-1.819509,0.000000,0.000000,0.000000
0.000000,-109.673531,1.331655,-1.819892,0.000000,0.000000,0.000000
0.000000,-109.673531,1.331655,-1.820850,0.000000,0.000000,0.000000
0.000000,-109.767075,1.331655,-1.821521,0.000000,0.000000,0.000000
0.000000,-109.767075,1.331655,-1.822575,0.000000,0.000000,0.000000
0.000000,-109.828552,1.331655,-1.823150,0.000000,0.000000,0.000000
0.000000,-109.919968,1.331655,-1.824396,0.000000,0.000000,0.000000
0.000000,-109.919968,1.331655,-1.824971,0.000000,0.000000,0.000000
0.000000,-109.979912,1.331655,-1.826121,0.000000,0.000000,0.000000
0.000000,-109.979912,1.331655,-1.826887,0.000000,0.000000,0.000000
0.000000,-110.068604,1.331655,-1.828037,0.000000,0.000000,0.000000
0.000000,-110.127792,1.331655,-1.828612,0.000000,0.000000,0.000000
0.000000,-110.127792,1.331655,-1.829858,0.000000,0.000000,0.000000
0.000000,-110.216553,1.331655,-1.830433,0.000000,0.000000,0.000000
0.000000,-110.216553,1.331655,-1.831295,0.000000,0.000000,0.000000
0.000000,-110.275200,1.331655,-1.831870,0.000000,0.000000,0.000000
0.000000,-110.363861,1.331655,-1.832924,0.000000,0.000000,0.000000
0.000000,-110.363861,1.331655,-1.833308,0.000000,0.000000,0.000000
0.000000,-110.423065,1.331655,-1.834074,0.000000,0.000000,0.000000
0.000000,-110.423065,1.331655,-1.834553,0.000000,0.000000,0.000000
0.000000,-110.511566,1.331655,-1.835512,0.000000,0.000000,0.000000
0.000000,-110.570152,1.331655,-1.835895,0.000000,0.000000,0.000000
0.000000,-110.570152,1.331655,-1.836470,0.000000,0.000000,0.000000
0.000000,-110.656471,1.331655,-1.836949,0.000000,0.000000,0.000000
0.000000,-110.656471,1.331655,-1.837907,0.000000,0.000000,0.000000
0.000000,-110.712891,1.331655,-1.838387,0.000000,0.000000,0.000000
0.000000,-110.795990,1.331655,-1.839345,0.000000,0.000000,0.000000
0.000000,-110.795990,1.331655,-1.839824,0.000000,0.000000,0.000000
0.000000,-110.850410,1.331655,-1.841070,0.000000,0.000000,0.000000
0.000000,-110.850410,1.331655,-1.841645,0.000000,0.000000,0.000000
0.000000,-110.928810,1.331655,-1.842699,0.000000,0.000000,0.000000
0.000000,-110.979271,1.331655,-1.843370,0.000000,0.000000,0.000000
0.000000,-110.979271,1.331655,-1.844519,0.000000,0.000000,0.000000
0.000000,-111.053871,1.331655,-1.845094,0.000000,0.000000,0.000000
0.000000,-111.053871,1.331655,-1.846244,0.000000,0.000000,0.000000
0.000000,-111.103195,1.331655,-1.846723,0.000000,0.000000,0.000000
0.000000,-111.178047,1.331655,-1.847490,0.000000,0.000000,0.000000
0.000000,-111.178047,1.331655,-1.847873,0.000000,0.000000,0.000000
0.000000,-111.228058,1.331655,-1.848736,0.000000,0.000000,0.000000
0.000000,-111.228058,1.331655,-1.849311,0.000000,0.000000,0.000000
0.000000,-111.304901,1.331655,-1.849982,0.000000,0.000000,0.000000
0.000000,-111.356529,1.331655,-1.850269,0.000000,0.000000,0.000000
0.000000,-111.356529,1.331655,-1.850940,0.000000,0.000000,0.000000
0.000000,-111.432785,1.331655,-1.851323,0.000000,0.000000,0.000000
0.000000,-111.432785,1.331655,-1.851994,0.000000,0.000000,0.000000
0.000000,-111.482124,1.331655,-1.852281,0.000000,0.000000,0.000000
0.000000,-111.554016,1.331655,-1.852665,0.000000,0.000000,0.000000
0.000000,-111.554016,1.331655,-1.852856,0.000000,0.000000,0.000000
0.000000,-111.600723,1.331655,-1.853335,0.000000,0.000000,0.000000
0.000000,-111.600723,1.331655,-1.853719,0.000000,0.000000,0.000000
0.000000,-111.668518,1.331655,-1.854677,0.000000,0.000000,0.000000
0.000000,-111.711563,1.331655,-1.855156,0.000000,0.000000,0.000000
0.000000,-111.711563,1.331655,-1.855923,0.000000,0.000000,0.000000
0.000000,-111.772171,1.331655,-1.856306,0.000000,0.000000,0.000000
0.000000,-111.772171,1.331655,-1.857264,0.000000,0.000000,0.000000
0.000000,-111.809616,1.331655,-1.857744,0.000000,0.000000,0.000000
0.000000,-111.862305,1.331655,-1.858510,0.000000,0.000000,0.000000
0.000000,-111.862305,1.331655,-1.858989,0.000000,0.000000,0.000000
0.000000,-111.896744,1.331655,-1.859948,0.000000,0.000000,0.000000
0.000000,-111.896744,1.331655,-1.860523,0.000000,0.000000,0.000000
0.000000,-111.949638,1.331655,-1.861385,0.000000,0.000000,0.000000
0.000000,-111.985291,1.331655,-1.861768,0.000000,0.000000,0.000000
0.000000,-111.985291,1.331655,-1.862727,0.000000,0.000000,0.000000
0.000000,-112.040726,1.331655,-1.863206,0.000000,0.000000,0.000000
0.000000,-112.040726,1.331655,-1.863781,0.000000,0.000000,0.000000
0.000000,-112.078758,1.331655,-1.864164,0.000000,0.000000,0.000000
0.000000,-112.138512,1.331655,-1.864931,0.000000,0.000000,0.000000
0.000000,-112.138512,1.331655,-1.865410,0.000000,0.000000,0.000000
0.000000,-112.179176,1.331655,-1.866176,0.000000,0.000000,0.000000
0.000000,-112.179176,1.331655,-1.866464,0.000000,0.000000,0.000000
0.000000,-112.240639,1.331655,-1.866943,0.000000,0.000000,0.000000
0.000000,-112.281441,1.331655,-1.867230,0.000000,0.000000,0.000000
0.000000,-112.281441,1.331655,-1.867997,0.000000,0.000000,0.000000
0.000000,-112.342896,1.331655,-1.868284,0.000000,0.000000,0.000000
0.000000,-112.342896,1.331655,-1.868859,0.000000,0.000000,0.000000
0.000000,-112.383438,1.331655,-1.868955,0.000000,0.000000,0.000000
0.000000,-112.443558,1.331655,-1.869243,0.000000,0.000000,0.000000
0.000000,-112.443558,1.331655,-1.869434,0.000000,0.000000,0.000000
0.000000,-112.482719,1.331655,-1.869722,0.000000,0.000000,0.000000
0.000000,-112.482719,1.331655,-1.870009,0.000000,0.000000,0.000000
0.000000,-112.538986,1.331655,-1.870776,0.000000,0.000000,0.000000
0.000000,-112.574379,1.331655,-1.871159,0.000000,0.000000,0.000000
0.000000,-112.574379,1.331655,-1.871734,0.000000,0.000000,0.000000
0.000000,-112.623451,1.331655,-1.871926,0.000000,0.000000,0.000000
0.000000,-112.623451,1.331655,-1.872309,0.000000,0.000000,0.000000
0.000000,-112.653908,1.331655,-1.872501,0.000000,0.000000,0.000000
0.000000,-112.696548,1.331655,-1.873268,0.000000,0.000000,0.000000
0.000000,-112.696548,1.331655,-1.873651,0.000000,0.000000,0.000000
0.000000,-112.723900,1.331655,-1.874513,0.000000,0.000000,0.000000
0.000000,-112.723900,1.331655,-1.874801,0.000000,0.000000,0.000000
0.000000,-112.764763,1.331655,-1.875376,0.000000,0.000000,0.000000
0.000000,-112.792679,1.331655,-1.875759,0.000000,0.000000,0.000000
0.000000,-112.792679,1.331655,-1.876813,0.000000,0.000000,0.000000
0.000000,-112.836052,1.331655,-1.877196,0.000000,0.000000,0.000000
0.000000,-112.836052,1.331655,-1.877963,0.000000,0.000000,0.000000
0.000000,-112.865395,1.331655,-1.878346,0.000000,0.000000,0.000000
0.000000,-112.911301,1.331655,-1.879209,0.000000,0.000000,0.000000
0.000000,-112.911301,1.331655,-1.879592,0.000000,0.000000,0.000000
0.000000,-112.943565,1.331655,-1.880263,0.000000,0.000000,0.000000
0.000000,-112.943565,1.331655,-1.880455,0.000000,0.000000,0.000000
0.000000,-112.995514,1.331655,-1.880934,0.000000,0.000000,0.000000
0.000000,-113.031685,1.331655,-1.881221,0.000000,0.000000,0.000000
0.000000,-113.031685,1.331655,-1.881892,0.000000,0.000000,0.000000
0.000000,-113.088547,1.331655,-1.882275,0.000000,0.000000,0.000000
0.000000,-113.088547,1.331655,-1.882946,0.000000,0.000000,0.000000
0.000000,-113.126099,1.331655,-1.883138,0.000000,0.000000,0.000000
0.000000,-113.182793,1.331655,-1.883521,0.000000,0.000000,0.000000
0.000000,-113.182793,1.331655,-1.883808,0.000000,0.000000,0.000000
0.000000,-113.221207,1.331655,-1.884479,0.000000,0.000000,0.000000
0.000000,-113.221207,1.331655,-1.884767,0.000000,0.000000,0.000000
0.000000,-113.279022,1.331655,-1.885342,0.000000,0.000000,0.000000
0.000000,-113.316208,1.331655,-1.885533,0.000000,0.000000,0.000000
0.000000,-113.316208,1.331655,-1.885725,0.000000,0.000000,0.000000
0.000000,-113.369041,1.331655,-1.885821,0.000000,0.000000,0.000000
0.000000,-113.369041,1.331655,-1.886012,0.000000,0.000000,0.000000
0.000000,-113.402580,1.331655,-1.886204,0.000000,0.000000,0.000000
0.000000,-113.450478,1.331655,-1.886683,0.000000,0.000000,0.000000
0.000000,-113.450478,1.331655,-1.887067,0.000000,0.000000,0.000000
0.000000,-113.480675,1.331655,-1.887737,0.000000,0.000000,0.000000
0.000000,-113.480675,1.331655,-1.888121,0.000000,0.000000,0.000000
0.000000,-113.522713,1.331655,-1.888600,0.000000,0.000000,0.000000
0.000000,-113.548676,1.331655,-1.888791,0.000000,0.000000,0.000000
0.000000,-113.548676,1.331655,-1.889175,0.000000,0.000000,0.000000
0.000000,-113.585159,1.331655,-1.889366,0.000000,0.000000,0.000000
0.000000,-113.585159,1.331655,-1.889941,0.000000,0.000000,0.000000
0.000000,-113.608498,1.331655,-1.890325,0.000000,0.000000,0.000000
0.000000,-113.644356,1.331655,-1.890900,0.000000,0.000000,0.000000
0.000000,-113.644356,1.331655,-1.891091,0.000000,0.000000,0.000000
0.000000,-113.668991,1.331655,-1.891474,0.000000,0.000000,0.000000
0.000000,-113.668991,1.331655,-1.891570,0.000000,0.000000,0.000000
0.000000,-113.707932,1.331655,-1.892049,0.000000,0.000000,0.000000
0.000000,-113.734116,1.331655,-1.892433,0.000000,0.000000,0.000000
0.000000,-113.734116,1.331655,-1.893295,0.000000,0.000000,0.000000
0.000000,-113.775536,1.331655,-1.893679,0.000000,0.000000,0.000000
0.000000,-113.775536,1.331655,-1.894349,0.000000,0.000000,0.000000
0.000000,-113.804214,1.331655,-1.894637,0.000000,0.000000,0.000000
0.000000,-113.847794,1.331655,-1.895308,0.000000,0.000000,0.000000
0.000000,-113.847794,1.331655,-1.895691,0.000000,0.000000,0.000000
0.000000,-113.875656,1.331655,-1.896362,0.000000,0.000000,0.000000
0.000000,-113.875656,1.331655,-1.896649,0.000000,0.000000,0.000000
0.000000,-113.916840,1.331655,-1.897032,0.000000,0.000000,0.000000
0.000000,-113.944092,1.331655,-1.897128,0.000000,0.000000,0.000000
0.000000,-113.944092,1.331655,-1.897607,0.000000,0.000000,0.000000
0.000000,-113.986725,1.331655,-1.897895,0.000000,0.000000,0.000000
0.000000,-113.986725,1.331655,-1.898661,0.000000,0.000000,0.000000
0.000000,-114.015739,1.331655,-1.899045,0.000000,0.000000,0.000000
0.000000,-114.058174,1.331655,-1.899620,0.000000,0.000000,0.000000
0.000000,-114.058174,1.331655,-1.899716,0.000000,0.000000,0.000000
0.000000,-114.083977,1.331655,-1.900003,0.000000,0.000000,0.000000
0.000000,-114.083977,1.331655,-1.900099,0.000000,0.000000,0.000000
0.000000,-114.121414,1.331655,-1.900482,0.000000,0.000000,0.000000
0.000000,-114.146866,1.331655,-1.900674,0.000000,0.000000,0.000000
0.000000,-114.146866,1.331655,-1.901153,0.000000,0.000000,0.000000
0.000000,-114.184761,1.331655,-1.901441,0.000000,0.000000,0.000000
0.000000,-114.184761,1.331655,-1.901824,0.000000,0.000000,0.000000
0.000000,-114.208481,1.331655,-1.901920,0.000000,0.000000,0.000000
0.000000,-114.240479,1.331655,-1.902016,0.000000,0.000000,0.000000
0.000000,-114.240479,1.331655,-1.902016,0.000000,0.000000,0.000000
0.000000,-114.260818,1.331655,-1.902111,0.000000,0.000000,0.000000
0.000000,-114.260818,1.331655,-1.902111,0.000000,0.000000,0.000000
0.000000,-114.290932,1.331655,-1.902207,0.000000,0.000000,0.000000
0.000000,-114.310570,1.331655,-1.902303,0.000000,0.000000,0.000000
0.000000,-114.310570,1.331655,-1.902399,0.000000,0.000000,0.000000
0.000000,-114.337875,1.331655,-1.902495,0.000000,0.000000,0.000000
0.000000,-114.337875,1.331655,-1.902591,0.000000,0.000000,0.000000
0.000000,-114.354691,1.331655,-1.902686,0.000000,0.000000,0.000000
0.000000,-114.377563,1.331655,-1.902878,0.000000,0.000000,0.000000
0.000000,-114.377563,1.331655,-1.902974,0.000000,0.000000,0.000000
0.000000,-114.391968,1.331655,-1.903261,0.000000,0.000000,0.000000
0.000000,-114.391968,1.331655,-1.903549,0.000000,0.000000,0.000000
0.000000,-114.412247,1.331655,-1.904028,0.000000,0.000000,0.000000
0.000000,-114.425003,1.331655,-1.904220,0.000000,0.000000,0.000000
0.000000,-114.425003,1.331655,-1.904603,0.000000,0.000000,0.000000
0.000000,-114.444565,1.331655,-1.904699,0.000000,0.000000,0.000000
0.000000,-114.444565,1.331655,-1.904890,0.000000,0.000000,0.000000
0.000000,-114.459145,1.331655,-1.904986,0.000000,0.000000,0.000000
0.000000,-114.483124,1.331655,-1.905082,0.000000,0.000000,0.000000
0.000000,-114.483124,1.331655,-1.905178,0.000000,0.000000,0.000000
0.000000,-114.499786,1.331655,-1.905465,0.000000,0.000000,0.000000
0.000000,-114.499786,1.331655,-1.905561,0.000000,0.000000,0.000000
0.000000,-114.524696,1.331655,-1.906040,0.000000,0.000000,0.000000
0.000000,-114.539993,1.331655,-1.906328,0.000000,0.000000,0.000000
0.000000,-114.539993,1.331655,-1.906998,0.000000,0.000000,0.000000
0.000000,-114.561623,1.331655,-1.907286,0.000000,0.000000,0.000000
0.000000,-114.561623,1.331655,-1.907765,0.000000,0.000000,0.000000
0.000000,-114.575569,1.331655,-1.907861,0.000000,0.000000,0.000000
0.000000,-114.597557,1.331655,-1.908148,0.000000,0.000000,0.000000
0.000000,-114.597557,1.331655,-1.908244,0.000000,0.000000,0.000000
0.000000,-114.611725,1.331655,-1.908532,0.000000,0.000000,0.000000
0.000000,-114.611725,1.331655,-1.908723,0.000000,0.000000,0.000000
0.000000,-114.632156,1.331655,-1.909394,0.000000,0.000000,0.000000
0.000000,-114.645081,1.331655,-1.909682,0.000000,0.000000,0.000000
0.000000,-114.645081,1.331655,-1.910257,0.000000,0.000000,0.000000
0.000000,-114.665573,1.331655,-1.910448,0.000000,0.000000,0.000000
0.000000,-114.665573,1.331655,-1.910544,0.000000,0.000000,0.000000
0.000000,-114.678848,1.331655,-1.910640,0.000000,0.000000,0.000000
0.000000,-114.697594,1.331655,-1.910736,0.000000,0.000000,0.000000
0.000000,-114.697594,1.331655,-1.910832,0.000000,0.000000,0.000000
0.000000,-114.708168,1.331655,-1.910927,0.000000,0.000000,0.000000
0.000000,-114.708168,1.331655,-1.910927,0.000000,0.000000,0.000000
0.000000,-114.722343,1.331655,-1.911119,0.000000,0.000000,0.000000
0.000000,-114.730225,1.331655,-1.911215,0.000000,0.000000,0.000000
0.000000,-114.730225,1.331655,-1.911407,0.000000,0.000000,0.000000
0.000000,-114.740402,1.331655,-1.911598,0.000000,0.000000,0.000000
0.000000,-114.740402,1.331655,-1.911981,0.000000,0.000000,0.000000
0.000000,-114.745461,1.331655,-1.912173,0.000000,0.000000,0.000000
0.000000,-114.751030,1.331655,-1.912556,0.000000,0.000000,0.000000
0.000000,-114.751030,1.331655,-1.912652,0.000000,0.000000,0.000000
0.000000,-114.753395,1.331655,-1.912748,0.000000,0.000000,0.000000
0.000000,-114.753395,1.331655,-1.912748,0.000000,0.000000,0.000000
0.000000,-114.757149,1.331655,-1.912844,0.000000,0.000000,0.000000
0.000000,-114.759445,1.331655,-1.912844,0.000000,0.000000,0.000000
0.000000,-114.759445,1.331655,-1.912844,0.000000,0.000000,0.000000
0.000000,-114.764977,1.331559,-1.912844,0.000000,0.000000,0.000000
0.000000,-114.764977,1.331559,-1.912940,0.000000,0.000000,0.000000
0.000000,-114.768150,1.331559,-1.912940,0.000000,0.000000,0.000000
0.000000,-114.771355,1.331559,-1.912940,0.000000,0.000000,0.000000
0.000000,-114.771355,1.331559,-1.912940,0.000000,0.000000,0.000000
0.000000,-114.771797,1.331559,-1.912940,0.000000,0.000000,0.000000
0.000000,-114.771797,1.331559,-1.912940,0.000000,0.000000,0.000000
0.000000,-114.771606,1.331559,-1.912940,0.000000,0.000000,0.000000
0.000000,-114.770676,1.331559,-1.912940,0.000000,0.000000,0.000000
0.000000,-114.770676,1.331559,-1.912940,0.000000,0.000000,0.000000
0.000000,-114.769119,1.331464,-1.912940,0.000000,0.000000,0.000000
0.000000,-114.769119,1.331464,-1.912940,0.000000,0.000000,0.000000
0.000000,-114.766647,1.331464,-1.912940,0.000000,0.000000,0.000000
0.000000,-114.762383,1.331464,-1.912940,0.000000,0.000000,0.000000
0.000000,-114.762383,1.331368,-1.912940,0.000000,0.000000,0.000000
0.000000,-114.758026,1.331368,-1.912940,0.000000,0.000000,0.000000
0.000000,-114.758026,1.331368,-1.912940,0.000000,0.000000,0.000000
0.000000,-114.751755,1.331368,-1.912940,0.000000,0.000000,0.000000
0.000000,-114.747017,1.331368,-1.912940,0.000000,0.000000,0.000000
0.000000,-114.747017,1.331368,-1.912940,0.000000,0.000000,0.000000
0.000000,-114.739967,1.331368,-1.912940,0.000000,0.000000,0.000000
0.000000,-114.739967,1.331368,-1.912940,0.000000,0.000000,0.000000
0.000000,-114.734749,1.331272,-1.912940,0.000000,0.000000,0.000000
0.000000,-114.727348,1.331272,-1.912940,0.000000,0.000000,0.000000
0.000000,-114.727348,1.331272,-1.912940,0.000000,0.000000,0.000000
0.000000,-114.722084,1.331272,-1.912940,0.000000,0.000000,0.000000
0.000000,-114.722084,1.331272,-1.912940,0.000000,0.000000,0.000000
0.000000,-114.715218,1.331272,-1.912940,0.000000,0.000000,0.000000
0.000000,-114.710457,1.331176,-1.912940,0.000000,0.000000,0.000000
0.000000,-114.710457,1.331176,-1.912940,0.000000,0.000000,0.000000
0.000000,-114.703278,1.331176,-1.912940,0.000000,0.000000,0.000000
0.000000,-114.703278,1.331176,-1.912940,0.000000,0.000000,0.000000
0.000000,-114.698341,1.331080,-1.912940,0.000000,0.000000,0.000000
0.000000,-114.691475,1.331080,-1.912940,0.000000,0.000000,0.000000
0.000000,-114.691475,1.331080,-1.912940,0.000000,0.000000,0.000000
0.000000,-114.686279,1.331080,-1.912940,0.000000,0.000000,0.000000
0.000000,-114.686279,1.330984,-1.912940,0.000000,0.000000,0.000000
0.000000,-114.677727,1.330984,-1.912940,0.000000,0.000000,0.000000
0.000000,-114.671204,1.330889,-1.912940,0.000000,0.000000,0.000000
0.000000,-114.671204,1.330889,-1.912940,0.000000,0.000000,0.000000
0.000000,-114.661339,1.330793,-1.912940,0.000000,0.000000,0.000000
0.000000,-114.661339,1.330793,-1.912940,0.000000,0.000000,0.000000
0.000000,-114.654427,1.330697,-1.912940,0.000000,0.000000,0.000000
0.000000,-114.644836,1.330601,-1.912940,0.000000,0.000000,0.000000
0.000000,-114.644836,1.330409,-1.912940,0.000000,0.000000,0.000000
0.000000,-114.638359,1.330313,-1.912940,0.000000,0.000000,0.000000
0.000000,-114.638359,1.330218,-1.912940,0.000000,0.000000,0.000000
0.000000,-114.628387,1.330122,-1.912940,0.000000,0.000000,0.000000
0.000000,-114.620796,1.330026,-1.912940,0.000000,0.000000,0.000000
0.000000,-114.620796,1.330026,-1.912940,0.000000,0.000000,0.000000
0.000000,-114.609703,1.329930,-1.912940,0.000000,0.000000,0.000000
0.000000,-114.609703,1.329930,-1.912940,0.000000,0.000000,0.000000
0.000000,-114.601631,1.329930,-1.912940,0.000000,0.000000,0.000000
0.000000,-114.588791,1.329930,-1.912940,0.000000,0.000000,0.000000
0.000000,-114.588791,1.329930,-1.912940,0.000000,0.000000,0.000000
0.000000,-114.580582,1.329930,-1.912940,0.000000,0.000000,0.000000
0.000000,-114.580582,1.329930,-1.912940,0.000000,0.000000,0.000000
0.000000,-114.572289,1.329930,-1.912940,0.000000,0.000000,0.000000
0.000000,-114.568184,1.329930,-1.912940,0.000000,0.000000,0.000000
0.000000,-114.568184,1.329930,-1.912940,0.000000,0.000000,0.000000
0.000000,-114.561462,1.329930,-1.912940,0.000000,0.000000,0.000000
0.000000,-114.561462,1.329930,-1.912940,0.000000,0.000000,0.000000
0.000000,-114.555450,1.329930,-1.912940,0.000000,0.000000,0.000000
0.000000,-114.546440,1.329930,-1.912940,0.000000,0.000000,0.000000
0.000000,-114.546440,1.329930,-1.912940,0.000000,0.000000,0.000000
0.000000,-114.540649,1.329930,-1.912940,0.000000,0.000000,0.000000
0.000000,-114.540649,1.329930,-1.912940,0.000000,0.000000,0.000000
0.000000,-114.532784,1.329930,-1.912940,0.000000,0.000000,0.000000
0.000000,-114.527504,1.329930,-1.912940,0.000000,0.000000,0.000000
0.000000,-114.527504,1.329930,-1.912940,0.000000,0.000000,0.000000
0.000000,-114.520134,1.329930,-1.912940,0.000000,0.000000,0.000000
0.000000,-114.520134,1.329930,-1.912940,0.000000,0.000000,0.000000
0.000000,-114.514465,1.329930,-1.912940,0.000000,0.000000,0.000000
0.000000,-114.505379,1.329930,-1.912940,0.000000,0.000000,0.000000
0.000000,-114.505379,1.329930,-1.912940,0.000000,0.000000,0.000000
0.000000,-114.499413,1.329930,-1.912940,0.000000,0.000000,0.000000
0.000000,-114.499413,1.329930,-1.912940,0.000000,0.000000,0.000000
0.000000,-114.495003,1.329930,-1.912940,0.000000,0.000000,0.000000
0.000000,-114.493652,1.329930,-1.912940,0.000000,0.000000,0.000000
0.000000,-114.493652,1.329930,-1.912940,0.000000,0.000000,0.000000
0.000000,-114.491570,1.329930,-1.912940,0.000000,0.000000,0.000000
0.000000,-114.491570,1.329930,-1.912940,0.000000,0.000000,0.000000
0.000000,-114.488510,1.329930,-1.912940,0.000000,0.000000,0.000000
0.000000,-114.482590,1.329930,-1.912940,0.000000,0.000000,0.000000
0.000000,-114.482590,1.329930,-1.912940,0.000000,0.000000,0.000000
0.000000,-114.478355,1.329930,-1.912940,0.000000,0.000000,0.000000
0.000000,-114.478355,1.329930,-1.912940,0.000000,0.000000,0.000000
0.000000,-114.472198,1.329930,-1.912940,0.000000,0.000000,0.000000
0.000000,-114.467789,1.329930,-1.912940,0.000000,0.000000,0.000000
0.000000,-114.467789,1.329930,-1.912940,0.000000,0.000000,0.000000
0.000000,-114.461296,1.329930,-1.912940,0.000000,0.000000,0.000000
0.000000,-114.461296,1.329930,-1.912940,0.000000,0.000000,0.000000
0.000000,-114.456001,1.329930,-1.912940,0.000000,0.000000,0.000000
0.000000,-114.447685,1.329930,-1.912940,0.000000,0.000000,0.000000
0.000000,-114.447685,1.329930,-1.912940,0.000000,0.000000,0.000000
0.000000,-114.440788,1.329930,-1.912940,0.000000,0.000000,0.000000
0.000000,-114.440788,1.329930,-1.912940,0.000000,0.000000,0.000000
0.000000,-114.430244,1.329930,-1.912940,0.000000,0.000000,0.000000
0.000000,-114.422318,1.329930,-1.912940,0.000000,0.000000,0.000000
0.000000,-114.422318,1.329930,-1.912940,0.000000,0.000000,0.000000
0.000000,-114.411377,1.329930,-1.912940,0.000000,0.000000,0.000000
0.000000,-114.411377,1.329930,-1.912940,0.000000,0.000000,0.000000
0.000000,-114.403343,1.329930,-1.912844,0.000000,0.000000,0.000000
0.000000,-114.390900,1.329930,-1.912844,0.000000,0.000000,0.000000
0.000000,-114.390900,1.329930,-1.912844,0.000000,0.000000,0.000000
0.000000,-114.381073,1.329930,-1.912844,0.000000,0.000000,0.000000
0.000000,-114.381073,1.329835,-1.912844,0.000000,0.000000,0.000000
0.000000,-114.366089,1.329835,-1.912844,0.000000,0.000000,0.000000
0.000000,-114.354576,1.329835,-1.912844,0.000000,0.000000,0.000000
0.000000,-114.354576,1.329835,-1.912844,0.000000,0.000000,0.000000
0.000000,-114.336716,1.329835,-1.912844,0.000000,0.000000,0.000000
0.000000,-114.336716,1.329835,-1.912844,0.000000,0.000000,0.000000
0.000000,-114.323120,1.329835,-1.912844,0.000000,0.000000,0.000000
0.000000,-114.302666,1.329835,-1.912844,0.000000,0.000000,0.000000
0.000000,-114.302666,1.329835,-1.912844,0.000000,0.000000,0.000000
0.000000,-114.287491,1.329835,-1.912844,0.000000,0.000000,0.000000
0.000000,-114.287491,1.329835,-1.912844,0.000000,0.000000,0.000000
0.000000,-114.264763,1.329835,-1.912844,0.000000,0.000000,0.000000
0.000000,-114.248299,1.329835,-1.912844,0.000000,0.000000,0.000000
0.000000,-114.248299,1.329835,-1.912844,0.000000,0.000000,0.000000
0.000000,-114.223503,1.329835,-1.912844,0.000000,0.000000,0.000000
0.000000,-114.223503,1.329739,-1.912844,0.000000,0.000000,0.000000
0.000000,-114.205154,1.329739,-1.912844,0.000000,0.000000,0.000000
0.000000,-114.177750,1.329739,-1.912844,0.000000,0.000000,0.000000
0.000000,-114.177750,1.329739,-1.912844,0.000000,0.000000,0.000000
0.000000,-114.157799,1.329739,-1.912844,0.000000,0.000000,0.000000
0.000000,-114.157799,1.329739,-1.912844,0.000000,0.000000,0.000000
0.000000,-114.128838,1.329739,-1.912844,0.000000,0.000000,0.000000
0.000000,-114.108139,1.329643,-1.912844,0.000000,0.000000,0.000000
0.000000,-114.108139,1.329643,-1.912844,0.000000,0.000000,0.000000
0.000000,-114.077805,1.329643,-1.912844,0.000000,0.000000,0.000000
0.000000,-114.077805,1.329643,-1.912844,0.000000,0.000000,0.000000
0.000000,-114.056068,1.329643,-1.912844,0.000000,0.000000,0.000000
0.000000,-114.024284,1.329643,-1.912844,0.000000,0.000000,0.000000
0.000000,-114.024284,1.329643,-1.912844,0.000000,0.000000,0.000000
0.000000,-114.001488,1.329547,-1.912748,0.000000,0.000000,0.000000
0.000000,-114.001488,1.329547,-1.912748,0.000000,0.000000,0.000000
0.000000,-113.968422,1.329547,-1.912748,0.000000,0.000000,0.000000
0.000000,-113.943626,1.329547,-1.912748,0.000000,0.000000,0.000000
0.000000,-113.943626,1.329547,-1.912748,0.000000,0.000000,0.000000
0.000000,-113.904877,1.329547,-1.912748,0.000000,0.000000,0.000000
0.000000,-113.904877,1.329547,-1.912748,0.000000,0.000000,0.000000
0.000000,-113.879852,1.329547,-1.912748,0.000000,0.000000,0.000000
0.000000,-113.849823,1.329547,-1.912652,0.000000,0.000000,0.000000
0.000000,-113.849823,1.329547,-1.912652,0.000000,0.000000,0.000000
0.000000,-113.830872,1.329547,-1.912652,0.000000,0.000000,0.000000
0.000000,-113.830872,1.329547,-1.912652,0.000000,0.000000,0.000000
0.000000,-113.802971,1.329547,-1.912652,0.000000,0.000000,0.000000
0.000000,-113.781776,1.329547,-1.912652,0.000000,0.000000,0.000000
0.000000,-113.781776,1.329547,-1.912556,0.000000,0.000000,0.000000
0.000000,-113.746414,1.329547,-1.912556,0.000000,0.000000,0.000000
0.000000,-113.746414,1.329547,-1.912556,0.000000,0.000000,0.000000
0.000000,-113.721413,1.329451,-1.912556,0.000000,0.000000,0.000000
0.000000,-113.689926,1.329451,-1.912556,0.000000,0.000000,0.000000
0.000000,-113.689926,1.329451,-1.912556,0.000000,0.000000,0.000000
0.000000,-113.670258,1.329451,-1.912461,0.000000,0.000000,0.000000
0.000000,-113.670258,1.329451,-1.912461,0.000000,0.000000,0.000000
0.000000,-113.640747,1.329451,-1.912461,0.000000,0.000000,0.000000
0.000000,-113.618668,1.329451,-1.912461,0.000000,0.000000,0.000000
0.000000,-113.618668,1.329451,-1.912461,0.000000,0.000000,0.000000
0.000000,-113.582634,1.329355,-1.912365,0.000000,0.000000,0.000000
0.000000,-113.582634,1.329355,-1.912365,0.000000,0.000000,0.000000
0.000000,-113.557137,1.329355,-1.912365,0.000000,0.000000,0.000000
0.000000,-113.522095,1.329355,-1.912365,0.000000,0.000000,0.000000
0.000000,-113.522095,1.329355,-1.912365,0.000000,0.000000,0.000000
0.000000,-113.500458,1.329355,-1.912269,0.000000,0.000000,0.000000
0.000000,-113.500458,1.329355,-1.912269,0.000000,0.000000,0.000000
0.000000,-113.468239,1.329355,-1.912269,0.000000,0.000000,0.000000
0.000000,-113.444977,1.329355,-1.912269,0.000000,0.000000,0.000000
0.000000,-113.444977,1.329355,-1.912269,0.000000,0.000000,0.000000
0.000000,-113.408836,1.329260,-1.912269,0.000000,0.000000,0.000000
0.000000,-113.408836,1.329260,-1.912173,0.000000,0.000000,0.000000
0.000000,-113.384064,1.329260,-1.912173,0.000000,0.000000,0.000000
0.000000,-113.344833,1.329260,-1.912173,0.000000,0.000000,0.000000
0.000000,-113.344833,1.329260,-1.912173,0.000000,0.000000,0.000000
0.000000,-113.317154,1.329260,-1.912173,0.000000,0.000000,0.000000
0.000000,-113.317154,1.329260,-1.912173,0.000000,0.000000,0.000000
0.000000,-113.277710,1.329260,-1.912173,0.000000,0.000000,0.000000
0.000000,-113.251686,1.329260,-1.912173,0.000000,0.000000,0.000000
0.000000,-113.251686,1.329260,-1.912173,0.000000,0.000000,0.000000
0.000000,-113.209351,1.329260,-1.912173,0.000000,0.000000,0.000000
0.000000,-113.209351,1.329260,-1.912173,0.000000,0.000000,0.000000
0.000000,-113.177742,1.329260,-1.912173,0.000000,0.000000,0.000000
0.000000,-113.127502,1.329260,-1.912173,0.000000,0.000000,0.000000
0.000000,-113.127502,1.329260,-1.912173,0.000000,0.000000,0.000000
0.000000,-113.092804,1.329260,-1.912173,0.000000,0.000000,0.000000
0.000000,-113.092804,1.329260,-1.912173,0.000000,0.000000,0.000000
0.000000,-113.039742,1.329260,-1.912173,0.000000,0.000000,0.000000
0.000000,-113.002098,1.329260,-1.912173,0.000000,0.000000,0.000000
0.000000,-113.002098,1.329260,-1.912173,0.000000,0.000000,0.000000
0.000000,-112.943359,1.329260,-1.912173,0.000000,0.000000,0.000000
0.000000,-112.943359,1.329260,-1.912173,0.000000,0.000000,0.000000
0.000000,-112.901695,1.329260,-1.912173,0.000000,0.000000,0.000000
0.000000,-112.837646,1.329260,-1.912173,0.000000,0.000000,0.000000
0.000000,-112.837646,1.329260,-1.912173,0.000000,0.000000,0.000000
0.000000,-112.792267,1.329260,-1.912173,0.000000,0.000000,0.000000
0.000000,-112.792267,1.329260,-1.912173,0.000000,0.000000,0.000000
0.000000,-112.722298,1.329260,-1.912173,0.000000,0.000000,0.000000
0.000000,-112.672737,1.329260,-1.912173,0.000000,0.000000,0.000000
0.000000,-112.672737,1.329260,-1.912173,0.000000,0.000000,0.000000
0.000000,-112.596382,1.329260,-1.912173,0.000000,0.000000,0.000000
0.000000,-112.596382,1.329260,-1.912173,0.000000,0.000000,0.000000
0.000000,-112.542076,1.329260,-1.912173,0.000000,0.000000,0.000000
0.000000,-112.458000,1.329260,-1.912173,0.000000,0.000000,0.000000
0.000000,-112.458000,1.329260,-1.912173,0.000000,0.000000,0.000000
0.000000,-112.397354,1.329260,-1.912173,0.000000,0.000000,0.000000
0.000000,-112.397354,1.329260,-1.912173,0.000000,0.000000,0.000000
0.000000,-112.301811,1.329260,-1.912173,0.000000,0.000000,0.000000
0.000000,-112.234016,1.329260,-1.912173,0.000000,0.000000,0.000000
0.000000,-112.234016,1.329260,-1.912173,0.000000,0.000000,0.000000
0.000000,-112.129669,1.329260,-1.912173,0.000000,0.000000,0.000000
0.000000,-112.129669,1.329260,-1.912173,0.000000,0.000000,0.000000
0.000000,-112.056465,1.329260,-1.912173,0.000000,0.000000,0.000000
0.000000,-111.943657,1.329260,-1.912173,0.000000,0.000000,0.000000
0.000000,-111.943657,1.329260,-1.912173,0.000000,0.000000,0.000000
0.000000,-111.863228,1.329260,-1.912173,0.000000,0.000000,0.000000
0.000000,-111.863228,1.329260,-1.912173,0.000000,0.000000,0.000000
0.000000,-111.738197,1.329260,-1.912173,0.000000,0.000000,0.000000
0.000000,-111.650543,1.329260,-1.912173,0.000000,0.000000,0.000000
0.000000,-111.650543,1.329260,-1.912173,0.000000,0.000000,0.000000
0.000000,-111.515762,1.329260,-1.912173,0.000000,0.000000,0.000000
0.000000,-111.515762,1.329260,-1.912173,0.000000,0.000000,0.000000
0.000000,-111.421143,1.329260,-1.912173,0.000000,0.000000,0.000000
0.000000,-111.275063,1.329260,-1.912173,0.000000,0.000000,0.000000
0.000000,-111.275063,1.329260,-1.912173,0.000000,0.000000,0.000000
0.000000,-111.172470,1.329260,-1.912173,0.000000,0.000000,0.000000
0.000000,-111.172470,1.329260,-1.912173,0.000000,0.000000,0.000000
0.000000,-111.012833,1.329260,-1.912173,0.000000,0.000000,0.000000
0.000000,-110.900948,1.329260,-1.912173,0.000000,0.000000,0.000000
0.000000,-110.900948,1.329260,-1.912173,0.000000,0.000000,0.000000
0.000000,-110.729187,1.329260,-1.912173,0.000000,0.000000,0.000000
0.000000,-110.729187,1.329260,-1.912173,0.000000,0.000000,0.000000
0.000000,-110.609612,1.329260,-1.912173,0.000000,0.000000,0.000000
0.000000,-110.424850,1.329260,-1.912173,0.000000,0.000000,0.000000
0.000000,-110.424850,1.329260,-1.912173,0.000000,0.000000,0.000000
0.000000,-110.296021,1.329260,-1.912173,0.000000,0.000000,0.000000
0.000000,-110.296021,1.329260,-1.912173,0.000000,0.000000,0.000000
0.000000,-110.098984,1.329260,-1.912173,0.000000,0.000000,0.000000
0.000000,-109.962395,1.329260,-1.912173,0.000000,0.000000,0.000000
0.000000,-109.962395,1.329260,-1.912173,0.000000,0.000000,0.000000
0.000000,-109.753540,1.329260,-1.912173,0.000000,0.000000,0.000000
0.000000,-109.753540,1.329260,-1.912173,0.000000,0.000000,0.000000
0.000000,-109.609016,1.329260,-1.912173,0.000000,0.000000,0.000000
0.000000,-109.389908,1.329260,-1.912173,0.000000,0.000000,0.000000
0.000000,-109.389908,1.329260,-1.912173,0.000000,0.000000,0.000000
0.000000,-109.239250,1.329260,-1.912173,0.000000,0.000000,0.000000
0.000000,-109.239250,1.329260,-1.912173,0.000000,0.000000,0.000000
0.000000,-109.011696,1.329260,-1.912173,0.000000,0.000000,0.000000
0.000000,-108.854668,1.329260,-1.912173,0.000000,0.000000,0.000000
0.000000,-108.854668,1.329260,-1.912173,0.000000,0.000000,0.000000
0.000000,-108.616173,1.329260,-1.912173,0.000000,0.000000,0.000000
0.000000,-108.616173,1.329260,-1.912173,0.000000,0.000000,0.000000
0.000000,-108.451393,1.329260,-1.912173,0.000000,0.000000,0.000000
0.000000,-108.201591,1.329260,-1.912173,0.000000,0.000000,0.000000
0.000000,-108.201591,1.329260,-1.912173,0.000000,0.000000,0.000000
0.000000,-108.029953,1.329260,-1.912173,0.000000,0.000000,0.000000
0.000000,-108.029953,1.329260,-1.912173,0.000000,0.000000,0.000000
0.000000,-107.770927,1.329260,-1.912173,0.000000,0.000000,0.000000
0.000000,-107.592590,1.329260,-1.912173,0.000000,0.000000,0.000000
0.000000,-107.592590,1.329260,-1.912173,0.000000,0.000000,0.000000
0.000000,-107.322548,1.329260,-1.912173,0.000000,0.000000,0.000000
0.000000,-107.322548,1.329260,-1.912173,0.000000,0.000000,0.000000
0.000000,-107.136848,1.329260,-1.912173,0.000000,0.000000,0.000000
0.000000,-106.857704,1.329260,-1.911981,0.000000,0.000000,0.000000
0.000000,-106.857704,1.329260,-1.911790,0.000000,0.000000,0.000000
0.000000,-106.666458,1.329260,-1.911119,0.000000,0.000000,0.000000
0.000000,-106.666458,1.329260,-1.910640,0.000000,0.000000,0.000000
0.000000,-106.381065,1.329260,-1.909490,0.000000,0.000000,0.000000
0.000000,-106.189095,1.329260,-1.908915,0.000000,0.000000,0.000000
0.000000,-106.189095,1.329260,-1.907669,0.000000,0.000000,0.000000
0.000000,-105.911102,1.329260,-1.906903,0.000000,0.000000,0.000000
0.000000,-105.911102,1.329260,-1.905561,0.000000,0.000000,0.000000
0.000000,-105.727348,1.329260,-1.904890,0.000000,0.000000,0.000000
0.000000,-105.465561,1.329260,-1.903261,0.000000,0.000000,0.000000
0.000000,-105.465561,1.329260,-1.902495,0.000000,0.000000,0.000000
0.000000,-105.293839,1.329164,-1.900770,0.000000,0.000000,0.000000
0.000000,-105.293839,1.329164,-1.899907,0.000000,0.000000,0.000000
0.000000,-105.049660,1.329068,-1.898278,0.000000,0.000000,0.000000
0.000000,-104.889717,1.328972,-1.897512,0.000000,0.000000,0.000000
0.000000,-104.889717,1.328972,-1.895978,0.000000,0.000000,0.000000
0.000000,-104.663025,1.328876,-1.895212,0.000000,0.000000,0.000000
0.000000,-104.663025,1.328876,-1.893679,0.000000,0.000000,0.000000
0.000000,-104.516800,1.328780,-1.892912,0.000000,0.000000,0.000000
0.000000,-104.305374,1.328685,-1.891379,0.000000,0.000000,0.000000
0.000000,-104.305374,1.328493,-1.890516,0.000000,0.000000,0.000000
0.000000,-104.161446,1.328397,-1.888791,0.000000,0.000000,0.000000
0.000000,-104.161446,1.328205,-1.887833,0.000000,0.000000,0.000000
0.000000,-103.947899,1.328110,-1.885917,0.000000,0.000000,0.000000
0.000000,-103.808266,1.327918,-1.884958,0.000000,0.000000,0.000000
0.000000,-103.808266,1.327726,-1.883042,0.000000,0.000000,0.000000
0.000000,-103.608826,1.327534,-1.881988,0.000000,0.000000,0.000000
0.000000,-103.608826,1.327439,-1.880167,0.000000,0.000000,0.000000
0.000000,-103.478027,1.327343,-1.879209,0.000000,0.000000,0.000000
0.000000,-103.287827,1.327247,-1.877484,0.000000,0.000000,0.000000
0.000000,-103.287827,1.327152,-1.876621,0.000000,0.000000,0.000000
0.000000,-103.165169,1.327152,-1.874897,0.000000,0.000000,0.000000
0.000000,-103.165169,1.327056,-1.873938,0.000000,0.000000,0.000000
0.000000,-102.988785,1.326960,-1.872213,0.000000,0.000000,0.000000
0.000000,-102.874580,1.326960,-1.871159,0.000000,0.000000,0.000000
0.000000,-102.874580,1.326960,-1.869147,0.000000,0.000000,0.000000
0.000000,-102.708496,1.326864,-1.868093,0.000000,0.000000,0.000000
0.000000,-102.708496,1.326864,-1.866176,0.000000,0.000000,0.000000
0.000000,-102.601692,1.326864,-1.865218,0.000000,0.000000,0.000000
0.000000,-102.451149,1.326864,-1.863493,0.000000,0.000000,0.000000
0.000000,-102.451149,1.326864,-1.862631,0.000000,0.000000,0.000000
0.000000,-102.355194,1.326864,-1.861002,0.000000,0.000000,0.000000
0.000000,-102.355194,1.326864,-1.860235,0.000000,0.000000,0.000000
0.000000,-102.214264,1.326864,-1.858606,0.000000,0.000000,0.000000
0.000000,-102.122353,1.326864,-1.857935,0.000000,0.000000,0.000000
0.000000,-102.122353,1.326864,-1.856306,0.000000,0.000000,0.000000
0.000000,-101.990669,1.326864,-1.855635,0.000000,0.000000,0.000000
0.000000,-101.990669,1.326864,-1.853815,0.000000,0.000000,0.000000
0.000000,-101.908020,1.326864,-1.853048,0.000000,0.000000,0.000000
0.000000,-101.789795,1.326864,-1.851132,0.000000,0.000000,0.000000
0.000000,-101.789795,1.326864,-1.850269,0.000000,0.000000,0.000000
0.000000,-101.713310,1.326864,-1.848544,0.000000,0.000000,0.000000
0.000000,-101.713310,1.326864,-1.847778,0.000000,0.000000,0.000000
0.000000,-101.603622,1.326864,-1.846244,0.000000,0.000000,0.000000
0.000000,-101.533653,1.326864,-1.845478,0.000000,0.000000,0.000000
0.000000,-101.533653,1.326864,-1.844232,0.000000,0.000000,0.000000
0.000000,-101.430069,1.326864,-1.843561,0.000000,0.000000,0.000000
0.000000,-101.430069,1.326864,-1.842315,0.000000,0.000000,0.000000
0.000000,-101.360741,1.326864,-1.841645,0.000000,0.000000,0.000000
0.000000,-101.258087,1.326960,-1.840399,0.000000,0.000000,0.000000
0.000000,-101.258087,1.326960,-1.839728,0.000000,0.000000,0.000000
0.000000,-101.192436,1.326960,-1.838387,0.000000,0.000000,0.000000
0.000000,-101.192436,1.326960,-1.837716,0.000000,0.000000,0.000000
0.000000,-101.099861,1.326960,-1.836183,0.000000,0.000000,0.000000
0.000000,-101.040939,1.326960,-1.835416,0.000000,0.000000,0.000000
0.000000,-101.040939,1.326960,-1.833979,0.000000,0.000000,0.000000
0.000000,-100.959618,1.326960,-1.833308,0.000000,0.000000,0.000000
0.000000,-100.959618,1.326960,-1.831870,0.000000,0.000000,0.000000
0.000000,-100.908234,1.326960,-1.831295,0.000000,0.000000,0.000000
0.000000,-100.834335,1.326960,-1.830241,0.000000,0.000000,0.000000
0.000000,-100.834335,1.326960,-1.829666,0.000000,0.000000,0.000000
0.000000,-100.784370,1.326960,-1.828708,0.000000,0.000000,0.000000
0.000000,-100.784370,1.326960,-1.828325,0.000000,0.000000,0.000000
0.000000,-100.705345,1.326960,-1.827462,0.000000,0.000000,0.000000
0.000000,-100.649345,1.326960,-1.826983,0.000000,0.000000,0.000000
0.000000,-100.649345,1.326960,-1.825929,0.000000,0.000000,0.000000
0.000000,-100.562080,1.326960,-1.825450,0.000000,0.000000,0.000000
0.000000,-100.562080,1.326960,-1.824492,0.000000,0.000000,0.000000
0.000000,-100.503716,1.326960,-1.823917,0.000000,0.000000,0.000000
0.000000,-100.421249,1.326960,-1.822863,0.000000,0.000000,0.000000
0.000000,-100.421249,1.326960,-1.822384,0.000000,0.000000,0.000000
0.000000,-100.366280,1.326960,-1.821138,0.000000,0.000000,0.000000
0.000000,-100.366280,1.326960,-1.820563,0.000000,0.000000,0.000000
0.000000,-100.281685,1.326960,-1.819413,0.000000,0.000000,0.000000
0.000000,-100.222870,1.326960,-1.818742,0.000000,0.000000,0.000000
0.000000,-100.222870,1.326960,-1.817496,0.000000,0.000000,0.000000
0.000000,-100.131088,1.326960,-1.816826,0.000000,0.000000,0.000000
0.000000,-100.131088,1.326960,-1.815580,0.000000,0.000000,0.000000
0.000000,-100.068047,1.326960,-1.814909,0.000000,0.000000,0.000000
0.000000,-99.969116,1.326960,-1.813951,0.000000,0.000000,0.000000
0.000000,-99.969116,1.326960,-1.813376,0.000000,0.000000,0.000000
0.000000,-99.899963,1.326960,-1.812130,0.000000,0.000000,0.000000
0.000000,-99.899963,1.326960,-1.811651,0.000000,0.000000,0.000000
0.000000,-99.788559,1.326960,-1.810597,0.000000,0.000000,0.000000
0.000000,-99.710693,1.326960,-1.810022,0.000000,0.000000,0.000000
0.000000,-99.710693,1.326960,-1.809064,0.000000,0.000000,0.000000
0.000000,-99.592522,1.326960,-1.808680,0.000000,0.000000,0.000000
0.000000,-99.592522,1.326960,-1.807530,0.000000,0.000000,0.000000
0.000000,-99.512070,1.326960,-1.806860,0.000000,0.000000,0.000000
0.000000,-99.387871,1.326960,-1.805710,0.000000,0.000000,0.000000
0.000000,-99.387871,1.326960,-1.805039,0.000000,0.000000,0.000000
0.000000,-99.304451,1.326960,-1.803602,0.000000,0.000000,0.000000
0.000000,-99.304451,1.326960,-1.802835,0.000000,0.000000,0.000000
0.000000,-99.181343,1.326960,-1.801302,0.000000,0.000000,0.000000
0.000000,-99.099594,1.326960,-1.800631,0.000000,0.000000,0.000000
0.000000,-99.099594,1.326960,-1.799289,0.000000,0.000000,0.000000
0.000000,-98.976372,1.326960,-1.798523,0.000000,0.000000,0.000000
0.000000,-98.976372,1.326960,-1.797373,0.000000,0.000000,0.000000
0.000000,-98.893227,1.326960,-1.796702,0.000000,0.000000,0.000000
0.000000,-98.765572,1.326960,-1.795360,0.000000,0.000000,0.000000
0.000000,-98.765572,1.326960,-1.794785,0.000000,0.000000,0.000000
0.000000,-98.678436,1.326960,-1.793348,0.000000,0.000000,0.000000
0.000000,-98.678436,1.326960,-1.792677,0.000000,0.000000,0.000000
0.000000,-98.545509,1.326960,-1.791336,0.000000,0.000000,0.000000
0.000000,-98.456139,1.326960,-1.790569,0.000000,0.000000,0.000000
0.000000,-98.456139,1.326960,-1.789323,0.000000,0.000000,0.000000
0.000000,-98.322563,1.326960,-1.788557,0.000000,0.000000,0.000000
0.000000,-98.322563,1.326960,-1.787119,0.000000,0.000000,0.000000
0.000000,-98.233025,1.326960,-1.786353,0.000000,0.000000,0.000000
0.000000,-98.098396,1.326960,-1.784628,0.000000,0.000000,0.000000
0.000000,-98.098396,1.326960,-1.783861,0.000000,0.000000,0.000000
0.000000,-98.007675,1.326960,-1.782232,0.000000,0.000000,0.000000
0.000000,-98.007675,1.326960,-1.781466,0.000000,0.000000,0.000000
0.000000,-97.871803,1.326960,-1.780028,0.000000,0.000000,0.000000
0.000000,-97.780426,1.326960,-1.779262,0.000000,0.000000,0.000000
0.000000,-97.780426,1.326960,-1.777920,0.000000,0.000000,0.000000
0.000000,-97.642761,1.326960,-1.777249,0.000000,0.000000,0.000000
0.000000,-97.642761,1.326960,-1.775812,0.000000,0.000000,0.000000
0.000000,-97.550598,1.326960,-1.775045,0.000000,0.000000,0.000000
0.000000,-97.413895,1.326960,-1.773512,0.000000,0.000000,0.000000
0.000000,-97.413895,1.326960,-1.772745,0.000000,0.000000,0.000000
0.000000,-97.323029,1.326960,-1.771116,0.000000,0.000000,0.000000
0.000000,-97.323029,1.326960,-1.770350,0.000000,0.000000,0.000000
0.000000,-97.187698,1.326960,-1.768625,0.000000,0.000000,0.000000
0.000000,-97.097366,1.326960,-1.767858,0.000000,0.000000,0.000000
0.000000,-97.097366,1.326960,-1.766229,0.000000,0.000000,0.000000
0.000000,-96.962349,1.326960,-1.765367,0.000000,0.000000,0.000000
0.000000,-96.962349,1.326960,-1.763929,0.000000,0.000000,0.000000
0.000000,-96.871544,1.326960,-1.763163,0.000000,0.000000,0.000000
0.000000,-96.733665,1.326960,-1.761821,0.000000,0.000000,0.000000
0.000000,-96.733665,1.326960,-1.761150,0.000000,0.000000,0.000000
0.000000,-96.640175,1.326960,-1.759617,0.000000,0.000000,0.000000
0.000000,-96.640175,1.326960,-1.758946,0.000000,0.000000,0.000000
0.000000,-96.498276,1.326960,-1.757413,0.000000,0.000000,0.000000
0.000000,-96.402885,1.326960,-1.756646,0.000000,0.000000,0.000000
0.000000,-96.402885,1.326960,-1.755017,0.000000,0.000000,0.000000
0.000000,-96.260880,1.326960,-1.754155,0.000000,0.000000,0.000000
0.000000,-96.260880,1.326960,-1.752334,0.000000,0.000000,0.000000
0.000000,-96.166702,1.326960,-1.751472,0.000000,0.000000,0.000000
0.000000,-96.026901,1.326960,-1.749747,0.000000,0.000000,0.000000
0.000000,-96.026901,1.326960,-1.748789,0.000000,0.000000,0.000000
0.000000,-95.933434,1.326960,-1.747255,0.000000,0.000000,0.000000
0.000000,-95.933434,1.326960,-1.746393,0.000000,0.000000,0.000000
0.000000,-95.793159,1.326960,-1.744956,0.000000,0.000000,0.000000
0.000000,-95.698959,1.326960,-1.744285,0.000000,0.000000,0.000000
0.000000,-95.698959,1.326960,-1.742847,0.000000,0.000000,0.000000
0.000000,-95.557014,1.326960,-1.742177,0.000000,0.000000,0.000000
0.000000,-95.557014,1.326960,-1.740643,0.000000,0.000000,0.000000
0.000000,-95.461082,1.326960,-1.739877,0.000000,0.000000,0.000000
0.000000,-95.317757,1.326960,-1.738248,0.000000,0.000000,0.000000
0.000000,-95.317757,1.326960,-1.737385,0.000000,0.000000,0.000000
0.000000,-95.222542,1.326960,-1.735565,0.000000,0.000000,0.000000
0.000000,-95.222542,1.326960,-1.734606,0.000000,0.000000,0.000000
0.000000,-95.081963,1.326960,-1.732786,0.000000,0.000000,0.000000
0.000000,-94.988525,1.326960,-1.731923,0.000000,0.000000,0.000000
0.000000,-94.988525,1.326960,-1.730390,0.000000,0.000000,0.000000
0.000000,-94.849716,1.326960,-1.729623,0.000000,0.000000,0.000000
0.000000,-94.849716,1.326960,-1.728186,0.000000,0.000000,0.000000
0.000000,-94.756790,1.326960,-1.727419,0.000000,0.000000,0.000000
0.000000,-94.616745,1.326960,-1.725982,0.000000,0.000000,0.000000
0.000000,-94.616745,1.326960,-1.725311,0.000000,0.000000,0.000000
0.000000,-94.522240,1.326960,-1.723778,0.000000,0.000000,0.000000
0.000000,-94.522240,1.326960,-1.723011,0.000000,0.000000,0.000000
0.000000,-94.380730,1.326960,-1.721478,0.000000,0.000000,0.000000
0.000000,-94.286331,1.326960,-1.720616,0.000000,0.000000,0.000000
0.000000,-94.286331,1.326960,-1.718795,0.000000,0.000000,0.000000
0.000000,-94.147079,1.326960,-1.717932,0.000000,0.000000,0.000000
0.000000,-94.147079,1.326960,-1.716112,0.000000,0.000000,0.000000
0.000000,-94.054626,1.326960,-1.715249,0.000000,0.000000,0.000000
0.000000,-93.917068,1.326960,-1.713524,0.000000,0.000000,0.000000
0.000000,-93.917068,1.326960,-1.712662,0.000000,0.000000,0.000000
0.000000,-93.824112,1.326960,-1.711225,0.000000,0.000000,0.000000
0.000000,-93.824112,1.326960,-1.710458,0.000000,0.000000,0.000000
0.000000,-93.683319,1.326960,-1.709021,0.000000,0.000000,0.000000
0.000000,-93.587189,1.326960,-1.708254,0.000000,0.000000,0.000000
0.000000,-93.587189,1.326960,-1.706721,0.000000,0.000000,0.000000
0.000000,-93.442024,1.326960,-1.705954,0.000000,0.000000,0.000000
0.000000,-93.442024,1.326960,-1.704133,0.000000,0.000000,0.000000
0.000000,-93.344154,1.326960,-1.703271,0.000000,0.000000,0.000000
0.000000,-93.197861,1.326960,-1.701450,0.000000,0.000000,0.000000
0.000000,-93.197861,1.326960,-1.700588,0.000000,0.000000,0.000000
0.000000,-93.099937,1.326960,-1.698863,0.000000,0.000000,0.000000
0.000000,-93.099937,1.326960,-1.698000,0.000000,0.000000,0.000000
0.000000,-92.955505,1.326960,-1.696371,0.000000,0.000000,0.000000
0.000000,-92.858223,1.326960,-1.695605,0.000000,0.000000,0.000000
0.000000,-92.858223,1.326960,-1.693976,0.000000,0.000000,0.000000
0.000000,-92.711296,1.326960,-1.693209,0.000000,0.000000,0.000000
0.000000,-92.711296,1.326960,-1.691676,0.000000,0.000000,0.000000
0.000000,-92.611435,1.326960,-1.690814,0.000000,0.000000,0.000000
0.000000,-92.462036,1.326960,-1.689280,0.000000,0.000000,0.000000
0.000000,-92.462036,1.326960,-1.688418,0.000000,0.000000,0.000000
0.000000,-92.361115,1.326960,-1.686693,0.000000,0.000000,0.000000
0.000000,-92.361115,1.326960,-1.685735,0.000000,0.000000,0.000000
0.000000,-92.211296,1.326960,-1.683914,0.000000,0.000000,0.000000
0.000000,-92.111458,1.326960,-1.683052,0.000000,0.000000,0.000000
0.000000,-92.111458,1.326960,-1.681327,0.000000,0.000000,0.000000
0.000000,-91.963501,1.326960,-1.680368,0.000000,0.000000,0.000000
0.000000,-91.963501,1.326960,-1.678739,0.000000,0.000000,0.000000
0.000000,-91.863625,1.326960,-1.677973,0.000000,0.000000,0.000000
0.000000,-91.713982,1.326960,-1.676248,0.000000,0.000000,0.000000
0.000000,-91.713982,1.326960,-1.675481,0.000000,0.000000,0.000000
0.000000,-91.612747,1.326960,-1.673756,0.000000,0.000000,0.000000
0.000000,-91.612747,1.326960,-1.672990,0.000000,0.000000,0.000000
0.000000,-91.461151,1.326960,-1.671169,0.000000,0.000000,0.000000
0.000000,-91.358696,1.326960,-1.670307,0.000000,0.000000,0.000000
0.000000,-91.358696,1.326960,-1.668390,0.000000,0.000000,0.000000
0.000000,-91.205467,1.326960,-1.667528,0.000000,0.000000,0.000000
0.000000,-91.205467,1.326960,-1.665707,0.000000,0.000000,0.000000
0.000000,-91.101959,1.326960,-1.664845,0.000000,0.000000,0.000000
0.000000,-90.948715,1.326960,-1.663215,0.000000,0.000000,0.000000
0.000000,-90.948715,1.326960,-1.662449,0.000000,0.000000,0.000000
0.000000,-90.845787,1.326960,-1.660820,0.000000,0.000000,0.000000
0.000000,-90.845787,1.326960,-1.659957,0.000000,0.000000,0.000000
0.000000,-90.691345,1.326960,-1.658328,0.000000,0.000000,0.000000
0.000000,-90.586151,1.326960,-1.657466,0.000000,0.000000,0.000000
0.000000,-90.586151,1.326960,-1.655741,0.000000,0.000000,0.000000
0.000000,-90.428902,1.326960,-1.654783,0.000000,0.000000,0.000000
0.000000,-90.428902,1.326960,-1.652866,0.000000,0.000000,0.000000
0.000000,-90.323601,1.326960,-1.651908,0.000000,0.000000,0.000000
0.000000,-90.167664,1.326960,-1.650087,0.000000,0.000000,0.000000
0.000000,-90.167664,1.326960,-1.649129,0.000000,0.000000,0.000000
0.000000,-90.062805,1.326960,-1.647308,0.000000,0.000000,0.000000
0.000000,-90.062805,1.326960,-1.646446,0.000000,0.000000,0.000000
0.000000,-89.906418,1.326960,-1.644817,0.000000,0.000000,0.000000
0.000000,-89.800774,1.326960,-1.644050,0.000000,0.000000,0.000000
0.000000,-89.800774,1.326960,-1.642325,0.000000,0.000000,0.000000
0.000000,-89.642204,1.326960,-1.641463,0.000000,0.000000,0.000000
0.000000,-89.642204,1.326960,-1.639834,0.000000,0.000000,0.000000
0.000000,-89.535065,1.326960,-1.638875,0.000000,0.000000,0.000000
0.000000,-89.375854,1.326960,-1.636863,0.000000,0.000000,0.000000
0.000000,-89.375854,1.326960,-1.635905,0.000000,0.000000,0.000000
0.000000,-89.269264,1.326960,-1.633988,0.000000,0.000000,0.000000
0.000000,-89.269264,1.326960,-1.633030,0.000000,0.000000,0.000000
0.000000,-89.111542,1.326960,-1.631114,0.000000,0.000000,0.000000
0.000000,-89.005188,1.327056,-1.630251,0.000000,0.000000,0.000000
0.000000,-89.005188,1.327056,-1.628622,0.000000,0.000000,0.000000
0.000000,-88.846786,1.327056,-1.627760,0.000000,0.000000,0.000000
0.000000,-88.846786,1.327056,-1.626035,0.000000,0.000000,0.000000
0.000000,-88.740013,1.327056,-1.625172,0.000000,0.000000,0.000000
0.000000,-88.580933,1.327056,-1.623447,0.000000,0.000000,0.000000
0.000000,-88.580933,1.327152,-1.622585,0.000000,0.000000,0.000000
0.000000,-88.473656,1.327152,-1.620573,0.000000,0.000000,0.000000
0.000000,-88.473656,1.327152,-1.619614,0.000000,0.000000,0.000000
0.000000,-88.315582,1.327152,-1.617602,0.000000,0.000000,0.000000
0.000000,-88.209854,1.327152,-1.616548,0.000000,0.000000,0.000000
0.000000,-88.209854,1.327152,-1.614631,0.000000,0.000000,0.000000
0.000000,-88.053612,1.327152,-1.613673,0.000000,0.000000,0.000000
0.000000,-88.053612,1.327152,-1.611948,0.000000,0.000000,0.000000
0.000000,-87.948006,1.327152,-1.611181,0.000000,0.000000,0.000000
0.000000,-87.790787,1.327152,-1.609457,0.000000,0.000000,0.000000
0.000000,-87.790787,1.327247,-1.608594,0.000000,0.000000,0.000000
0.000000,-87.684227,1.327247,-1.606869,0.000000,0.000000,0.000000
0.000000,-87.684227,1.327247,-1.606007,0.000000,0.000000,0.000000
0.000000,-87.525368,1.327247,-1.603994,0.000000,0.000000,0.000000
0.000000,-87.417839,1.327247,-1.603036,0.000000,0.000000,0.000000
0.000000,-87.417839,1.327247,-1.601024,0.000000,0.000000,0.000000
0.000000,-87.258270,1.327247,-1.599970,0.000000,0.000000,0.000000
0.000000,-87.258270,1.327247,-1.598053,0.000000,0.000000,0.000000
0.000000,-87.150536,1.327247,-1.597095,0.000000,0.000000,0.000000
0.000000,-86.991051,1.327247,-1.595370,0.000000,0.000000,0.000000
0.000000,-86.991051,1.327247,-1.594508,0.000000,0.000000,0.000000
0.000000,-86.882828,1.327247,-1.592687,0.000000,0.000000,0.000000
0.000000,-86.882828,1.327247,-1.591825,0.000000,0.000000,0.000000
0.000000,-86.720726,1.327247,-1.590100,0.000000,0.000000,0.000000
0.000000,-86.610687,1.327247,-1.589141,0.000000,0.000000,0.000000
0.000000,-86.610687,1.327247,-1.587225,0.000000,0.000000,0.000000
0.000000,-86.447220,1.327343,-1.586267,0.000000,0.000000,0.000000
0.000000,-86.447220,1.327343,-1.584254,0.000000,0.000000,0.000000
0.000000,-86.337006,1.327343,-1.583200,0.000000,0.000000,0.000000
0.000000,-86.174263,1.327343,-1.581188,0.000000,0.000000,0.000000
0.000000,-86.174263,1.327343,-1.580230,0.000000,0.000000,0.000000
0.000000,-86.064766,1.327343,-1.578409,0.000000,0.000000,0.000000
0.000000,-86.064766,1.327343,-1.577451,0.000000,0.000000,0.000000
0.000000,-85.902336,1.327343,-1.575726,0.000000,0.000000,0.000000
0.000000,-85.792084,1.327343,-1.574767,0.000000,0.000000,0.000000
0.000000,-85.792084,1.327343,-1.572947,0.000000,0.000000,0.000000
0.000000,-85.626869,1.327343,-1.571988,0.000000,0.000000,0.000000
0.000000,-85.626869,1.327343,-1.569976,0.000000,0.000000,0.000000
0.000000,-85.514519,1.327343,-1.568922,0.000000,0.000000,0.000000
0.000000,-85.347298,1.327343,-1.567101,0.000000,0.000000,0.000000
0.000000,-85.347298,1.327343,-1.566047,0.000000,0.000000,0.000000
0.000000,-85.234077,1.327343,-1.564227,0.000000,0.000000,0.000000
0.000000,-85.234077,1.327343,-1.563268,0.000000,0.000000,0.000000
0.000000,-85.066467,1.327343,-1.561448,0.000000,0.000000,0.000000
0.000000,-84.952950,1.327343,-1.560489,0.000000,0.000000,0.000000
0.000000,-84.952950,1.327343,-1.558669,0.000000,0.000000,0.000000
0.000000,-84.784004,1.327343,-1.557710,0.000000,0.000000,0.000000
0.000000,-84.784004,1.327343,-1.555890,0.000000,0.000000,0.000000
0.000000,-84.669968,1.327343,-1.554835,0.000000,0.000000,0.000000
0.000000,-84.501701,1.327343,-1.552823,0.000000,0.000000,0.000000
0.000000,-84.501701,1.327343,-1.551865,0.000000,0.000000,0.000000
0.000000,-84.389015,1.327343,-1.549852,0.000000,0.000000,0.000000
0.000000,-84.389015,1.327343,-1.548798,0.000000,0.000000,0.000000
0.000000,-84.222664,1.327343,-1.546882,0.000000,0.000000,0.000000
0.000000,-84.110710,1.327343,-1.546019,0.000000,0.000000,0.000000
0.000000,-84.110710,1.327343,-1.544199,0.000000,0.000000,0.000000
0.000000,-83.944481,1.327343,-1.543241,0.000000,0.000000,0.000000
0.000000,-83.944481,1.327343,-1.541324,0.000000,0.000000,0.000000
0.000000,-83.832039,1.327343,-1.540366,0.000000,0.000000,0.000000
0.000000,-83.665390,1.327343,-1.538353,0.000000,0.000000,0.000000
0.000000,-83.665390,1.327343,-1.537299,0.000000,0.000000,0.000000
0.000000,-83.553635,1.327343,-1.535191,0.000000,0.000000,0.000000
0.000000,-83.553635,1.327343,-1.534233,0.000000,0.000000,0.000000
0.000000,-83.388557,1.327343,-1.532220,0.000000,0.000000,0.000000
0.000000,-83.277153,1.327343,-1.531262,0.000000,0.000000,0.000000
0.000000,-83.277153,1.327343,-1.529441,0.000000,0.000000,0.000000
0.000000,-83.110909,1.327343,-1.528579,0.000000,0.000000,0.000000
0.000000,-83.110909,1.327343,-1.526758,0.000000,0.000000,0.000000
0.000000,-82.997879,1.327343,-1.525896,0.000000,0.000000,0.000000
0.000000,-82.829010,1.327343,-1.524075,0.000000,0.000000,0.000000
0.000000,-82.829010,1.327343,-1.523117,0.000000,0.000000,0.000000
0.000000,-82.714386,1.327343,-1.521009,0.000000,0.000000,0.000000
0.000000,-82.714386,1.327343,-1.519955,0.000000,0.000000,0.000000
0.000000,-82.544479,1.327343,-1.517846,0.000000,0.000000,0.000000
0.000000,-82.430305,1.327343,-1.516792,0.000000,0.000000,0.000000
0.000000,-82.430305,1.327343,-1.514780,0.000000,0.000000,0.000000
0.000000,-82.262047,1.327343,-1.513726,0.000000,0.000000,0.000000
0.000000,-82.262047,1.327343,-1.512001,0.000000,0.000000,0.000000
0.000000,-82.148270,1.327343,-1.511043,0.000000,0.000000,0.000000
0.000000,-81.978783,1.327439,-1.509222,0.000000,0.000000,0.000000
0.000000,-81.978783,1.327439,-1.508264,0.000000,0.000000,0.000000
0.000000,-81.863670,1.327439,-1.506443,0.000000,0.000000,0.000000
0.000000,-81.863670,1.327439,-1.505389,0.000000,0.000000,0.000000
0.000000,-81.692902,1.327439,-1.503281,0.000000,0.000000,0.000000
0.000000,-81.577972,1.327439,-1.502131,0.000000,0.000000,0.000000
0.000000,-81.577972,1.327439,-1.500023,0.000000,0.000000,0.000000
0.000000,-81.409096,1.327439,-1.499064,0.000000,0.000000,0.000000
0.000000,-81.409096,1.327439,-1.497052,0.000000,0.000000,0.000000
0.000000,-81.295319,1.327439,-1.496190,0.000000,0.000000,0.000000
0.000000,-81.126907,1.327439,-1.494369,0.000000,0.000000,0.000000
0.000000,-81.126907,1.327439,-1.493411,0.000000,0.000000,0.000000
0.000000,-81.013077,1.327439,-1.491590,0.000000,0.000000,0.000000
0.000000,-81.013077,1.327439,-1.490632,0.000000,0.000000,0.000000
0.000000,-80.844398,1.327439,-1.488715,0.000000,0.000000,0.000000
0.000000,-80.730171,1.327439,-1.487757,0.000000,0.000000,0.000000
0.000000,-80.730171,1.327439,-1.485553,0.000000,0.000000,0.000000
0.000000,-80.561478,1.327439,-1.484499,0.000000,0.000000,0.000000
0.000000,-80.561478,1.327439,-1.482391,0.000000,0.000000,0.000000
0.000000,-80.447998,1.327439,-1.481432,0.000000,0.000000,0.000000
0.000000,-80.280556,1.327439,-1.479420,0.000000,0.000000,0.000000
0.000000,-80.280556,1.327439,-1.478557,0.000000,0.000000,0.000000
0.000000,-80.167397,1.327439,-1.476737,0.000000,0.000000,0.000000
0.000000,-80.167397,1.327439,-1.475874,0.000000,0.000000,0.000000
0.000000,-79.999817,1.327439,-1.473958,0.000000,0.000000,0.000000
0.000000,-79.886215,1.327439,-1.473000,0.000000,0.000000,0.000000
0.000000,-79.886215,1.327439,-1.470987,0.000000,0.000000,0.000000
0.000000,-79.717804,1.327439,-1.469933,0.000000,0.000000,0.000000
0.000000,-79.717804,1.327439,-1.467825,0.000000,0.000000,0.000000
0.000000,-79.603790,1.327439,-1.466867,0.000000,0.000000,0.000000
0.000000,-79.435745,1.327439,-1.464854,0.000000,0.000000,0.000000
0.000000,-79.435745,1.327439,-1.463800,0.000000,0.000000,0.000000
0.000000,-79.322510,1.327439,-1.461884,0.000000,0.000000,0.000000
0.000000,-79.322510,1.327439,-1.460925,0.000000,0.000000,0.000000
0.000000,-79.155090,1.327439,-1.459105,0.000000,0.000000,0.000000
0.000000,-79.041191,1.327439,-1.458146,0.000000,0.000000,0.000000
0.000000,-79.041191,1.327439,-1.456326,0.000000,0.000000,0.000000
0.000000,-78.872086,1.327439,-1.455271,0.000000,0.000000,0.000000
0.000000,-78.872086,1.327439,-1.453163,0.000000,0.000000,0.000000
0.000000,-78.758003,1.327439,-1.452109,0.000000,0.000000,0.000000
0.000000,-78.589790,1.327439,-1.450097,0.000000,0.000000,0.000000
0.000000,-78.589790,1.327439,-1.449043,0.000000,0.000000,0.000000
0.000000,-78.476120,1.327439,-1.447030,0.000000,0.000000,0.000000
0.000000,-78.476120,1.327439,-1.446072,0.000000,0.000000,0.000000
0.000000,-78.308174,1.327439,-1.444156,0.000000,0.000000,0.000000
0.000000,-78.194176,1.327439,-1.443197,0.000000,0.000000,0.000000
0.000000,-78.194176,1.327439,-1.441281,0.000000,0.000000,0.000000
0.000000,-78.024963,1.327439,-1.440323,0.000000,0.000000,0.000000
0.000000,-78.024963,1.327439,-1.438310,0.000000,0.000000,0.000000
0.000000,-77.910042,1.327439,-1.437256,0.000000,0.000000,0.000000
0.000000,-77.740410,1.327439,-1.435148,0.000000,0.000000,0.000000
0.000000,-77.740410,1.327439,-1.434094,0.000000,0.000000,0.000000
0.000000,-77.625107,1.327439,-1.432081,0.000000,0.000000,0.000000
0.000000,-77.625107,1.327439,-1.431123,0.000000,0.000000,0.000000
0.000000,-77.454796,1.327439,-1.429207,0.000000,0.000000,0.000000
0.000000,-77.339081,1.327439,-1.428344,0.000000,0.000000,0.000000
0.000000,-77.339081,1.327439,-1.426332,0.000000,0.000000,0.000000
0.000000,-77.167809,1.327439,-1.425278,0.000000,0.000000,0.000000
0.000000,-77.167809,1.327439,-1.423361,0.000000,0.000000,0.000000
0.000000,-77.051102,1.327439,-1.422307,0.000000,0.000000,0.000000
0.000000,-76.879364,1.327439,-1.420199,0.000000,0.000000,0.000000
0.000000,-76.879364,1.327439,-1.419049,0.000000,0.000000,0.000000
0.000000,-76.763062,1.327439,-1.416941,0.000000,0.000000,0.000000
0.000000,-76.763062,1.327439,-1.415887,0.000000,0.000000,0.000000
0.000000,-76.591560,1.327439,-1.413970,0.000000,0.000000,0.000000
0.000000,-76.475327,1.327439,-1.413012,0.000000,0.000000,0.000000
0.000000,-76.475327,1.327439,-1.411191,0.000000,0.000000,0.000000
0.000000,-76.304337,1.327439,-1.410233,0.000000,0.000000,0.000000
0.000000,-76.304337,1.327439,-1.408316,0.000000,0.000000,0.000000
0.000000,-76.188072,1.327439,-1.407358,0.000000,0.000000,0.000000
0.000000,-76.016579,1.327439,-1.405346,0.000000,0.000000,0.000000
0.000000,-76.016579,1.327439,-1.404196,0.000000,0.000000,0.000000
0.000000,-75.901199,1.327439,-1.402088,0.000000,0.000000,0.000000
0.000000,-75.901199,1.327439,-1.401034,0.000000,0.000000,0.000000
0.000000,-75.733383,1.327439,-1.399021,0.000000,0.000000,0.000000
0.000000,-75.620552,1.327439,-1.397967,0.000000,0.000000,0.000000
0.000000,-75.620552,1.327439,-1.396242,0.000000,0.000000,0.000000
0.000000,-75.454559,1.327439,-1.395284,0.000000,0.000000,0.000000
0.000000,-75.454559,1.327439,-1.393463,0.000000,0.000000,0.000000
0.000000,-75.342201,1.327439,-1.392505,0.000000,0.000000,0.000000
0.000000,-75.175880,1.327439,-1.390684,0.000000,0.000000,0.000000
0.000000,-75.175880,1.327439,-1.389726,0.000000,0.000000,0.000000
0.000000,-75.063423,1.327439,-1.387618,0.000000,0.000000,0.000000
0.000000,-75.063423,1.327439,-1.386468,0.000000,0.000000,0.000000
0.000000,-74.898216,1.327439,-1.384360,0.000000,0.000000,0.000000
0.000000,-74.788445,1.327439,-1.383306,0.000000,0.000000,0.000000
0.000000,-74.788445,1.327439,-1.381293,0.000000,0.000000,0.000000
0.000000,-74.628189,1.327439,-1.380431,0.000000,0.000000,0.000000
0.000000,-74.628189,1.327439,-1.378706,0.000000,0.000000,0.000000
0.000000,-74.521461,1.327439,-1.377844,0.000000,0.000000,0.000000
0.000000,-74.363754,1.327439,-1.376023,0.000000,0.000000,0.000000
0.000000,-74.363754,1.327439,-1.375160,0.000000,0.000000,0.000000
0.000000,-74.257721,1.327439,-1.373436,0.000000,0.000000,0.000000
0.000000,-74.257721,1.327439,-1.372477,0.000000,0.000000,0.000000
0.000000,-74.100876,1.327439,-1.370465,0.000000,0.000000,0.000000
0.000000,-73.996628,1.327439,-1.369411,0.000000,0.000000,0.000000
0.000000,-73.996628,1.327439,-1.367494,0.000000,0.000000,0.000000
0.000000,-73.844574,1.327439,-1.366440,0.000000,0.000000,0.000000
0.000000,-73.844574,1.327439,-1.364524,0.000000,0.000000,0.000000
0.000000,-73.744514,1.327439,-1.363661,0.000000,0.000000,0.000000
0.000000,-73.596992,1.327439,-1.362032,0.000000,0.000000,0.000000
0.000000,-73.596992,1.327439,-1.361074,0.000000,0.000000,0.000000
0.000000,-73.497803,1.327439,-1.359445,0.000000,0.000000,0.000000
0.000000,-73.497803,1.327439,-1.358582,0.000000,0.000000,0.000000
0.000000,-73.349228,1.327439,-1.356954,0.000000,0.000000,0.000000
0.000000,-73.249115,1.327439,-1.355995,0.000000,0.000000,0.000000
0.000000,-73.249115,1.327439,-1.354174,0.000000,0.000000,0.000000
0.000000,-73.101120,1.327439,-1.353216,0.000000,0.000000,0.000000
0.000000,-73.101120,1.327439,-1.351300,0.000000,0.000000,0.000000
0.000000,-73.002419,1.327439,-1.350341,0.000000,0.000000,0.000000
0.000000,-72.856285,1.327439,-1.348521,0.000000,0.000000,0.000000
0.000000,-72.856285,1.327439,-1.347562,0.000000,0.000000,0.000000
0.000000,-72.757973,1.327439,-1.345933,0.000000,0.000000,0.000000
0.000000,-72.757973,1.327439,-1.345071,0.000000,0.000000,0.000000
0.000000,-72.611382,1.327439,-1.343442,0.000000,0.000000,0.000000
0.000000,-72.511406,1.327439,-1.342675,0.000000,0.000000,0.000000
0.000000,-72.511406,1.327439,-1.340950,0.000000,0.000000,0.000000
0.000000,-72.361481,1.327439,-1.340088,0.000000,0.000000,0.000000
0.000000,-72.361481,1.327439,-1.338171,0.000000,0.000000,0.000000
0.000000,-72.259697,1.327439,-1.337213,0.000000,0.000000,0.000000
0.000000,-72.109467,1.327439,-1.335392,0.000000,0.000000,0.000000
0.000000,-72.109467,1.327439,-1.334530,0.000000,0.000000,0.000000
0.000000,-72.008888,1.327439,-1.332805,0.000000,0.000000,0.000000
0.000000,-72.008888,1.327439,-1.331943,0.000000,0.000000,0.000000
0.000000,-71.859818,1.327439,-1.330218,0.000000,0.000000,0.000000
0.000000,-71.759537,1.327439,-1.329355,0.000000,0.000000,0.000000
0.000000,-71.759537,1.327439,-1.327631,0.000000,0.000000,0.000000
0.000000,-71.611664,1.327439,-1.326768,0.000000,0.000000,0.000000
0.000000,-71.611664,1.327439,-1.325043,0.000000,0.000000,0.000000
0.000000,-71.512543,1.327439,-1.324277,0.000000,0.000000,0.000000
0.000000,-71.365402,1.327439,-1.322456,0.000000,0.000000,0.000000
0.000000,-71.365402,1.327439,-1.321498,0.000000,0.000000,0.000000
0.000000,-71.266815,1.327439,-1.319581,0.000000,0.000000,0.000000
0.000000,-71.266815,1.327439,-1.318719,0.000000,0.000000,0.000000
0.000000,-71.120972,1.327439,-1.316802,0.000000,0.000000,0.000000
0.000000,-71.022804,1.327439,-1.315940,0.000000,0.000000,0.000000
0.000000,-71.022804,1.327439,-1.314215,0.000000,0.000000,0.000000
0.000000,-70.877174,1.327439,-1.313448,0.000000,0.000000,0.000000
0.000000,-70.877174,1.327439,-1.311819,0.000000,0.000000,0.000000
0.000000,-70.778625,1.327439,-1.311052,0.000000,0.000000,0.000000
0.000000,-70.632050,1.327439,-1.309423,0.000000,0.000000,0.000000
0.000000,-70.632050,1.327439,-1.308465,0.000000,0.000000,0.000000
0.000000,-70.532738,1.327439,-1.306740,0.000000,0.000000,0.000000
0.000000,-70.532738,1.327439,-1.305782,0.000000,0.000000,0.000000
0.000000,-70.385002,1.327439,-1.303961,0.000000,0.000000,0.000000
0.000000,-70.284851,1.327439,-1.303003,0.000000,0.000000,0.000000
0.000000,-70.284851,1.327439,-1.301182,0.000000,0.000000,0.000000
0.000000,-70.136505,1.327439,-1.300224,0.000000,0.000000,0.000000
0.000000,-70.136505,1.327439,-1.298499,0.000000,0.000000,0.000000
0.000000,-70.036118,1.327439,-1.297637,0.000000,0.000000,0.000000
0.000000,-69.886749,1.327439,-1.296103,0.000000,0.000000,0.000000
0.000000,-69.886749,1.327439,-1.295337,0.000000,0.000000,0.000000
0.000000,-69.785126,1.327439,-1.293708,0.000000,0.000000,0.000000
0.000000,-69.785126,1.327439,-1.292845,0.000000,0.000000,0.000000
0.000000,-69.634544,1.327439,-1.291121,0.000000,0.000000,0.000000
0.000000,-69.532089,1.327439,-1.290162,0.000000,0.000000,0.000000
0.000000,-69.532089,1.327439,-1.288246,0.000000,0.000000,0.000000
0.000000,-69.381119,1.327439,-1.287192,0.000000,0.000000,0.000000
0.000000,-69.381119,1.327439,-1.285371,0.000000,0.000000,0.000000
0.000000,-69.279106,1.327439,-1.284413,0.000000,0.000000,0.000000
0.000000,-69.128502,1.327439,-1.282592,0.000000,0.000000,0.000000
0.000000,-69.128502,1.327439,-1.281634,0.000000,0.000000,0.000000
0.000000,-69.026619,1.327439,-1.280005,0.000000,0.000000,0.000000
0.000000,-69.026619,1.327439,-1.279238,0.000000,0.000000,0.000000
0.000000,-68.875458,1.327439,-1.277609,0.000000,0.000000,0.000000
0.000000,-68.772369,1.327439,-1.276747,0.000000,0.000000,0.000000
0.000000,-68.772369,1.327439,-1.275117,0.000000,0.000000,0.000000
0.000000,-68.619431,1.327439,-1.274255,0.000000,0.000000,0.000000
0.000000,-68.619431,1.327439,-1.272339,0.000000,0.000000,0.000000
0.000000,-68.516190,1.327439,-1.271380,0.000000,0.000000,0.000000
0.000000,-68.364273,1.327439,-1.269368,0.000000,0.000000,0.000000
0.000000,-68.364273,1.327439,-1.268409,0.000000,0.000000,0.000000
0.000000,-68.261337,1.327439,-1.266589,0.000000,0.000000,0.000000
0.000000,-68.261337,1.327439,-1.265726,0.000000,0.000000,0.000000
0.000000,-68.109001,1.327439,-1.264002,0.000000,0.000000,0.000000
0.000000,-68.005981,1.327439,-1.263235,0.000000,0.000000,0.000000
0.000000,-68.005981,1.327439,-1.261510,0.000000,0.000000,0.000000
0.000000,-67.853012,1.327439,-1.260648,0.000000,0.000000,0.000000
0.000000,-67.853012,1.327439,-1.259019,0.000000,0.000000,0.000000
0.000000,-67.748825,1.327439,-1.258156,0.000000,0.000000,0.000000
0.000000,-67.593506,1.327439,-1.256335,0.000000,0.000000,0.000000
0.000000,-67.593506,1.327439,-1.255377,0.000000,0.000000,0.000000
0.000000,-67.488464,1.327439,-1.253365,0.000000,0.000000,0.000000
0.000000,-67.488464,1.327439,-1.252406,0.000000,0.000000,0.000000
0.000000,-67.333969,1.327439,-1.250490,0.000000,0.000000,0.000000
0.000000,-67.229454,1.327439,-1.249532,0.000000,0.000000,0.000000
0.000000,-67.229454,1.327343,-1.247711,0.000000,0.000000,0.000000
0.000000,-67.074890,1.327343,-1.246849,0.000000,0.000000,0.000000
0.000000,-67.074890,1.327343,-1.245219,0.000000,0.000000,0.000000
0.000000,-66.970139,1.327343,-1.244357,0.000000,0.000000,0.000000
0.000000,-66.814178,1.327343,-1.242728,0.000000,0.000000,0.000000
0.000000,-66.814178,1.327343,-1.241866,0.000000,0.000000,0.000000
0.000000,-66.708122,1.327343,-1.240045,0.000000,0.000000,0.000000
0.000000,-66.708122,1.327343,-1.239087,0.000000,0.000000,0.000000
0.000000,-66.550774,1.327343,-1.237170,0.000000,0.000000,0.000000
0.000000,-66.444649,1.327343,-1.236212,0.000000,0.000000,0.000000
0.000000,-66.444649,1.327343,-1.234295,0.000000,0.000000,0.000000
0.000000,-66.289551,1.327343,-1.233337,0.000000,0.000000,0.000000
0.000000,-66.289551,1.327343,-1.231516,0.000000,0.000000,0.000000
0.000000,-66.185425,1.327343,-1.230558,0.000000,0.000000,0.000000
0.000000,-66.031471,1.327343,-1.228833,0.000000,0.000000,0.000000
0.000000,-66.031471,1.327343,-1.227971,0.000000,0.000000,0.000000
0.000000,-65.927811,1.327343,-1.226342,0.000000,0.000000,0.000000
0.000000,-65.927811,1.327343,-1.225479,0.000000,0.000000,0.000000
0.000000,-65.775108,1.327343,-1.223754,0.000000,0.000000,0.000000
0.000000,-65.672310,1.327343,-1.222796,0.000000,0.000000,0.000000
0.000000,-65.672310,1.327343,-1.220975,0.000000,0.000000,0.000000
0.000000,-65.520996,1.327343,-1.219921,0.000000,0.000000,0.000000
0.000000,-65.520996,1.327343,-1.218101,0.000000,0.000000,0.000000
0.000000,-65.419243,1.327343,-1.217142,0.000000,0.000000,0.000000
0.000000,-65.269508,1.327343,-1.215322,0.000000,0.000000,0.000000
0.000000,-65.269508,1.327343,-1.214459,0.000000,0.000000,0.000000
0.000000,-65.168839,1.327343,-1.212734,0.000000,0.000000,0.000000
0.000000,-65.168839,1.327343,-1.211872,0.000000,0.000000,0.000000
0.000000,-65.019737,1.327343,-1.210147,0.000000,0.000000,0.000000
0.000000,-64.918762,1.327343,-1.209189,0.000000,0.000000,0.000000
0.000000,-64.918762,1.327343,-1.207464,0.000000,0.000000,0.000000
0.000000,-64.769058,1.327343,-1.206602,0.000000,0.000000,0.000000
0.000000,-64.769058,1.327343,-1.204685,0.000000,0.000000,0.000000
0.000000,-64.667648,1.327343,-1.203727,0.000000,0.000000,0.000000
0.000000,-64.517197,1.327343,-1.201810,0.000000,0.000000,0.000000
0.000000,-64.517197,1.327343,-1.200948,0.000000,0.000000,0.000000
0.000000,-64.415802,1.327343,-1.199223,0.000000,0.000000,0.000000
0.000000,-64.415802,1.327343,-1.198264,0.000000,0.000000,0.000000
0.000000,-64.265778,1.327343,-1.196731,0.000000,0.000000,0.000000
0.000000,-64.164276,1.327343,-1.195773,0.000000,0.000000,0.000000
0.000000,-64.164276,1.327343,-1.194144,0.000000,0.000000,0.000000
0.000000,-64.012589,1.327343,-1.193282,0.000000,0.000000,0.000000
0.000000,-64.012589,1.327343,-1.191461,0.000000,0.000000,0.000000
0.000000,-63.909950,1.327343,-1.190502,0.000000,0.000000,0.000000
0.000000,-63.759003,1.327343,-1.188682,0.000000,0.000000,0.000000
0.000000,-63.759003,1.327343,-1.187628,0.000000,0.000000,0.000000
0.000000,-63.657642,1.327343,-1.185711,0.000000,0.000000,0.000000
0.000000,-63.657642,1.327343,-1.184849,0.000000,0.000000,0.000000
0.000000,-63.507839,1.327343,-1.182932,0.000000,0.000000,0.000000
0.000000,-63.406551,1.327343,-1.182070,0.000000,0.000000,0.000000
0.000000,-63.406551,1.327343,-1.180441,0.000000,0.000000,0.000000
0.000000,-63.255566,1.327343,-1.179674,0.000000,0.000000,0.000000
0.000000,-63.255566,1.327343,-1.178045,0.000000,0.000000,0.000000
0.000000,-63.153275,1.327343,-1.177183,0.000000,0.000000,0.000000
0.000000,-63.000751,1.327343,-1.175458,0.000000,0.000000,0.000000
0.000000,-63.000751,1.327343,-1.174595,0.000000,0.000000,0.000000
0.000000,-62.897247,1.327343,-1.172775,0.000000,0.000000,0.000000
0.000000,-62.897247,1.327343,-1.171816,0.000000,0.000000,0.000000
0.000000,-62.744476,1.327343,-1.169804,0.000000,0.000000,0.000000
0.000000,-62.642841,1.327343,-1.168941,0.000000,0.000000,0.000000
0.000000,-62.642841,1.327343,-1.167121,0.000000,0.000000,0.000000
0.000000,-62.494080,1.327343,-1.166258,0.000000,0.000000,0.000000
0.000000,-62.494080,1.327343,-1.164533,0.000000,0.000000,0.000000
0.000000,-62.395061,1.327247,-1.163767,0.000000,0.000000,0.000000
0.000000,-62.247456,1.327247,-1.162138,0.000000,0.000000,0.000000
0.000000,-62.247456,1.327247,-1.161371,0.000000,0.000000,0.000000
0.000000,-62.148369,1.327247,-1.159742,0.000000,0.000000,0.000000
0.000000,-62.148369,1.327247,-1.158975,0.000000,0.000000,0.000000
0.000000,-62.002197,1.327247,-1.157346,0.000000,0.000000,0.000000
0.000000,-61.905476,1.327247,-1.156484,0.000000,0.000000,0.000000
0.000000,-61.905476,1.327247,-1.154663,0.000000,0.000000,0.000000
0.000000,-61.764957,1.327247,-1.153609,0.000000,0.000000,0.000000
0.000000,-61.764957,1.327247,-1.151789,0.000000,0.000000,0.000000
0.000000,-61.673428,1.327247,-1.150830,0.000000,0.000000,0.000000
0.000000,-61.539200,1.327247,-1.149201,0.000000,0.000000,0.000000
0.000000,-61.539200,1.327247,-1.148339,0.000000,0.000000,0.000000
0.000000,-61.450981,1.327247,-1.146806,0.000000,0.000000,0.000000
0.000000,-61.450981,1.327247,-1.146039,0.000000,0.000000,0.000000
0.000000,-61.318497,1.327247,-1.144506,0.000000,0.000000,0.000000
0.000000,-61.228508,1.327247,-1.143835,0.000000,0.000000,0.000000
0.000000,-61.228508,1.327247,-1.142206,0.000000,0.000000,0.000000
0.000000,-61.093121,1.327247,-1.141439,0.000000,0.000000,0.000000
0.000000,-61.093121,1.327247,-1.139810,0.000000,0.000000,0.000000
0.000000,-61.001972,1.327247,-1.138948,0.000000,0.000000,0.000000
0.000000,-60.866543,1.327247,-1.137031,0.000000,0.000000,0.000000
0.000000,-60.866543,1.327247,-1.136169,0.000000,0.000000,0.000000
0.000000,-60.776669,1.327247,-1.134444,0.000000,0.000000,0.000000
0.000000,-60.776669,1.327247,-1.133582,0.000000,0.000000,0.000000
0.000000,-60.642956,1.327247,-1.131952,0.000000,0.000000,0.000000
0.000000,-60.552361,1.327247,-1.131186,0.000000,0.000000,0.000000
0.000000,-60.552361,1.327247,-1.129748,0.000000,0.000000,0.000000
0.000000,-60.413605,1.327247,-1.128886,0.000000,0.000000,0.000000
0.000000,-60.413605,1.327247,-1.127449,0.000000,0.000000,0.000000
0.000000,-60.317509,1.327247,-1.126682,0.000000,0.000000,0.000000
0.000000,-60.171181,1.327247,-1.125053,0.000000,0.000000,0.000000
0.000000,-60.171181,1.327247,-1.124286,0.000000,0.000000,0.000000
0.000000,-60.071468,1.327247,-1.122466,0.000000,0.000000,0.000000
0.000000,-60.071468,1.327247,-1.121603,0.000000,0.000000,0.000000
0.000000,-59.923847,1.327247,-1.119782,0.000000,0.000000,0.000000
0.000000,-59.825005,1.327247,-1.118920,0.000000,0.000000,0.000000
0.000000,-59.825005,1.327247,-1.117100,0.000000,0.000000,0.000000
0.000000,-59.678383,1.327247,-1.116237,0.000000,0.000000,0.000000
0.000000,-59.678383,1.327247,-1.114512,0.000000,0.000000,0.000000
0.000000,-59.579781,1.327247,-1.113649,0.000000,0.000000,0.000000
0.000000,-59.432941,1.327247,-1.112020,0.000000,0.000000,0.000000
0.000000,-59.432941,1.327247,-1.111254,0.000000,0.000000,0.000000
0.000000,-59.333752,1.327247,-1.109721,0.000000,0.000000,0.000000
0.000000,-59.333752,1.327247,-1.108858,0.000000,0.000000,0.000000
0.000000,-59.186043,1.327247,-1.107229,0.000000,0.000000,0.000000
0.000000,-59.086956,1.327247,-1.106367,0.000000,0.000000,0.000000
0.000000,-59.086956,1.327247,-1.104546,0.000000,0.000000,0.000000
0.000000,-58.941124,1.327247,-1.103588,0.000000,0.000000,0.000000
0.000000,-58.941124,1.327247,-1.101863,0.000000,0.000000,0.000000
0.000000,-58.844265,1.327247,-1.101001,0.000000,0.000000,0.000000
0.000000,-58.701302,1.327247,-1.099371,0.000000,0.000000,0.000000
0.000000,-58.701302,1.327247,-1.098509,0.000000,0.000000,0.000000
0.000000,-58.605755,1.327247,-1.096976,0.000000,0.000000,0.000000
0.000000,-58.605755,1.327247,-1.096113,0.000000,0.000000,0.000000
0.000000,-58.464809,1.327247,-1.094484,0.000000,0.000000,0.000000
0.000000,-58.370335,1.327247,-1.093718,0.000000,0.000000,0.000000
0.000000,-58.370335,1.327247,-1.092088,0.000000,0.000000,0.000000
0.000000,-58.230343,1.327247,-1.091418,0.000000,0.000000,0.000000
0.000000,-58.230343,1.327247,-1.089693,0.000000,0.000000,0.000000
0.000000,-58.136528,1.327247,-1.088830,0.000000,0.000000,0.000000
0.000000,-57.998550,1.327247,-1.087106,0.000000,0.000000,0.000000
0.000000,-57.998550,1.327247,-1.086243,0.000000,0.000000,0.000000
0.000000,-57.906467,1.327247,-1.084518,0.000000,0.000000,0.000000
0.000000,-57.906467,1.327247,-1.083656,0.000000,0.000000,0.000000
0.000000,-57.770935,1.327247,-1.082123,0.000000,0.000000,0.000000
0.000000,-57.680305,1.327247,-1.081356,0.000000,0.000000,0.000000
0.000000,-57.680305,1.327247,-1.079919,0.000000,0.000000,0.000000
0.000000,-57.546803,1.327247,-1.079152,0.000000,0.000000,0.000000
0.000000,-57.546803,1.327247,-1.077714,0.000000,0.000000,0.000000
0.000000,-57.456776,1.327247,-1.076948,0.000000,0.000000,0.000000
0.000000,-57.322861,1.327247,-1.075319,0.000000,0.000000,0.000000
0.000000,-57.322861,1.327247,-1.074552,0.000000,0.000000,0.000000
0.000000,-57.232388,1.327247,-1.072827,0.000000,0.000000,0.000000
0.000000,-57.232388,1.327247,-1.071965,0.000000,0.000000,0.000000
0.000000,-57.098866,1.327247,-1.070240,0.000000,0.000000,0.000000
0.000000,-57.008831,1.327247,-1.069377,0.000000,0.000000,0.000000
0.000000,-57.008831,1.327247,-1.067749,0.000000,0.000000,0.000000
0.000000,-56.876114,1.327247,-1.066982,0.000000,0.000000,0.000000
0.000000,-56.876114,1.327247,-1.065449,0.000000,0.000000,0.000000
0.000000,-56.785938,1.327247,-1.064682,0.000000,0.000000,0.000000
0.000000,-56.651501,1.327247,-1.063340,0.000000,0.000000,0.000000
0.000000,-56.651501,1.327247,-1.062574,0.000000,0.000000,0.000000
0.000000,-56.560043,1.327247,-1.061136,0.000000,0.000000,0.000000
0.000000,-56.560043,1.327247,-1.060466,0.000000,0.000000,0.000000
0.000000,-56.424435,1.327247,-1.058837,0.000000,0.000000,0.000000
0.000000,-56.332561,1.327247,-1.058070,0.000000,0.000000,0.000000
0.000000,-56.332561,1.327247,-1.056345,0.000000,0.000000,0.000000
0.000000,-56.197380,1.327247,-1.055483,0.000000,0.000000,0.000000
0.000000,-56.197380,1.327247,-1.053662,0.000000,0.000000,0.000000
0.000000,-56.106697,1.327247,-1.052799,0.000000,0.000000,0.000000
0.000000,-55.972805,1.327247,-1.051075,0.000000,0.000000,0.000000
0.000000,-55.972805,1.327247,-1.050308,0.000000,0.000000,0.000000
0.000000,-55.882236,1.327247,-1.048775,0.000000,0.000000,0.000000
0.000000,-55.882236,1.327247,-1.048008,0.000000,0.000000,0.000000
0.000000,-55.747082,1.327247,-1.046667,0.000000,0.000000,0.000000
0.000000,-55.654800,1.327247,-1.045900,0.000000,0.000000,0.000000
0.000000,-55.654800,1.327247,-1.044559,0.000000,0.000000,0.000000
0.000000,-55.516159,1.327247,-1.043888,0.000000,0.000000,0.000000
0.000000,-55.516159,1.327247,-1.042355,0.000000,0.000000,0.000000
0.000000,-55.422039,1.327247,-1.041588,0.000000,0.000000,0.000000
0.000000,-55.282654,1.327247,-1.039863,0.000000,0.000000,0.000000
0.000000,-55.282654,1.327247,-1.039001,0.000000,0.000000,0.000000
0.000000,-55.189148,1.327247,-1.037180,0.000000,0.000000,0.000000
0.000000,-55.189148,1.327247,-1.036317,0.000000,0.000000,0.000000
0.000000,-55.051369,1.327247,-1.034497,0.000000,0.000000,0.000000
0.000000,-54.959160,1.327152,-1.033730,0.000000,0.000000,0.000000
0.000000,-54.959160,1.327152,-1.032197,0.000000,0.000000,0.000000
0.000000,-54.821751,1.327152,-1.031430,0.000000,0.000000,0.000000
0.000000,-54.821751,1.327152,-1.030089,0.000000,0.000000,0.000000
0.000000,-54.728870,1.327152,-1.029322,0.000000,0.000000,0.000000
0.000000,-54.589363,1.327152,-1.027885,0.000000,0.000000,0.000000
0.000000,-54.589363,1.327152,-1.027118,0.000000,0.000000,0.000000
0.000000,-54.495316,1.327152,-1.025489,0.000000,0.000000,0.000000
0.000000,-54.495316,1.327152,-1.024818,0.000000,0.000000,0.000000
0.000000,-54.355656,1.327152,-1.023093,0.000000,0.000000,0.000000
0.000000,-54.262665,1.327152,-1.022327,0.000000,0.000000,0.000000
0.000000,-54.262665,1.327152,-1.020410,0.000000,0.000000,0.000000
0.000000,-54.126202,1.327152,-1.019548,0.000000,0.000000,0.000000
0.000000,-54.126202,1.327152,-1.017727,0.000000,0.000000,0.000000
0.000000,-54.034836,1.327152,-1.016865,0.000000,0.000000,0.000000
0.000000,-53.898872,1.327152,-1.015236,0.000000,0.000000,0.000000
0.000000,-53.898872,1.327152,-1.014469,0.000000,0.000000,0.000000
0.000000,-53.806625,1.327152,-1.012936,0.000000,0.000000,0.000000
0.000000,-53.806625,1.327152,-1.012169,0.000000,0.000000,0.000000
0.000000,-53.667728,1.327152,-1.010732,0.000000,0.000000,0.000000
0.000000,-53.573124,1.327152,-1.009965,0.000000,0.000000,0.000000
0.000000,-53.573124,1.327152,-1.008432,0.000000,0.000000,0.000000
0.000000,-53.432274,1.327152,-1.007570,0.000000,0.000000,0.000000
0.000000,-53.432274,1.327152,-1.005844,0.000000,0.000000,0.000000
0.000000,-53.338032,1.327152,-1.004982,0.000000,0.000000,0.000000
0.000000,-53.200184,1.327152,-1.003257,0.000000,0.000000,0.000000
0.000000,-53.200184,1.327152,-1.002395,0.000000,0.000000,0.000000
0.000000,-53.108322,1.327152,-1.000670,0.000000,0.000000,0.000000
0.000000,-53.108322,1.327152,-0.999903,0.000000,0.000000,0.000000
0.000000,-52.972599,1.327152,-0.998274,0.000000,0.000000,0.000000
0.000000,-52.880745,1.327152,-0.997508,0.000000,0.000000,0.000000
0.000000,-52.880745,1.327152,-0.995975,0.000000,0.000000,0.000000
0.000000,-52.743435,1.327152,-0.995304,0.000000,0.000000,0.000000
0.000000,-52.743435,1.327152,-0.993770,0.000000,0.000000,0.000000
0.000000,-52.650177,1.327152,-0.993004,0.000000,0.000000,0.000000
0.000000,-52.511196,1.327152,-0.991470,0.000000,0.000000,0.000000
0.000000,-52.511196,1.327152,-0.990704,0.000000,0.000000,0.000000
0.000000,-52.417278,1.327152,-0.988979,0.000000,0.000000,0.000000
0.000000,-52.417278,1.327152,-0.988117,0.000000,0.000000,0.000000
0.000000,-52.279449,1.327152,-0.986392,0.000000,0.000000,0.000000
0.000000,-52.187523,1.327152,-0.985529,0.000000,0.000000,0.000000
0.000000,-52.187523,1.327152,-0.983804,0.000000,0.000000,0.000000
0.000000,-52.052307,1.327152,-0.983038,0.000000,0.000000,0.000000
0.000000,-52.052307,1.327152,-0.981409,0.000000,0.000000,0.000000
0.000000,-51.961208,1.327152,-0.980642,0.000000,0.000000,0.000000
0.000000,-51.825348,1.327152,-0.979013,0.000000,0.000000,0.000000
0.000000,-51.825348,1.327152,-0.978246,0.000000,0.000000,0.000000
0.000000,-51.732910,1.327152,-0.976713,0.000000,0.000000,0.000000
0.000000,-51.732910,1.327152,-0.975947,0.000000,0.000000,0.000000
0.000000,-51.594707,1.327152,-0.974318,0.000000,0.000000,0.000000
0.000000,-51.501450,1.327152,-0.973359,0.000000,0.000000,0.000000
0.000000,-51.501450,1.327152,-0.971634,0.000000,0.000000,0.000000
0.000000,-51.363609,1.327152,-0.970676,0.000000,0.000000,0.000000
0.000000,-51.363609,1.327152,-0.969047,0.000000,0.000000,0.000000
0.000000,-51.270863,1.327152,-0.968089,0.000000,0.000000,0.000000
0.000000,-51.133320,1.327152,-0.966651,0.000000,0.000000,0.000000
0.000000,-51.133320,1.327152,-0.965789,0.000000,0.000000,0.000000
0.000000,-51.040695,1.327152,-0.964352,0.000000,0.000000,0.000000
0.000000,-51.040695,1.327152,-0.963585,0.000000,0.000000,0.000000
0.000000,-50.902416,1.327152,-0.962052,0.000000,0.000000,0.000000
0.000000,-50.808456,1.327152,-0.961381,0.000000,0.000000,0.000000
0.000000,-50.808456,1.327152,-0.959752,0.000000,0.000000,0.000000
0.000000,-50.668556,1.327152,-0.958889,0.000000,0.000000,0.000000
0.000000,-50.668556,1.327152,-0.957260,0.000000,0.000000,0.000000
0.000000,-50.573872,1.327152,-0.956398,0.000000,0.000000,0.000000
0.000000,-50.433926,1.327152,-0.954577,0.000000,0.000000,0.000000
0.000000,-50.433926,1.327152,-0.953715,0.000000,0.000000,0.000000
0.000000,-50.339931,1.327152,-0.951990,0.000000,0.000000,0.000000
0.000000,-50.339931,1.327152,-0.951128,0.000000,0.000000,0.000000
0.000000,-50.201057,1.327152,-0.949498,0.000000,0.000000,0.000000
0.000000,-50.107361,1.327152,-0.948732,0.000000,0.000000,0.000000
0.000000,-50.107361,1.327152,-0.947294,0.000000,0.000000,0.000000
0.000000,-49.967617,1.327152,-0.946528,0.000000,0.000000,0.000000
0.000000,-49.967617,1.327152,-0.945091,0.000000,0.000000,0.000000
0.000000,-49.873020,1.327152,-0.944324,0.000000,0.000000,0.000000
0.000000,-49.731590,1.327152,-0.942695,0.000000,0.000000,0.000000
0.000000,-49.731590,1.327152,-0.941928,0.000000,0.000000,0.000000
0.000000,-49.635685,1.327152,-0.940107,0.000000,0.000000,0.000000
0.000000,-49.635685,1.327152,-0.939149,0.000000,0.000000,0.000000
0.000000,-49.494656,1.327152,-0.937233,0.000000,0.000000,0.000000
0.000000,-49.399998,1.327152,-0.936466,0.000000,0.000000,0.000000
0.000000,-49.399998,1.327152,-0.934645,0.000000,0.000000,0.000000
0.000000,-49.259811,1.327152,-0.933879,0.000000,0.000000,0.000000
0.000000,-49.259811,1.327152,-0.932346,0.000000,0.000000,0.000000
0.000000,-49.164680,1.327152,-0.931483,0.000000,0.000000,0.000000
0.000000,-49.022900,1.327152,-0.930046,0.000000,0.000000,0.000000
0.000000,-49.022900,1.327152,-0.929279,0.000000,0.000000,0.000000
0.000000,-48.926315,1.327152,-0.927841,0.000000,0.000000,0.000000
0.000000,-48.926315,1.327152,-0.926979,0.000000,0.000000,0.000000
0.000000,-48.782333,1.327152,-0.925446,0.000000,0.000000,0.000000
0.000000,-48.684406,1.327152,-0.924583,0.000000,0.000000,0.000000
0.000000,-48.684406,1.327152,-0.922763,0.000000,0.000000,0.000000
0.000000,-48.539902,1.327152,-0.921805,0.000000,0.000000,0.000000
0.000000,-48.539902,1.327152,-0.919888,0.000000,0.000000,0.000000
0.000000,-48.442596,1.327152,-0.919026,0.000000,0.000000,0.000000
0.000000,-48.299465,1.327152,-0.917301,0.000000,0.000000,0.000000
0.000000,-48.299465,1.327152,-0.916438,0.000000,0.000000,0.000000
0.000000,-48.202770,1.327152,-0.914809,0.000000,0.000000,0.000000
0.000000,-48.202770,1.327152,-0.914139,0.000000,0.000000,0.000000
0.000000,-48.058811,1.327152,-0.912509,0.000000,0.000000,0.000000
0.000000,-47.959766,1.327152,-0.911839,0.000000,0.000000,0.000000
0.000000,-47.959766,1.327152,-0.910305,0.000000,0.000000,0.000000
0.000000,-47.811714,1.327152,-0.909443,0.000000,0.000000,0.000000
0.000000,-47.811714,1.327152,-0.907814,0.000000,0.000000,0.000000
0.000000,-47.711018,1.327152,-0.906951,0.000000,0.000000,0.000000
0.000000,-47.562531,1.327152,-0.905131,0.000000,0.000000,0.000000
0.000000,-47.562531,1.327152,-0.904172,0.000000,0.000000,0.000000
0.000000,-47.463612,1.327152,-0.902352,0.000000,0.000000,0.000000
0.000000,-47.463612,1.327152,-0.901394,0.000000,0.000000,0.000000
0.000000,-47.319153,1.327152,-0.899669,0.000000,0.000000,0.000000
0.000000,-47.221943,1.327152,-0.898902,0.000000,0.000000,0.000000
0.000000,-47.221943,1.327152,-0.897369,0.000000,0.000000,0.000000
0.000000,-47.076122,1.327152,-0.896506,0.000000,0.000000,0.000000
0.000000,-47.076122,1.327152,-0.894973,0.000000,0.000000,0.000000
0.000000,-46.975483,1.327152,-0.894207,0.000000,0.000000,0.000000
0.000000,-46.824284,1.327152,-0.892577,0.000000,0.000000,0.000000
0.000000,-46.824284,1.327152,-0.891715,0.000000,0.000000,0.000000
0.000000,-46.721920,1.327152,-0.889990,0.000000,0.000000,0.000000
0.000000,-46.721920,1.327152,-0.889128,0.000000,0.000000,0.000000
0.000000,-46.571331,1.327152,-0.887211,0.000000,0.000000,0.000000
0.000000,-46.470627,1.327152,-0.886349,0.000000,0.000000,0.000000
0.000000,-46.470627,1.327152,-0.884432,0.000000,0.000000,0.000000
0.000000,-46.322453,1.327152,-0.883570,0.000000,0.000000,0.000000
0.000000,-46.322453,1.327152,-0.881749,0.000000,0.000000,0.000000
0.000000,-46.222725,1.327152,-0.880982,0.000000,0.000000,0.000000
0.000000,-46.073238,1.327152,-0.879257,0.000000,0.000000,0.000000
0.000000,-46.073238,1.327152,-0.878491,0.000000,0.000000,0.000000
0.000000,-45.970749,1.327152,-0.876862,0.000000,0.000000,0.000000
0.000000,-45.970749,1.327152,-0.875999,0.000000,0.000000,0.000000
0.000000,-45.817150,1.327152,-0.874179,0.000000,0.000000,0.000000
0.000000,-45.712757,1.327152,-0.873220,0.000000,0.000000,0.000000
0.000000,-45.712757,1.327152,-0.871400,0.000000,0.000000,0.000000
0.000000,-45.557728,1.327152,-0.870441,0.000000,0.000000,0.000000
0.000000,-45.557728,1.327152,-0.868621,0.000000,0.000000,0.000000
0.000000,-45.453445,1.327152,-0.867759,0.000000,0.000000,0.000000
0.000000,-45.300449,1.327152,-0.866033,0.000000,0.000000,0.000000
0.000000,-45.300449,1.327152,-0.865171,0.000000,0.000000,0.000000
0.000000,-45.197750,1.327152,-0.863542,0.000000,0.000000,0.000000
0.000000,-45.197750,1.327152,-0.862584,0.000000,0.000000,0.000000
0.000000,-45.044201,1.327152,-0.860859,0.000000,0.000000,0.000000
0.000000,-44.939415,1.327152,-0.859996,0.000000,0.000000,0.000000
0.000000,-44.939415,1.327152,-0.858367,0.000000,0.000000,0.000000
0.000000,-44.783455,1.327152,-0.857409,0.000000,0.000000,0.000000
0.000000,-44.783455,1.327152,-0.855493,0.000000,0.000000,0.000000
0.000000,-44.678280,1.327152,-0.854534,0.000000,0.000000,0.000000
0.000000,-44.522568,1.327152,-0.852618,0.000000,0.000000,0.000000
0.000000,-44.522568,1.327152,-0.851660,0.000000,0.000000,0.000000
0.000000,-44.418140,1.327152,-0.849935,0.000000,0.000000,0.000000
0.000000,-44.418140,1.327152,-0.849072,0.000000,0.000000,0.000000
0.000000,-44.263763,1.327152,-0.847443,0.000000,0.000000,0.000000
0.000000,-44.159336,1.327152,-0.846581,0.000000,0.000000,0.000000
0.000000,-44.159336,1.327152,-0.844856,0.000000,0.000000,0.000000
0.000000,-44.003654,1.327152,-0.843898,0.000000,0.000000,0.000000
0.000000,-44.003654,1.327152,-0.842077,0.000000,0.000000,0.000000
0.000000,-43.898254,1.327152,-0.841119,0.000000,0.000000,0.000000
0.000000,-43.742443,1.327152,-0.839202,0.000000,0.000000,0.000000
0.000000,-43.742443,1.327152,-0.838148,0.000000,0.000000,0.000000
0.000000,-43.637295,1.327152,-0.836327,0.000000,0.000000,0.000000
0.000000,-43.637295,1.327152,-0.835369,0.000000,0.000000,0.000000
0.000000,-43.481747,1.327152,-0.833548,0.000000,0.000000,0.000000
0.000000,-43.377338,1.327152,-0.832686,0.000000,0.000000,0.000000
0.000000,-43.377338,1.327152,-0.831057,0.000000,0.000000,0.000000
0.000000,-43.222366,1.327152,-0.830194,0.000000,0.000000,0.000000
0.000000,-43.222366,1.327152,-0.828565,0.000000,0.000000,0.000000
0.000000,-43.117508,1.327152,-0.827703,0.000000,0.000000,0.000000
0.000000,-42.962437,1.327152,-0.825882,0.000000,0.000000,0.000000
0.000000,-42.962437,1.327152,-0.825020,0.000000,0.000000,0.000000
0.000000,-42.858509,1.327152,-0.823103,0.000000,0.000000,0.000000
0.000000,-42.858509,1.327152,-0.822049,0.000000,0.000000,0.000000
0.000000,-42.705532,1.327152,-0.820132,0.000000,0.000000,0.000000
0.000000,-42.603344,1.327152,-0.819174,0.000000,0.000000,0.000000
0.000000,-42.603344,1.327152,-0.817258,0.000000,0.000000,0.000000
0.000000,-42.452118,1.327152,-0.816395,0.000000,0.000000,0.000000
0.000000,-42.452118,1.327152,-0.814670,0.000000,0.000000,0.000000
0.000000,-42.350151,1.327152,-0.813904,0.000000,0.000000,0.000000
0.000000,-42.198196,1.327152,-0.812179,0.000000,0.000000,0.000000
0.000000,-42.198196,1.327152,-0.811412,0.000000,0.000000,0.000000
0.000000,-42.095131,1.327152,-0.809687,0.000000,0.000000,0.000000
0.000000,-42.095131,1.327152,-0.808921,0.000000,0.000000,0.000000
0.000000,-41.942131,1.327152,-0.807004,0.000000,0.000000,0.000000
0.000000,-41.839481,1.327152,-0.806046,0.000000,0.000000,0.000000
0.000000,-41.839481,1.327152,-0.804034,0.000000,0.000000,0.000000
0.000000,-41.688267,1.327152,-0.803075,0.000000,0.000000,0.000000
0.000000,-41.688267,1.327152,-0.801159,0.000000,0.000000,0.000000
0.000000,-41.587505,1.327152,-0.800296,0.000000,0.000000,0.000000
0.000000,-41.438320,1.327152,-0.798571,0.000000,0.000000,0.000000
0.000000,-41.438320,1.327152,-0.797805,0.000000,0.000000,0.000000
0.000000,-41.337624,1.327152,-0.796080,0.000000,0.000000,0.000000
0.000000,-41.337624,1.327152,-0.795313,0.000000,0.000000,0.000000
0.000000,-41.187584,1.327152,-0.793589,0.000000,0.000000,0.000000
0.000000,-41.086479,1.327152,-0.792822,0.000000,0.000000,0.000000
0.000000,-41.086479,1.327152,-0.791097,0.000000,0.000000,0.000000
0.000000,-40.936024,1.327152,-0.790139,0.000000,0.000000,0.000000
0.000000,-40.936024,1.327152,-0.788126,0.000000,0.000000,0.000000
0.000000,-40.835106,1.327056,-0.787168,0.000000,0.000000,0.000000
0.000000,-40.686127,1.327056,-0.785252,0.000000,0.000000,0.000000
0.000000,-40.686127,1.327056,-0.784389,0.000000,0.000000,0.000000
0.000000,-40.587231,1.327056,-0.782568,0.000000,0.000000,0.000000
0.000000,-40.587231,1.327056,-0.781706,0.000000,0.000000,0.000000
0.000000,-40.439625,1.327056,-0.780077,0.000000,0.000000,0.000000
0.000000,-40.339390,1.327056,-0.779310,0.000000,0.000000,0.000000
0.000000,-40.339390,1.327056,-0.777681,0.000000,0.000000,0.000000
0.000000,-40.189362,1.327056,-0.776819,0.000000,0.000000,0.000000
0.000000,-40.189362,1.327056,-0.775190,0.000000,0.000000,0.000000
0.000000,-40.087643,1.327056,-0.774232,0.000000,0.000000,0.000000
0.000000,-39.936569,1.327056,-0.772411,0.000000,0.000000,0.000000
0.000000,-39.936569,1.327056,-0.771357,0.000000,0.000000,0.000000
0.000000,-39.835247,1.327056,-0.769536,0.000000,0.000000,0.000000
0.000000,-39.835247,1.327056,-0.768578,0.000000,0.000000,0.000000
0.000000,-39.684841,1.326960,-0.766853,0.000000,0.000000,0.000000
0.000000,-39.583679,1.326960,-0.765990,0.000000,0.000000,0.000000
0.000000,-39.583679,1.326960,-0.764266,0.000000,0.000000,0.000000
0.000000,-39.433025,1.326960,-0.763403,0.000000,0.000000,0.000000
0.000000,-39.433025,1.326960,-0.761774,0.000000,0.000000,0.000000
0.000000,-39.330402,1.326960,-0.761008,0.000000,0.000000,0.000000
0.000000,-39.177235,1.326960,-0.759283,0.000000,0.000000,0.000000
0.000000,-39.177235,1.326960,-0.758420,0.000000,0.000000,0.000000
0.000000,-39.073395,1.326960,-0.756599,0.000000,0.000000,0.000000
0.000000,-39.073395,1.326960,-0.755641,0.000000,0.000000,0.000000
0.000000,-38.918915,1.326960,-0.753725,0.000000,0.000000,0.000000
0.000000,-38.814968,1.326960,-0.752766,0.000000,0.000000,0.000000
0.000000,-38.814968,1.326960,-0.750946,0.000000,0.000000,0.000000
0.000000,-38.661659,1.326960,-0.749987,0.000000,0.000000,0.000000
0.000000,-38.661659,1.326960,-0.748262,0.000000,0.000000,0.000000
0.000000,-38.558098,1.326960,-0.747400,0.000000,0.000000,0.000000
0.000000,-38.403427,1.326960,-0.745675,0.000000,0.000000,0.000000
0.000000,-38.403427,1.326960,-0.744717,0.000000,0.000000,0.000000
0.000000,-38.297794,1.326960,-0.742992,0.000000,0.000000,0.000000
0.000000,-38.297794,1.326960,-0.742130,0.000000,0.000000,0.000000
0.000000,-38.140518,1.326960,-0.740213,0.000000,0.000000,0.000000
0.000000,-38.033581,1.326960,-0.739255,0.000000,0.000000,0.000000
0.000000,-38.033581,1.326960,-0.737338,0.000000,0.000000,0.000000
0.000000,-37.874432,1.326960,-0.736476,0.000000,0.000000,0.000000
0.000000,-37.874432,1.326960,-0.734559,0.000000,0.000000,0.000000
0.000000,-37.766800,1.326960,-0.733697,0.000000,0.000000,0.000000
0.000000,-37.607254,1.326960,-0.731972,0.000000,0.000000,0.000000
0.000000,-37.607254,1.326960,-0.731110,0.000000,0.000000,0.000000
0.000000,-37.498566,1.326960,-0.729289,0.000000,0.000000,0.000000
0.000000,-37.498566,1.326960,-0.728426,0.000000,0.000000,0.000000
0.000000,-37.337154,1.326960,-0.726606,0.000000,0.000000,0.000000
0.000000,-37.227833,1.326960,-0.725647,0.000000,0.000000,0.000000
0.000000,-37.227833,1.326960,-0.723731,0.000000,0.000000,0.000000
0.000000,-37.065464,1.326960,-0.722773,0.000000,0.000000,0.000000
0.000000,-37.065464,1.326960,-0.720760,0.000000,0.000000,0.000000
0.000000,-36.955551,1.326960,-0.719802,0.000000,0.000000,0.000000
0.000000,-36.792820,1.326960,-0.717790,0.000000,0.000000,0.000000
0.000000,-36.792820,1.326960,-0.716927,0.000000,0.000000,0.000000
0.000000,-36.682919,1.326960,-0.715106,0.000000,0.000000,0.000000
0.000000,-36.682919,1.326960,-0.714340,0.000000,0.000000,0.000000
0.000000,-36.519562,1.326960,-0.712519,0.000000,0.000000,0.000000
0.000000,-36.408749,1.326960,-0.711753,0.000000,0.000000,0.000000
0.000000,-36.408749,1.326960,-0.709932,0.000000,0.000000,0.000000
0.000000,-36.244850,1.326960,-0.708973,0.000000,0.000000,0.000000
0.000000,-36.244850,1.326960,-0.706961,0.000000,0.000000,0.000000
0.000000,-36.134705,1.326960,-0.705907,0.000000,0.000000,0.000000
0.000000,-35.971397,1.326960,-0.703895,0.000000,0.000000,0.000000
0.000000,-35.971397,1.326960,-0.702841,0.000000,0.000000,0.000000
0.000000,-35.859970,1.326960,-0.700924,0.000000,0.000000,0.000000
0.000000,-35.859970,1.326960,-0.699966,0.000000,0.000000,0.000000
0.000000,-35.693157,1.326960,-0.698241,0.000000,0.000000,0.000000
0.000000,-35.579350,1.326960,-0.697283,0.000000,0.000000,0.000000
0.000000,-35.579350,1.326960,-0.695558,0.000000,0.000000,0.000000
0.000000,-35.410557,1.326960,-0.694695,0.000000,0.000000,0.000000
0.000000,-35.410557,1.326960,-0.692875,0.000000,0.000000,0.000000
0.000000,-35.295811,1.326960,-0.691820,0.000000,0.000000,0.000000
0.000000,-35.125137,1.326960,-0.689808,0.000000,0.000000,0.000000
0.000000,-35.125137,1.326960,-0.688658,0.000000,0.000000,0.000000
0.000000,-35.009670,1.326960,-0.686550,0.000000,0.000000,0.000000
0.000000,-35.009670,1.326960,-0.685496,0.000000,0.000000,0.000000
0.000000,-34.839310,1.326960,-0.683484,0.000000,0.000000,0.000000
0.000000,-34.724545,1.326960,-0.682621,0.000000,0.000000,0.000000
0.000000,-34.724545,1.326960,-0.680801,0.000000,0.000000,0.000000
0.000000,-34.554146,1.326960,-0.679938,0.000000,0.000000,0.000000
0.000000,-34.554146,1.326960,-0.678117,0.000000,0.000000,0.000000
0.000000,-34.438084,1.326960,-0.677159,0.000000,0.000000,0.000000
0.000000,-34.265480,1.326960,-0.675338,0.000000,0.000000,0.000000
0.000000,-34.265480,1.326960,-0.674284,0.000000,0.000000,0.000000
0.000000,-34.149498,1.326960,-0.672176,0.000000,0.000000,0.000000
0.000000,-34.149498,1.326960,-0.671122,0.000000,0.000000,0.000000
0.000000,-33.979065,1.326960,-0.669014,0.000000,0.000000,0.000000
0.000000,-33.865452,1.326960,-0.667960,0.000000,0.000000,0.000000
0.000000,-33.865452,1.326960,-0.666043,0.000000,0.000000,0.000000
0.000000,-33.698116,1.326960,-0.665085,0.000000,0.000000,0.000000
0.000000,-33.698116,1.326960,-0.663264,0.000000,0.000000,0.000000
0.000000,-33.585781,1.326960,-0.662306,0.000000,0.000000,0.000000
0.000000,-33.418663,1.326960,-0.660485,0.000000,0.000000,0.000000
0.000000,-33.418663,1.326960,-0.659527,0.000000,0.000000,0.000000
0.000000,-33.306122,1.326960,-0.657515,0.000000,0.000000,0.000000
0.000000,-33.306122,1.326960,-0.656556,0.000000,0.000000,0.000000
0.000000,-33.139214,1.326960,-0.654448,0.000000,0.000000,0.000000
0.000000,-33.027672,1.326960,-0.653490,0.000000,0.000000,0.000000
0.000000,-33.027672,1.326960,-0.651382,0.000000,0.000000,0.000000
0.000000,-32.862751,1.326960,-0.650424,0.000000,0.000000,0.000000
0.000000,-32.862751,1.326960,-0.648507,0.000000,0.000000,0.000000
0.000000,-32.752735,1.326864,-0.647644,0.000000,0.000000,0.000000
0.000000,-32.589355,1.326864,-0.645824,0.000000,0.000000,0.000000
0.000000,-32.589355,1.326864,-0.644961,0.000000,0.000000,0.000000
0.000000,-32.480339,1.326864,-0.643045,0.000000,0.000000,0.000000
0.000000,-32.480339,1.326864,-0.642087,0.000000,0.000000,0.000000
0.000000,-32.318268,1.326864,-0.640074,0.000000,0.000000,0.000000
0.000000,-32.209709,1.326864,-0.639116,0.000000,0.000000,0.000000
0.000000,-32.209709,1.326864,-0.637199,0.000000,0.000000,0.000000
0.000000,-32.048134,1.326864,-0.636145,0.000000,0.000000,0.000000
0.000000,-32.048134,1.326864,-0.634325,0.000000,0.000000,0.000000
0.000000,-31.940321,1.326768,-0.633366,0.000000,0.000000,0.000000
0.000000,-31.780685,1.326768,-0.631641,0.000000,0.000000,0.000000
0.000000,-31.780685,1.326768,-0.630683,0.000000,0.000000,0.000000
0.000000,-31.674494,1.326768,-0.628767,0.000000,0.000000,0.000000
0.000000,-31.674494,1.326768,-0.627904,0.000000,0.000000,0.000000
0.000000,-31.516468,1.326768,-0.626083,0.000000,0.000000,0.000000
0.000000,-31.411255,1.326768,-0.625125,0.000000,0.000000,0.000000
0.000000,-31.411255,1.326768,-0.623209,0.000000,0.000000,0.000000
0.000000,-31.254700,1.326768,-0.622155,0.000000,0.000000,0.000000
0.000000,-31.254700,1.326768,-0.620142,0.000000,0.000000,0.000000
0.000000,-31.151028,1.326768,-0.619184,0.000000,0.000000,0.000000
0.000000,-30.997194,1.326768,-0.617363,0.000000,0.000000,0.000000
0.000000,-30.997194,1.326768,-0.616405,0.000000,0.000000,0.000000
0.000000,-30.895542,1.326768,-0.614776,0.000000,0.000000,0.000000
0.000000,-30.895542,1.326768,-0.613914,0.000000,0.000000,0.000000
0.000000,-30.743788,1.326768,-0.612189,0.000000,0.000000,0.000000
0.000000,-30.642405,1.326768,-0.611230,0.000000,0.000000,0.000000
0.000000,-30.642405,1.326768,-0.609505,0.000000,0.000000,0.000000
0.000000,-30.490583,1.326768,-0.608547,0.000000,0.000000,0.000000
0.000000,-30.490583,1.326768,-0.606631,0.000000,0.000000,0.000000
0.000000,-30.389029,1.326768,-0.605577,0.000000,0.000000,0.000000
0.000000,-30.238163,1.326768,-0.603756,0.000000,0.000000,0.000000
0.000000,-30.238163,1.326768,-0.602798,0.000000,0.000000,0.000000
0.000000,-30.137842,1.326768,-0.601073,0.000000,0.000000,0.000000
0.000000,-30.137842,1.326768,-0.600114,0.000000,0.000000,0.000000
0.000000,-29.987942,1.326768,-0.598581,0.000000,0.000000,0.000000
0.000000,-29.886892,1.326768,-0.597719,0.000000,0.000000,0.000000
0.000000,-29.886892,1.326768,-0.596090,0.000000,0.000000,0.000000
0.000000,-29.735270,1.326768,-0.595227,0.000000,0.000000,0.000000
0.000000,-29.735270,1.326768,-0.593503,0.000000,0.000000,0.000000
0.000000,-29.633223,1.326768,-0.592640,0.000000,0.000000,0.000000
0.000000,-29.481142,1.326768,-0.590724,0.000000,0.000000,0.000000
0.000000,-29.481142,1.326768,-0.589669,0.000000,0.000000,0.000000
0.000000,-29.379782,1.326768,-0.587753,0.000000,0.000000,0.000000
0.000000,-29.379782,1.326768,-0.586795,0.000000,0.000000,0.000000
0.000000,-29.230434,1.326768,-0.584974,0.000000,0.000000,0.000000
0.000000,-29.131649,1.326768,-0.584111,0.000000,0.000000,0.000000
0.000000,-29.131649,1.326768,-0.582386,0.000000,0.000000,0.000000
0.000000,-28.985353,1.326672,-0.581620,0.000000,0.000000,0.000000
0.000000,-28.985353,1.326672,-0.579991,0.000000,0.000000,0.000000
0.000000,-28.887308,1.326672,-0.579224,0.000000,0.000000,0.000000
0.000000,-28.741634,1.326672,-0.577595,0.000000,0.000000,0.000000
0.000000,-28.741634,1.326672,-0.576733,0.000000,0.000000,0.000000
0.000000,-28.644215,1.326672,-0.574912,0.000000,0.000000,0.000000
0.000000,-28.644215,1.326672,-0.573954,0.000000,0.000000,0.000000
0.000000,-28.500771,1.326672,-0.572037,0.000000,0.000000,0.000000
0.000000,-28.405607,1.326672,-0.571175,0.000000,0.000000,0.000000
0.000000,-28.405607,1.326672,-0.569258,0.000000,0.000000,0.000000
0.000000,-28.265368,1.326672,-0.568491,0.000000,0.000000,0.000000
0.000000,-28.265368,1.326576,-0.566863,0.000000,0.000000,0.000000
0.000000,-28.171467,1.326576,-0.566096,0.000000,0.000000,0.000000
0.000000,-28.031290,1.326576,-0.564563,0.000000,0.000000,0.000000
0.000000,-28.031290,1.326576,-0.563796,0.000000,0.000000,0.000000
0.000000,-27.935467,1.326576,-0.562263,0.000000,0.000000,0.000000
0.000000,-27.935467,1.326576,-0.561400,0.000000,0.000000,0.000000
0.000000,-27.792465,1.326576,-0.559867,0.000000,0.000000,0.000000
0.000000,-27.696030,1.326576,-0.559005,0.000000,0.000000,0.000000
0.000000,-27.696030,1.326576,-0.557184,0.000000,0.000000,0.000000
0.000000,-27.552635,1.326481,-0.556226,0.000000,0.000000,0.000000
0.000000,-27.552635,1.326481,-0.554309,0.000000,0.000000,0.000000
0.000000,-27.456327,1.326481,-0.553447,0.000000,0.000000,0.000000
0.000000,-27.313925,1.326481,-0.551626,0.000000,0.000000,0.000000
0.000000,-27.313925,1.326481,-0.550668,0.000000,0.000000,0.000000
0.000000,-27.218182,1.326385,-0.549039,0.000000,0.000000,0.000000
0.000000,-27.218182,1.326385,-0.548368,0.000000,0.000000,0.000000
0.000000,-27.074768,1.326385,-0.546739,0.000000,0.000000,0.000000
0.000000,-26.977320,1.326385,-0.545972,0.000000,0.000000,0.000000
0.000000,-26.977320,1.326385,-0.544439,0.000000,0.000000,0.000000
0.000000,-26.832102,1.326385,-0.543577,0.000000,0.000000,0.000000
0.000000,-26.832102,1.326385,-0.541852,0.000000,0.000000,0.000000
0.000000,-26.734255,1.326385,-0.540989,0.000000,0.000000,0.000000
0.000000,-26.589531,1.326385,-0.539169,0.000000,0.000000,0.000000
0.000000,-26.589531,1.326385,-0.538306,0.000000,0.000000,0.000000
0.000000,-26.493542,1.326385,-0.536485,0.000000,0.000000,0.000000
0.000000,-26.493542,1.326385,-0.535623,0.000000,0.000000,0.000000
0.000000,-26.352039,1.326289,-0.533994,0.000000,0.000000,0.000000
0.000000,-26.258015,1.326289,-0.533132,0.000000,0.000000,0.000000
0.000000,-26.258015,1.326289,-0.531502,0.000000,0.000000,0.000000
0.000000,-26.117945,1.326289,-0.530640,0.000000,0.000000,0.000000
0.000000,-26.117945,1.326289,-0.529107,0.000000,0.000000,0.000000
0.000000,-26.023445,1.326289,-0.528340,0.000000,0.000000,0.000000
0.000000,-25.881798,1.326289,-0.526807,0.000000,0.000000,0.000000
0.000000,-25.881798,1.326289,-0.525945,0.000000,0.000000,0.000000
0.000000,-25.787136,1.326289,-0.524220,0.000000,0.000000,0.000000
0.000000,-25.787136,1.326193,-0.523357,0.000000,0.000000,0.000000
0.000000,-25.646639,1.326193,-0.521537,0.000000,0.000000,0.000000
0.000000,-25.553020,1.326193,-0.520770,0.000000,0.000000,0.000000
0.000000,-25.553020,1.326193,-0.518949,0.000000,0.000000,0.000000
0.000000,-25.413948,1.326193,-0.518183,0.000000,0.000000,0.000000
0.000000,-25.413948,1.326193,-0.516458,0.000000,0.000000,0.000000
0.000000,-25.320841,1.326193,-0.515691,0.000000,0.000000,0.000000
0.000000,-25.181673,1.326193,-0.514158,0.000000,0.000000,0.000000
0.000000,-25.181673,1.326097,-0.513296,0.000000,0.000000,0.000000
0.000000,-25.087791,1.326097,-0.511762,0.000000,0.000000,0.000000
0.000000,-25.087791,1.326097,-0.510996,0.000000,0.000000,0.000000
0.000000,-24.947203,1.326097,-0.509367,0.000000,0.000000,0.000000
0.000000,-24.852650,1.326097,-0.508504,0.000000,0.000000,0.000000
0.000000,-24.852650,1.326097,-0.506779,0.000000,0.000000,0.000000
0.000000,-24.712778,1.326097,-0.505821,0.000000,0.000000,0.000000
0.000000,-24.712778,1.326097,-0.504096,0.000000,0.000000,0.000000
0.000000,-24.619530,1.326001,-0.503234,0.000000,0.000000,0.000000
0.000000,-24.481001,1.326001,-0.501700,0.000000,0.000000,0.000000
0.000000,-24.481001,1.326001,-0.500934,0.000000,0.000000,0.000000
0.000000,-24.388186,1.326001,-0.499401,0.000000,0.000000,0.000000
0.000000,-24.388186,1.326001,-0.498634,0.000000,0.000000,0.000000
0.000000,-24.249842,1.325906,-0.497101,0.000000,0.000000,0.000000
0.000000,-24.156422,1.325906,-0.496334,0.000000,0.000000,0.000000
0.000000,-24.156422,1.325906,-0.494705,0.000000,0.000000,0.000000
0.000000,-24.017641,1.325906,-0.493843,0.000000,0.000000,0.000000
0.000000,-24.017641,1.325906,-0.492214,0.000000,0.000000,0.000000
0.000000,-23.925108,1.325906,-0.491351,0.000000,0.000000,0.000000
0.000000,-23.788385,1.325906,-0.489530,0.000000,0.000000,0.000000
0.000000,-23.788385,1.325810,-0.488668,0.000000,0.000000,0.000000
0.000000,-23.697412,1.325810,-0.486943,0.000000,0.000000,0.000000
0.000000,-23.697412,1.325810,-0.486081,0.000000,0.000000,0.000000
0.000000,-23.562643,1.325714,-0.484452,0.000000,0.000000,0.000000
0.000000,-23.472496,1.325714,-0.483589,0.000000,0.000000,0.000000
0.000000,-23.472496,1.325714,-0.482248,0.000000,0.000000,0.000000
0.000000,-23.337650,1.325618,-0.481481,0.000000,0.000000,0.000000
0.000000,-23.337650,1.325522,-0.480139,0.000000,0.000000,0.000000
0.000000,-23.246302,1.325426,-0.479373,0.000000,0.000000,0.000000
0.000000,-23.110058,1.325426,-0.477840,0.000000,0.000000,0.000000
0.000000,-23.110058,1.325330,-0.477073,0.000000,0.000000,0.000000
0.000000,-23.018223,1.325330,-0.475348,0.000000,0.000000,0.000000
0.000000,-23.018223,1.325235,-0.474390,0.000000,0.000000,0.000000
0.000000,-22.882404,1.325139,-0.472569,0.000000,0.000000,0.000000
0.000000,-22.791912,1.325043,-0.471707,0.000000,0.000000,0.000000
0.000000,-22.791912,1.325043,-0.470078,0.000000,0.000000,0.000000
0.000000,-22.657837,1.324948,-0.469215,0.000000,0.000000,0.000000
0.000000,-22.657837,1.324852,-0.467682,0.000000,0.000000,0.000000
0.000000,-22.566912,1.324756,-0.466915,0.000000,0.000000,0.000000
0.000000,-22.430248,1.324756,-0.465478,0.000000,0.000000,0.000000
0.000000,-22.430248,1.324660,-0.464807,0.000000,0.000000,0.000000
0.000000,-22.336861,1.324660,-0.463274,0.000000,0.000000,0.000000
0.000000,-22.336861,1.324564,-0.462603,0.000000,0.000000,0.000000
0.000000,-22.197729,1.324564,-0.461070,0.000000,0.000000,0.000000
0.000000,-22.104530,1.324564,-0.460399,0.000000,0.000000,0.000000
0.000000,-22.104530,1.324564,-0.458674,0.000000,0.000000,0.000000
0.000000,-21.968111,1.324564,-0.457812,0.000000,0.000000,0.000000
0.000000,-21.968111,1.324468,-0.456087,0.000000,0.000000,0.000000
0.000000,-21.878244,1.324468,-0.455129,0.000000,0.000000,0.000000
0.000000,-21.746550,1.324468,-0.453404,0.000000,0.000000,0.000000
0.000000,-21.746550,1.324468,-0.452541,0.000000,0.000000,0.000000
0.000000,-21.659389,1.324468,-0.451008,0.000000,0.000000,0.000000
0.000000,-21.659389,1.324373,-0.450146,0.000000,0.000000,0.000000
0.000000,-21.529316,1.324373,-0.448804,0.000000,0.000000,0.000000
0.000000,-21.441450,1.324373,-0.448038,0.000000,0.000000,0.000000
0.000000,-21.441450,1.324373,-0.446696,0.000000,0.000000,0.000000
0.000000,-21.309017,1.324373,-0.445930,0.000000,0.000000,0.000000
0.000000,-21.309017,1.324373,-0.444396,0.000000,0.000000,0.000000
0.000000,-21.220057,1.324373,-0.443725,0.000000,0.000000,0.000000
0.000000,-21.088106,1.324373,-0.442096,0.000000,0.000000,0.000000
0.000000,-21.088106,1.324373,-0.441234,0.000000,0.000000,0.000000
0.000000,-21.001343,1.324373,-0.439509,0.000000,0.000000,0.000000
0.000000,-21.001343,1.324373,-0.438551,0.000000,0.000000,0.000000
0.000000,-20.873514,1.324373,-0.436922,0.000000,0.000000,0.000000
0.000000,-20.788897,1.324373,-0.436059,0.000000,0.000000,0.000000
0.000000,-20.788897,1.324373,-0.434526,0.000000,0.000000,0.000000
0.000000,-20.661610,1.324373,-0.433759,0.000000,0.000000,0.000000
0.000000,-20.661610,1.324373,-0.432418,0.000000,0.000000,0.000000
0.000000,-20.575214,1.324277,-0.431747,0.000000,0.000000,0.000000
0.000000,-20.443573,1.324277,-0.430310,0.000000,0.000000,0.000000
0.000000,-20.443573,1.324277,-0.429639,0.000000,0.000000,0.000000
0.000000,-20.354883,1.324277,-0.428106,0.000000,0.000000,0.000000
0.000000,-20.354883,1.324277,-0.427435,0.000000,0.000000,0.000000
0.000000,-20.222591,1.324277,-0.425901,0.000000,0.000000,0.000000
0.000000,-20.135143,1.324277,-0.425039,0.000000,0.000000,0.000000
0.000000,-20.135143,1.324277,-0.423506,0.000000,0.000000,0.000000
0.000000,-20.005804,1.324277,-0.422643,0.000000,0.000000,0.000000
0.000000,-20.005804,1.324277,-0.421015,0.000000,0.000000,0.000000
0.000000,-19.920471,1.324277,-0.420152,0.000000,0.000000,0.000000
0.000000,-19.794004,1.324277,-0.418619,0.000000,0.000000,0.000000
0.000000,-19.794004,1.324181,-0.417852,0.000000,0.000000,0.000000
0.000000,-19.709635,1.324181,-0.416319,0.000000,0.000000,0.000000
0.000000,-19.709635,1.324181,-0.415648,0.000000,0.000000,0.000000
0.000000,-19.583473,1.324181,-0.414211,0.000000,0.000000,0.000000
0.000000,-19.498865,1.324181,-0.413540,0.000000,0.000000,0.000000
0.000000,-19.498865,1.324181,-0.412294,0.000000,0.000000,0.000000
0.000000,-19.373671,1.324181,-0.411527,0.000000,0.000000,0.000000
0.000000,-19.373671,1.324181,-0.410186,0.000000,0.000000,0.000000
0.000000,-19.290791,1.324181,-0.409419,0.000000,0.000000,0.000000
0.000000,-19.168449,1.324181,-0.407790,0.000000,0.000000,0.000000
0.000000,-19.168449,1.324181,-0.407024,0.000000,0.000000,0.000000
0.000000,-19.088196,1.324181,-0.405299,0.000000,0.000000,0.000000
0.000000,-19.088196,1.324181,-0.404628,0.000000,0.000000,0.000000
0.000000,-18.970579,1.324181,-0.403095,0.000000,0.000000,0.000000
0.000000,-18.892313,1.324085,-0.402328,0.000000,0.000000,0.000000
0.000000,-18.892313,1.324085,-0.400987,0.000000,0.000000,0.000000
0.000000,-18.775597,1.324085,-0.400316,0.000000,0.000000,0.000000
0.000000,-18.775597,1.324085,-0.399070,0.000000,0.000000,0.000000
0.000000,-18.696484,1.324085,-0.398399,0.000000,0.000000,0.000000
0.000000,-18.577824,1.324085,-0.396962,0.000000,0.000000,0.000000
0.000000,-18.577824,1.324085,-0.396387,0.000000,0.000000,0.000000
0.000000,-18.498627,1.324085,-0.394949,0.000000,0.000000,0.000000
0.000000,-18.498627,1.324085,-0.394375,0.000000,0.000000,0.000000
0.000000,-18.380957,1.324085,-0.393033,0.000000,0.000000,0.000000
0.000000,-18.302616,1.324085,-0.392362,0.000000,0.000000,0.000000
0.000000,-18.302616,1.324085,-0.390925,0.000000,0.000000,0.000000
0.000000,-18.186985,1.324085,-0.390062,0.000000,0.000000,0.000000
0.000000,-18.186985,1.324085,-0.388529,0.000000,0.000000,0.000000
0.000000,-18.109632,1.324085,-0.387763,0.000000,0.000000,0.000000
0.000000,-17.993607,1.324085,-0.386325,0.000000,0.000000,0.000000
0.000000,-17.993607,1.323989,-0.385654,0.000000,0.000000,0.000000
0.000000,-17.914972,1.323989,-0.384409,0.000000,0.000000,0.000000
0.000000,-17.914972,1.323989,-0.383642,0.000000,0.000000,0.000000
0.000000,-17.795828,1.323989,-0.382492,0.000000,0.000000,0.000000
0.000000,-17.715088,1.323989,-0.381821,0.000000,0.000000,0.000000
0.000000,-17.715088,1.323989,-0.380575,0.000000,0.000000,0.000000
0.000000,-17.594433,1.323989,-0.380001,0.000000,0.000000,0.000000
0.000000,-17.594433,1.323989,-0.378659,0.000000,0.000000,0.000000
0.000000,-17.514059,1.323989,-0.377892,0.000000,0.000000,0.000000
0.000000,-17.394884,1.323989,-0.376455,0.000000,0.000000,0.000000
0.000000,-17.394884,1.323989,-0.375592,0.000000,0.000000,0.000000
0.000000,-17.315502,1.323989,-0.374155,0.000000,0.000000,0.000000
0.000000,-17.315502,1.323989,-0.373293,0.000000,0.000000,0.000000
0.000000,-17.197384,1.323989,-0.371760,0.000000,0.000000,0.000000
0.000000,-17.118162,1.323989,-0.370993,0.000000,0.000000,0.000000
0.000000,-17.118162,1.323989,-0.369555,0.000000,0.000000,0.000000
0.000000,-16.999033,1.323989,-0.368885,0.000000,0.000000,0.000000
0.000000,-16.999033,1.323989,-0.367543,0.000000,0.000000,0.000000
0.000000,-16.918674,1.323989,-0.366968,0.000000,0.000000,0.000000
0.000000,-16.798218,1.323989,-0.365818,0.000000,0.000000,0.000000
0.000000,-16.798218,1.323989,-0.365147,0.000000,0.000000,0.000000
0.000000,-16.717331,1.323989,-0.363806,0.000000,0.000000,0.000000
0.000000,-16.717331,1.323989,-0.363231,0.000000,0.000000,0.000000
0.000000,-16.597868,1.323989,-0.361794,0.000000,0.000000,0.000000
0.000000,-16.518303,1.323989,-0.361123,0.000000,0.000000,0.000000
0.000000,-16.518303,1.323989,-0.359685,0.000000,0.000000,0.000000
0.000000,-16.401188,1.323989,-0.358919,0.000000,0.000000,0.000000
0.000000,-16.401188,1.323989,-0.357290,0.000000,0.000000,0.000000
0.000000,-16.323423,1.323989,-0.356523,0.000000,0.000000,0.000000
0.000000,-16.206747,1.323989,-0.354894,0.000000,0.000000,0.000000
0.000000,-16.206747,1.323989,-0.354127,0.000000,0.000000,0.000000
0.000000,-16.127613,1.323989,-0.352690,0.000000,0.000000,0.000000
0.000000,-16.127613,1.323989,-0.352019,0.000000,0.000000,0.000000
0.000000,-16.009699,1.323893,-0.350677,0.000000,0.000000,0.000000
0.000000,-15.929823,1.323893,-0.350007,0.000000,0.000000,0.000000
0.000000,-15.929823,1.323893,-0.348857,0.000000,0.000000,0.000000
0.000000,-15.809969,1.323893,-0.348186,0.000000,0.000000,0.000000
0.000000,-15.809969,1.323893,-0.347132,0.000000,0.000000,0.000000
0.000000,-15.729214,1.323893,-0.346653,0.000000,0.000000,0.000000
0.000000,-15.610985,1.323893,-0.345311,0.000000,0.000000,0.000000
0.000000,-15.610985,1.323893,-0.344640,0.000000,0.000000,0.000000
0.000000,-15.532212,1.323893,-0.343203,0.000000,0.000000,0.000000
0.000000,-15.532212,1.323893,-0.342341,0.000000,0.000000,0.000000
0.000000,-15.415700,1.323893,-0.340807,0.000000,0.000000,0.000000
0.000000,-15.337984,1.323893,-0.340041,0.000000,0.000000,0.000000
0.000000,-15.337984,1.323893,-0.338412,0.000000,0.000000,0.000000
0.000000,-15.222894,1.323893,-0.337645,0.000000,0.000000,0.000000
0.000000,-15.222894,1.323893,-0.336208,0.000000,0.000000,0.000000
0.000000,-15.145696,1.323893,-0.335633,0.000000,0.000000,0.000000
0.000000,-15.030238,1.323797,-0.334387,0.000000,0.000000,0.000000
0.000000,-15.030238,1.323797,-0.333716,0.000000,0.000000,0.000000
0.000000,-14.951713,1.323797,-0.332566,0.000000,0.000000,0.000000
0.000000,-14.951713,1.323797,-0.331991,0.000000,0.000000,0.000000
0.000000,-14.833624,1.323797,-0.330746,0.000000,0.000000,0.000000
0.000000,-14.754824,1.323797,-0.330171,0.000000,0.000000,0.000000
0.000000,-14.754824,1.323797,-0.328925,0.000000,0.000000,0.000000
0.000000,-14.639577,1.323797,-0.328350,0.000000,0.000000,0.000000
0.000000,-14.639577,1.323797,-0.327104,0.000000,0.000000,0.000000
0.000000,-14.563582,1.323797,-0.326433,0.000000,0.000000,0.000000
0.000000,-14.451649,1.323797,-0.324996,0.000000,0.000000,0.000000
0.000000,-14.451649,1.323797,-0.324325,0.000000,0.000000,0.000000
0.000000,-14.377340,1.323797,-0.322696,0.000000,0.000000,0.000000
0.000000,-14.377340,1.323797,-0.322026,0.000000,0.000000,0.000000
0.000000,-14.267040,1.323797,-0.320397,0.000000,0.000000,0.000000
0.000000,-14.193392,1.323797,-0.319630,0.000000,0.000000,0.000000
0.000000,-14.193392,1.323702,-0.318288,0.000000,0.000000,0.000000
0.000000,-14.083094,1.323702,-0.317617,0.000000,0.000000,0.000000
0.000000,-14.083094,1.323702,-0.316468,0.000000,0.000000,0.000000
0.000000,-14.008644,1.323702,-0.315892,0.000000,0.000000,0.000000
0.000000,-13.896132,1.323702,-0.314647,0.000000,0.000000,0.000000
0.000000,-13.896132,1.323702,-0.314072,0.000000,0.000000,0.000000
0.000000,-13.820527,1.323702,-0.313018,0.000000,0.000000,0.000000
0.000000,-13.820527,1.323606,-0.312347,0.000000,0.000000,0.000000
0.000000,-13.708512,1.323606,-0.311005,0.000000,0.000000,0.000000
0.000000,-13.634653,1.323606,-0.310431,0.000000,0.000000,0.000000
0.000000,-13.634653,1.323606,-0.308897,0.000000,0.000000,0.000000
0.000000,-13.525994,1.323606,-0.308227,0.000000,0.000000,0.000000
0.000000,-13.525994,1.323606,-0.306789,0.000000,0.000000,0.000000
0.000000,-13.454206,1.323606,-0.306023,0.000000,0.000000,0.000000
0.000000,-13.347649,1.323606,-0.304681,0.000000,0.000000,0.000000
0.000000,-13.347649,1.323606,-0.303914,0.000000,0.000000,0.000000
0.000000,-13.276136,1.323606,-0.302668,0.000000,0.000000,0.000000
0.000000,-13.276136,1.323510,-0.302094,0.000000,0.000000,0.000000
0.000000,-13.167184,1.323510,-0.300752,0.000000,0.000000,0.000000
0.000000,-13.092724,1.323510,-0.300177,0.000000,0.000000,0.000000
0.000000,-13.092724,1.323510,-0.298931,0.000000,0.000000,0.000000
0.000000,-12.980248,1.323510,-0.298260,0.000000,0.000000,0.000000
0.000000,-12.980248,1.323510,-0.297111,0.000000,0.000000,0.000000
0.000000,-12.905045,1.323510,-0.296631,0.000000,0.000000,0.000000
0.000000,-12.793765,1.323510,-0.295290,0.000000,0.000000,0.000000
0.000000,-12.793765,1.323510,-0.294715,0.000000,0.000000,0.000000
0.000000,-12.719697,1.323510,-0.293469,0.000000,0.000000,0.000000
0.000000,-12.719697,1.323510,-0.292799,0.000000,0.000000,0.000000
0.000000,-12.610223,1.323510,-0.291457,0.000000,0.000000,0.000000
0.000000,-12.537186,1.323510,-0.290786,0.000000,0.000000,0.000000
0.000000,-12.537186,1.323510,-0.289253,0.000000,0.000000,0.000000
0.000000,-12.428081,1.323510,-0.288582,0.000000,0.000000,0.000000
0.000000,-12.428081,1.323510,-0.287240,0.000000,0.000000,0.000000
0.000000,-12.354478,1.323510,-0.286570,0.000000,0.000000,0.000000
0.000000,-12.243576,1.323510,-0.285324,0.000000,0.000000,0.000000
0.000000,-12.243576,1.323414,-0.284653,0.000000,0.000000,0.000000
0.000000,-12.168595,1.323414,-0.283407,0.000000,0.000000,0.000000
0.000000,-12.168595,1.323414,-0.282832,0.000000,0.000000,0.000000
0.000000,-12.055712,1.323414,-0.281491,0.000000,0.000000,0.000000
0.000000,-11.979809,1.323414,-0.280916,0.000000,0.000000,0.000000
0.000000,-11.979809,1.323414,-0.279766,0.000000,0.000000,0.000000
0.000000,-11.867367,1.323414,-0.279095,0.000000,0.000000,0.000000
0.000000,-11.867367,1.323414,-0.277849,0.000000,0.000000,0.000000
0.000000,-11.792519,1.323414,-0.277179,0.000000,0.000000,0.000000
0.000000,-11.682089,1.323414,-0.275741,0.000000,0.000000,0.000000
0.000000,-11.682089,1.323414,-0.275070,0.000000,0.000000,0.000000
0.000000,-11.608655,1.323414,-0.273537,0.000000,0.000000,0.000000
0.000000,-11.608655,1.323414,-0.272770,0.000000,0.000000,0.000000
0.000000,-11.500470,1.323414,-0.271429,0.000000,0.000000,0.000000
0.000000,-11.428479,1.323414,-0.270758,0.000000,0.000000,0.000000
0.000000,-11.428479,1.323318,-0.269608,0.000000,0.000000,0.000000
0.000000,-11.321115,1.323318,-0.269033,0.000000,0.000000,0.000000
0.000000,-11.321115,1.323318,-0.267883,0.000000,0.000000,0.000000
0.000000,-11.248885,1.323318,-0.267308,0.000000,0.000000,0.000000
0.000000,-11.140754,1.323318,-0.266159,0.000000,0.000000,0.000000
0.000000,-11.140754,1.323222,-0.265488,0.000000,0.000000,0.000000
0.000000,-11.068419,1.323222,-0.264338,0.000000,0.000000,0.000000
0.000000,-11.068419,1.323222,-0.263763,0.000000,0.000000,0.000000
0.000000,-10.961886,1.323222,-0.262517,0.000000,0.000000,0.000000
0.000000,-10.891353,1.323222,-0.261846,0.000000,0.000000,0.000000
0.000000,-10.891353,1.323222,-0.260601,0.000000,0.000000,0.000000
0.000000,-10.787892,1.323222,-0.259930,0.000000,0.000000,0.000000
0.000000,-10.787892,1.323222,-0.258684,0.000000,0.000000,0.000000
0.000000,-10.719581,1.323222,-0.258013,0.000000,0.000000,0.000000
0.000000,-10.617722,1.323222,-0.256576,0.000000,0.000000,0.000000
0.000000,-10.617722,1.323127,-0.255905,0.000000,0.000000,0.000000
0.000000,-10.549430,1.323031,-0.254659,0.000000,0.000000,0.000000
0.000000,-10.549430,1.322935,-0.253989,0.000000,0.000000,0.000000
0.000000,-10.447352,1.322935,-0.252839,0.000000,0.000000,0.000000
0.000000,-10.378678,1.322839,-0.252264,0.000000,0.000000,0.000000
0.000000,-10.378678,1.322743,-0.251114,0.000000,0.000000,0.000000
0.000000,-10.274940,1.322648,-0.250539,0.000000,0.000000,0.000000
0.000000,-10.274940,1.322552,-0.249676,0.000000,0.000000,0.000000
0.000000,-10.204703,1.322456,-0.249197,0.000000,0.000000,0.000000
0.000000,-10.100463,1.322360,-0.248047,0.000000,0.000000,0.000000
0.000000,-10.100463,1.322264,-0.247568,0.000000,0.000000,0.000000
0.000000,-10.030924,1.322264,-0.246514,0.000000,0.000000,0.000000
0.000000,-10.030924,1.322169,-0.245939,0.000000,0.000000,0.000000
0.000000,-9.928925,1.322073,-0.244694,0.000000,0.000000,0.000000
0.000000,-9.861684,1.321977,-0.244118,0.000000,0.000000,0.000000
0.000000,-9.861684,1.321977,-0.242777,0.000000,0.000000,0.000000
0.000000,-9.763671,1.321881,-0.242010,0.000000,0.000000,0.000000
0.000000,-9.763671,1.321785,-0.240669,0.000000,0.000000,0.000000
0.000000,-9.699644,1.321689,-0.239902,0.000000,0.000000,0.000000
0.000000,-9.605905,1.321594,-0.238656,0.000000,0.000000,0.000000
0.000000,-9.605905,1.321498,-0.238081,0.000000,0.000000,0.000000
0.000000,-9.543599,1.321498,-0.236835,0.000000,0.000000,0.000000
0.000000,-9.543599,1.321498,-0.236356,0.000000,0.000000,0.000000
0.000000,-9.451262,1.321498,-0.235398,0.000000,0.000000,0.000000
0.000000,-9.389383,1.321402,-0.234823,0.000000,0.000000,0.000000
0.000000,-9.389383,1.321402,-0.233865,0.000000,0.000000,0.000000
0.000000,-9.298207,1.321402,-0.233482,0.000000,0.000000,0.000000
0.000000,-9.298207,1.321402,-0.232523,0.000000,0.000000,0.000000
0.000000,-9.238770,1.321402,-0.232044,0.000000,0.000000,0.000000
0.000000,-9.153498,1.321402,-0.231086,0.000000,0.000000,0.000000
0.000000,-9.153498,1.321402,-0.230798,0.000000,0.000000,0.000000
0.000000,-9.099678,1.321402,-0.230032,0.000000,0.000000,0.000000
0.000000,-9.099678,1.321402,-0.229553,0.000000,0.000000,0.000000
0.000000,-9.022455,1.321402,-0.228595,0.000000,0.000000,0.000000
0.000000,-8.972980,1.321402,-0.228116,0.000000,0.000000,0.000000
0.000000,-8.972980,1.321402,-0.227157,0.000000,0.000000,0.000000
0.000000,-8.898880,1.321402,-0.226582,0.000000,0.000000,0.000000
0.000000,-8.898880,1.321402,-0.225432,0.000000,0.000000,0.000000
0.000000,-8.850864,1.321402,-0.224953,0.000000,0.000000,0.000000
0.000000,-8.778267,1.321306,-0.223707,0.000000,0.000000,0.000000
0.000000,-8.778267,1.321306,-0.223037,0.000000,0.000000,0.000000
0.000000,-8.730007,1.321306,-0.221887,0.000000,0.000000,0.000000
0.000000,-8.730007,1.321306,-0.221216,0.000000,0.000000,0.000000
0.000000,-8.656059,1.321210,-0.220258,0.000000,0.000000,0.000000
0.000000,-8.606402,1.321210,-0.219779,0.000000,0.000000,0.000000
0.000000,-8.606402,1.321210,-0.219108,0.000000,0.000000,0.000000
0.000000,-8.529719,1.321210,-0.218628,0.000000,0.000000,0.000000
0.000000,-8.529719,1.321210,-0.217670,0.000000,0.000000,0.000000
0.000000,-8.476874,1.321210,-0.217287,0.000000,0.000000,0.000000
0.000000,-8.396374,1.321210,-0.216712,0.000000,0.000000,0.000000
0.000000,-8.396374,1.321210,-0.216329,0.000000,0.000000,0.000000
0.000000,-8.343287,1.321210,-0.215466,0.000000,0.000000,0.000000
0.000000,-8.343287,1.321210,-0.215083,0.000000,0.000000,0.000000
0.000000,-8.265186,1.321210,-0.214412,0.000000,0.000000,0.000000
0.000000,-8.213726,1.321210,-0.214125,0.000000,0.000000,0.000000
0.000000,-8.213726,1.321210,-0.213358,0.000000,0.000000,0.000000
0.000000,-8.137480,1.321210,-0.212879,0.000000,0.000000,0.000000
0.000000,-8.137480,1.321210,-0.211921,0.000000,0.000000,0.000000
0.000000,-8.087161,1.321210,-0.211537,0.000000,0.000000,0.000000
0.000000,-8.012868,1.321210,-0.210675,0.000000,0.000000,0.000000
0.000000,-8.012868,1.321210,-0.210196,0.000000,0.000000,0.000000
0.000000,-7.964096,1.321210,-0.209046,0.000000,0.000000,0.000000
0.000000,-7.964096,1.321210,-0.208567,0.000000,0.000000,0.000000
0.000000,-7.891190,1.321210,-0.207417,0.000000,0.000000,0.000000
0.000000,-7.842833,1.321210,-0.206842,0.000000,0.000000,0.000000
0.000000,-7.842833,1.321210,-0.205692,0.000000,0.000000,0.000000
0.000000,-7.770089,1.321210,-0.205213,0.000000,0.000000,0.000000
0.000000,-7.770089,1.321210,-0.204159,0.000000,0.000000,0.000000
0.000000,-7.720551,1.321210,-0.203680,0.000000,0.000000,0.000000
0.000000,-7.644652,1.321210,-0.202817,0.000000,0.000000,0.000000
0.000000,-7.644652,1.321114,-0.202434,0.000000,0.000000,0.000000
0.000000,-7.592510,1.321114,-0.201476,0.000000,0.000000,0.000000
0.000000,-7.592510,1.321114,-0.201092,0.000000,0.000000,0.000000
0.000000,-7.513623,1.321114,-0.200422,0.000000,0.000000,0.000000
0.000000,-7.460447,1.321114,-0.200134,0.000000,0.000000,0.000000
0.000000,-7.460447,1.321114,-0.199368,0.000000,0.000000,0.000000
0.000000,-7.382269,1.321114,-0.198888,0.000000,0.000000,0.000000
0.000000,-7.382269,1.321114,-0.198026,0.000000,0.000000,0.000000
0.000000,-7.330951,1.321114,-0.197738,0.000000,0.000000,0.000000
0.000000,-7.256776,1.321114,-0.197067,0.000000,0.000000,0.000000
0.000000,-7.256776,1.321114,-0.196684,0.000000,0.000000,0.000000
0.000000,-7.209516,1.321114,-0.195822,0.000000,0.000000,0.000000
0.000000,-7.209516,1.321114,-0.195343,0.000000,0.000000,0.000000
0.000000,-7.140124,1.321114,-0.194672,0.000000,0.000000,0.000000
0.000000,-7.094262,1.321114,-0.194288,0.000000,0.000000,0.000000
0.000000,-7.094262,1.321114,-0.193426,0.000000,0.000000,0.000000
0.000000,-7.025642,1.321114,-0.192851,0.000000,0.000000,0.000000
0.000000,-7.025642,1.321114,-0.192085,0.000000,0.000000,0.000000
0.000000,-6.978797,1.321114,-0.191605,0.000000,0.000000,0.000000
0.000000,-6.908720,1.321114,-0.190551,0.000000,0.000000,0.000000
0.000000,-6.908720,1.321114,-0.190072,0.000000,0.000000,0.000000
0.000000,-6.862241,1.321114,-0.189018,0.000000,0.000000,0.000000
0.000000,-6.862241,1.321114,-0.188539,0.000000,0.000000,0.000000
0.000000,-6.792078,1.321114,-0.187485,0.000000,0.000000,0.000000
0.000000,-6.745168,1.321114,-0.187006,0.000000,0.000000,0.000000
0.000000,-6.745168,1.321114,-0.186239,0.000000,0.000000,0.000000
0.000000,-6.675404,1.321114,-0.185856,0.000000,0.000000,0.000000
0.000000,-6.675404,1.321114,-0.184994,0.000000,0.000000,0.000000
0.000000,-6.628824,1.321114,-0.184514,0.000000,0.000000,0.000000
0.000000,-6.558874,1.321114,-0.183748,0.000000,0.000000,0.000000
0.000000,-6.558874,1.321114,-0.183460,0.000000,0.000000,0.000000
0.000000,-6.512660,1.321114,-0.182693,0.000000,0.000000,0.000000
0.000000,-6.512660,1.321114,-0.182310,0.000000,0.000000,0.000000
0.000000,-6.446490,1.321114,-0.181639,0.000000,0.000000,0.000000
0.000000,-6.402905,1.321114,-0.181448,0.000000,0.000000,0.000000
0.000000,-6.402905,1.321114,-0.181065,0.000000,0.000000,0.000000
0.000000,-6.338972,1.321114,-0.180777,0.000000,0.000000,0.000000
0.000000,-6.338972,1.321114,-0.180202,0.000000,0.000000,0.000000
0.000000,-6.297453,1.321114,-0.179819,0.000000,0.000000,0.000000
0.000000,-6.236335,1.321114,-0.178860,0.000000,0.000000,0.000000
0.000000,-6.236335,1.321114,-0.178573,0.000000,0.000000,0.000000
0.000000,-6.196509,1.321114,-0.177902,0.000000,0.000000,0.000000
0.000000,-6.196509,1.321114,-0.177519,0.000000,0.000000,0.000000
0.000000,-6.138234,1.321114,-0.176656,0.000000,0.000000,0.000000
0.000000,-6.099543,1.321114,-0.176177,0.000000,0.000000,0.000000
0.000000,-6.099543,1.321114,-0.175411,0.000000,0.000000,0.000000
0.000000,-6.039881,1.321114,-0.175027,0.000000,0.000000,0.000000
0.000000,-6.039881,1.321114,-0.173973,0.000000,0.000000,0.000000
0.000000,-5.999592,1.321114,-0.173494,0.000000,0.000000,0.000000
0.000000,-5.938944,1.321114,-0.172632,0.000000,0.000000,0.000000
0.000000,-5.938944,1.321114,-0.172344,0.000000,0.000000,0.000000
0.000000,-5.899642,1.321114,-0.171578,0.000000,0.000000,0.000000
0.000000,-5.899642,1.321114,-0.171098,0.000000,0.000000,0.000000
0.000000,-5.845475,1.321114,-0.170428,0.000000,0.000000,0.000000
0.000000,-5.808266,1.321114,-0.170140,0.000000,0.000000,0.000000
0.000000,-5.808266,1.321114,-0.169757,0.000000,0.000000,0.000000
0.000000,-5.754261,1.321114,-0.169565,0.000000,0.000000,0.000000
0.000000,-5.754261,1.321018,-0.168990,0.000000,0.000000,0.000000
0.000000,-5.719839,1.321018,-0.168703,0.000000,0.000000,0.000000
0.000000,-5.665613,1.321018,-0.168128,0.000000,0.000000,0.000000
0.000000,-5.665613,1.321018,-0.167936,0.000000,0.000000,0.000000
0.000000,-5.630315,1.321018,-0.167745,0.000000,0.000000,0.000000
0.000000,-5.630315,1.321018,-0.167649,0.000000,0.000000,0.000000
0.000000,-5.584421,1.321018,-0.167649,0.000000,0.000000,0.000000
0.000000,-5.555512,1.321018,-0.167649,0.000000,0.000000,0.000000
0.000000,-5.555512,1.321018,-0.167553,0.000000,0.000000,0.000000
0.000000,-5.511644,1.321018,-0.167553,0.000000,0.000000,0.000000
0.000000,-5.511644,1.321018,-0.167457,0.000000,0.000000,0.000000
0.000000,-5.484324,1.321018,-0.167361,0.000000,0.000000,0.000000
0.000000,-5.447304,1.321018,-0.167265,0.000000,0.000000,0.000000
0.000000,-5.447304,1.321018,-0.167170,0.000000,0.000000,0.000000
0.000000,-5.424766,1.321018,-0.166978,0.000000,0.000000,0.000000
0.000000,-5.424766,1.321018,-0.166882,0.000000,0.000000,0.000000
0.000000,-5.394011,1.321018,-0.166595,0.000000,0.000000,0.000000
0.000000,-5.377153,1.321018,-0.166403,0.000000,0.000000,0.000000
0.000000,-5.377153,1.321018,-0.165924,0.000000,0.000000,0.000000
0.000000,-5.357780,1.321018,-0.165732,0.000000,0.000000,0.000000
0.000000,-5.357780,1.321018,-0.165445,0.000000,0.000000,0.000000
0.000000,-5.349309,1.321018,-0.165349,0.000000,0.000000,0.000000
0.000000,-5.339833,1.321018,-0.165349,0.000000,0.000000,0.000000
0.000000,-5.339833,1.321018,-0.165349,0.000000,0.000000,0.000000
0.000000,-5.333658,1.320923,-0.165349,0.000000,0.000000,0.000000
0.000000,-5.333658,1.320923,-0.165349,0.000000,0.000000,0.000000
0.000000,-5.324167,1.320923,-0.165253,0.000000,0.000000,0.000000
0.000000,-5.318083,1.320923,-0.165253,0.000000,0.000000,0.000000
0.000000,-5.318083,1.320827,-0.165253,0.000000,0.000000,0.000000
0.000000,-5.308610,1.320827,-0.165253,0.000000,0.000000,0.000000
0.000000,-5.308610,1.320827,-0.165253,0.000000,0.000000,0.000000
0.000000,-5.303360,1.320827,-0.165157,0.000000,0.000000,0.000000
0.000000,-5.297312,1.320827,-0.165157,0.000000,0.000000,0.000000
0.000000,-5.297312,1.320827,-0.165157,0.000000,0.000000,0.000000
0.000000,-5.295107,1.320827,-0.165157,0.000000,0.000000,0.000000
0.000000,-5.295107,1.320827,-0.165157,0.000000,0.000000,0.000000
0.000000,-5.292302,1.320827,-0.165157,0.000000,0.000000,0.000000
0.000000,-5.291161,1.320827,-0.165157,0.000000,0.000000,0.000000
0.000000,-5.291161,1.320827,-0.165157,0.000000,0.000000,0.000000
0.000000,-5.287959,1.320827,-0.165157,0.000000,0.000000,0.000000
0.000000,-5.287959,1.320827,-0.165157,0.000000,0.000000,0.000000
0.000000,-5.285491,1.320827,-0.165061,0.000000,0.000000,0.000000
0.000000,-5.280104,1.320827,-0.165061,0.000000,0.000000,0.000000
0.000000,-5.280104,1.320827,-0.165061,0.000000,0.000000,0.000000
0.000000,-5.276317,1.320827,-0.165061,0.000000,0.000000,0.000000
0.000000,-5.276317,1.320827,-0.165061,0.000000,0.000000,0.000000
0.000000,-5.271067,1.320827,-0.165061,0.000000,0.000000,0.000000
0.000000,-5.268538,1.320827,-0.165061,0.000000,0.000000,0.000000
0.000000,-5.268538,1.320827,-0.165061,0.000000,0.000000,0.000000
0.000000,-5.264060,1.320827,-0.165061,0.000000,0.000000,0.000000
0.000000,-5.264060,1.320827,-0.165061,0.000000,0.000000,0.000000
0.000000,-5.261658,1.320827,-0.165061,0.000000,0.000000,0.000000
0.000000,-5.256972,1.320827,-0.164966,0.000000,0.000000,0.000000
0.000000,-5.256972,1.320827,-0.164966,0.000000,0.000000,0.000000
0.000000,-5.253983,1.320827,-0.164966,0.000000,0.000000,0.000000
0.000000,-5.253983,1.320827,-0.164966,0.000000,0.000000,0.000000
0.000000,-5.248215,1.320827,-0.164966,0.000000,0.000000,0.000000
0.000000,-5.244581,1.320827,-0.164966,0.000000,0.000000,0.000000
0.000000,-5.244581,1.320827,-0.164966,0.000000,0.000000,0.000000
0.000000,-5.237650,1.320827,-0.164966,0.000000,0.000000,0.000000
0.000000,-5.237650,1.320827,-0.164870,0.000000,0.000000,0.000000
0.000000,-5.231716,1.320827,-0.164870,0.000000,0.000000,0.000000
0.000000,-5.220751,1.320827,-0.164870,0.000000,0.000000,0.000000
0.000000,-5.220751,1.320827,-0.164870,0.000000,0.000000,0.000000
0.000000,-5.213273,1.320827,-0.164774,0.000000,0.000000,0.000000
0.000000,-5.213273,1.320827,-0.164774,0.000000,0.000000,0.000000
0.000000,-5.201235,1.320827,-0.164774,0.000000,0.000000,0.000000
0.000000,-5.192781,1.320827,-0.164774,0.000000,0.000000,0.000000
0.000000,-5.192781,1.320827,-0.164678,0.000000,0.000000,0.000000
0.000000,-5.178829,1.320827,-0.164678,0.000000,0.000000,0.000000
0.000000,-5.178829,1.320827,-0.164582,0.000000,0.000000,0.000000
0.000000,-5.168980,1.320827,-0.164487,0.000000,0.000000,0.000000
0.000000,-5.152136,1.320827,-0.164391,0.000000,0.000000,0.000000
0.000000,-5.152136,1.320827,-0.164295,0.000000,0.000000,0.000000
0.000000,-5.139323,1.320827,-0.164103,0.000000,0.000000,0.000000
0.000000,-5.139323,1.320827,-0.164007,0.000000,0.000000,0.000000
0.000000,-5.119877,1.320827,-0.163720,0.000000,0.000000,0.000000
0.000000,-5.111238,1.320827,-0.163528,0.000000,0.000000,0.000000
0.000000,-5.111238,1.320827,-0.163145,0.000000,0.000000,0.000000
0.000000,-5.103862,1.320827,-0.162857,0.000000,0.000000,0.000000
0.000000,-5.103862,1.320827,-0.162666,0.000000,0.000000,0.000000
0.000000,-5.096234,1.320827,-0.162570,0.000000,0.000000,0.000000
0.000000,-5.081539,1.320827,-0.162570,0.000000,0.000000,0.000000
0.000000,-5.081539,1.320827,-0.162570,0.000000,0.000000,0.000000
0.000000,-5.072617,1.320827,-0.162474,0.000000,0.000000,0.000000
0.000000,-5.072617,1.320827,-0.162474,0.000000,0.000000,0.000000
0.000000,-5.062514,1.320731,-0.162474,0.000000,0.000000,0.000000
0.000000,-5.054945,1.320731,-0.162474,0.000000,0.000000,0.000000
0.000000,-5.054945,1.320731,-0.162378,0.000000,0.000000,0.000000
0.000000,-5.042468,1.320731,-0.162378,0.000000,0.000000,0.000000
0.000000,-5.042468,1.320731,-0.162378,0.000000,0.000000,0.000000
0.000000,-5.036103,1.320731,-0.162378,0.000000,0.000000,0.000000
0.000000,-5.028617,1.320731,-0.162378,0.000000,0.000000,0.000000
0.000000,-5.028617,1.320731,-0.162378,0.000000,0.000000,0.000000
0.000000,-5.023569,1.320731,-0.162282,0.000000,0.000000,0.000000
0.000000,-5.023569,1.320731,-0.162282,0.000000,0.000000,0.000000
0.000000,-5.016290,1.320635,-0.162282,0.000000,0.000000,0.000000
0.000000,-5.011238,1.320635,-0.162282,0.000000,0.000000,0.000000
0.000000,-5.011238,1.320635,-0.162282,0.000000,0.000000,0.000000
0.000000,-5.003629,1.320635,-0.162187,0.000000,0.000000,0.000000
0.000000,-5.003629,1.320635,-0.162187,0.000000,0.000000,0.000000
0.000000,-4.999229,1.320635,-0.162187,0.000000,0.000000,0.000000
0.000000,-4.993085,1.320635,-0.162187,0.000000,0.000000,0.000000
0.000000,-4.993085,1.320635,-0.162091,0.000000,0.000000,0.000000
0.000000,-4.989495,1.320635,-0.162091,0.000000,0.000000,0.000000
0.000000,-4.989495,1.320539,-0.162091,0.000000,0.000000,0.000000
0.000000,-4.984166,1.320539,-0.162091,0.000000,0.000000,0.000000
0.000000,-4.981307,1.320539,-0.161995,0.000000,0.000000,0.000000
0.000000,-4.981307,1.320539,-0.161995,0.000000,0.000000,0.000000
0.000000,-4.977095,1.320539,-0.161995,0.000000,0.000000,0.000000
0.000000,-4.977095,1.320539,-0.161899,0.000000,0.000000,0.000000
0.000000,-4.975397,1.320539,-0.161899,0.000000,0.000000,0.000000
0.000000,-4.973798,1.320539,-0.161899,0.000000,0.000000,0.000000
0.000000,-4.973798,1.320539,-0.161803,0.000000,0.000000,0.000000
0.000000,-4.973602,1.320539,-0.161803,0.000000,0.000000,0.000000
0.000000,-4.973602,1.320539,-0.161803,0.000000,0.000000,0.000000
0.000000,-4.972776,1.320539,-0.161707,0.000000,0.000000,0.000000
0.000000,-4.972394,1.320539,-0.161707,0.000000,0.000000,0.000000
0.000000,-4.972394,1.320539,-0.161612,0.000000,0.000000,0.000000
0.000000,-4.970680,1.320539,-0.161516,0.000000,0.000000,0.000000
0.000000,-4.970680,1.320539,-0.161420,0.000000,0.000000,0.000000
0.000000,-4.969846,1.320443,-0.161324,0.000000,0.000000,0.000000
0.000000,-4.967814,1.320443,-0.161132,0.000000,0.000000,0.000000
0.000000,-4.967814,1.320443,-0.161037,0.000000,0.000000,0.000000
0.000000,-4.966925,1.320348,-0.160653,0.000000,0.000000,0.000000
0.000000,-4.966925,1.320348,-0.160558,0.000000,0.000000,0.000000
0.000000,-4.964611,1.320348,-0.160174,0.000000,0.000000,0.000000
0.000000,-4.963002,1.320252,-0.160078,0.000000,0.000000,0.000000
0.000000,-4.963002,1.320156,-0.159887,0.000000,0.000000,0.000000
0.000000,-4.958887,1.320060,-0.159791,0.000000,0.000000,0.000000
0.000000,-4.958887,1.319965,-0.159791,0.000000,0.000000,0.000000
0.000000,-4.954820,1.319773,-0.159695,0.000000,0.000000,0.000000
0.000000,-4.946154,1.319677,-0.159695,0.000000,0.000000,0.000000
0.000000,-4.946154,1.319485,-0.159599,0.000000,0.000000,0.000000
0.000000,-4.938510,1.319390,-0.159599,0.000000,0.000000,0.000000
0.000000,-4.938510,1.319198,-0.159503,0.000000,0.000000,0.000000
0.000000,-4.925801,1.319102,-0.159408,0.000000,0.000000,0.000000
0.000000,-4.915557,1.319006,-0.159408,0.000000,0.000000,0.000000
0.000000,-4.915557,1.318910,-0.159312,0.000000,0.000000,0.000000
0.000000,-4.898173,1.318815,-0.159216,0.000000,0.000000,0.000000
0.000000,-4.898173,1.318719,-0.159120,0.000000,0.000000,0.000000
0.000000,-4.886069,1.318623,-0.159024,0.000000,0.000000,0.000000
0.000000,-4.869149,1.318623,-0.158928,0.000000,0.000000,0.000000
0.000000,-4.869149,1.318527,-0.158833,0.000000,0.000000,0.000000
0.000000,-4.858562,1.318527,-0.158641,0.000000,0.000000,0.000000
0.000000,-4.858562,1.318431,-0.158449,0.000000,0.000000,0.000000
0.000000,-4.844358,1.318431,-0.158162,0.000000,0.000000,0.000000
0.000000,-4.837385,1.318431,-0.157970,0.000000,0.000000,0.000000
0.000000,-4.837385,1.318431,-0.157491,0.000000,0.000000,0.000000
0.000000,-4.828490,1.318335,-0.157300,0.000000,0.000000,0.000000
0.000000,-4.828490,1.318335,-0.157012,0.000000,0.000000,0.000000
0.000000,-4.824986,1.318335,-0.156916,0.000000,0.000000,0.000000
0.000000,-4.820251,1.318335,-0.156916,0.000000,0.000000,0.000000
0.000000,-4.820251,1.318335,-0.156916,0.000000,0.000000,0.000000
0.000000,-4.818979,1.318335,-0.156916,0.000000,0.000000,0.000000
0.000000,-4.818979,1.318239,-0.156916,0.000000,0.000000,0.000000
0.000000,-4.817165,1.318239,-0.156916,0.000000,0.000000,0.000000
0.000000,-4.817503,1.318239,-0.156916,0.000000,0.000000,0.000000
0.000000,-4.817503,1.318239,-0.156916,0.000000,0.000000,0.000000
0.000000,-4.817703,1.318239,-0.156916,0.000000,0.000000,0.000000
0.000000,-4.817703,1.318239,-0.156820,0.000000,0.000000,0.000000
0.000000,-4.819443,1.318239,-0.156820,0.000000,0.000000,0.000000
0.000000,-4.821484,1.318239,-0.156820,0.000000,0.000000,0.000000
0.000000,-4.821484,1.318239,-0.156820,0.000000,0.000000,0.000000
0.000000,-4.823824,1.318239,-0.156820,0.000000,0.000000,0.000000
0.000000,-4.823824,1.318239,-0.156820,0.000000,0.000000,0.000000
0.000000,-4.825741,1.318239,-0.156820,0.000000,0.000000,0.000000
0.000000,-4.827342,1.318239,-0.156820,0.000000,0.000000,0.000000
0.000000,-4.827342,1.318239,-0.156820,0.000000,0.000000,0.000000
0.000000,-4.828559,1.318239,-0.156820,0.000000,0.000000,0.000000
0.000000,-4.828559,1.318239,-0.156820,0.000000,0.000000,0.000000
0.000000,-4.828679,1.318239,-0.156820,0.000000,0.000000,0.000000
0.000000,-4.826978,1.318239,-0.156820,0.000000,0.000000,0.000000
0.000000,-4.826978,1.318239,-0.156820,0.000000,0.000000,0.000000
0.000000,-4.825495,1.318239,-0.156820,0.000000,0.000000,0.000000
0.000000,-4.825495,1.318239,-0.156820,0.000000,0.000000,0.000000
0.000000,-4.822466,1.318239,-0.156820,0.000000,0.000000,0.000000
0.000000,-4.820362,1.318239,-0.156820,0.000000,0.000000,0.000000
0.000000,-4.820362,1.318239,-0.156820,0.000000,0.000000,0.000000
0.000000,-4.816875,1.318239,-0.156820,0.000000,0.000000,0.000000
0.000000,-4.816875,1.318239,-0.156820,0.000000,0.000000,0.000000
0.000000,-4.815463,1.318239,-0.156820,0.000000,0.000000,0.000000
0.000000,-4.813918,1.318239,-0.156820,0.000000,0.000000,0.000000
0.000000,-4.813918,1.318239,-0.156820,0.000000,0.000000,0.000000
0.000000,-4.813716,1.318239,-0.156820,0.000000,0.000000,0.000000
0.000000,-4.813716,1.318239,-0.156820,0.000000,0.000000,0.000000
0.000000,-4.813634,1.318239,-0.156820,0.000000,0.000000,0.000000
0.000000,-4.815040,1.318239,-0.156820,0.000000,0.000000,0.000000
0.000000,-4.815040,1.318239,-0.156724,0.000000,0.000000,0.000000
0.000000,-4.817647,1.318239,-0.156724,0.000000,0.000000,0.000000
0.000000,-4.817647,1.318239,-0.156724,0.000000,0.000000,0.000000
0.000000,-4.819372,1.318239,-0.156724,0.000000,0.000000,0.000000
0.000000,-4.820563,1.318239,-0.156724,0.000000,0.000000,0.000000
0.000000,-4.820563,1.318239,-0.156724,0.000000,0.000000,0.000000
0.000000,-4.820903,1.318239,-0.156724,0.000000,0.000000,0.000000
0.000000,-4.820903,1.318239,-0.156724,0.000000,0.000000,0.000000
0.000000,-4.820811,1.318239,-0.156724,0.000000,0.000000,0.000000
0.000000,-4.820310,1.318239,-0.156724,0.000000,0.000000,0.000000
0.000000,-4.820310,1.318239,-0.156724,0.000000,0.000000,0.000000
0.000000,-4.818815,1.318239,-0.156724,0.000000,0.000000,0.000000
0.000000,-4.818815,1.318239,-0.156724,0.000000,0.000000,0.000000
0.000000,-4.818054,1.318239,-0.156724,0.000000,0.000000,0.000000
0.000000,-4.816780,1.318239,-0.156724,0.000000,0.000000,0.000000
0.000000,-4.816780,1.318239,-0.156724,0.000000,0.000000,0.000000
0.000000,-4.816236,1.318239,-0.156724,0.000000,0.000000,0.000000
0.000000,-4.816236,1.318239,-0.156724,0.000000,0.000000,0.000000
0.000000,-4.815200,1.318239,-0.156724,0.000000,0.000000,0.000000
0.000000,-4.814867,1.318239,-0.156724,0.000000,0.000000,0.000000
0.000000,-4.814867,1.318239,-0.156724,0.000000,0.000000,0.000000
0.000000,-4.813997,1.318239,-0.156724,0.000000,0.000000,0.000000
0.000000,-4.813997,1.318239,-0.156724,0.000000,0.000000,0.000000
0.000000,-4.813660,1.318239,-0.156724,0.000000,0.000000,0.000000
0.000000,-4.812932,1.318239,-0.156724,0.000000,0.000000,0.000000
0.000000,-4.812932,1.318239,-0.156724,0.000000,0.000000,0.000000
0.000000,-4.813236,1.318239,-0.156724,0.000000,0.000000,0.000000
0.000000,-4.813236,1.318239,-0.156724,0.000000,0.000000,0.000000
0.000000,-4.812915,1.318239,-0.156724,0.000000,0.000000,0.000000
0.000000,-4.813039,1.318239,-0.156724,0.000000,0.000000,0.000000
0.000000,-4.813039,1.318239,-0.156724,0.000000,0.000000,0.000000
0.000000,-4.813136,1.318239,-0.156724,0.000000,0.000000,0.000000
0.000000,-4.813136,1.318239,-0.156724,0.000000,0.000000,0.000000
0.000000,-4.813722,1.318239,-0.156724,0.000000,0.000000,0.000000
0.000000,-4.814314,1.318239,-0.156724,0.000000,0.000000,0.000000
0.000000,-4.814314,1.318239,-0.156724,0.000000,0.000000,0.000000
0.000000,-4.814963,1.318239,-0.156724,0.000000,0.000000,0.000000
0.000000,-4.814963,1.318239,-0.156724,0.000000,0.000000,0.000000
0.000000,-4.815027,1.318239,-0.156724,0.000000,0.000000,0.000000
0.000000,-4.814826,1.318239,-0.156724,0.000000,0.000000,0.000000
0.000000,-4.814826,1.318239,-0.156724,0.000000,0.000000,0.000000
0.000000,-4.813844,1.318239,-0.156724,0.000000,0.000000,0.000000
0.000000,-4.813844,1.318239,-0.156724,0.000000,0.000000,0.000000
0.000000,-4.813215,1.318239,-0.156724,0.000000,0.000000,0.000000
0.000000,-4.812160,1.318239,-0.156724,0.000000,0.000000,0.000000
0.000000,-4.812160,1.318239,-0.156724,0.000000,0.000000,0.000000
0.000000,-4.811736,1.318239,-0.156724,0.000000,0.000000,0.000000
0.000000,-4.811736,1.318239,-0.156724,0.000000,0.000000,0.000000
0.000000,-4.810924,1.318239,-0.156724,0.000000,0.000000,0.000000
0.000000,-4.810991,1.318239,-0.156724,0.000000,0.000000,0.000000
0.000000,-4.810991,1.318239,-0.156724,0.000000,0.000000,0.000000
0.000000,-4.811143,1.318239,-0.156724,0.000000,0.000000,0.000000
0.000000,-4.811143,1.318239,-0.156724,0.000000,0.000000,0.000000
0.000000,-4.811154,1.318239,-0.156724,0.000000,0.000000,0.000000
0.000000,-4.810222,1.318239,-0.156724,0.000000,0.000000,0.000000
0.000000,-4.810222,1.318239,-0.156724,0.000000,0.000000,0.000000
0.000000,-4.809572,1.318239,-0.156724,0.000000,0.000000,0.000000
0.000000,-4.809572,1.318239,-0.156724,0.000000,0.000000,0.000000
0.000000,-4.809259,1.318239,-0.156724,0.000000,0.000000,0.000000
0.000000,-4.810144,1.318239,-0.156724,0.000000,0.000000,0.000000
0.000000,-4.810144,1.318239,-0.156724,0.000000,0.000000,0.000000
0.000000,-4.810375,1.318239,-0.156724,0.000000,0.000000,0.000000
0.000000,-4.810375,1.318239,-0.156724,0.000000,0.000000,0.000000
0.000000,-4.810288,1.318239,-0.156724,0.000000,0.000000,0.000000
0.000000,-4.809585,1.318239,-0.156629,0.000000,0.000000,0.000000
0.000000,-4.809585,1.318239,-0.156629,0.000000,0.000000,0.000000
0.000000,-4.808917,1.318239,-0.156629,0.000000,0.000000,0.000000
0.000000,-4.808917,1.318239,-0.156629,0.000000,0.000000,0.000000
0.000000,-4.808084,1.318239,-0.156629,0.000000,0.000000,0.000000
0.000000,-4.808017,1.318239,-0.156629,0.000000,0.000000,0.000000
0.000000,-4.808017,1.318239,-0.156629,0.000000,0.000000,0.000000
0.000000,-4.807471,1.318239,-0.156629,0.000000,0.000000,0.000000
0.000000,-4.807471,1.318239,-0.156629,0.000000,0.000000,0.000000
0.000000,-4.807482,1.318239,-0.156629,0.000000,0.000000,0.000000
0.000000,-4.807477,1.318239,-0.156629,0.000000,0.000000,0.000000
0.000000,-4.807477,1.318239,-0.156629,0.000000,0.000000,0.000000
0.000000,-4.807926,1.318239,-0.156629,0.000000,0.000000,0.000000
0.000000,-4.807926,1.318239,-0.156629,0.000000,0.000000,0.000000
0.000000,-4.807946,1.318239,-0.156629,0.000000,0.000000,0.000000
0.000000,-4.807751,1.318239,-0.156629,0.000000,0.000000,0.000000
0.000000,-4.807751,1.318239,-0.156629,0.000000,0.000000,0.000000
0.000000,-4.806924,1.318239,-0.156629,0.000000,0.000000,0.000000
0.000000,-4.806924,1.318239,-0.156629,0.000000,0.000000,0.000000
0.000000,-4.806738,1.318239,-0.156629,0.000000,0.000000,0.000000
0.000000,-4.805935,1.318239,-0.156629,0.000000,0.000000,0.000000
0.000000,-4.805935,1.318239,-0.156629,0.000000,0.000000,0.000000
0.000000,-4.805812,1.318239,-0.156629,0.000000,0.000000,0.000000
0.000000,-4.805812,1.318239,-0.156629,0.000000,0.000000,0.000000
0.000000,-4.805376,1.318239,-0.156629,0.000000,0.000000,0.000000
0.000000,-4.805176,1.318239,-0.156629,0.000000,0.000000,0.000000
0.000000,-4.805176,1.318239,-0.156629,0.000000,0.000000,0.000000
0.000000,-4.804589,1.318239,-0.156629,0.000000,0.000000,0.000000
0.000000,-4.804589,1.318239,-0.156629,0.000000,0.000000,0.000000
0.000000,-4.804579,1.318239,-0.156629,0.000000,0.000000,0.000000
0.000000,-4.804266,1.318239,-0.156629,0.000000,0.000000,0.000000
0.000000,-4.804266,1.318239,-0.156629,0.000000,0.000000,0.000000
0.000000,-4.804399,1.318239,-0.156629,0.000000,0.000000,0.000000
0.000000,-4.804399,1.318239,-0.156629,0.000000,0.000000,0.000000
0.000000,-4.804194,1.318239,-0.156629,0.000000,0.000000,0.000000
0.000000,-4.804496,1.318239,-0.156629,0.000000,0.000000,0.000000
0.000000,-4.804496,1.318239,-0.156629,0.000000,0.000000,0.000000
0.000000,-4.804262,1.318239,-0.156629,0.000000,0.000000,0.000000
0.000000,-4.804262,1.318239,-0.156629,0.000000,0.000000,0.000000
0.000000,-4.804167,1.318239,-0.156629,0.000000,0.000000,0.000000
0.000000,-4.803546,1.318239,-0.156629,0.000000,0.000000,0.000000
0.000000,-4.803546,1.318239,-0.156629,0.000000,0.000000,0.000000
0.000000,-4.803278,1.318239,-0.156629,0.000000,0.000000,0.000000
0.000000,-4.803278,1.318239,-0.156629,0.000000,0.000000,0.000000
0.000000,-4.802340,1.318239,-0.156629,0.000000,0.000000,0.000000
0.000000,-4.802135,1.318239,-0.156629,0.000000,0.000000,0.000000
0.000000,-4.802135,1.318239,-0.156629,0.000000,0.000000,0.000000
0.000000,-4.801762,1.318239,-0.156629,0.000000,0.000000,0.000000
0.000000,-4.801762,1.318239,-0.156629,0.000000,0.000000,0.000000
0.000000,-4.801924,1.318239,-0.156629,0.000000,0.000000,0.000000
0.000000,-4.801370,1.318239,-0.156629,0.000000,0.000000,0.000000
0.000000,-4.801370,1.318239,-0.156629,0.000000,0.000000,0.000000
0.000000,-4.800918,1.318239,-0.156629,0.000000,0.000000,0.000000
0.000000,-4.800918,1.318239,-0.156629,0.000000,0.000000,0.000000
0.000000,-4.799946,1.318239,-0.156629,0.000000,0.000000,0.000000
0.000000,-4.800226,1.318239,-0.156533,0.000000,0.000000,0.000000
0.000000,-4.800226,1.318239,-0.156533,0.000000,0.000000,0.000000
0.000000,-4.799999,1.318239,-0.156533,0.000000,0.000000,0.000000
0.000000,-4.799999,1.318239,-0.156533,0.000000,0.000000,0.000000
0.000000,-4.799761,1.318239,-0.156533,0.000000,0.000000,0.000000
0.000000,-4.798555,1.318239,-0.156533,0.000000,0.000000,0.000000
0.000000,-4.798555,1.318239,-0.156533,0.000000,0.000000,0.000000
0.000000,-4.798107,1.318239,-0.156533,0.000000,0.000000,0.000000
0.000000,-4.798107,1.318239,-0.156533,0.000000,0.000000,0.000000
0.000000,-4.797037,1.318239,-0.156533,0.000000,0.000000,0.000000
0.000000,-4.797015,1.318239,-0.156533,0.000000,0.000000,0.000000
0.000000,-4.797015,1.318239,-0.156533,0.000000,0.000000,0.000000
0.000000,-4.796579,1.318239,-0.156533,0.000000,0.000000,0.000000
0.000000,-4.796579,1.318239,-0.156533,0.000000,0.000000,0.000000
0.000000,-4.796462,1.318239,-0.156533,0.000000,0.000000,0.000000
0.000000,-4.795875,1.318239,-0.156533,0.000000,0.000000,0.000000
0.000000,-4.795875,1.318239,-0.156533,0.000000,0.000000,0.000000
0.000000,-4.795578,1.318239,-0.156533,0.000000,0.000000,0.000000
0.000000,-4.795578,1.318239,-0.156533,0.000000,0.000000,0.000000
0.000000,-4.794788,1.318239,-0.156533,0.000000,0.000000,0.000000
0.000000,-4.794523,1.318239,-0.156533,0.000000,0.000000,0.000000
0.000000,-4.794523,1.318239,-0.156533,0.000000,0.000000,0.000000
0.000000,-4.793679,1.318239,-0.156533,0.000000,0.000000,0.000000
0.000000,-4.793679,1.318239,-0.156533,0.000000,0.000000,0.000000
0.000000,-4.793628,1.318239,-0.156533,0.000000,0.000000,0.000000
0.000000,-4.793350,1.318239,-0.156533,0.000000,0.000000,0.000000
0.000000,-4.793350,1.318239,-0.156533,0.000000,0.000000,0.000000
0.000000,-4.793570,1.318239,-0.156533,0.000000,0.000000,0.000000
0.000000,-4.793570,1.318239,-0.156533,0.000000,0.000000,0.000000
0.000000,-4.793534,1.318239,-0.156533,0.000000,0.000000,0.000000
0.000000,-4.793689,1.318239,-0.156533,0.000000,0.000000,0.000000
0.000000,-4.793689,1.318239,-0.156533,0.000000,0.000000,0.000000
0.000000,-4.793142,1.318239,-0.156533,0.000000,0.000000,0.000000
0.000000,-4.793142,1.318239,-0.156533,0.000000,0.000000,0.000000
0.000000,-4.793207,1.318239,-0.156533,0.000000,0.000000,0.000000
0.000000,-4.793073,1.318239,-0.156533,0.000000,0.000000,0.000000
0.000000,-4.793073,1.318239,-0.156533,0.000000,0.000000,0.000000
0.000000,-4.793207,1.318239,-0.156533,0.000000,0.000000,0.000000
0.000000,-4.793207,1.318239,-0.156533,0.000000,0.000000,0.000000
0.000000,-4.792935,1.318239,-0.156533,0.000000,0.000000,0.000000
0.000000,-4.793248,1.318239,-0.156533,0.000000,0.000000,0.000000
0.000000,-4.793248,1.318239,-0.156533,0.000000,0.000000,0.000000
0.000000,-4.792947,1.318239,-0.156533,0.000000,0.000000,0.000000
0.000000,-4.792947,1.318239,-0.156533,0.000000,0.000000,0.000000
0.000000,-4.792834,1.318239,-0.156533,0.000000,0.000000,0.000000
0.000000,-4.791707,1.318239,-0.156533,0.000000,0.000000,0.000000
0.000000,-4.791707,1.318239,-0.156533,0.000000,0.000000,0.000000
0.000000,-4.791137,1.318239,-0.156533,0.000000,0.000000,0.000000
0.000000,-4.791137,1.318239,-0.156533,0.000000,0.000000,0.000000
0.000000,-4.790175,1.318239,-0.156533,0.000000,0.000000,0.000000
0.000000,-4.790212,1.318239,-0.156533,0.000000,0.000000,0.000000
0.000000,-4.790212,1.318239,-0.156533,0.000000,0.000000,0.000000
0.000000,-4.789549,1.318239,-0.156533,0.000000,0.000000,0.000000
0.000000,-4.789549,1.318239,-0.156533,0.000000,0.000000,0.000000
0.000000,-4.789526,1.318239,-0.156533,0.000000,0.000000,0.000000
0.000000,-4.788560,1.318239,-0.156533,0.000000,0.000000,0.000000
0.000000,-4.788560,1.318239,-0.156533,0.000000,0.000000,0.000000
0.000000,-4.788200,1.318239,-0.156533,0.000000,0.000000,0.000000
0.000000,-4.788200,1.318239,-0.156533,0.000000,0.000000,0.000000
0.000000,-4.787529,1.318239,-0.156533,0.000000,0.000000,0.000000
0.000000,-4.787567,1.318239,-0.156533,0.000000,0.000000,0.000000
0.000000,-4.787567,1.318239,-0.156533,0.000000,0.000000,0.000000
0.000000,-4.787168,1.318239,-0.156533,0.000000,0.000000,0.000000
0.000000,-4.787168,1.318239,-0.156533,0.000000,0.000000,0.000000
0.000000,-4.787174,1.318239,-0.156533,0.000000,0.000000,0.000000
0.000000,-4.786551,1.318239,-0.156533,0.000000,0.000000,0.000000
0.000000,-4.786551,1.318239,-0.156533,0.000000,0.000000,0.000000
0.000000,-4.786528,1.318239,-0.156533,0.000000,0.000000,0.000000
0.000000,-4.786528,1.318239,-0.156533,0.000000,0.000000,0.000000
0.000000,-4.785992,1.318239,-0.156533,0.000000,0.000000,0.000000
0.000000,-4.785998,1.318239,-0.156533,0.000000,0.000000,0.000000
0.000000,-4.785998,1.318239,-0.156533,0.000000,0.000000,0.000000
0.000000,-4.785522,1.318239,-0.156533,0.000000,0.000000,0.000000
0.000000,-4.785522,1.318239,-0.156533,0.000000,0.000000,0.000000
0.000000,-4.785593,1.318239,-0.156533,0.000000,0.000000,0.000000
0.000000,-4.784926,1.318239,-0.156533,0.000000,0.000000,0.000000
0.000000,-4.784926,1.318239,-0.156533,0.000000,0.000000,0.000000
0.000000,-4.784871,1.318239,-0.156533,0.000000,0.000000,0.000000
0.000000,-4.784871,1.318239,-0.156533,0.000000,0.000000,0.000000
0.000000,-4.784197,1.318239,-0.156533,0.000000,0.000000,0.000000
0.000000,-4.784049,1.318239,-0.156533,0.000000,0.000000,0.000000
0.000000,-4.784049,1.318239,-0.156533,0.000000,0.000000,0.000000
0.000000,-4.783431,1.318239,-0.156533,0.000000,0.000000,0.000000
0.000000,-4.783431,1.318239,-0.156533,0.000000,0.000000,0.000000
0.000000,-4.783349,1.318239,-0.156533,0.000000,0.000000,0.000000
0.000000,-4.783067,1.318239,-0.156533,0.000000,0.000000,0.000000
0.000000,-4.783067,1.318239,-0.156533,0.000000,0.000000,0.000000
0.000000,-4.783284,1.318239,-0.156533,0.000000,0.000000,0.000000
0.000000,-4.783284,1.318239,-0.156533,0.000000,0.000000,0.000000
0.000000,-4.782563,1.318239,-0.156533,0.000000,0.000000,0.000000
0.000000,-4.782536,1.318239,-0.156533,0.000000,0.000000,0.000000
0.000000,-4.782536,1.318239,-0.156533,0.000000,0.000000,0.000000
0.000000,-4.782059,1.318239,-0.156533,0.000000,0.000000,0.000000
0.000000,-4.782059,1.318239,-0.156533,0.000000,0.000000,0.000000
0.000000,-4.782094,1.318239,-0.156533,0.000000,0.000000,0.000000
0.000000,-4.781663,1.318239,-0.156533,0.000000,0.000000,0.000000
0.000000,-4.781663,1.318239,-0.156533,0.000000,0.000000,0.000000
0.000000,-4.781883,1.318239,-0.156533,0.000000,0.000000,0.000000
0.000000,-4.781883,1.318239,-0.156533,0.000000,0.000000,0.000000
0.000000,-4.781960,1.318239,-0.156533,0.000000,0.000000,0.000000
0.000000,-4.782330,1.318239,-0.156533,0.000000,0.000000,0.000000
0.000000,-4.782330,1.318239,-0.156533,0.000000,0.000000,0.000000
0.000000,-4.781555,1.318239,-0.156533,0.000000,0.000000,0.000000
0.000000,-4.781555,1.318239,-0.156533,0.000000,0.000000,0.000000
0.000000,-4.781259,1.318239,-0.156533,0.000000,0.000000,0.000000
0.000000,-4.780354,1.318239,-0.156533,0.000000,0.000000,0.000000
0.000000,-4.780354,1.318239,-0.156533,0.000000,0.000000,0.000000
0.000000,-4.780119,1.318239,-0.156533,0.000000,0.000000,0.000000
0.000000,-4.780119,1.318239,-0.156533,0.000000,0.000000,0.000000
0.000000,-4.779022,1.318239,-0.156533,0.000000,0.000000,0.000000
0.000000,-4.778692,1.318239,-0.156533,0.000000,0.000000,0.000000
0.000000,-4.778692,1.318239,-0.156533,0.000000,0.000000,0.000000
0.000000,-4.777552,1.318239,-0.156533,0.000000,0.000000,0.000000
0.000000,-4.777552,1.318239,-0.156533,0.000000,0.000000,0.000000
0.000000,-4.777196,1.318239,-0.156533,0.000000,0.000000,0.000000
0.000000,-4.776551,1.318239,-0.156533,0.000000,0.000000,0.000000
0.000000,-4.776551,1.318239,-0.156533,0.000000,0.000000,0.000000
0.000000,-4.776922,1.318239,-0.156533,0.000000,0.000000,0.000000
0.000000,-4.776922,1.318239,-0.156533,0.000000,0.000000,0.000000
0.000000,-4.776715,1.318239,-0.156533,0.000000,0.000000,0.000000
0.000000,-4.776812,1.318239,-0.156533,0.000000,0.000000,0.000000
0.000000,-4.776812,1.318239,-0.156533,0.000000,0.000000,0.000000
0.000000,-4.775808,1.318239,-0.156533,0.000000,0.000000,0.000000
0.000000,-4.775808,1.318239,-0.156533,0.000000,0.000000,0.000000
0.000000,-4.775446,1.318239,-0.156533,0.000000,0.000000,0.000000
0.000000,-4.774637,1.318239,-0.156533,0.000000,0.000000,0.000000
0.000000,-4.774637,1.318239,-0.156533,0.000000,0.000000,0.000000
0.000000,-4.774461,1.318239,-0.156533,0.000000,0.000000,0.000000
0.000000,-4.774461,1.318239,-0.156533,0.000000,0.000000,0.000000
0.000000,-4.774010,1.318239,-0.156533,0.000000,0.000000,0.000000
0.000000,-4.774077,1.318239,-0.156533,0.000000,0.000000,0.000000
0.000000,-4.774077,1.318239,-0.156533,0.000000,0.000000,0.000000
0.000000,-4.773301,1.318239,-0.156533,0.000000,0.000000,0.000000
0.000000,-4.773301,1.318239,-0.156533,0.000000,0.000000,0.000000
0.000000,-4.773000,1.318239,-0.156533,0.000000,0.000000,0.000000
0.000000,-4.772102,1.318239,-0.156533,0.000000,0.000000,0.000000
0.000000,-4.772102,1.318239,-0.156533,0.000000,0.000000,0.000000
0.000000,-4.772197,1.318239,-0.156533,0.000000,0.000000,0.000000
0.000000,-4.772197,1.318239,-0.156533,0.000000,0.000000,0.000000
0.000000,-4.771390,1.318239,-0.156533,0.000000,0.000000,0.000000
0.000000,-4.771092,1.318239,-0.156533,0.000000,0.000000,0.000000
0.000000,-4.771092,1.318239,-0.156533,0.000000,0.000000,0.000000
0.000000,-4.770593,1.318239,-0.156533,0.000000,0.000000,0.000000
0.000000,-4.770593,1.318239,-0.156437,0.000000,0.000000,0.000000
0.000000,-4.770690,1.318239,-0.156437,0.000000,0.000000,0.000000
0.000000,-4.770434,1.318239,-0.156437,0.000000,0.000000,0.000000
0.000000,-4.770434,1.318239,-0.156437,0.000000,0.000000,0.000000
0.000000,-4.770565,1.318239,-0.156437,0.000000,0.000000,0.000000
0.000000,-4.770565,1.318239,-0.156437,0.000000,0.000000,0.000000
0.000000,-4.769804,1.318239,-0.156437,0.000000,0.000000,0.000000
0.000000,-4.769752,1.318239,-0.156437,0.000000,0.000000,0.000000
0.000000,-4.769752,1.318239,-0.156437,0.000000,0.000000,0.000000
0.000000,-4.768900,1.318239,-0.156437,0.000000,0.000000,0.000000
0.000000,-4.768900,1.318239,-0.156437,0.000000,0.000000,0.000000
0.000000,-4.768905,1.318239,-0.156437,0.000000,0.000000,0.000000
0.000000,-4.768575,1.318239,-0.156437,0.000000,0.000000,0.000000
0.000000,-4.768575,1.318239,-0.156437,0.000000,0.000000,0.000000
0.000000,-4.768916,1.318239,-0.156437,0.000000,0.000000,0.000000
0.000000,-4.768916,1.318239,-0.156437,0.000000,0.000000,0.000000
0.000000,-4.768396,1.318239,-0.156437,0.000000,0.000000,0.000000
0.000000,-4.767976,1.318239,-0.156437,0.000000,0.000000,0.000000
0.000000,-4.767976,1.318239,-0.156437,0.000000,0.000000,0.000000
0.000000,-4.767303,1.318239,-0.156437,0.000000,0.000000,0.000000
0.000000,-4.767303,1.318239,-0.156437,0.000000,0.000000,0.000000
0.000000,-4.767521,1.318239,-0.156437,0.000000,0.000000,0.000000
0.000000,-4.766588,1.318239,-0.156437,0.000000,0.000000,0.000000
0.000000,-4.766588,1.318239,-0.156437,0.000000,0.000000,0.000000
0.000000,-4.766108,1.318239,-0.156437,0.000000,0.000000,0.000000
0.000000,-4.766108,1.318239,-0.156437,0.000000,0.000000,0.000000
0.000000,-4.765427,1.318239,-0.156437,0.000000,0.000000,0.000000
0.000000,-4.765370,1.318239,-0.156437,0.000000,0.000000,0.000000
0.000000,-4.765370,1.318239,-0.156437,0.000000,0.000000,0.000000
0.000000,-4.765038,1.318239,-0.156437,0.000000,0.000000,0.000000
0.000000,-4.765038,1.318239,-0.156437,0.000000,0.000000,0.000000
0.000000,-4.765134,1.318239,-0.156437,0.000000,0.000000,0.000000
0.000000,-4.764607,1.318239,-0.156437,0.000000,0.000000,0.000000
0.000000,-4.764607,1.318239,-0.156437,0.000000,0.000000,0.000000
0.000000,-4.764432,1.318239,-0.156437,0.000000,0.000000,0.000000
0.000000,-4.764432,1.318239,-0.156437,0.000000,0.000000,0.000000
0.000000,-4.763102,1.318239,-0.156437,0.000000,0.000000,0.000000
0.000000,-4.762742,1.318239,-0.156437,0.000000,0.000000,0.000000
0.000000,-4.762742,1.318239,-0.156437,0.000000,0.000000,0.000000
0.000000,-4.762164,1.318239,-0.156437,0.000000,0.000000,0.000000
0.000000,-4.762164,1.318239,-0.156437,0.000000,0.000000,0.000000
0.000000,-4.762169,1.318239,-0.156437,0.000000,0.000000,0.000000
0.000000,-4.761583,1.318239,-0.156437,0.000000,0.000000,0.000000
0.000000,-4.761583,1.318239,-0.156437,0.000000,0.000000,0.000000
0.000000,-4.761312,1.318239,-0.156437,0.000000,0.000000,0.000000
0.000000,-4.761312,1.318239,-0.156437,0.000000,0.000000,0.000000
0.000000,-4.760694,1.318239,-0.156437,0.000000,0.000000,0.000000
0.000000,-4.760942,1.318239,-0.156437,0.000000,0.000000,0.000000
0.000000,-4.760942,1.318239,-0.156437,0.000000,0.000000,0.000000
0.000000,-4.760756,1.318239,-0.156437,0.000000,0.000000,0.000000
0.000000,-4.760756,1.318239,-0.156437,0.000000,0.000000,0.000000
0.000000,-4.760975,1.318239,-0.156437,0.000000,0.000000,0.000000
0.000000,-4.760697,1.318239,-0.156437,0.000000,0.000000,0.000000
0.000000,-4.760697,1.318239,-0.156437,0.000000,0.000000,0.000000
0.000000,-4.760580,1.318239,-0.156437,0.000000,0.000000,0.000000
0.000000,-4.760580,1.318239,-0.156437,0.000000,0.000000,0.000000
0.000000,-4.760003,1.318239,-0.156437,0.000000,0.000000,0.000000
0.000000,-4.760073,1.318239,-0.156437,0.000000,0.000000,0.000000
0.000000,-4.760073,1.318239,-0.156437,0.000000,0.000000,0.000000
0.000000,-4.759385,1.318239,-0.156437,0.000000,0.000000,0.000000
0.000000,-4.759385,1.318239,-0.156437,0.000000,0.000000,0.000000
0.000000,-4.759332,1.318239,-0.156437,0.000000,0.000000,0.000000
0.000000,-4.758724,1.318239,-0.156437,0.000000,0.000000,0.000000
0.000000,-4.758724,1.318239,-0.156437,0.000000,0.000000,0.000000
0.000000,-4.758666,1.318239,-0.156437,0.000000,0.000000,0.000000
0.000000,-4.758666,1.318239,-0.156437,0.000000,0.000000,0.000000
0.000000,-4.757975,1.318239,-0.156437,0.000000,0.000000,0.000000
0.000000,-4.757800,1.318239,-0.156437,0.000000,0.000000,0.000000
0.000000,-4.757800,1.318239,-0.156437,0.000000,0.000000,0.000000
0.000000,-4.757190,1.318239,-0.156437,0.000000,0.000000,0.000000
0.000000,-4.757190,1.318239,-0.156437,0.000000,0.000000,0.000000
0.000000,-4.757015,1.318239,-0.156437,0.000000,0.000000,0.000000
0.000000,-4.756089,1.318239,-0.156437,0.000000,0.000000,0.000000
0.000000,-4.756089,1.318239,-0.156437,0.000000,0.000000,0.000000
0.000000,-4.756121,1.318239,-0.156437,0.000000,0.000000,0.000000
0.000000,-4.756121,1.318239,-0.156437,0.000000,0.000000,0.000000
0.000000,-4.756267,1.318239,-0.156437,0.000000,0.000000,0.000000
0.000000,-4.756425,1.318239,-0.156437,0.000000,0.000000,0.000000
0.000000,-4.756425,1.318239,-0.156437,0.000000,0.000000,0.000000
0.000000,-4.755770,1.318239,-0.156437,0.000000,0.000000,0.000000
0.000000,-4.755770,1.318239,-0.156437,0.000000,0.000000,0.000000
0.000000,-4.755714,1.318239,-0.156437,0.000000,0.000000,0.000000
0.000000,-4.754886,1.318239,-0.156437,0.000000,0.000000,0.000000
0.000000,-4.754886,1.318239,-0.156437,0.000000,0.000000,0.000000
0.000000,-4.754436,1.318239,-0.156437,0.000000,0.000000,0.000000
0.000000,-4.754436,1.318239,-0.156437,0.000000,0.000000,0.000000
0.000000,-4.753062,1.318239,-0.156437,0.000000,0.000000,0.000000
0.000000,-4.752823,1.318239,-0.156437,0.000000,0.000000,0.000000
0.000000,-4.752823,1.318239,-0.156437,0.000000,0.000000,0.000000
0.000000,-4.752388,1.318239,-0.156437,0.000000,0.000000,0.000000
0.000000,-4.752388,1.318239,-0.156437,0.000000,0.000000,0.000000
0.000000,-4.752481,1.318239,-0.156437,0.000000,0.000000,0.000000
0.000000,-4.751692,1.318239,-0.156437,0.000000,0.000000,0.000000
0.000000,-4.751692,1.318239,-0.156437,0.000000,0.000000,0.000000
0.000000,-4.751575,1.318239,-0.156437,0.000000,0.000000,0.000000
0.000000,-4.751575,1.318239,-0.156437,0.000000,0.000000,0.000000
0.000000,-4.750775,1.318239,-0.156437,0.000000,0.000000,0.000000
0.000000,-4.750445,1.318239,-0.156437,0.000000,0.000000,0.000000
0.000000,-4.750445,1.318239,-0.156437,0.000000,0.000000,0.000000
0.000000,-4.749752,1.318239,-0.156437,0.000000,0.000000,0.000000
0.000000,-4.749752,1.318239,-0.156437,0.000000,0.000000,0.000000
0.000000,-4.749881,1.318239,-0.156437,0.000000,0.000000,0.000000
0.000000,-4.749520,1.318239,-0.156437,0.000000,0.000000,0.000000
0.000000,-4.749520,1.318239,-0.156437,0.000000,0.000000,0.000000
0.000000,-4.749676,1.318239,-0.156437,0.000000,0.000000,0.000000
0.000000,-4.749676,1.318239,-0.156437,0.000000,0.000000,0.000000
0.000000,-4.749058,1.318239,-0.156437,0.000000,0.000000,0.000000
0.000000,-4.748940,1.318239,-0.156437,0.000000,0.000000,0.000000
0.000000,-4.748940,1.318239,-0.156437,0.000000,0.000000,0.000000
0.000000,-4.748501,1.318239,-0.156437,0.000000,0.000000,0.000000
0.000000,-4.748501,1.318239,-0.156437,0.000000,0.000000,0.000000
0.000000,-4.748691,1.318239,-0.156437,0.000000,0.000000,0.000000
0.000000,-4.748264,1.318239,-0.156437,0.000000,0.000000,0.000000
0.000000,-4.748264,1.318239,-0.156437,0.000000,0.000000,0.000000
0.000000,-4.748116,1.318239,-0.156437,0.000000,0.000000,0.000000
0.000000,-4.748116,1.318239,-0.156437,0.000000,0.000000,0.000000
0.000000,-4.747478,1.318239,-0.156437,0.000000,0.000000,0.000000
0.000000,-4.747273,1.318239,-0.156437,0.000000,0.000000,0.000000
0.000000,-4.747273,1.318239,-0.156437,0.000000,0.000000,0.000000
0.000000,-4.746231,1.318239,-0.156437,0.000000,0.000000,0.000000
0.000000,-4.746231,1.318239,-0.156437,0.000000,0.000000,0.000000
0.000000,-4.746027,1.318239,-0.156437,0.000000,0.000000,0.000000
0.000000,-4.745224,1.318239,-0.156437,0.000000,0.000000,0.000000
0.000000,-4.745224,1.318239,-0.156437,0.000000,0.000000,0.000000
0.000000,-4.745291,1.318239,-0.156437,0.000000,0.000000,0.000000
0.000000,-4.745291,1.318239,-0.156437,0.000000,0.000000,0.000000
0.000000,-4.745089,1.318239,-0.156437,0.000000,0.000000,0.000000
0.000000,-4.745157,1.318239,-0.156437,0.000000,0.000000,0.000000
0.000000,-4.745157,1.318239,-0.156437,0.000000,0.000000,0.000000
0.000000,-4.744112,1.318239,-0.156437,0.000000,0.000000,0.000000
0.000000,-4.744112,1.318239,-0.156437,0.000000,0.000000,0.000000
0.000000,-4.743508,1.318239,-0.156437,0.000000,0.000000,0.000000
0.000000,-4.742749,1.318239,-0.156437,0.000000,0.000000,0.000000
0.000000,-4.742749,1.318239,-0.156341,0.000000,0.000000,0.000000
0.000000,-4.742936,1.318239,-0.156341,0.000000,0.000000,0.000000
0.000000,-4.742936,1.318239,-0.156341,0.000000,0.000000,0.000000
0.000000,-4.742772,1.318239,-0.156341,0.000000,0.000000,0.000000
0.000000,-4.742868,1.318239,-0.156341,0.000000,0.000000,0.000000
0.000000,-4.742868,1.318239,-0.156341,0.000000,0.000000,0.000000
0.000000,-4.742088,1.318239,-0.156341,0.000000,0.000000,0.000000
0.000000,-4.742088,1.318239,-0.156341,0.000000,0.000000,0.000000
0.000000,-4.741697,1.318239,-0.156341,0.000000,0.000000,0.000000
0.000000,-4.740804,1.318239,-0.156341,0.000000,0.000000,0.000000
0.000000,-4.740804,1.318239,-0.156341,0.000000,0.000000,0.000000
0.000000,-4.740597,1.318239,-0.156341,0.000000,0.000000,0.000000
0.000000,-4.740597,1.318239,-0.156341,0.000000,0.000000,0.000000
0.000000,-4.739916,1.318239,-0.156341,0.000000,0.000000,0.000000
0.000000,-4.739954,1.318239,-0.156341,0.000000,0.000000,0.000000
0.000000,-4.739954,1.318239,-0.156341,0.000000,0.000000,0.000000
0.000000,-4.739227,1.318239,-0.156341,0.000000,0.000000,0.000000
0.000000,-4.739227,1.318239,-0.156341,0.000000,0.000000,0.000000
0.000000,-4.739134,1.318239,-0.156341,0.000000,0.000000,0.000000
0.000000,-4.738882,1.318239,-0.156341,0.000000,0.000000,0.000000
0.000000,-4.738882,1.318239,-0.156341,0.000000,0.000000,0.000000
0.000000,-4.739013,1.318239,-0.156341,0.000000,0.000000,0.000000
0.000000,-4.739013,1.318239,-0.156341,0.000000,0.000000,0.000000
0.000000,-4.738441,1.318239,-0.156341,0.000000,0.000000,0.000000
0.000000,-4.738235,1.318239,-0.156341,0.000000,0.000000,0.000000
0.000000,-4.738235,1.318239,-0.156341,0.000000,0.000000,0.000000
0.000000,-4.737906,1.318239,-0.156341,0.000000,0.000000,0.000000
0.000000,-4.737906,1.318239,-0.156341,0.000000,0.000000,0.000000
0.000000,-4.738184,1.318239,-0.156341,0.000000,0.000000,0.000000
0.000000,-4.737976,1.318239,-0.156341,0.000000,0.000000,0.000000
0.000000,-4.737976,1.318239,-0.156341,0.000000,0.000000,0.000000
0.000000,-4.737954,1.318239,-0.156341,0.000000,0.000000,0.000000
0.000000,-4.737954,1.318239,-0.156341,0.000000,0.000000,0.000000
0.000000,-4.737371,1.318239,-0.156341,0.000000,0.000000,0.000000
0.000000,-4.737314,1.318239,-0.156341,0.000000,0.000000,0.000000
0.000000,-4.737314,1.318239,-0.156341,0.000000,0.000000,0.000000
0.000000,-4.736784,1.318239,-0.156341,0.000000,0.000000,0.000000
0.000000,-4.736784,1.318239,-0.156341,0.000000,0.000000,0.000000
0.000000,-4.737305,1.318239,-0.156341,0.000000,0.000000,0.000000
0.000000,-4.737611,1.318239,-0.156341,0.000000,0.000000,0.000000
0.000000,-4.737611,1.318239,-0.156341,0.000000,0.000000,0.000000
0.000000,-4.737801,1.318239,-0.156341,0.000000,0.000000,0.000000
0.000000,-4.737801,1.318239,-0.156341,0.000000,0.000000,0.000000
0.000000,-4.737394,1.318239,-0.156341,0.000000,0.000000,0.000000
0.000000,-4.737337,1.318239,-0.156341,0.000000,0.000000,0.000000
0.000000,-4.737337,1.318239,-0.156341,0.000000,0.000000,0.000000
0.000000,-4.736381,1.318239,-0.156341,0.000000,0.000000,0.000000
0.000000,-4.736381,1.318239,-0.156341,0.000000,0.000000,0.000000
0.000000,-4.736204,1.318239,-0.156341,0.000000,0.000000,0.000000
0.000000,-4.735650,1.318239,-0.156341,0.000000,0.000000,0.000000
0.000000,-4.735650,1.318239,-0.156341,0.000000,0.000000,0.000000
0.000000,-4.735320,1.318239,-0.156341,0.000000,0.000000,0.000000
0.000000,-4.735320,1.318239,-0.156341,0.000000,0.000000,0.000000
0.000000,-4.734115,1.318239,-0.156341,0.000000,0.000000,0.000000
0.000000,-4.733758,1.318239,-0.156341,0.000000,0.000000,0.000000
0.000000,-4.733758,1.318239,-0.156341,0.000000,0.000000,0.000000
0.000000,-4.732765,1.318239,-0.156341,0.000000,0.000000,0.000000
0.000000,-4.732765,1.318239,-0.156341,0.000000,0.000000,0.000000
0.000000,-4.732650,1.318239,-0.156341,0.000000,0.000000,0.000000
0.000000,-4.731942,1.318239,-0.156341,0.000000,0.000000,0.000000
0.000000,-4.731942,1.318239,-0.156341,0.000000,0.000000,0.000000
0.000000,-4.731644,1.318239,-0.156341,0.000000,0.000000,0.000000
0.000000,-4.731644,1.318239,-0.156341,0.000000,0.000000,0.000000
0.000000,-4.730534,1.318239,-0.156341,0.000000,0.000000,0.000000
0.000000,-4.730052,1.318239,-0.156341,0.000000,0.000000,0.000000
0.000000,-4.730052,1.318239,-0.156341,0.000000,0.000000,0.000000
0.000000,-4.729300,1.318239,-0.156341,0.000000,0.000000,0.000000
0.000000,-4.729300,1.318239,-0.156341,0.000000,0.000000,0.000000
0.000000,-4.729307,1.318239,-0.156341,0.000000,0.000000,0.000000
0.000000,-4.728649,1.318239,-0.156341,0.000000,0.000000,0.000000
0.000000,-4.728649,1.318239,-0.156341,0.000000,0.000000,0.000000
0.000000,-4.728624,1.318239,-0.156341,0.000000,0.000000,0.000000
0.000000,-4.728624,1.318239,-0.156341,0.000000,0.000000,0.000000
0.000000,-4.728407,1.318239,-0.156341,0.000000,0.000000,0.000000
0.000000,-4.728259,1.318239,-0.156341,0.000000,0.000000,0.000000
0.000000,-4.728259,1.318239,-0.156341,0.000000,0.000000,0.000000
0.000000,-4.727582,1.318239,-0.156341,0.000000,0.000000,0.000000
0.000000,-4.727582,1.318239,-0.156341,0.000000,0.000000,0.000000
0.000000,-4.727651,1.318239,-0.156341,0.000000,0.000000,0.000000
0.000000,-4.726739,1.318239,-0.156341,0.000000,0.000000,0.000000
0.000000,-4.726739,1.318239,-0.156341,0.000000,0.000000,0.000000
0.000000,-4.725952,1.318239,-0.156341,0.000000,0.000000,0.000000
0.000000,-4.725952,1.318239,-0.156341,0.000000,0.000000,0.000000
0.000000,-4.725035,1.318239,-0.156341,0.000000,0.000000,0.000000
0.000000,-4.725037,1.318239,-0.156341,0.000000,0.000000,0.000000
0.000000,-4.725037,1.318239,-0.156341,0.000000,0.000000,0.000000
0.000000,-4.725018,1.318239,-0.156341,0.000000,0.000000,0.000000
0.000000,-4.725018,1.318239,-0.156341,0.000000,0.000000,0.000000
0.000000,-4.725512,1.318239,-0.156341,0.000000,0.000000,0.000000
0.000000,-4.725575,1.318239,-0.156341,0.000000,0.000000,0.000000
0.000000,-4.725575,1.318239,-0.156341,0.000000,0.000000,0.000000
0.000000,-4.725589,1.318239,-0.156341,0.000000,0.000000,0.000000
0.000000,-4.725589,1.318239,-0.156341,0.000000,0.000000,0.000000
0.000000,-4.725286,1.318239,-0.156341,0.000000,0.000000,0.000000
0.000000,-4.725292,1.318239,-0.156341,0.000000,0.000000,0.000000
0.000000,-4.725292,1.318239,-0.156341,0.000000,0.000000,0.000000
0.000000,-4.725009,1.318239,-0.156341,0.000000,0.000000,0.000000
0.000000,-4.725009,1.318239,-0.156341,0.000000,0.000000,0.000000
0.000000,-4.724862,1.318239,-0.156341,0.000000,0.000000,0.000000
0.000000,-4.724411,1.318239,-0.156341,0.000000,0.000000,0.000000
0.000000,-4.724411,1.318239,-0.156341,0.000000,0.000000,0.000000
0.000000,-4.724446,1.318239,-0.156341,0.000000,0.000000,0.000000
0.000000,-4.724446,1.318239,-0.156341,0.000000,0.000000,0.000000
0.000000,-4.724027,1.318239,-0.156341,0.000000,0.000000,0.000000
0.000000,-4.723879,1.318239,-0.156341,0.000000,0.000000,0.000000
0.000000,-4.723879,1.318239,-0.156341,0.000000,0.000000,0.000000
0.000000,-4.723280,1.318239,-0.156341,0.000000,0.000000,0.000000
0.000000,-4.723280,1.318239,-0.156341,0.000000,0.000000,0.000000
0.000000,-4.723348,1.318239,-0.156341,0.000000,0.000000,0.000000
0.000000,-4.723189,1.318239,-0.156341,0.000000,0.000000,0.000000
0.000000,-4.723189,1.318239,-0.156341,0.000000,0.000000,0.000000
0.000000,-4.723377,1.318239,-0.156341,0.000000,0.000000,0.000000
0.000000,-4.723377,1.318239,-0.156341,0.000000,0.000000,0.000000
0.000000,-4.723192,1.318239,-0.156341,0.000000,0.000000,0.000000
0.000000,-4.723287,1.318239,-0.156341,0.000000,0.000000,0.000000
0.000000,-4.723287,1.318239,-0.156341,0.000000,0.000000,0.000000
0.000000,-4.723036,1.318239,-0.156341,0.000000,0.000000,0.000000
0.000000,-4.723036,1.318239,-0.156245,0.000000,0.000000,0.000000
0.000000,-4.723192,1.318239,-0.156245,0.000000,0.000000,0.000000
0.000000,-4.722859,1.318239,-0.156245,0.000000,0.000000,0.000000
0.000000,-4.722859,1.318239,-0.156245,0.000000,0.000000,0.000000
0.000000,-4.723046,1.318239,-0.156245,0.000000,0.000000,0.000000
0.000000,-4.723046,1.318239,-0.156245,0.000000,0.000000,0.000000
0.000000,-4.723014,1.318239,-0.156245,0.000000,0.000000,0.000000
0.000000,-4.722897,1.318239,-0.156245,0.000000,0.000000,0.000000
0.000000,-4.722897,1.318239,-0.156245,0.000000,0.000000,0.000000
0.000000,-4.722314,1.318239,-0.156245,0.000000,0.000000,0.000000
0.000000,-4.722314,1.318239,-0.156245,0.000000,0.000000,0.000000
0.000000,-4.722227,1.318239,-0.156245,0.000000,0.000000,0.000000
0.000000,-4.721248,1.318239,-0.156245,0.000000,0.000000,0.000000
0.000000,-4.721248,1.318239,-0.156245,0.000000,0.000000,0.000000
0.000000,-4.721071,1.318239,-0.156245,0.000000,0.000000,0.000000
0.000000,-4.721071,1.318239,-0.156245,0.000000,0.000000,0.000000
0.000000,-4.720898,1.318239,-0.156245,0.000000,0.000000,0.000000
0.000000,-4.721024,1.318239,-0.156245,0.000000,0.000000,0.000000
0.000000,-4.721024,1.318239,-0.156245,0.000000,0.000000,0.000000
0.000000,-4.720822,1.318239,-0.156245,0.000000,0.000000,0.000000
0.000000,-4.720822,1.318239,-0.156245,0.000000,0.000000,0.000000
0.000000,-4.720767,1.318239,-0.156245,0.000000,0.000000,0.000000
0.000000,-4.720259,1.318239,-0.156245,0.000000,0.000000,0.000000
0.000000,-4.720259,1.318239,-0.156245,0.000000,0.000000,0.000000
0.000000,-4.720263,1.318239,-0.156245,0.000000,0.000000,0.000000
0.000000,-4.720263,1.318239,-0.156245,0.000000,0.000000,0.000000
0.000000,-4.719954,1.318239,-0.156245,0.000000,0.000000,0.000000
0.000000,-4.720140,1.318239,-0.156245,0.000000,0.000000,0.000000
0.000000,-4.720140,1.318239,-0.156245,0.000000,0.000000,0.000000
0.000000,-4.719964,1.318239,-0.156245,0.000000,0.000000,0.000000
0.000000,-4.719964,1.318239,-0.156245,0.000000,0.000000,0.000000
0.000000,-4.719906,1.318239,-0.156245,0.000000,0.000000,0.000000
0.000000,-4.719707,1.318239,-0.156245,0.000000,0.000000,0.000000
0.000000,-4.719707,1.318239,-0.156245,0.000000,0.000000,0.000000
0.000000,-4.719651,1.318239,-0.156245,0.000000,0.000000,0.000000
0.000000,-4.719651,1.318239,-0.156245,0.000000,0.000000,0.000000
0.000000,-4.719200,1.318239,-0.156245,0.000000,0.000000,0.000000
0.000000,-4.719568,1.318239,-0.156245,0.000000,0.000000,0.000000
0.000000,-4.719568,1.318239,-0.156245,0.000000,0.000000,0.000000
0.000000,-4.719173,1.318239,-0.156245,0.000000,0.000000,0.000000
0.000000,-4.719173,1.318239,-0.156245,0.000000,0.000000,0.000000
0.000000,-4.718844,1.318239,-0.156245,0.000000,0.000000,0.000000
0.000000,-4.717541,1.318239,-0.156245,0.000000,0.000000,0.000000
0.000000,-4.717541,1.318239,-0.156245,0.000000,0.000000,0.000000
0.000000,-4.717366,1.318239,-0.156245,0.000000,0.000000,0.000000
0.000000,-4.717366,1.318239,-0.156245,0.000000,0.000000,0.000000
0.000000,-4.716888,1.318239,-0.156245,0.000000,0.000000,0.000000
0.000000,-4.716891,1.318239,-0.156245,0.000000,0.000000,0.000000
0.000000,-4.716891,1.318239,-0.156245,0.000000,0.000000,0.000000
0.000000,-4.716281,1.318239,-0.156245,0.000000,0.000000,0.000000
0.000000,-4.716281,1.318239,-0.156245,0.000000,0.000000,0.000000
0.000000,-4.716287,1.318239,-0.156245,0.000000,0.000000,0.000000
0.000000,-4.716064,1.318239,-0.156245,0.000000,0.000000,0.000000
0.000000,-4.716064,1.318239,-0.156245,0.000000,0.000000,0.000000
0.000000,-4.715977,1.318239,-0.156245,0.000000,0.000000,0.000000
0.000000,-4.715977,1.318239,-0.156245,0.000000,0.000000,0.000000
0.000000,-4.714839,1.318239,-0.156245,0.000000,0.000000,0.000000
0.000000,-4.714537,1.318239,-0.156245,0.000000,0.000000,0.000000
0.000000,-4.714537,1.318239,-0.156245,0.000000,0.000000,0.000000
0.000000,-4.713787,1.318239,-0.156245,0.000000,0.000000,0.000000
0.000000,-4.713787,1.318239,-0.156245,0.000000,0.000000,0.000000
0.000000,-4.713611,1.318239,-0.156245,0.000000,0.000000,0.000000
0.000000,-4.712989,1.318239,-0.156245,0.000000,0.000000,0.000000
0.000000,-4.712989,1.318239,-0.156245,0.000000,0.000000,0.000000
0.000000,-4.713141,1.318239,-0.156245,0.000000,0.000000,0.000000
0.000000,-4.713141,1.318239,-0.156245,0.000000,0.000000,0.000000
0.000000,-4.712801,1.318239,-0.156245,0.000000,0.000000,0.000000
0.000000,-4.712683,1.318239,-0.156245,0.000000,0.000000,0.000000
0.000000,-4.712683,1.318239,-0.156245,0.000000,0.000000,0.000000
0.000000,-4.712224,1.318239,-0.156245,0.000000,0.000000,0.000000
0.000000,-4.712224,1.318239,-0.156245,0.000000,0.000000,0.000000
0.000000,-4.711954,1.318239,-0.156245,0.000000,0.000000,0.000000
0.000000,-4.710701,1.318239,-0.156245,0.000000,0.000000,0.000000
0.000000,-4.710701,1.318239,-0.156150,0.000000,0.000000,0.000000
0.000000,-4.710404,1.318239,-0.156150,0.000000,0.000000,0.000000
0.000000,-4.710404,1.318239,-0.156150,0.000000,0.000000,0.000000
0.000000,-4.710209,1.318239,-0.156150,0.000000,0.000000,0.000000
0.000000,-4.710308,1.318239,-0.156150,0.000000,0.000000,0.000000
0.000000,-4.710308,1.318239,-0.156150,0.000000,0.000000,0.000000
0.000000,-4.709748,1.318239,-0.156150,0.000000,0.000000,0.000000
0.000000,-4.709748,1.318239,-0.156150,0.000000,0.000000,0.000000
0.000000,-4.709512,1.318239,-0.156150,0.000000,0.000000,0.000000
0.000000,-4.708474,1.318239,-0.156150,0.000000,0.000000,0.000000
0.000000,-4.708474,1.318239,-0.156150,0.000000,0.000000,0.000000
0.000000,-4.708175,1.318239,-0.156150,0.000000,0.000000,0.000000
0.000000,-4.708175,1.318239,-0.156150,0.000000,0.000000,0.000000
0.000000,-4.707835,1.318239,-0.156150,0.000000,0.000000,0.000000
0.000000,-4.708419,1.318239,-0.156150,0.000000,0.000000,0.000000
0.000000,-4.708419,1.318239,-0.156150,0.000000,0.000000,0.000000
0.000000,-4.708564,1.318239,-0.156150,0.000000,0.000000,0.000000
0.000000,-4.708564,1.318239,-0.156150,0.000000,0.000000,0.000000
0.000000,-4.708264,1.318239,-0.156150,0.000000,0.000000,0.000000
0.000000,-4.707238,1.318239,-0.156150,0.000000,0.000000,0.000000
0.000000,-4.707238,1.318239,-0.156150,0.000000,0.000000,0.000000
0.000000,-4.707393,1.318239,-0.156150,0.000000,0.000000,0.000000
0.000000,-4.707393,1.318239,-0.156150,0.000000,0.000000,0.000000
0.000000,-4.706829,1.318239,-0.156150,0.000000,0.000000,0.000000
0.000000,-4.706071,1.318239,-0.156150,0.000000,0.000000,0.000000
0.000000,-4.706071,1.318239,-0.156150,0.000000,0.000000,0.000000
0.000000,-4.704630,1.318239,-0.156150,0.000000,0.000000,0.000000
0.000000,-4.704630,1.318239,-0.156150,0.000000,0.000000,0.000000
0.000000,-4.704454,1.318239,-0.156150,0.000000,0.000000,0.000000
0.000000,-4.704141,1.318239,-0.156150,0.000000,0.000000,0.000000
0.000000,-4.704141,1.318239,-0.156150,0.000000,0.000000,0.000000
0.000000,-4.704237,1.318239,-0.156150,0.000000,0.000000,0.000000
0.000000,-4.704237,1.318239,-0.156150,0.000000,0.000000,0.000000
0.000000,-4.703646,1.318239,-0.156150,0.000000,0.000000,0.000000
0.000000,-4.703346,1.318239,-0.156150,0.000000,0.000000,0.000000
0.000000,-4.703346,1.318239,-0.156150,0.000000,0.000000,0.000000
0.000000,-4.702455,1.318239,-0.156150,0.000000,0.000000,0.000000
0.000000,-4.702455,1.318239,-0.156150,0.000000,0.000000,0.000000
0.000000,-4.702097,1.318239,-0.156150,0.000000,0.000000,0.000000
0.000000,-4.701133,1.318239,-0.156150,0.000000,0.000000,0.000000
0.000000,-4.701133,1.318239,-0.156150,0.000000,0.000000,0.000000
0.000000,-4.700954,1.318239,-0.156150,0.000000,0.000000,0.000000
0.000000,-4.700954,1.318239,-0.156150,0.000000,0.000000,0.000000
0.000000,-4.700041,1.318239,-0.156150,0.000000,0.000000,0.000000
0.000000,-4.699650,1.318239,-0.156150,0.000000,0.000000,0.000000
0.000000,-4.699650,1.318239,-0.156150,0.000000,0.000000,0.000000
0.000000,-4.698877,1.318239,-0.156150,0.000000,0.000000,0.000000
0.000000,-4.698877,1.318239,-0.156150,0.000000,0.000000,0.000000
0.000000,-4.698731,1.318239,-0.156150,0.000000,0.000000,0.000000
0.000000,-4.698473,1.318239,-0.156150,0.000000,0.000000,0.000000
0.000000,-4.698473,1.318239,-0.156150,0.000000,0.000000,0.000000
0.000000,-4.698599,1.318239,-0.156150,0.000000,0.000000,0.000000
0.000000,-4.698599,1.318239,-0.156150,0.000000,0.000000,0.000000
0.000000,-4.698382,1.318239,-0.156150,0.000000,0.000000,0.000000
0.000000,-4.698450,1.318239,-0.156150,0.000000,0.000000,0.000000
0.000000,-4.698450,1.318239,-0.156054,0.000000,0.000000,0.000000
0.000000,-4.697930,1.318239,-0.156054,0.000000,0.000000,0.000000
0.000000,-4.697930,1.318239,-0.156054,0.000000,0.000000,0.000000
0.000000,-4.697994,1.318239,-0.156054,0.000000,0.000000,0.000000
0.000000,-4.697863,1.318239,-0.156054,0.000000,0.000000,0.000000
0.000000,-4.697863,1.318239,-0.156054,0.000000,0.000000,0.000000
0.000000,-4.698018,1.318239,-0.156054,0.000000,0.000000,0.000000
0.000000,-4.698018,1.318239,-0.156054,0.000000,0.000000,0.000000
0.000000,-4.697684,1.318239,-0.156054,0.000000,0.000000,0.000000
0.000000,-4.697628,1.318239,-0.156054,0.000000,0.000000,0.000000
0.000000,-4.697628,1.318239,-0.156054,0.000000,0.000000,0.000000
0.000000,-4.697013,1.318239,-0.156054,0.000000,0.000000,0.000000
0.000000,-4.697013,1.318239,-0.156054,0.000000,0.000000,0.000000
0.000000,-4.696927,1.318239,-0.156054,0.000000,0.000000,0.000000
0.000000,-4.696694,1.318239,-0.156054,0.000000,0.000000,0.000000
0.000000,-4.696694,1.318239,-0.156054,0.000000,0.000000,0.000000
0.000000,-4.696546,1.318239,-0.156054,0.000000,0.000000,0.000000
0.000000,-4.696546,1.318239,-0.156054,0.000000,0.000000,0.000000
0.000000,-4.696079,1.318239,-0.156054,0.000000,0.000000,0.000000
0.000000,-4.696175,1.318239,-0.156054,0.000000,0.000000,0.000000
0.000000,-4.696175,1.318239,-0.156054,0.000000,0.000000,0.000000
0.000000,-4.695745,1.318239,-0.156054,0.000000,0.000000,0.000000
0.000000,-4.695745,1.318239,-0.156054,0.000000,0.000000,0.000000
0.000000,-4.695745,1.318239,-0.155958,0.000000,0.000000,0.000000
0.000000,-4.695042,1.318239,-0.155958,0.000000,0.000000,0.000000
0.000000,-4.695042,1.318239,-0.155958,0.000000,0.000000,0.000000
0.000000,-4.694684,1.318239,-0.155958,0.000000,0.000000,0.000000
0.000000,-4.694684,1.318239,-0.155958,0.000000,0.000000,0.000000
0.000000,-4.694389,1.318239,-0.155958,0.000000,0.000000,0.000000
0.000000,-4.694578,1.318239,-0.155958,0.000000,0.000000,0.000000
0.000000,-4.694578,1.318239,-0.155958,0.000000,0.000000,0.000000
0.000000,-4.694371,1.318239,-0.155958,0.000000,0.000000,0.000000
0.000000,-4.694371,1.318239,-0.155862,0.000000,0.000000,0.000000
0.000000,-4.694132,1.318239,-0.155862,0.000000,0.000000,0.000000
0.000000,-4.692673,1.318239,-0.155862,0.000000,0.000000,0.000000
0.000000,-4.692673,1.318239,-0.155862,0.000000,0.000000,0.000000
0.000000,-4.691855,1.318239,-0.155862,0.000000,0.000000,0.000000
0.000000,-4.691855,1.318239,-0.155862,0.000000,0.000000,0.000000
0.000000,-4.690651,1.318239,-0.155862,0.000000,0.000000,0.000000
0.000000,-4.690473,1.318239,-0.155766,0.000000,0.000000,0.000000
0.000000,-4.690473,1.318239,-0.155766,0.000000,0.000000,0.000000
0.000000,-4.690259,1.318239,-0.155766,0.000000,0.000000,0.000000
0.000000,-4.690259,1.318239,-0.155670,0.000000,0.000000,0.000000
0.000000,-4.690112,1.318239,-0.155670,0.000000,0.000000,0.000000
0.000000,-4.689104,1.318239,-0.155670,0.000000,0.000000,0.000000
0.000000,-4.689104,1.318239,-0.155575,0.000000,0.000000,0.000000
0.000000,-4.688684,1.318239,-0.155575,0.000000,0.000000,0.000000
0.000000,-4.688684,1.318144,-0.155575,0.000000,0.000000,0.000000
0.000000,-4.688071,1.318144,-0.155479,0.000000,0.000000,0.000000
0.000000,-4.688076,1.318144,-0.155479,0.000000,0.000000,0.000000
0.000000,-4.688076,1.318144,-0.155383,0.000000,0.000000,0.000000
0.000000,-4.687342,1.318144,-0.155287,0.000000,0.000000,0.000000
0.000000,-4.687342,1.318144,-0.155191,0.000000,0.000000,0.000000
0.000000,-4.686583,1.318144,-0.155191,0.000000,0.000000,0.000000
0.000000,-4.685270,1.318144,-0.155096,0.000000,0.000000,0.000000
0.000000,-4.685270,1.318144,-0.155096,0.000000,0.000000,0.000000
0.000000,-4.684669,1.318144,-0.155000,0.000000,0.000000,0.000000
0.000000,-4.684669,1.318048,-0.155000,0.000000,0.000000,0.000000
0.000000,-4.682924,1.318048,-0.155000,0.000000,0.000000,0.000000
0.000000,-4.681470,1.318048,-0.155000,0.000000,0.000000,0.000000
0.000000,-4.681470,1.318048,-0.155000,0.000000,0.000000,0.000000
0.000000,-4.679486,1.318048,-0.155000,0.000000,0.000000,0.000000
0.000000,-4.679486,1.318048,-0.154904,0.000000,0.000000,0.000000
0.000000,-4.678550,1.318048,-0.154904,0.000000,0.000000,0.000000
0.000000,-4.677267,1.318048,-0.154904,0.000000,0.000000,0.000000
0.000000,-4.677267,1.318048,-0.154904,0.000000,0.000000,0.000000
0.000000,-4.676576,1.318048,-0.154904,0.000000,0.000000,0.000000
0.000000,-4.676576,1.318048,-0.154904,0.000000,0.000000,0.000000
0.000000,-4.674694,1.318048,-0.154904,0.000000,0.000000,0.000000
0.000000,-4.673425,1.318048,-0.154904,0.000000,0.000000,0.000000
0.000000,-4.673425,1.318048,-0.154904,0.000000,0.000000,0.000000
0.000000,-4.671859,1.317952,-0.154904,0.000000,0.000000,0.000000
0.000000,-4.671859,1.317952,-0.154904,0.000000,0.000000,0.000000
0.000000,-4.671229,1.317952,-0.154904,0.000000,0.000000,0.000000
0.000000,-4.670287,1.317952,-0.154904,0.000000,0.000000,0.000000
0.000000,-4.670287,1.317952,-0.154904,0.000000,0.000000,0.000000
0.000000,-4.670137,1.317952,-0.154904,0.000000,0.000000,0.000000
0.000000,-4.670137,1.317952,-0.154904,0.000000,0.000000,0.000000
0.000000,-4.669532,1.317952,-0.154808,0.000000,0.000000,0.000000
0.000000,-4.669660,1.317952,-0.154808,0.000000,0.000000,0.000000
0.000000,-4.669660,1.317952,-0.154808,0.000000,0.000000,0.000000
0.000000,-4.669713,1.317952,-0.154808,0.000000,0.000000,0.000000
0.000000,-4.669713,1.317952,-0.154808,0.000000,0.000000,0.000000
0.000000,-4.670179,1.317952,-0.154808,0.000000,0.000000,0.000000
0.000000,-4.670159,1.317952,-0.154808,0.000000,0.000000,0.000000
0.000000,-4.670159,1.317952,-0.154808,0.000000,0.000000,0.000000
0.000000,-4.670316,1.317952,-0.154808,0.000000,0.000000,0.000000
0.000000,-4.670316,1.317952,-0.154808,0.000000,0.000000,0.000000
0.000000,-4.670175,1.317952,-0.154808,0.000000,0.000000,0.000000
0.000000,-4.670090,1.317952,-0.154808,0.000000,0.000000,0.000000
0.000000,-4.670090,1.317952,-0.154808,0.000000,0.000000,0.000000
0.000000,-4.669394,1.317952,-0.154808,0.000000,0.000000,0.000000
0.000000,-4.669394,1.317952,-0.154808,0.000000,0.000000,0.000000
0.000000,-4.669125,1.317952,-0.154808,0.000000,0.000000,0.000000
0.000000,-4.668332,1.317952,-0.154808,0.000000,0.000000,0.000000
0.000000,-4.668332,1.317952,-0.154808,0.000000,0.000000,0.000000
0.000000,-4.668033,1.317952,-0.154808,0.000000,0.000000,0.000000
0.000000,-4.668033,1.317952,-0.154808,0.000000,0.000000,0.000000
0.000000,-4.667375,1.317952,-0.154808,0.000000,0.000000,0.000000
0.000000,-4.667621,1.317952,-0.154808,0.000000,0.000000,0.000000
0.000000,-4.667621,1.317952,-0.154808,0.000000,0.000000,0.000000
0.000000,-4.667392,1.317952,-0.154808,0.000000,0.000000,0.000000
0.000000,-4.667392,1.317952,-0.154808,0.000000,0.000000,0.000000
0.000000,-4.667093,1.317952,-0.154808,0.000000,0.000000,0.000000
0.000000,-4.666842,1.317952,-0.154808,0.000000,0.000000,0.000000
0.000000,-4.666842,1.317952,-0.154808,0.000000,0.000000,0.000000
0.000000,-4.667151,1.317952,-0.154808,0.000000,0.000000,0.000000
0.000000,-4.667151,1.317952,-0.154808,0.000000,0.000000,0.000000
0.000000,-4.666860,1.317952,-0.154808,0.000000,0.000000,0.000000
0.000000,-4.666863,1.317952,-0.154808,0.000000,0.000000,0.000000
0.000000,-4.666863,1.317952,-0.154808,0.000000,0.000000,0.000000
0.000000,-4.666541,1.317952,-0.154808,0.000000,0.000000,0.000000
0.000000,-4.666541,1.317952,-0.154808,0.000000,0.000000,0.000000
0.000000,-4.666548,1.317952,-0.154808,0.000000,0.000000,0.000000
0.000000,-4.666169,1.317952,-0.154808,0.000000,0.000000,0.000000
0.000000,-4.666169,1.317952,-0.154808,0.000000,0.000000,0.000000
0.000000,-4.665990,1.317952,-0.154808,0.000000,0.000000,0.000000
0.000000,-4.665990,1.317952,-0.154808,0.000000,0.000000,0.000000
0.000000,-4.665377,1.317952,-0.154808,0.000000,0.000000,0.000000
0.000000,-4.665232,1.317952,-0.154808,0.000000,0.000000,0.000000
0.000000,-4.665232,1.317952,-0.154808,0.000000,0.000000,0.000000
0.000000,-4.665301,1.317952,-0.154808,0.000000,0.000000,0.000000
0.000000,-4.665301,1.317952,-0.154808,0.000000,0.000000,0.000000
0.000000,-4.665064,1.317952,-0.154808,0.000000,0.000000,0.000000
0.000000,-4.664710,1.317952,-0.154808,0.000000,0.000000,0.000000
0.000000,-4.664710,1.317952,-0.154808,0.000000,0.000000,0.000000
0.000000,-4.664773,1.317952,-0.154808,0.000000,0.000000,0.000000
0.000000,-4.664773,1.317952,-0.154808,0.000000,0.000000,0.000000
0.000000,-4.664541,1.317952,-0.154808,0.000000,0.000000,0.000000
0.000000,-4.664365,1.317952,-0.154808,0.000000,0.000000,0.000000
0.000000,-4.664365,1.317952,-0.154808,0.000000,0.000000,0.000000
0.000000,-4.663840,1.317952,-0.154808,0.000000,0.000000,0.000000
0.000000,-4.663840,1.317952,-0.154808,0.000000,0.000000,0.000000
0.000000,-4.664028,1.317952,-0.154808,0.000000,0.000000,0.000000
0.000000,-4.664180,1.317952,-0.154808,0.000000,0.000000,0.000000
0.000000,-4.664180,1.317952,-0.154808,0.000000,0.000000,0.000000
0.000000,-4.664248,1.317952,-0.154808,0.000000,0.000000,0.000000
0.000000,-4.664248,1.317952,-0.154808,0.000000,0.000000,0.000000
0.000000,-4.663620,1.317952,-0.154808,0.000000,0.000000,0.000000
0.000000,-4.663356,1.317952,-0.154808,0.000000,0.000000,0.000000
0.000000,-4.663356,1.317952,-0.154808,0.000000,0.000000,0.000000
0.000000,-4.663074,1.317952,-0.154808,0.000000,0.000000,0.000000
0.000000,-4.663074,1.317952,-0.154808,0.000000,0.000000,0.000000
0.000000,-4.663476,1.317952,-0.154808,0.000000,0.000000,0.000000
0.000000,-4.663707,1.317952,-0.154808,0.000000,0.000000,0.000000
0.000000,-4.663707,1.317952,-0.154808,0.000000,0.000000,0.000000
0.000000,-4.663650,1.317952,-0.154808,0.000000,0.000000,0.000000
0.000000,-4.663650,1.317952,-0.154808,0.000000,0.000000,0.000000
0.000000,-4.663110,1.317952,-0.154808,0.000000,0.000000,0.000000
0.000000,-4.662934,1.317952,-0.154808,0.000000,0.000000,0.000000
0.000000,-4.662934,1.317952,-0.154808,0.000000,0.000000,0.000000
0.000000,-4.662340,1.317952,-0.154808,0.000000,0.000000,0.000000
0.000000,-4.662340,1.317952,-0.154808,0.000000,0.000000,0.000000
0.000000,-4.662407,1.317952,-0.154808,0.000000,0.000000,0.000000
0.000000,-4.662123,1.317952,-0.154808,0.000000,0.000000,0.000000
0.000000,-4.662123,1.317952,-0.154808,0.000000,0.000000,0.000000
0.000000,-4.661792,1.317952,-0.154808,0.000000,0.000000,0.000000
0.000000,-4.661792,1.317952,-0.154808,0.000000,0.000000,0.000000
0.000000,-4.661117,1.317952,-0.154808,0.000000,0.000000,0.000000
0.000000,-4.660942,1.317952,-0.154808,0.000000,0.000000,0.000000
0.000000,-4.660942,1.317952,-0.154808,0.000000,0.000000,0.000000
0.000000,-4.660760,1.317952,-0.154808,0.000000,0.000000,0.000000
0.000000,-4.660760,1.317952,-0.154808,0.000000,0.000000,0.000000
0.000000,-4.660731,1.317952,-0.154808,0.000000,0.000000,0.000000
0.000000,-4.660573,1.317952,-0.154808,0.000000,0.000000,0.000000
0.000000,-4.660573,1.317952,-0.154808,0.000000,0.000000,0.000000
0.000000,-4.660430,1.317952,-0.154808,0.000000,0.000000,0.000000
0.000000,-4.660430,1.317952,-0.154808,0.000000,0.000000,0.000000
0.000000,-4.659730,1.317952,-0.154808,0.000000,0.000000,0.000000
0.000000,-4.659405,1.317952,-0.154808,0.000000,0.000000,0.000000
0.000000,-4.659405,1.317952,-0.154808,0.000000,0.000000,0.000000
0.000000,-4.658533,1.317952,-0.154808,0.000000,0.000000,0.000000
0.000000,-4.658533,1.317952,-0.154808,0.000000,0.000000,0.000000
0.000000,-4.657959,1.317952,-0.154808,0.000000,0.000000,0.000000
0.000000,-4.657111,1.317952,-0.154808,0.000000,0.000000,0.000000
0.000000,-4.657111,1.317952,-0.154808,0.000000,0.000000,0.000000
0.000000,-4.657359,1.317952,-0.154808,0.000000,0.000000,0.000000
0.000000,-4.657359,1.317952,-0.154808,0.000000,0.000000,0.000000
0.000000,-4.657457,1.317952,-0.154808,0.000000,0.000000,0.000000
0.000000,-4.657586,1.317952,-0.154808,0.000000,0.000000,0.000000
0.000000,-4.657586,1.317952,-0.154808,0.000000,0.000000,0.000000
0.000000,-4.657083,1.317952,-0.154808,0.000000,0.000000,0.000000
0.000000,-4.657083,1.317952,-0.154808,0.000000,0.000000,0.000000
0.000000,-4.656726,1.317952,-0.154808,0.000000,0.000000,0.000000
0.000000,-4.656011,1.317952,-0.154808,0.000000,0.000000,0.000000
0.000000,-4.656011,1.317952,-0.154808,0.000000,0.000000,0.000000
0.000000,-4.655803,1.317952,-0.154808,0.000000,0.000000,0.000000
0.000000,-4.655803,1.317952,-0.154808,0.000000,0.000000,0.000000
0.000000,-4.655241,1.317952,-0.154808,0.000000,0.000000,0.000000
0.000000,-4.655092,1.317952,-0.154808,0.000000,0.000000,0.000000
0.000000,-4.655092,1.317952,-0.154808,0.000000,0.000000,0.000000
0.000000,-4.654849,1.317952,-0.154808,0.000000,0.000000,0.000000
0.000000,-4.654849,1.317952,-0.154808,0.000000,0.000000,0.000000
0.000000,-4.654917,1.317952,-0.154808,0.000000,0.000000,0.000000
0.000000,-4.654482,1.317952,-0.154808,0.000000,0.000000,0.000000
0.000000,-4.654482,1.317952,-0.154808,0.000000,0.000000,0.000000
0.000000,-4.654217,1.317952,-0.154808,0.000000,0.000000,0.000000
0.000000,-4.654217,1.317952,-0.154808,0.000000,0.000000,0.000000
0.000000,-4.653992,1.317952,-0.154808,0.000000,0.000000,0.000000
0.000000,-4.654242,1.317952,-0.154808,0.000000,0.000000,0.000000
0.000000,-4.654242,1.317952,-0.154808,0.000000,0.000000,0.000000
0.000000,-4.653738,1.317952,-0.154808,0.000000,0.000000,0.000000
0.000000,-4.653738,1.317952,-0.154808,0.000000,0.000000,0.000000
0.000000,-4.653290,1.317952,-0.154808,0.000000,0.000000,0.000000
0.000000,-4.652583,1.317952,-0.154808,0.000000,0.000000,0.000000
0.000000,-4.652583,1.317952,-0.154808,0.000000,0.000000,0.000000
0.000000,-4.652437,1.317952,-0.154808,0.000000,0.000000,0.000000
0.000000,-4.652437,1.317952,-0.154808,0.000000,0.000000,0.000000
0.000000,-4.652094,1.317952,-0.154808,0.000000,0.000000,0.000000
0.000000,-4.651797,1.317952,-0.154808,0.000000,0.000000,0.000000
0.000000,-4.651797,1.317952,-0.154808,0.000000,0.000000,0.000000
0.000000,-4.651170,1.317952,-0.154808,0.000000,0.000000,0.000000
0.000000,-4.651170,1.317952,-0.154808,0.000000,0.000000,0.000000
0.000000,-4.651054,1.317952,-0.154808,0.000000,0.000000,0.000000
0.000000,-4.651004,1.317952,-0.154808,0.000000,0.000000,0.000000
0.000000,-4.651004,1.317952,-0.154808,0.000000,0.000000,0.000000
0.000000,-4.650952,1.317952,-0.154808,0.000000,0.000000,0.000000
0.000000,-4.650952,1.317952,-0.154808,0.000000,0.000000,0.000000
0.000000,-4.650490,1.317952,-0.154808,0.000000,0.000000,0.000000
0.000000,-4.650311,1.317952,-0.154808,0.000000,0.000000,0.000000
0.000000,-4.650311,1.317952,-0.154808,0.000000,0.000000,0.000000
0.000000,-4.649875,1.317952,-0.154808,0.000000,0.000000,0.000000
0.000000,-4.649875,1.317952,-0.154808,0.000000,0.000000,0.000000
0.000000,-4.650186,1.317952,-0.154808,0.000000,0.000000,0.000000
0.000000,-4.650397,1.317952,-0.154808,0.000000,0.000000,0.000000
0.000000,-4.650397,1.317952,-0.154808,0.000000,0.000000,0.000000
0.000000,-4.650739,1.317952,-0.154808,0.000000,0.000000,0.000000
0.000000,-4.650739,1.317952,-0.154808,0.000000,0.000000,0.000000
0.000000,-4.650724,1.317952,-0.154808,0.000000,0.000000,0.000000
0.000000,-4.650669,1.317952,-0.154808,0.000000,0.000000,0.000000
0.000000,-4.650669,1.317952,-0.154808,0.000000,0.000000,0.000000
0.000000,-4.650344,1.317952,-0.154808,0.000000,0.000000,0.000000
0.000000,-4.650344,1.317952,-0.154808,0.000000,0.000000,0.000000
0.000000,-4.650468,1.317952,-0.154808,0.000000,0.000000,0.000000
0.000000,-4.649816,1.317952,-0.154808,0.000000,0.000000,0.000000
0.000000,-4.649816,1.317952,-0.154808,0.000000,0.000000,0.000000
0.000000,-4.649577,1.317952,-0.154808,0.000000,0.000000,0.000000
0.000000,-4.649577,1.317952,-0.154808,0.000000,0.000000,0.000000
0.000000,-4.649572,1.317952,-0.154808,0.000000,0.000000,0.000000
0.000000,-4.649552,1.317952,-0.154808,0.000000,0.000000,0.000000
0.000000,-4.649552,1.317952,-0.154808,0.000000,0.000000,0.000000
0.000000,-4.649233,1.317952,-0.154808,0.000000,0.000000,0.000000
0.000000,-4.649233,1.317952,-0.154808,0.000000,0.000000,0.000000
0.000000,-4.649178,1.317952,-0.154808,0.000000,0.000000,0.000000
0.000000,-4.649285,1.317952,-0.154808,0.000000,0.000000,0.000000
0.000000,-4.649285,1.317952,-0.154808,0.000000,0.000000,0.000000
0.000000,-4.649715,1.317952,-0.154808,0.000000,0.000000,0.000000
0.000000,-4.649715,1.317952,-0.154808,0.000000,0.000000,0.000000
0.000000,-4.649551,1.317952,-0.154808,0.000000,0.000000,0.000000
0.000000,-4.649557,1.317952,-0.154808,0.000000,0.000000,0.000000
0.000000,-4.649557,1.317952,-0.154808,0.000000,0.000000,0.000000
0.000000,-4.649273,1.317952,-0.154808,0.000000,0.000000,0.000000
0.000000,-4.649273,1.317952,-0.154808,0.000000,0.000000,0.000000
0.000000,-4.649309,1.317952,-0.154808,0.000000,0.000000,0.000000
0.000000,-4.649031,1.317952,-0.154808,0.000000,0.000000,0.000000
0.000000,-4.649031,1.317952,-0.154808,0.000000,0.000000,0.000000
0.000000,-4.648975,1.317952,-0.154808,0.000000,0.000000,0.000000
0.000000,-4.648975,1.317952,-0.154808,0.000000,0.000000,0.000000
0.000000,-4.648697,1.317952,-0.154808,0.000000,0.000000,0.000000
0.000000,-4.648432,1.317952,-0.154808,0.000000,0.000000,0.000000
0.000000,-4.648432,1.317952,-0.154808,0.000000,0.000000,0.000000
0.000000,-4.647797,1.317952,-0.154808,0.000000,0.000000,0.000000
0.000000,-4.647797,1.317952,-0.154712,0.000000,0.000000,0.000000
0.000000,-4.647772,1.317952,-0.154712,0.000000,0.000000,0.000000
0.000000,-4.647305,1.317952,-0.154712,0.000000,0.000000,0.000000
0.000000,-4.647305,1.317952,-0.154712,0.000000,0.000000,0.000000
0.000000,-4.647435,1.317952,-0.154712,0.000000,0.000000,0.000000
0.000000,-4.647435,1.317952,-0.154712,0.000000,0.000000,0.000000
0.000000,-4.647034,1.317952,-0.154712,0.000000,0.000000,0.000000
0.000000,-4.646640,1.317952,-0.154712,0.000000,0.000000,0.000000
0.000000,-4.646640,1.317952,-0.154712,0.000000,0.000000,0.000000
0.000000,-4.645912,1.317952,-0.154712,0.000000,0.000000,0.000000
0.000000,-4.645912,1.317952,-0.154712,0.000000,0.000000,0.000000
0.000000,-4.645890,1.317952,-0.154712,0.000000,0.000000,0.000000
0.000000,-4.645733,1.317952,-0.154712,0.000000,0.000000,0.000000
0.000000,-4.645733,1.317952,-0.154712,0.000000,0.000000,0.000000
0.000000,-4.645953,1.317952,-0.154712,0.000000,0.000000,0.000000
0.000000,-4.645953,1.317952,-0.154712,0.000000,0.000000,0.000000
0.000000,-4.645734,1.317952,-0.154712,0.000000,0.000000,0.000000
0.000000,-4.645344,1.317952,-0.154712,0.000000,0.000000,0.000000
0.000000,-4.645344,1.317952,-0.154712,0.000000,0.000000,0.000000
0.000000,-4.644694,1.317952,-0.154712,0.000000,0.000000,0.000000
0.000000,-4.644694,1.317952,-0.154712,0.000000,0.000000,0.000000
0.000000,-4.644728,1.317952,-0.154712,0.000000,0.000000,0.000000
0.000000,-4.644443,1.317952,-0.154712,0.000000,0.000000,0.000000
0.000000,-4.644443,1.317952,-0.154712,0.000000,0.000000,0.000000
0.000000,-4.644479,1.317952,-0.154712,0.000000,0.000000,0.000000
0.000000,-4.644479,1.317952,-0.154712,0.000000,0.000000,0.000000
0.000000,-4.644206,1.317952,-0.154712,0.000000,0.000000,0.000000
0.000000,-4.644429,1.317952,-0.154712,0.000000,0.000000,0.000000
0.000000,-4.644429,1.317952,-0.154712,0.000000,0.000000,0.000000
0.000000,-4.644320,1.317952,-0.154712,0.000000,0.000000,0.000000
0.000000,-4.644320,1.317952,-0.154712,0.000000,0.000000,0.000000
0.000000,-4.644144,1.317952,-0.154712,0.000000,0.000000,0.000000
0.000000,-4.643704,1.317952,-0.154712,0.000000,0.000000,0.000000
0.000000,-4.643704,1.317952,-0.154712,0.000000,0.000000,0.000000
0.000000,-4.643527,1.317952,-0.154712,0.000000,0.000000,0.000000
0.000000,-4.643527,1.317952,-0.154712,0.000000,0.000000,0.000000
0.000000,-4.643209,1.317952,-0.154712,0.000000,0.000000,0.000000
0.000000,-4.643551,1.317952,-0.154712,0.000000,0.000000,0.000000
0.000000,-4.643551,1.317952,-0.154712,0.000000,0.000000,0.000000
0.000000,-4.643416,1.317952,-0.154712,0.000000,0.000000,0.000000
0.000000,-4.643416,1.317952,-0.154712,0.000000,0.000000,0.000000
0.000000,-4.643453,1.317952,-0.154712,0.000000,0.000000,0.000000
0.000000,-4.643227,1.317952,-0.154712,0.000000,0.000000,0.000000
0.000000,-4.643227,1.317952,-0.154712,0.000000,0.000000,0.000000
0.000000,-4.643170,1.317952,-0.154712,0.000000,0.000000,0.000000
0.000000,-4.643170,1.317952,-0.154712,0.000000,0.000000,0.000000
0.000000,-4.642785,1.317952,-0.154712,0.000000,0.000000,0.000000
0.000000,-4.643064,1.317952,-0.154712,0.000000,0.000000,0.000000
0.000000,-4.643064,1.317952,-0.154712,0.000000,0.000000,0.000000
0.000000,-4.643096,1.317952,-0.154712,0.000000,0.000000,0.000000
0.000000,-4.643096,1.317952,-0.154712,0.000000,0.000000,0.000000
0.000000,-4.643132,1.317952,-0.154712,0.000000,0.000000,0.000000
0.000000,-4.643009,1.317952,-0.154712,0.000000,0.000000,0.000000
0.000000,-4.643009,1.317952,-0.154712,0.000000,0.000000,0.000000
0.000000,-4.643106,1.317952,-0.154712,0.000000,0.000000,0.000000
0.000000,-4.643106,1.317952,-0.154712,0.000000,0.000000,0.000000
0.000000,-4.642877,1.317952,-0.154712,0.000000,0.000000,0.000000
0.000000,-4.643035,1.317952,-0.154712,0.000000,0.000000,0.000000
0.000000,-4.643035,1.317952,-0.154712,0.000000,0.000000,0.000000
0.000000,-4.642879,1.317952,-0.154712,0.000000,0.000000,0.000000
0.000000,-4.642879,1.317952,-0.154712,0.000000,0.000000,0.000000
0.000000,-4.642577,1.317952,-0.154712,0.000000,0.000000,0.000000
0.000000,-4.641812,1.317952,-0.154712,0.000000,0.000000,0.000000
0.000000,-4.641812,1.317952,-0.154712,0.000000,0.000000,0.000000
0.000000,-4.641609,1.317952,-0.154712,0.000000,0.000000,0.000000
0.000000,-4.641609,1.317952,-0.154712,0.000000,0.000000,0.000000
0.000000,-4.641175,1.317952,-0.154712,0.000000,0.000000,0.000000
0.000000,-4.641181,1.317952,-0.154712,0.000000,0.000000,0.000000
0.000000,-4.641181,1.317952,-0.154712,0.000000,0.000000,0.000000
0.000000,-4.640874,1.317952,-0.154712,0.000000,0.000000,0.000000
0.000000,-4.640874,1.317952,-0.154712,0.000000,0.000000,0.000000
0.000000,-4.640575,1.317952,-0.154712,0.000000,0.000000,0.000000
0.000000,-4.639854,1.317952,-0.154712,0.000000,0.000000,0.000000
0.000000,-4.639854,1.317952,-0.154712,0.000000,0.000000,0.000000
0.000000,-4.639619,1.317952,-0.154712,0.000000,0.000000,0.000000
0.000000,-4.639619,1.317952,-0.154712,0.000000,0.000000,0.000000
0.000000,-4.639520,1.317952,-0.154712,0.000000,0.000000,0.000000
0.000000,-4.640013,1.317952,-0.154712,0.000000,0.000000,0.000000
0.000000,-4.640013,1.317952,-0.154712,0.000000,0.000000,0.000000
0.000000,-4.639834,1.317952,-0.154712,0.000000,0.000000,0.000000
0.000000,-4.639834,1.317952,-0.154712,0.000000,0.000000,0.000000
0.000000,-4.639657,1.317952,-0.154712,0.000000,0.000000,0.000000
0.000000,-4.639203,1.317952,-0.154712,0.000000,0.000000,0.000000
0.000000,-4.639203,1.317952,-0.154712,0.000000,0.000000,0.000000
0.000000,-4.639062,1.317952,-0.154712,0.000000,0.000000,0.000000
0.000000,-4.639062,1.317952,-0.154712,0.000000,0.000000,0.000000
0.000000,-4.639022,1.317952,-0.154712,0.000000,0.000000,0.000000
0.000000,-4.639209,1.317952,-0.154712,0.000000,0.000000,0.000000
0.000000,-4.639209,1.317952,-0.154712,0.000000,0.000000,0.000000
0.000000,-4.638931,1.317952,-0.154712,0.000000,0.000000,0.000000
0.000000,-4.638931,1.317952,-0.154712,0.000000,0.000000,0.000000
0.000000,-4.639059,1.317952,-0.154712,0.000000,0.000000,0.000000
0.000000,-4.638963,1.317952,-0.154712,0.000000,0.000000,0.000000
0.000000,-4.638963,1.317952,-0.154712,0.000000,0.000000,0.000000
0.000000,-4.638757,1.317952,-0.154712,0.000000,0.000000,0.000000
0.000000,-4.638757,1.317952,-0.154712,0.000000,0.000000,0.000000
0.000000,-4.638247,1.317952,-0.154712,0.000000,0.000000,0.000000
0.000000,-4.638313,1.317952,-0.154712,0.000000,0.000000,0.000000
0.000000,-4.638313,1.317952,-0.154712,0.000000,0.000000,0.000000
0.000000,-4.637776,1.317952,-0.154712,0.000000,0.000000,0.000000
0.000000,-4.637776,1.317952,-0.154712,0.000000,0.000000,0.000000
0.000000,-4.637504,1.317952,-0.154712,0.000000,0.000000,0.000000
0.000000,-4.636801,1.317952,-0.154712,0.000000,0.000000,0.000000
0.000000,-4.636801,1.317952,-0.154712,0.000000,0.000000,0.000000
0.000000,-4.636534,1.317952,-0.154712,0.000000,0.000000,0.000000
0.000000,-4.636534,1.317952,-0.154712,0.000000,0.000000,0.000000
0.000000,-4.635940,1.317952,-0.154712,0.000000,0.000000,0.000000
0.000000,-4.635790,1.317952,-0.154712,0.000000,0.000000,0.000000
0.000000,-4.635790,1.317952,-0.154712,0.000000,0.000000,0.000000
0.000000,-4.635442,1.317952,-0.154712,0.000000,0.000000,0.000000
0.000000,-4.635442,1.317952,-0.154712,0.000000,0.000000,0.000000
0.000000,-4.635509,1.317952,-0.154712,0.000000,0.000000,0.000000
0.000000,-4.635458,1.317952,-0.154712,0.000000,0.000000,0.000000
0.000000,-4.635458,1.317952,-0.154712,0.000000,0.000000,0.000000
0.000000,-4.635341,1.317952,-0.154712,0.000000,0.000000,0.000000
0.000000,-4.635341,1.317952,-0.154712,0.000000,0.000000,0.000000
0.000000,-4.634891,1.317952,-0.154712,0.000000,0.000000,0.000000
0.000000,-4.634741,1.317952,-0.154712,0.000000,0.000000,0.000000
0.000000,-4.634741,1.317952,-0.154712,0.000000,0.000000,0.000000
0.000000,-4.634428,1.317952,-0.154712,0.000000,0.000000,0.000000
0.000000,-4.634428,1.317952,-0.154712,0.000000,0.000000,0.000000
0.000000,-4.634588,1.317952,-0.154712,0.000000,0.000000,0.000000
0.000000,-4.634594,1.317952,-0.154712,0.000000,0.000000,0.000000
0.000000,-4.634594,1.317952,-0.154712,0.000000,0.000000,0.000000
0.000000,-4.634605,1.317952,-0.154712,0.000000,0.000000,0.000000
0.000000,-4.634605,1.317952,-0.154712,0.000000,0.000000,0.000000
0.000000,-4.634377,1.317952,-0.154712,0.000000,0.000000,0.000000
0.000000,-4.634472,1.317952,-0.154712,0.000000,0.000000,0.000000
0.000000,-4.634472,1.317952,-0.154712,0.000000,0.000000,0.000000
0.000000,-4.633996,1.317952,-0.154712,0.000000,0.000000,0.000000
0.000000,-4.633996,1.317952,-0.154712,0.000000,0.000000,0.000000
0.000000,-4.633604,1.317952,-0.154712,0.000000,0.000000,0.000000
0.000000,-4.633059,1.317952,-0.154712,0.000000,0.000000,0.000000
0.000000,-4.633059,1.317952,-0.154712,0.000000,0.000000,0.000000
0.000000,-4.633094,1.317952,-0.154712,0.000000,0.000000,0.000000
0.000000,-4.633094,1.317952,-0.154712,0.000000,0.000000,0.000000
0.000000,-4.632837,1.317952,-0.154712,0.000000,0.000000,0.000000
0.000000,-4.632870,1.317952,-0.154712,0.000000,0.000000,0.000000
0.000000,-4.632870,1.317952,-0.154712,0.000000,0.000000,0.000000
0.000000,-4.632569,1.317952,-0.154712,0.000000,0.000000,0.000000
0.000000,-4.632569,1.317952,-0.154712,0.000000,0.000000,0.000000
0.000000,-4.632483,1.317952,-0.154712,0.000000,0.000000,0.000000
0.000000,-4.632467,1.317952,-0.154712,0.000000,0.000000,0.000000
0.000000,-4.632467,1.317952,-0.154712,0.000000,0.000000,0.000000
0.000000,-4.632539,1.317952,-0.154712,0.000000,0.000000,0.000000
0.000000,-4.632539,1.317952,-0.154712,0.000000,0.000000,0.000000
0.000000,-4.632432,1.317952,-0.154712,0.000000,0.000000,0.000000
0.000000,-4.632406,1.317952,-0.154712,0.000000,0.000000,0.000000
0.000000,-4.632406,1.317952,-0.154712,0.000000,0.000000,0.000000
0.000000,-4.632283,1.317952,-0.154712,0.000000,0.000000,0.000000
0.000000,-4.632283,1.317952,-0.154712,0.000000,0.000000,0.000000
0.000000,-4.632381,1.317952,-0.154712,0.000000,0.000000,0.000000
0.000000,-4.632353,1.317952,-0.154712,0.000000,0.000000,0.000000
0.000000,-4.632353,1.317952,-0.154712,0.000000,0.000000,0.000000
0.000000,-4.632754,1.317952,-0.154712,0.000000,0.000000,0.000000
0.000000,-4.632754,1.317952,-0.154712,0.000000,0.000000,0.000000
0.000000,-4.632916,1.317952,-0.154712,0.000000,0.000000,0.000000
0.000000,-4.633044,1.317952,-0.154712,0.000000,0.000000,0.000000
0.000000,-4.633044,1.317952,-0.154712,0.000000,0.000000,0.000000
0.000000,-4.633080,1.317952,-0.154712,0.000000,0.000000,0.000000
0.000000,-4.633080,1.317952,-0.154712,0.000000,0.000000,0.000000
0.000000,-4.633300,1.317952,-0.154712,0.000000,0.000000,0.000000
0.000000,-4.633447,1.317952,-0.154712,0.000000,0.000000,0.000000
0.000000,-4.633447,1.317952,-0.154712,0.000000,0.000000,0.000000
0.000000,-4.633424,1.317952,-0.154712,0.000000,0.000000,0.000000
0.000000,-4.633424,1.317952,-0.154712,0.000000,0.000000,0.000000
0.000000,-4.632825,1.317952,-0.154712,0.000000,0.000000,0.000000
0.000000,-4.632678,1.317952,-0.154712,0.000000,0.000000,0.000000
0.000000,-4.632678,1.317952,-0.154712,0.000000,0.000000,0.000000
0.000000,-4.632396,1.317952,-0.154712,0.000000,0.000000,0.000000
0.000000,-4.632396,1.317952,-0.154712,0.000000,0.000000,0.000000
0.000000,-4.632309,1.317952,-0.154712,0.000000,0.000000,0.000000
0.000000,-4.631864,1.317952,-0.154712,0.000000,0.000000,0.000000
0.000000,-4.631864,1.317952,-0.154712,0.000000,0.000000,0.000000
0.000000,-4.631716,1.317952,-0.154712,0.000000,0.000000,0.000000
0.000000,-4.631716,1.317952,-0.154712,0.000000,0.000000,0.000000
0.000000,-4.631365,1.317952,-0.154712,0.000000,0.000000,0.000000
0.000000,-4.631433,1.317952,-0.154712,0.000000,0.000000,0.000000
0.000000,-4.631433,1.317952,-0.154712,0.000000,0.000000,0.000000
0.000000,-4.631109,1.317952,-0.154712,0.000000,0.000000,0.000000
0.000000,-4.631109,1.317952,-0.154712,0.000000,0.000000,0.000000
0.000000,-4.630719,1.317952,-0.154712,0.000000,0.000000,0.000000
0.000000,-4.630145,1.317952,-0.154712,0.000000,0.000000,0.000000
0.000000,-4.630145,1.317952,-0.154712,0.000000,0.000000,0.000000
0.000000,-4.630301,1.317952,-0.154712,0.000000,0.000000,0.000000
0.000000,-4.630301,1.317952,-0.154712,0.000000,0.000000,0.000000
0.000000,-4.629898,1.317952,-0.154712,0.000000,0.000000,0.000000
0.000000,-4.629505,1.317952,-0.154712,0.000000,0.000000,0.000000
0.000000,-4.629505,1.317952,-0.154712,0.000000,0.000000,0.000000
0.000000,-4.629008,1.317952,-0.154712,0.000000,0.000000,0.000000
0.000000,-4.629008,1.317952,-0.154712,0.000000,0.000000,0.000000
0.000000,-4.628860,1.317952,-0.154712,0.000000,0.000000,0.000000
0.000000,-4.627988,1.317952,-0.154712,0.000000,0.000000,0.000000
0.000000,-4.627988,1.317952,-0.154712,0.000000,0.000000,0.000000
0.000000,-4.627992,1.317952,-0.154712,0.000000,0.000000,0.000000
0.000000,-4.627992,1.317952,-0.154712,0.000000,0.000000,0.000000
0.000000,-4.627995,1.317952,-0.154712,0.000000,0.000000,0.000000
0.000000,-4.628059,1.317952,-0.154712,0.000000,0.000000,0.000000
0.000000,-4.628059,1.317952,-0.154712,0.000000,0.000000,0.000000
0.000000,-4.628043,1.317952,-0.154712,0.000000,0.000000,0.000000
0.000000,-4.628043,1.317952,-0.154712,0.000000,0.000000,0.000000
0.000000,-4.628142,1.317952,-0.154712,0.000000,0.000000,0.000000
0.000000,-4.627906,1.317952,-0.154712,0.000000,0.000000,0.000000
0.000000,-4.627906,1.317952,-0.154712,0.000000,0.000000,0.000000
0.000000,-4.628006,1.317952,-0.154712,0.000000,0.000000,0.000000
0.000000,-4.628006,1.317952,-0.154712,0.000000,0.000000,0.000000
0.000000,-4.628249,1.317952,-0.154712,0.000000,0.000000,0.000000
0.000000,-4.628742,1.317952,-0.154712,0.000000,0.000000,0.000000
0.000000,-4.628742,1.317952,-0.154712,0.000000,0.000000,0.000000
0.000000,-4.629230,1.317952,-0.154712,0.000000,0.000000,0.000000
0.000000,-4.629230,1.317952,-0.154712,0.000000,0.000000,0.000000
0.000000,-4.629630,1.317952,-0.154712,0.000000,0.000000,0.000000
0.000000,-4.629570,1.317952,-0.154712,0.000000,0.000000,0.000000
0.000000,-4.629570,1.317952,-0.154712,0.000000,0.000000,0.000000
0.000000,-4.629423,1.317952,-0.154712,0.000000,0.000000,0.000000
0.000000,-4.629423,1.317952,-0.154712,0.000000,0.000000,0.000000
0.000000,-4.629299,1.317952,-0.154712,0.000000,0.000000,0.000000
0.000000,-4.629302,1.317952,-0.154712,0.000000,0.000000,0.000000
0.000000,-4.629302,1.317952,-0.154712,0.000000,0.000000,0.000000
0.000000,-4.628991,1.317952,-0.154712,0.000000,0.000000,0.000000
0.000000,-4.628991,1.317952,-0.154712,0.000000,0.000000,0.000000
0.000000,-4.628872,1.317952,-0.154712,0.000000,0.000000,0.000000
0.000000,-4.628241,1.317952,-0.154712,0.000000,0.000000,0.000000
0.000000,-4.628241,1.317952,-0.154712,0.000000,0.000000,0.000000
0.000000,-4.628125,1.317952,-0.154712,0.000000,0.000000,0.000000
0.000000,-4.628125,1.317952,-0.154712,0.000000,0.000000,0.000000
0.000000,-4.627443,1.317952,-0.154712,0.000000,0.000000,0.000000
0.000000,-4.627171,1.317952,-0.154712,0.000000,0.000000,0.000000
0.000000,-4.627171,1.317952,-0.154712,0.000000,0.000000,0.000000
0.000000,-4.626608,1.317952,-0.154712,0.000000,0.000000,0.000000
0.000000,-4.626608,1.317952,-0.154712,0.000000,0.000000,0.000000
0.000000,-4.626672,1.317952,-0.154712,0.000000,0.000000,0.000000
0.000000,-4.626956,1.317952,-0.154712,0.000000,0.000000,0.000000
0.000000,-4.626956,1.317952,-0.154712,0.000000,0.000000,0.000000
0.000000,-4.626963,1.317952,-0.154712,0.000000,0.000000,0.000000
0.000000,-4.626963,1.317952,-0.154712,0.000000,0.000000,0.000000
0.000000,-4.626013,1.317952,-0.154712,0.000000,0.000000,0.000000
0.000000,-4.625412,1.317952,-0.154712,0.000000,0.000000,0.000000
0.000000,-4.625412,1.317952,-0.154712,0.000000,0.000000,0.000000
0.000000,-4.624687,1.317952,-0.154712,0.000000,0.000000,0.000000
0.000000,-4.624687,1.317952,-0.154712,0.000000,0.000000,0.000000
0.000000,-4.624783,1.317952,-0.154712,0.000000,0.000000,0.000000
0.000000,-4.624549,1.317952,-0.154712,0.000000,0.000000,0.000000
0.000000,-4.624549,1.317952,-0.154712,0.000000,0.000000,0.000000
0.000000,-4.624431,1.317952,-0.154712,0.000000,0.000000,0.000000
0.000000,-4.624431,1.317952,-0.154712,0.000000,0.000000,0.000000
0.000000,-4.624702,1.317952,-0.154712,0.000000,0.000000,0.000000
0.000000,-4.625194,1.317952,-0.154712,0.000000,0.000000,0.000000
0.000000,-4.625194,1.317952,-0.154712,0.000000,0.000000,0.000000
0.000000,-4.625183,1.317952,-0.154712,0.000000,0.000000,0.000000
0.000000,-4.625183,1.317952,-0.154712,0.000000,0.000000,0.000000
0.000000,-4.625039,1.317952,-0.154712,0.000000,0.000000,0.000000
0.000000,-4.624799,1.317952,-0.154712,0.000000,0.000000,0.000000
0.000000,-4.624799,1.317952,-0.154712,0.000000,0.000000,0.000000
0.000000,-4.624531,1.317952,-0.154712,0.000000,0.000000,0.000000
0.000000,-4.624531,1.317952,-0.154712,0.000000,0.000000,0.000000
0.000000,-4.623988,1.317952,-0.154712,0.000000,0.000000,0.000000
0.000000,-4.624022,1.317952,-0.154712,0.000000,0.000000,0.000000
0.000000,-4.624022,1.317952,-0.154712,0.000000,0.000000,0.000000
0.000000,-4.623919,1.317952,-0.154712,0.000000,0.000000,0.000000
0.000000,-4.623919,1.317952,-0.154712,0.000000,0.000000,0.000000
0.000000,-4.623833,1.317952,-0.154712,0.000000,0.000000,0.000000
0.000000,-4.623694,1.317952,-0.154712,0.000000,0.000000,0.000000
0.000000,-4.623694,1.317952,-0.154712,0.000000,0.000000,0.000000
0.000000,-4.623702,1.317952,-0.154712,0.000000,0.000000,0.000000
0.000000,-4.623702,1.317952,-0.154712,0.000000,0.000000,0.000000
0.000000,-4.623039,1.317952,-0.154712,0.000000,0.000000,0.000000
0.000000,-4.623044,1.317952,-0.154712,0.000000,0.000000,0.000000
0.000000,-4.623044,1.317952,-0.154712,0.000000,0.000000,0.000000
0.000000,-4.623118,1.317952,-0.154712,0.000000,0.000000,0.000000
0.000000,-4.623118,1.317952,-0.154712,0.000000,0.000000,0.000000
0.000000,-4.623004,1.317952,-0.154712,0.000000,0.000000,0.000000
0.000000,-4.622660,1.317952,-0.154712,0.000000,0.000000,0.000000
0.000000,-4.622660,1.317952,-0.154712,0.000000,0.000000,0.000000
0.000000,-4.622573,1.317952,-0.154712,0.000000,0.000000,0.000000
0.000000,-4.622573,1.317952,-0.154712,0.000000,0.000000,0.000000
0.000000,-4.622457,1.317952,-0.154712,0.000000,0.000000,0.000000
0.000000,-4.622586,1.317952,-0.154712,0.000000,0.000000,0.000000
0.000000,-4.622586,1.317952,-0.154712,0.000000,0.000000,0.000000
0.000000,-4.622540,1.317952,-0.154712,0.000000,0.000000,0.000000
0.000000,-4.622540,1.317952,-0.154712,0.000000,0.000000,0.000000
0.000000,-4.622334,1.317952,-0.154712,0.000000,0.000000,0.000000
0.000000,-4.621665,1.317952,-0.154712,0.000000,0.000000,0.000000
0.000000,-4.621665,1.317952,-0.154712,0.000000,0.000000,0.000000
0.000000,-4.621272,1.317952,-0.154712,0.000000,0.000000,0.000000
0.000000,-4.621272,1.317952,-0.154712,0.000000,0.000000,0.000000
0.000000,-4.620807,1.317952,-0.154712,0.000000,0.000000,0.000000
0.000000,-4.620505,1.317952,-0.154712,0.000000,0.000000,0.000000
0.000000,-4.620505,1.317952,-0.154712,0.000000,0.000000,0.000000
0.000000,-4.620025,1.317952,-0.154712,0.000000,0.000000,0.000000
0.000000,-4.620025,1.317952,-0.154712,0.000000,0.000000,0.000000
0.000000,-4.619940,1.317952,-0.154712,0.000000,0.000000,0.000000
0.000000,-4.619870,1.317952,-0.154712,0.000000,0.000000,0.000000
0.000000,-4.619870,1.317952,-0.154712,0.000000,0.000000,0.000000
0.000000,-4.619873,1.317952,-0.154712,0.000000,0.000000,0.000000
0.000000,-4.619873,1.317952,-0.154712,0.000000,0.000000,0.000000
0.000000,-4.619248,1.317952,-0.154712,0.000000,0.000000,0.000000
0.000000,-4.618675,1.317952,-0.154712,0.000000,0.000000,0.000000
0.000000,-4.618675,1.317952,-0.154712,0.000000,0.000000,0.000000
0.000000,-4.617758,1.317952,-0.154712,0.000000,0.000000,0.000000
0.000000,-4.617758,1.317952,-0.154712,0.000000,0.000000,0.000000
0.000000,-4.617611,1.317952,-0.154712,0.000000,0.000000,0.000000
0.000000,-4.617136,1.317952,-0.154712,0.000000,0.000000,0.000000
0.000000,-4.617136,1.317952,-0.154712,0.000000,0.000000,0.000000
0.000000,-4.616682,1.317952,-0.154712,0.000000,0.000000,0.000000
0.000000,-4.616682,1.317952,-0.154712,0.000000,0.000000,0.000000
0.000000,-4.615865,1.317952,-0.154712,0.000000,0.000000,0.000000
0.000000,-4.615963,1.317952,-0.154712,0.000000,0.000000,0.000000
0.000000,-4.615963,1.317952,-0.154712,0.000000,0.000000,0.000000
0.000000,-4.616068,1.317952,-0.154712,0.000000,0.000000,0.000000
0.000000,-4.616068,1.317952,-0.154712,0.000000,0.000000,0.000000
0.000000,-4.616196,1.317952,-0.154712,0.000000,0.000000,0.000000
0.000000,-4.616199,1.317952,-0.154712,0.000000,0.000000,0.000000
0.000000,-4.616199,1.317952,-0.154712,0.000000,0.000000,0.000000
0.000000,-4.616265,1.317952,-0.154712,0.000000,0.000000,0.000000
0.000000,-4.616265,1.317952,-0.154712,0.000000,0.000000,0.000000
0.000000,-4.615760,1.317952,-0.154712,0.000000,0.000000,0.000000
0.000000,-4.615705,1.317952,-0.154712,0.000000,0.000000,0.000000
0.000000,-4.615705,1.317952,-0.154712,0.000000,0.000000,0.000000
0.000000,-4.615749,1.317952,-0.154712,0.000000,0.000000,0.000000
0.000000,-4.615749,1.317952,-0.154712,0.000000,0.000000,0.000000
0.000000,-4.615664,1.317952,-0.154712,0.000000,0.000000,0.000000
0.000000,-4.615160,1.317952,-0.154712,0.000000,0.000000,0.000000
0.000000,-4.615160,1.317952,-0.154712,0.000000,0.000000,0.000000
0.000000,-4.614891,1.317952,-0.154712,0.000000,0.000000,0.000000
0.000000,-4.614891,1.317952,-0.154712,0.000000,0.000000,0.000000
0.000000,-4.614354,1.317952,-0.154712,0.000000,0.000000,0.000000
0.000000,-4.613872,1.317952,-0.154712,0.000000,0.000000,0.000000
0.000000,-4.613872,1.317952,-0.154712,0.000000,0.000000,0.000000
0.000000,-4.613413,1.317952,-0.154712,0.000000,0.000000,0.000000
0.000000,-4.613413,1.317952,-0.154712,0.000000,0.000000,0.000000
0.000000,-4.613571,1.317952,-0.154712,0.000000,0.000000,0.000000
0.000000,-4.613468,1.317952,-0.154712,0.000000,0.000000,0.000000
0.000000,-4.613468,1.317952,-0.154712,0.000000,0.000000,0.000000
0.000000,-4.613047,1.317952,-0.154712,0.000000,0.000000,0.000000
0.000000,-4.613047,1.317952,-0.154712,0.000000,0.000000,0.000000
0.000000,-4.612341,1.317952,-0.154712,0.000000,0.000000,0.000000
0.000000,-4.612222,1.317952,-0.154712,0.000000,0.000000,0.000000
0.000000,-4.612222,1.317952,-0.154712,0.000000,0.000000,0.000000
0.000000,-4.612010,1.317952,-0.154712,0.000000,0.000000,0.000000
0.000000,-4.612010,1.317952,-0.154712,0.000000,0.000000,0.000000
0.000000,-4.612198,1.317952,-0.154712,0.000000,0.000000,0.000000
0.000000,-4.612411,1.317952,-0.154712,0.000000,0.000000,0.000000
0.000000,-4.612411,1.317952,-0.154712,0.000000,0.000000,0.000000
0.000000,-4.612354,1.317952,-0.154712,0.000000,0.000000,0.000000
0.000000,-4.612354,1.317952,-0.154712,0.000000,0.000000,0.000000
0.000000,-4.611702,1.317952,-0.154712,0.000000,0.000000,0.000000
0.000000,-4.611342,1.317952,-0.154712,0.000000,0.000000,0.000000
0.000000,-4.611342,1.317952,-0.154712,0.000000,0.000000,0.000000
0.000000,-4.610800,1.317952,-0.154712,0.000000,0.000000,0.000000
0.000000,-4.610800,1.317952,-0.154712,0.000000,0.000000,0.000000
0.000000,-4.610473,1.317952,-0.154712,0.000000,0.000000,0.000000
0.000000,-4.609962,1.317952,-0.154712,0.000000,0.000000,0.000000
0.000000,-4.609962,1.317952,-0.154712,0.000000,0.000000,0.000000
0.000000,-4.610056,1.317952,-0.154712,0.000000,0.000000,0.000000
0.000000,-4.610056,1.317952,-0.154712,0.000000,0.000000,0.000000
0.000000,-4.609778,1.317952,-0.154712,0.000000,0.000000,0.000000
0.000000,-4.609360,1.317952,-0.154712,0.000000,0.000000,0.000000
0.000000,-4.609360,1.317952,-0.154712,0.000000,0.000000,0.000000
0.000000,-4.609018,1.317952,-0.154712,0.000000,0.000000,0.000000
0.000000,-4.609018,1.317952,-0.154712,0.000000,0.000000,0.000000
0.000000,-4.609174,1.317952,-0.154712,0.000000,0.000000,0.000000
0.000000,-4.609166,1.317952,-0.154712,0.000000,0.000000,0.000000
0.000000,-4.609166,1.317952,-0.154712,0.000000,0.000000,0.000000
0.000000,-4.609474,1.317952,-0.154712,0.000000,0.000000,0.000000
0.000000,-4.609474,1.317952,-0.154712,0.000000,0.000000,0.000000
0.000000,-4.609779,1.317952,-0.154712,0.000000,0.000000,0.000000
0.000000,-4.609508,1.317952,-0.154712,0.000000,0.000000,0.000000
0.000000,-4.609508,1.317952,-0.154712,0.000000,0.000000,0.000000
0.000000,-4.608975,1.317952,-0.154712,0.000000,0.000000,0.000000
0.000000,-4.608975,1.317952,-0.154712,0.000000,0.000000,0.000000
0.000000,-4.608738,1.317952,-0.154712,0.000000,0.000000,0.000000
0.000000,-4.608312,1.317952,-0.154712,0.000000,0.000000,0.000000
0.000000,-4.608312,1.317952,-0.154712,0.000000,0.000000,0.000000
0.000000,-4.608591,1.317952,-0.154712,0.000000,0.000000,0.000000
0.000000,-4.608591,1.317952,-0.154712,0.000000,0.000000,0.000000
0.000000,-4.608957,1.317952,-0.154712,0.000000,0.000000,0.000000
0.000000,-4.609204,1.317952,-0.154712,0.000000,0.000000,0.000000
0.000000,-4.609204,1.317952,-0.154712,0.000000,0.000000,0.000000
0.000000,-4.609287,1.317952,-0.154712,0.000000,0.000000,0.000000
0.000000,-4.609287,1.317952,-0.154712,0.000000,0.000000,0.000000
0.000000,-4.609383,1.317952,-0.154712,0.000000,0.000000,0.000000
0.000000,-4.608893,1.317952,-0.154712,0.000000,0.000000,0.000000
0.000000,-4.608893,1.317952,-0.154712,0.000000,0.000000,0.000000
0.000000,-4.608899,1.317952,-0.154712,0.000000,0.000000,0.000000
0.000000,-4.608899,1.317952,-0.154712,0.000000,0.000000,0.000000
0.000000,-4.608945,1.317952,-0.154712,0.000000,0.000000,0.000000
0.000000,-4.609163,1.317952,-0.154712,0.000000,0.000000,0.000000
0.000000,-4.609163,1.317952,-0.154712,0.000000,0.000000,0.000000
0.000000,-4.609532,1.317952,-0.154712,0.000000,0.000000,0.000000
0.000000,-4.609532,1.317952,-0.154712,0.000000,0.000000,0.000000
0.000000,-4.609413,1.317952,-0.154712,0.000000,0.000000,0.000000
0.000000,-4.609057,1.317952,-0.154712,0.000000,0.000000,0.000000
0.000000,-4.609057,1.317952,-0.154712,0.000000,0.000000,0.000000
0.000000,-4.608879,1.317952,-0.154712,0.000000,0.000000,0.000000
0.000000,-4.608879,1.317952,-0.154712,0.000000,0.000000,0.000000
0.000000,-4.608575,1.317952,-0.154712,0.000000,0.000000,0.000000
0.000000,-4.608549,1.317952,-0.154712,0.000000,0.000000,0.000000
0.000000,-4.608549,1.317952,-0.154712,0.000000,0.000000,0.000000
0.000000,-4.607443,1.317952,-0.154712,0.000000,0.000000,0.000000
0.000000,-4.607443,1.317952,-0.154712,0.000000,0.000000,0.000000
0.000000,-4.607052,1.317952,-0.154712,0.000000,0.000000,0.000000
0.000000,-4.606657,1.317952,-0.154712,0.000000,0.000000,0.000000
0.000000,-4.606657,1.317952,-0.154712,0.000000,0.000000,0.000000
0.000000,-4.606602,1.317952,-0.154712,0.000000,0.000000,0.000000
0.000000,-4.606602,1.317952,-0.154712,0.000000,0.000000,0.000000
0.000000,-4.606162,1.317952,-0.154712,0.000000,0.000000,0.000000
0.000000,-4.606018,1.317952,-0.154712,0.000000,0.000000,0.000000
0.000000,-4.606018,1.317952,-0.154712,0.000000,0.000000,0.000000
0.000000,-4.605461,1.317952,-0.154712,0.000000,0.000000,0.000000
0.000000,-4.605461,1.317952,-0.154712,0.000000,0.000000,0.000000
0.000000,-4.605073,1.317952,-0.154712,0.000000,0.000000,0.000000
0.000000,-4.604621,1.317952,-0.154712,0.000000,0.000000,0.000000
0.000000,-4.604621,1.317952,-0.154712,0.000000,0.000000,0.000000
0.000000,-4.604990,1.317952,-0.154712,0.000000,0.000000,0.000000
0.000000,-4.604990,1.317952,-0.154712,0.000000,0.000000,0.000000
0.000000,-4.604780,1.317952,-0.154712,0.000000,0.000000,0.000000
0.000000,-4.604209,1.317952,-0.154712,0.000000,0.000000,0.000000
0.000000,-4.604209,1.317952,-0.154712,0.000000,0.000000,0.000000
0.000000,-4.603606,1.317952,-0.154712,0.000000,0.000000,0.000000
0.000000,-4.603606,1.317952,-0.154712,0.000000,0.000000,0.000000
0.000000,-4.603759,1.317952,-0.154712,0.000000,0.000000,0.000000
0.000000,-4.604147,1.317952,-0.154712,0.000000,0.000000,0.000000
0.000000,-4.604147,1.317952,-0.154712,0.000000,0.000000,0.000000
0.000000,-4.604242,1.317952,-0.154712,0.000000,0.000000,0.000000
0.000000,-4.604242,1.317952,-0.154712,0.000000,0.000000,0.000000
0.000000,-4.603951,1.317952,-0.154712,0.000000,0.000000,0.000000
0.000000,-4.603866,1.317952,-0.154712,0.000000,0.000000,0.000000
0.000000,-4.603866,1.317952,-0.154712,0.000000,0.000000,0.000000
0.000000,-4.603630,1.317952,-0.154712,0.000000,0.000000,0.000000
0.000000,-4.603630,1.317952,-0.154712,0.000000,0.000000,0.000000
0.000000,-4.603667,1.317952,-0.154712,0.000000,0.000000,0.000000
0.000000,-4.603871,1.317952,-0.154712,0.000000,0.000000,0.000000
0.000000,-4.603871,1.317952,-0.154712,0.000000,0.000000,0.000000
0.000000,-4.604185,1.317952,-0.154712,0.000000,0.000000,0.000000
0.000000,-4.604185,1.317952,-0.154712,0.000000,0.000000,0.000000
0.000000,-4.604096,1.317952,-0.154712,0.000000,0.000000,0.000000
0.000000,-4.604130,1.317952,-0.154712,0.000000,0.000000,0.000000
0.000000,-4.604130,1.317952,-0.154712,0.000000,0.000000,0.000000
0.000000,-4.604022,1.317952,-0.154712,0.000000,0.000000,0.000000
0.000000,-4.604022,1.317952,-0.154712,0.000000,0.000000,0.000000
0.000000,-4.603948,1.317952,-0.154712,0.000000,0.000000,0.000000
0.000000,-4.604059,1.317952,-0.154712,0.000000,0.000000,0.000000
0.000000,-4.604059,1.317952,-0.154712,0.000000,0.000000,0.000000
0.000000,-4.604059,1.317952,-0.154712,0.000000,0.000000,0.000000
0.000000,-4.604059,1.317952,-0.154712,0.000000,0.000000,0.000000
0.000000,-4.603892,1.317952,-0.154712,0.000000,0.000000,0.000000
0.000000,-4.603892,1.317952,-0.154712,0.000000,0.000000,0.000000
0.000000,-4.603892,1.317952,-0.154712,0.000000,0.000000,0.000000
0.000000,-4.603717,1.317952,-0.154712,0.000000,0.000000,0.000000
0.000000,-4.603717,1.317952,-0.154712,0.000000,0.000000,0.000000
0.000000,-4.603717,1.317952,-0.154712,0.000000,0.000000,0.000000
0.000000,-4.603585,1.317952,-0.154712,0.000000,0.000000,0.000000
0.000000,-4.603585,1.317952,-0.154712,0.000000,0.000000,0.000000
0.000000,-4.603585,1.317952,-0.154712,0.000000,0.000000,0.000000
0.000000,-4.603585,1.317952,-0.154712,0.000000,0.000000,0.000000
0.000000,-4.603456,1.317952,-0.154712,0.000000,0.000000,0.000000
0.000000,-4.603456,1.317952,-0.154712,0.000000,0.000000,0.000000
0.000000,-4.603456,1.317952,-0.154712,0.000000,0.000000,0.000000
0.000000,-4.603318,1.317952,-0.154712,0.000000,0.000000,0.000000
0.000000,-4.603318,1.317952,-0.154712,0.000000,0.000000,0.000000
0.000000,-4.603318,1.317952,-0.154712,0.000000,0.000000,0.000000
0.000000,-4.603162,1.317952,-0.154712,0.000000,0.000000,0.000000
0.000000,-4.603162,1.317952,-0.154712,0.000000,0.000000,0.000000
0.000000,-4.603162,1.317952,-0.154712,0.000000,0.000000,0.000000
0.000000,-4.603162,1.317952,-0.154712,0.000000,0.000000,0.000000
0.000000,-4.602991,1.317952,-0.154712,0.000000,0.000000,0.000000
0.000000,-4.602991,1.317952,-0.154712,0.000000,0.000000,0.000000
0.000000,-4.602991,1.317952,-0.154712,0.000000,0.000000,0.000000
0.000000,-4.602822,1.317952,-0.154712,0.000000,0.000000,0.000000
0.000000,-4.602822,1.317952,-0.154712,0.000000,0.000000,0.000000
0.000000,-4.602822,1.317952,-0.154712,0.000000,0.000000,0.000000
0.000000,-4.602654,1.317952,-0.154712,0.000000,0.000000,0.000000
0.000000,-4.602654,1.317952,-0.154712,0.000000,0.000000,0.000000
0.000000,-4.602654,1.317952,-0.154712,0.000000,0.000000,0.000000
0.000000,-4.602654,1.317952,-0.154712,0.000000,0.000000,0.000000
0.000000,-4.602484,1.317952,-0.154712,0.000000,0.000000,0.000000
0.000000,-4.602484,1.317952,-0.154712,0.000000,0.000000,0.000000
0.000000,-4.602484,1.317952,-0.154712,0.000000,0.000000,0.000000
0.000000,-4.602345,1.317952,-0.154712,0.000000,0.000000,0.000000
0.000000,-4.602345,1.317952,-0.154712,0.000000,0.000000,0.000000
0.000000,-4.602345,1.317952,-0.154712,0.000000,0.000000,0.000000
0.000000,-4.602193,1.317952,-0.154712,0.000000,0.000000,0.000000
0.000000,-4.602193,1.317952,-0.154712,0.000000,0.000000,0.000000
0.000000,-4.602193,1.317952,-0.154712,0.000000,0.000000,0.000000
0.000000,-4.602193,1.317952,-0.154712,0.000000,0.000000,0.000000
0.000000,-4.602043,1.317952,-0.154712,0.000000,0.000000,0.000000
0.000000,-4.602043,1.317952,-0.154712,0.000000,0.000000,0.000000
0.000000,-4.602043,1.317952,-0.154712,0.000000,0.000000,0.000000
0.000000,-4.601899,1.317952,-0.154712,0.000000,0.000000,0.000000
0.000000,-4.601899,1.317952,-0.154712,0.000000,0.000000,0.000000
0.000000,-4.601899,1.317952,-0.154712,0.000000,0.000000,0.000000
0.000000,-4.601760,1.317952,-0.154712,0.000000,0.000000,0.000000
0.000000,-4.601760,1.317952,-0.154712,0.000000,0.000000,0.000000
0.000000,-4.601760,1.317952,-0.154712,0.000000,0.000000,0.000000
0.000000,-4.601760,1.317952,-0.154712,0.000000,0.000000,0.000000
0.000000,-4.601620,1.317952,-0.154712,0.000000,0.000000,0.000000
0.000000,-4.601620,1.317952,-0.154712,0.000000,0.000000,0.000000
0.000000,-4.601620,1.317952,-0.154712,0.000000,0.000000,0.000000
0.000000,-4.601491,1.317952,-0.154712,0.000000,0.000000,0.000000
0.000000,-4.601491,1.317952,-0.154712,0.000000,0.000000,0.000000
0.000000,-4.601491,1.317952,-0.154712,0.000000,0.000000,0.000000
0.000000,-4.601332,1.317952,-0.154712,0.000000,0.000000,0.000000
0.000000,-4.601332,1.317952,-0.154712,0.000000,0.000000,0.000000
0.000000,-4.601332,1.317952,-0.154712,0.000000,0.000000,0.000000
0.000000,-4.601332,1.317952,-0.154712,0.000000,0.000000,0.000000
0.000000,-4.601144,1.317952,-0.154712,0.000000,0.000000,0.000000
0.000000,-4.601144,1.317952,-0.154712,0.000000,0.000000,0.000000
0.000000,-4.601144,1.317952,-0.154712,0.000000,0.000000,0.000000
0.000000,-4.600949,1.317952,-0.154712,0.000000,0.000000,0.000000
0.000000,-4.600949,1.317952,-0.154712,0.000000,0.000000,0.000000
0.000000,-4.600949,1.317952,-0.154712,0.000000,0.000000,0.000000
0.000000,-4.600799,1.317952,-0.154712,0.000000,0.000000,0.000000
0.000000,-4.600799,1.317952,-0.154712,0.000000,0.000000,0.000000
0.000000,-4.600799,1.317952,-0.154712,0.000000,0.000000,0.000000
0.000000,-4.600799,1.317952,-0.154712,0.000000,0.000000,0.000000
0.000000,-4.600656,1.317952,-0.154712,0.000000,0.000000,0.000000
0.000000,-4.600656,1.317952,-0.154712,0.000000,0.000000,0.000000
0.000000,-4.600656,1.317952,-0.154712,0.000000,0.000000,0.000000
0.000000,-4.600489,1.317952,-0.154712,0.000000,0.000000,0.000000
0.000000,-4.600489,1.317952,-0.154712,0.000000,0.000000,0.000000
0.000000,-4.600489,1.317952,-0.154712,0.000000,0.000000,0.000000
0.000000,-4.600329,1.317952,-0.154712,0.000000,0.000000,0.000000
0.000000,-4.600329,1.317952,-0.154712,0.000000,0.000000,0.000000
0.000000,-4.600329,1.317952,-0.154712,0.000000,0.000000,0.000000
0.000000,-4.600329,1.317952,-0.154712,0.000000,0.000000,0.000000
0.000000,-4.600194,1.317952,-0.154712,0.000000,0.000000,0.000000
0.000000,-4.600194,1.317952,-0.154712,0.000000,0.000000,0.000000
0.000000,-4.600194,1.317952,-0.154712,0.000000,0.000000,0.000000
0.000000,-4.600069,1.317952,-0.154712,0.000000,0.000000,0.000000
0.000000,-4.600069,1.317952,-0.154712,0.000000,0.000000,0.000000
0.000000,-4.600069,1.317952,-0.154712,0.000000,0.000000,0.000000
0.000000,-4.599921,1.317952,-0.154712,0.000000,0.000000,0.000000
0.000000,-4.599921,1.317952,-0.154712,0.000000,0.000000,0.000000
0.000000,-4.599921,1.317952,-0.154712,0.000000,0.000000,0.000000
0.000000,-4.599921,1.317952,-0.154712,0.000000,0.000000,0.000000
0.000000,-4.599793,1.317952,-0.154712,0.000000,0.000000,0.000000
0.000000,-4.599793,1.317952,-0.154712,0.000000,0.000000,0.000000
0.000000,-4.599793,1.317952,-0.154712,0.000000,0.000000,0.000000
0.000000,-4.599690,1.317952,-0.154712,0.000000,0.000000,0.000000
0.000000,-4.599690,1.317952,-0.154712,0.000000,0.000000,0.000000
0.000000,-4.599690,1.317952,-0.154712,0.000000,0.000000,0.000000
0.000000,-4.599596,1.317952,-0.154712,0.000000,0.000000,0.000000
0.000000,-4.599596,1.317952,-0.154712,0.000000,0.000000,0.000000
0.000000,-4.599596,1.317952,-0.154712,0.000000,0.000000,0.000000
0.000000,-4.599596,1.317952,-0.154712,0.000000,0.000000,0.000000
0.000000,-4.599494,1.317952,-0.154712,0.000000,0.000000,0.000000
0.000000,-4.599494,1.317952,-0.154712,0.000000,0.000000,0.000000
0.000000,-4.599494,1.317952,-0.154712,0.000000,0.000000,0.000000
0.000000,-4.599382,1.317952,-0.154712,0.000000,0.000000,0.000000
0.000000,-4.599382,1.317952,-0.154712,0.000000,0.000000,0.000000
0.000000,-4.599382,1.317952,-0.154712,0.000000,0.000000,0.000000
0.000000,-4.599292,1.317952,-0.154712,0.000000,0.000000,0.000000
0.000000,-4.599292,1.317952,-0.154712,0.000000,0.000000,0.000000
0.000000,-4.599292,1.317952,-0.154712,0.000000,0.000000,0.000000
0.000000,-4.599292,1.317952,-0.154712,0.000000,0.000000,0.000000
0.000000,-4.599165,1.317952,-0.154712,0.000000,0.000000,0.000000
0.000000,-4.599165,1.317952,-0.154712,0.000000,0.000000,0.000000
0.000000,-4.599165,1.317952,-0.154712,0.000000,0.000000,0.000000
0.000000,-4.599056,1.317952,-0.154712,0.000000,0.000000,0.000000
0.000000,-4.599056,1.317952,-0.154712,0.000000,0.000000,0.000000
0.000000,-4.599056,1.317952,-0.154712,0.000000,0.000000,0.000000
0.000000,-4.598946,1.317952,-0.154712,0.000000,0.000000,0.000000
0.000000,-4.598946,1.317952,-0.154712,0.000000,0.000000,0.000000
0.000000,-4.598946,1.317952,-0.154712,0.000000,0.000000,0.000000
0.000000,-4.598946,1.317952,-0.154712,0.000000,0.000000,0.000000
0.000000,-4.598828,1.317952,-0.154712,0.000000,0.000000,0.000000
0.000000,-4.598828,1.317952,-0.154712,0.000000,0.000000,0.000000
0.000000,-4.598828,1.317952,-0.154712,0.000000,0.000000,0.000000
0.000000,-4.598677,1.317952,-0.154712,0.000000,0.000000,0.000000
0.000000,-4.598677,1.317952,-0.154712,0.000000,0.000000,0.000000
0.000000,-4.598677,1.317952,-0.154712,0.000000,0.000000,0.000000
0.000000,-4.598529,1.317952,-0.154712,0.000000,0.000000,0.000000
0.000000,-4.598529,1.317952,-0.154712,0.000000,0.000000,0.000000
0.000000,-4.598529,1.317952,-0.154712,0.000000,0.000000,0.000000
0.000000,-4.598529,1.317952,-0.154712,0.000000,0.000000,0.000000
0.000000,-4.598364,1.317952,-0.154712,0.000000,0.000000,0.000000
0.000000,-4.598364,1.317952,-0.154712,0.000000,0.000000,0.000000
0.000000,-4.598364,1.317952,-0.154712,0.000000,0.000000,0.000000
0.000000,-4.598239,1.317952,-0.154712,0.000000,0.000000,0.000000
0.000000,-4.598239,1.317952,-0.154712,0.000000,0.000000,0.000000
0.000000,-4.598239,1.317952,-0.154712,0.000000,0.000000,0.000000
0.000000,-4.598143,1.317952,-0.154712,0.000000,0.000000,0.000000
0.000000,-4.598143,1.317952,-0.154712,0.000000,0.000000,0.000000
0.000000,-4.598143,1.317952,-0.154712,0.000000,0.000000,0.000000
0.000000,-4.598143,1.317952,-0.154712,0.000000,0.000000,0.000000
0.000000,-4.598067,1.317952,-0.154712,0.000000,0.000000,0.000000
0.000000,-4.598067,1.317952,-0.154712,0.000000,0.000000,0.000000
0.000000,-4.598067,1.317952,-0.154712,0.000000,0.000000,0.000000
0.000000,-4.597985,1.317952,-0.154712,0.000000,0.000000,0.000000
0.000000,-4.597985,1.317952,-0.154712,0.000000,0.000000,0.000000
0.000000,-4.597985,1.317952,-0.154712,0.000000,0.000000,0.000000
0.000000,-4.597876,1.317952,-0.154712,0.000000,0.000000,0.000000
0.000000,-4.597876,1.317952,-0.154712,0.000000,0.000000,0.000000
0.000000,-4.597876,1.317952,-0.154712,0.000000,0.000000,0.000000
0.000000,-4.597876,1.317952,-0.154712,0.000000,0.000000,0.000000
0.000000,-4.597780,1.317952,-0.154712,0.000000,0.000000,0.000000
0.000000,-4.597780,1.317952,-0.154712,0.000000,0.000000,0.000000
0.000000,-4.597780,1.317952,-0.154712,0.000000,0.000000,0.000000
0.000000,-4.597693,1.317952,-0.154712,0.000000,0.000000,0.000000
0.000000,-4.597693,1.317952,-0.154712,0.000000,0.000000,0.000000
0.000000,-4.597693,1.317952,-0.154712,0.000000,0.000000,0.000000
0.000000,-4.597639,1.317952,-0.154712,0.000000,0.000000,0.000000
0.000000,-4.597639,1.317952,-0.154712,0.000000,0.000000,0.000000
0.000000,-4.597639,1.317952,-0.154712,0.000000,0.000000,0.000000
0.000000,-4.597639,1.317952,-0.154712,0.000000,0.000000,0.000000
0.000000,-4.597570,1.317952,-0.154712,0.000000,0.000000,0.000000
0.000000,-4.597570,1.317952,-0.154712,0.000000,0.000000,0.000000
0.000000,-4.597570,1.317952,-0.154712,0.000000,0.000000,0.000000
0.000000,-4.597473,1.317952,-0.154712,0.000000,0.000000,0.000000
0.000000,-4.597473,1.317952,-0.154712,0.000000,0.000000,0.000000
0.000000,-4.597473,1.317952,-0.154712,0.000000,0.000000,0.000000
0.000000,-4.597405,1.317952,-0.154712,0.000000,0.000000,0.000000
0.000000,-4.597405,1.317952,-0.154712,0.000000,0.000000,0.000000
0.000000,-4.597405,1.317952,-0.154712,0.000000,0.000000,0.000000
0.000000,-4.597405,1.317952,-0.154712,0.000000,0.000000,0.000000
0.000000,-4.597327,1.317952,-0.154712,0.000000,0.000000,0.000000
0.000000,-4.597327,1.317952,-0.154712,0.000000,0.000000,0.000000
0.000000,-4.597327,1.317952,-0.154712,0.000000,0.000000,0.000000
0.000000,-4.597202,1.317952,-0.154712,0.000000,0.000000,0.000000
0.000000,-4.597202,1.317952,-0.154712,0.000000,0.000000,0.000000
0.000000,-4.597202,1.317952,-0.154712,0.000000,0.000000,0.000000
0.000000,-4.597096,1.317952,-0.154712,0.000000,0.000000,0.000000
0.000000,-4.597096,1.317952,-0.154712,0.000000,0.000000,0.000000
0.000000,-4.597096,1.317952,-0.154712,0.000000,0.000000,0.000000
0.000000,-4.597096,1.317952,-0.154712,0.000000,0.000000,0.000000
0.000000,-4.596982,1.317952,-0.154712,0.000000,0.000000,0.000000
0.000000,-4.596982,1.317952,-0.154712,0.000000,0.000000,0.000000
0.000000,-4.596982,1.317952,-0.154712,0.000000,0.000000,0.000000
0.000000,-4.596859,1.317952,-0.154712,0.000000,0.000000,0.000000
