I0,I1,I2,I3,I4,I5,I6
0,-3.754235,1.304728,-0.004935,0,0,0
0,-3.75427,1.304728,-0.004935,0,0,0
0,-3.75427,1.304728,-0.004935,0,0,0
0,-3.75427,1.304728,-0.004935,0,0,0
0,-3.75427,1.304728,-0.004935,0,0,0
0,-3.754298,1.304728,-0.004935,0,0,0
0,-3.754298,1.304728,-0.004935,0,0,0
0,-3.754298,1.304728,-0.004935,0,0,0
0,-3.754322,1.304728,-0.004935,0,0,0
0,-3.754322,1.304728,-0.004935,0,0,0
0,-3.754322,1.304728,-0.004935,0,0,0
0,-3.754346,1.304728,-0.004935,0,0,0
0,-3.754346,1.304728,-0.004935,0,0,0
0,-3.754346,1.304728,-0.004935,0,0,0
0,-3.754346,1.304728,-0.004935,0,0,0
0,-3.754339,1.304728,-0.004935,0,0,0
0,-3.754339,1.304728,-0.004935,0,0,0
0,-3.754339,1.304728,-0.004935,0,0,0
0,-3.754313,1.304728,-0.004935,0,0,0
0,-3.754313,1.304728,-0.004935,0,0,0
0,-3.754313,1.304728,-0.004935,0,0,0
0,-3.754271,1.304728,-0.004935,0,0,0
0,-3.754271,1.304728,-0.004935,0,0,0
0,-3.754271,1.304728,-0.004935,0,0,0
0,-3.754271,1.304728,-0.004935,0,0,0
0,-3.754243,1.304728,-0.004935,0,0,0
0,-3.754243,1.304728,-0.004935,0,0,0
0,-3.754243,1.304728,-0.004935,0,0,0
0,-3.754204,1.304728,-0.004935,0,0,0
0,-3.754204,1.304728,-0.004935,0,0,0
0,-3.754204,1.304728,-0.004935,0,0,0
0,-3.754142,1.304728,-0.004935,0,0,0
0,-3.754142,1.304728,-0.004935,0,0,0
0,-3.754142,1.304728,-0.004935,0,0,0
0,-3.754142,1.304728,-0.004935,0,0,0
0,-3.754125,1.304728,-0.004935,0,0,0
0,-3.754125,1.304728,-0.004935,0,0,0
0,-3.754125,1.304728,-0.004935,0,0,0
0,-3.754114,1.304728,-0.004935,0,0,0
0,-3.754114,1.304728,-0.004935,0,0,0
0,-3.754114,1.304728,-0.004935,0,0,0
0,-3.754137,1.304728,-0.004935,0,0,0
0,-3.754137,1.304728,-0.004935,0,0,0
0,-3.754137,1.304728,-0.004935,0,0,0
0,-3.754137,1.304728,-0.004935,0,0,0
0,-3.754202,1.304728,-0.004935,0,0,0
0,-3.754202,1.304728,-0.004935,0,0,0
0,-3.754202,1.304728,-0.004935,0,0,0
0,-3.754243,1.304728,-0.004935,0,0,0
0,-3.754243,1.304728,-0.004935,0,0,0
0,-3.754243,1.304728,-0.004935,0,0,0
0,-3.754281,1.304728,-0.004935,0,0,0
0,-3.754281,1.304728,-0.004935,0,0,0
0,-3.754281,1.304728,-0.004935,0,0,0
0,-3.754281,1.304728,-0.004935,0,0,0
0,-3.754328,1.304728,-0.004935,0,0,0
0,-3.754328,1.304728,-0.004935,0,0,0
0,-3.754328,1.304728,-0.004935,0,0,0
0,-3.754397,1.304728,-0.004935,0,0,0
0,-3.754397,1.304728,-0.004935,0,0,0
0,-3.754397,1.304728,-0.004935,0,0,0
0,-3.75448,1.304728,-0.004935,0,0,0
0,-3.75448,1.304728,-0.004935,0,0,0
0,-3.75448,1.304728,-0.004935,0,0,0
0,-3.75448,1.304728,-0.004935,0,0,0
0,-3.754546,1.304728,-0.004935,0,0,0
0,-3.754546,1.304728,-0.004935,0,0,0
0,-3.754546,1.304728,-0.004935,0,0,0
0,-3.754595,1.304728,-0.004935,0,0,0
0,-3.754595,1.304728,-0.004935,0,0,0
0,-3.754595,1.304728,-0.004935,0,0,0
0,-3.754645,1.304728,-0.004935,0,0,0
0,-3.754645,1.304728,-0.004935,0,0,0
0,-3.754645,1.304728,-0.004935,0,0,0
0,-3.754645,1.304728,-0.004935,0,0,0
0,-3.754712,1.304728,-0.004935,0,0,0
0,-3.754712,1.304728,-0.004935,0,0,0
0,-3.754712,1.304728,-0.004935,0,0,0
0,-3.754747,1.304728,-0.004935,0,0,0
0,-3.754747,1.304728,-0.004935,0,0,0
0,-3.754747,1.304728,-0.004935,0,0,0
0,-3.754784,1.304728,-0.004935,0,0,0
0,-3.754784,1.304728,-0.004935,0,0,0
0,-3.754784,1.304728,-0.004935,0,0,0
0,-3.754784,1.304728,-0.004935,0,0,0
0,-3.754803,1.304728,-0.004935,0,0,0
0,-3.754803,1.304728,-0.004935,0,0,0
0,-3.754803,1.304728,-0.004935,0,0,0
0,-3.754802,1.304728,-0.004935,0,0,0
0,-3.754802,1.304728,-0.004935,0,0,0
0,-3.754802,1.304728,-0.004935,0,0,0
0,-3.75478,1.304728,-0.004935,0,0,0
0,-3.75478,1.304728,-0.004935,0,0,0
0,-3.75478,1.304728,-0.004935,0,0,0
0,-3.75478,1.304728,-0.004935,0,0,0
0,-3.754754,1.304728,-0.004935,0,0,0
0,-3.754754,1.304728,-0.004935,0,0,0
0,-3.754754,1.304728,-0.004935,0,0,0
0,-3.754752,1.304728,-0.004935,0,0,0
0,-3.754752,1.304728,-0.004935,0,0,0
0,-3.754752,1.304728,-0.004935,0,0,0
0,-3.754768,1.304728,-0.004935,0,0,0
0,-3.754768,1.304728,-0.004935,0,0,0
0,-3.754768,1.304728,-0.004935,0,0,0
0,-3.754768,1.304728,-0.004935,0,0,0
0,-3.754765,1.304728,-0.004935,0,0,0
0,-3.754765,1.304728,-0.004935,0,0,0
0,-3.754765,1.304728,-0.004935,0,0,0
0,-3.754773,1.304728,-0.004935,0,0,0
0,-3.754773,1.304728,-0.004935,0,0,0
0,-3.754773,1.304728,-0.004935,0,0,0
0,-3.754758,1.304728,-0.004935,0,0,0
0,-3.754758,1.304728,-0.004935,0,0,0
0,-3.754758,1.304728,-0.004935,0,0,0
0,-3.754758,1.304728,-0.004935,0,0,0
0,-3.754728,1.304728,-0.004935,0,0,0
0,-3.754728,1.304728,-0.004935,0,0,0
0,-3.754728,1.304728,-0.004935,0,0,0
0,-3.754663,1.304728,-0.004935,0,0,0
0,-3.754663,1.304728,-0.004935,0,0,0
0,-3.754663,1.304728,-0.004935,0,0,0
0,-3.754748,1.304728,-0.004935,0,0,0
0,-3.754748,1.304728,-0.004935,0,0,0
0,-3.754748,1.304728,-0.004935,0,0,0
0,-3.754748,1.304728,-0.004935,0,0,0
0,-3.754705,1.304728,-0.004935,0,0,0
0,-3.754705,1.304728,-0.004935,0,0,0
0,-3.754705,1.304728,-0.004935,0,0,0
0,-3.754658,1.304728,-0.004935,0,0,0
0,-3.754658,1.304728,-0.004935,0,0,0
0,-3.754658,1.304728,-0.004935,0,0,0
0,-3.754625,1.304728,-0.004935,0,0,0
0,-3.754625,1.304728,-0.004935,0,0,0
0,-3.754625,1.304728,-0.004935,0,0,0
0,-3.754625,1.304728,-0.004935,0,0,0
0,-3.754572,1.304728,-0.004935,0,0,0
0,-3.754572,1.304728,-0.004935,0,0,0
0,-3.754572,1.304728,-0.004935,0,0,0
0,-3.754523,1.304728,-0.004935,0,0,0
0,-3.754523,1.304728,-0.004935,0,0,0
0,-3.754523,1.304728,-0.004935,0,0,0
0,-3.754486,1.304728,-0.004935,0,0,0
0,-3.754486,1.304728,-0.004935,0,0,0
0,-3.754486,1.304728,-0.004935,0,0,0
0,-3.754486,1.304728,-0.004935,0,0,0
0,-3.754488,1.304728,-0.004935,0,0,0
0,-3.754488,1.304728,-0.004935,0,0,0
0,-3.754488,1.304728,-0.004935,0,0,0
0,-3.754493,1.304728,-0.004935,0,0,0
0,-3.754493,1.304728,-0.004935,0,0,0
0,-3.754493,1.304728,-0.004935,0,0,0
0,-3.754504,1.304728,-0.004935,0,0,0
0,-3.754504,1.304728,-0.004935,0,0,0
0,-3.754504,1.304728,-0.004935,0,0,0
0,-3.754504,1.304728,-0.004935,0,0,0
0,-3.754478,1.304728,-0.004935,0,0,0
0,-3.754478,1.304728,-0.004935,0,0,0
0,-3.754478,1.304728,-0.004935,0,0,0
0,-3.754441,1.304728,-0.004935,0,0,0
0,-3.754441,1.304728,-0.004935,0,0,0
0,-3.754441,1.304728,-0.004935,0,0,0
0,-3.754414,1.304728,-0.004935,0,0,0
0,-3.754414,1.304728,-0.004935,0,0,0
0,-3.754414,1.304728,-0.004935,0,0,0
0,-3.754414,1.304728,-0.004935,0,0,0
0,-3.754364,1.304728,-0.004935,0,0,0
0,-3.754364,1.304728,-0.004935,0,0,0
0,-3.754364,1.304728,-0.004935,0,0,0
0,-3.754325,1.304728,-0.004935,0,0,0
0,-3.754325,1.304728,-0.004935,0,0,0
0,-3.754325,1.304728,-0.004935,0,0,0
0,-3.754265,1.304728,-0.004935,0,0,0
0,-3.754265,1.304728,-0.004935,0,0,0
0,-3.754265,1.304728,-0.004935,0,0,0
0,-3.754265,1.304728,-0.004935,0,0,0
0,-3.754245,1.304728,-0.004935,0,0,0
0,-3.754245,1.304728,-0.004935,0,0,0
0,-3.754245,1.304728,-0.004935,0,0,0
0,-3.754262,1.304728,-0.004935,0,0,0
0,-3.754262,1.304728,-0.004935,0,0,0
0,-3.754262,1.304728,-0.004935,0,0,0
0,-3.754254,1.304728,-0.004935,0,0,0
0,-3.754254,1.304728,-0.004935,0,0,0
0,-3.754254,1.304728,-0.004935,0,0,0
0,-3.754254,1.304728,-0.004935,0,0,0
0,-3.754291,1.304728,-0.004935,0,0,0
0,-3.754291,1.304728,-0.004935,0,0,0
0,-3.754291,1.304728,-0.004935,0,0,0
0,-3.754337,1.304728,-0.004935,0,0,0
0,-3.754337,1.304728,-0.004935,0,0,0
0,-3.754337,1.304728,-0.004935,0,0,0
0,-3.754389,1.304728,-0.004935,0,0,0
0,-3.754389,1.304728,-0.004935,0,0,0
0,-3.754389,1.304728,-0.004935,0,0,0
0,-3.754389,1.304728,-0.004935,0,0,0
0,-3.75443,1.304728,-0.004935,0,0,0
0,-3.75443,1.304728,-0.004935,0,0,0
0,-3.75443,1.304728,-0.004935,0,0,0
0,-3.754461,1.304728,-0.004935,0,0,0
0,-3.754461,1.304728,-0.004935,0,0,0
0,-3.754461,1.304728,-0.004935,0,0,0
0,-3.754438,1.304728,-0.004935,0,0,0
0,-3.754438,1.304728,-0.004935,0,0,0
0,-3.754438,1.304728,-0.004935,0,0,0
0,-3.754438,1.304728,-0.004935,0,0,0
0,-3.754437,1.304728,-0.004935,0,0,0
0,-3.754437,1.304728,-0.004935,0,0,0
0,-3.754437,1.304728,-0.004935,0,0,0
0,-3.754412,1.304728,-0.004935,0,0,0
0,-3.754412,1.304728,-0.004935,0,0,0
0,-3.754412,1.304728,-0.004935,0,0,0
0,-3.754391,1.304728,-0.004935,0,0,0
0,-3.754391,1.304728,-0.004935,0,0,0
0,-3.754391,1.304728,-0.004935,0,0,0
0,-3.754391,1.304728,-0.004935,0,0,0
0,-3.754371,1.304728,-0.004935,0,0,0
0,-3.754371,1.304728,-0.004935,0,0,0
0,-3.754371,1.304728,-0.004935,0,0,0
0,-3.754365,1.304728,-0.004935,0,0,0
0,-3.754365,1.304728,-0.004935,0,0,0
0,-3.754365,1.304728,-0.004935,0,0,0
0,-3.754389,1.304728,-0.004935,0,0,0
0,-3.754389,1.304728,-0.004935,0,0,0
0,-3.754389,1.304728,-0.004935,0,0,0
0,-3.754389,1.304728,-0.004935,0,0,0
0,-3.754447,1.304728,-0.004935,0,0,0
0,-3.754447,1.304728,-0.004935,0,0,0
0,-3.754447,1.304728,-0.004935,0,0,0
0,-3.754529,1.304728,-0.004935,0,0,0
0,-3.754529,1.304728,-0.004935,0,0,0
0,-3.754529,1.304728,-0.004935,0,0,0
0,-3.754579,1.304728,-0.004935,0,0,0
0,-3.754579,1.304728,-0.004935,0,0,0
0,-3.754579,1.304728,-0.004935,0,0,0
0,-3.754579,1.304728,-0.004935,0,0,0
0,-3.754626,1.304728,-0.004935,0,0,0
0,-3.754626,1.304728,-0.004935,0,0,0
0,-3.754626,1.304728,-0.004935,0,0,0
0,-3.754657,1.304728,-0.004935,0,0,0
0,-3.754657,1.304728,-0.004935,0,0,0
0,-3.754657,1.304728,-0.004935,0,0,0
0,-3.754665,1.304728,-0.004935,0,0,0
0,-3.754665,1.304728,-0.004935,0,0,0
0,-3.754665,1.304728,-0.004935,0,0,0
0,-3.754665,1.304728,-0.004935,0,0,0
0,-3.754652,1.304728,-0.004935,0,0,0
0,-3.754652,1.304728,-0.004935,0,0,0
0,-3.754652,1.304728,-0.004935,0,0,0
0,-3.75462,1.304728,-0.004935,0,0,0
0,-3.75462,1.304728,-0.004935,0,0,0
0,-3.75462,1.304728,-0.004935,0,0,0
0,-3.754598,1.304728,-0.004935,0,0,0
0,-3.754598,1.304728,-0.004935,0,0,0
0,-3.754598,1.304728,-0.004935,0,0,0
0,-3.754598,1.304728,-0.004935,0,0,0
0,-3.754613,1.304728,-0.004935,0,0,0
0,-3.754613,1.304728,-0.004935,0,0,0
0,-3.754613,1.304728,-0.004935,0,0,0
0,-3.754646,1.304728,-0.004935,0,0,0
0,-3.754646,1.304728,-0.004935,0,0,0
0,-3.754646,1.304728,-0.004935,0,0,0
0,-3.754672,1.304728,-0.004935,0,0,0
0,-3.754672,1.304728,-0.004935,0,0,0
0,-3.754672,1.304728,-0.004935,0,0,0
0,-3.754672,1.304728,-0.004935,0,0,0
0,-3.754704,1.304728,-0.004935,0,0,0
0,-3.754704,1.304728,-0.004935,0,0,0
0,-3.754704,1.304728,-0.004935,0,0,0
0,-3.754745,1.304728,-0.004935,0,0,0
0,-3.754745,1.304728,-0.004935,0,0,0
0,-3.754745,1.304728,-0.004935,0,0,0
0,-3.754782,1.304728,-0.004935,0,0,0
0,-3.754782,1.304728,-0.004935,0,0,0
0,-3.754782,1.304728,-0.004935,0,0,0
0,-3.754782,1.304728,-0.004935,0,0,0
0,-3.754788,1.304728,-0.004935,0,0,0
0,-3.754788,1.304728,-0.004935,0,0,0
0,-3.754788,1.304728,-0.004935,0,0,0
0,-3.754789,1.304728,-0.004935,0,0,0
0,-3.754789,1.304728,-0.004935,0,0,0
0,-3.754789,1.304728,-0.004935,0,0,0
0,-3.754804,1.304728,-0.004935,0,0,0
0,-3.754804,1.304728,-0.004935,0,0,0
0,-3.754804,1.304728,-0.004935,0,0,0
0,-3.754804,1.304728,-0.004935,0,0,0
0,-3.754844,1.304728,-0.004935,0,0,0
0,-3.754844,1.304728,-0.004935,0,0,0
0,-3.754844,1.304728,-0.004935,0,0,0
0,-3.754884,1.304728,-0.004935,0,0,0
0,-3.754884,1.304728,-0.004935,0,0,0
0,-3.754884,1.304728,-0.004935,0,0,0
0,-3.754925,1.304728,-0.004935,0,0,0
0,-3.754925,1.304728,-0.004935,0,0,0
0,-3.754925,1.304728,-0.004935,0,0,0
0,-3.754925,1.304728,-0.004935,0,0,0
0,-3.754947,1.304728,-0.004935,0,0,0
0,-3.754947,1.304728,-0.004935,0,0,0
0,-3.754947,1.304728,-0.004935,0,0,0
0,-3.754949,1.304728,-0.004935,0,0,0
0,-3.754949,1.304728,-0.004935,0,0,0
0,-3.754949,1.304728,-0.004935,0,0,0
0,-3.754938,1.304728,-0.004935,0,0,0
0,-3.754938,1.304728,-0.004935,0,0,0
0,-3.754938,1.304728,-0.004935,0,0,0
0,-3.754938,1.304728,-0.004935,0,0,0
0,-3.754907,1.304728,-0.004935,0,0,0
0,-3.754907,1.304728,-0.004935,0,0,0
0,-3.754907,1.304728,-0.004935,0,0,0
0,-3.75488,1.304728,-0.004935,0,0,0
0,-3.75488,1.304728,-0.004935,0,0,0
0,-3.75488,1.304728,-0.004935,0,0,0
0,-3.754839,1.304728,-0.004935,0,0,0
0,-3.754839,1.304728,-0.004935,0,0,0
0,-3.754839,1.304728,-0.004935,0,0,0
0,-3.754839,1.304728,-0.004935,0,0,0
0,-3.754786,1.304728,-0.004935,0,0,0
0,-3.754786,1.304728,-0.004935,0,0,0
0,-3.754786,1.304728,-0.004935,0,0,0
0,-3.754731,1.304728,-0.004935,0,0,0
0,-3.754731,1.304728,-0.004935,0,0,0
0,-3.754731,1.304728,-0.004935,0,0,0
0,-3.754716,1.304728,-0.004935,0,0,0
0,-3.754716,1.304728,-0.004935,0,0,0
0,-3.754716,1.304728,-0.004935,0,0,0
0,-3.754716,1.304728,-0.004935,0,0,0
0,-3.754695,1.304728,-0.004935,0,0,0
0,-3.754695,1.304728,-0.004935,0,0,0
0,-3.754695,1.304728,-0.004935,0,0,0
0,-3.75468,1.304728,-0.004935,0,0,0
0,-3.75468,1.304728,-0.004935,0,0,0
0,-3.75468,1.304728,-0.004935,0,0,0
0,-3.754695,1.304728,-0.004935,0,0,0
0,-3.754695,1.304728,-0.004935,0,0,0
0,-3.754695,1.304728,-0.004935,0,0,0
0,-3.754695,1.304728,-0.004935,0,0,0
0,-3.754711,1.304728,-0.004935,0,0,0
0,-3.754711,1.304728,-0.004935,0,0,0
0,-3.754711,1.304728,-0.004935,0,0,0
0,-3.754738,1.304728,-0.004935,0,0,0
0,-3.754738,1.304728,-0.004935,0,0,0
0,-3.754738,1.304728,-0.004935,0,0,0
0,-3.754763,1.304728,-0.004935,0,0,0
0,-3.754763,1.304728,-0.004935,0,0,0
0,-3.754763,1.304728,-0.004935,0,0,0
0,-3.754763,1.304728,-0.004935,0,0,0
0,-3.754781,1.304728,-0.004935,0,0,0
0,-3.754781,1.304728,-0.004935,0,0,0
0,-3.754781,1.304728,-0.004935,0,0,0
0,-3.754839,1.304728,-0.004935,0,0,0
0,-3.754839,1.304728,-0.004935,0,0,0
0,-3.754839,1.304728,-0.004935,0,0,0
0,-3.754894,1.304728,-0.004935,0,0,0
0,-3.754894,1.304728,-0.004935,0,0,0
0,-3.754894,1.304728,-0.004935,0,0,0
0,-3.754894,1.304728,-0.004935,0,0,0
0,-3.754931,1.304728,-0.004935,0,0,0
0,-3.754931,1.304728,-0.004935,0,0,0
0,-3.754931,1.304728,-0.004935,0,0,0
0,-3.754971,1.304728,-0.004935,0,0,0
0,-3.754971,1.304728,-0.004935,0,0,0
0,-3.754971,1.304728,-0.004935,0,0,0
0,-3.754997,1.304728,-0.004935,0,0,0
0,-3.754997,1.304728,-0.004935,0,0,0
0,-3.754997,1.304728,-0.004935,0,0,0
0,-3.754997,1.304728,-0.004935,0,0,0
0,-3.755023,1.304728,-0.004935,0,0,0
0,-3.755023,1.304728,-0.004935,0,0,0
0,-3.755023,1.304728,-0.004935,0,0,0
0,-3.755057,1.304728,-0.004935,0,0,0
0,-3.755057,1.304728,-0.004935,0,0,0
0,-3.755057,1.304728,-0.004935,0,0,0
0,-3.755072,1.304728,-0.004935,0,0,0
0,-3.755072,1.304728,-0.004935,0,0,0
0,-3.755072,1.304728,-0.004935,0,0,0
0,-3.755072,1.304728,-0.004935,0,0,0
0,-3.75504,1.304728,-0.004935,0,0,0
0,-3.75504,1.304728,-0.004935,0,0,0
0,-3.75504,1.304728,-0.004935,0,0,0
0,-3.755028,1.304728,-0.004935,0,0,0
0,-3.755028,1.304728,-0.004935,0,0,0
0,-3.755028,1.304728,-0.004935,0,0,0
0,-3.755036,1.304728,-0.004935,0,0,0
0,-3.755036,1.304728,-0.004935,0,0,0
0,-3.755036,1.304728,-0.004935,0,0,0
0,-3.755036,1.304728,-0.004935,0,0,0
0,-3.755055,1.304728,-0.004935,0,0,0
0,-3.755055,1.304728,-0.004935,0,0,0
0,-3.755055,1.304728,-0.004935,0,0,0
0,-3.755055,1.304728,-0.004935,0,0,0
0,-3.755055,1.304728,-0.004935,0,0,0
0,-3.755055,1.304728,-0.004935,0,0,0
0,-3.755064,1.304728,-0.004935,0,0,0
0,-3.755064,1.304728,-0.004935,0,0,0
0,-3.755064,1.304728,-0.004935,0,0,0
0,-3.755064,1.304728,-0.004935,0,0,0
0,-3.755082,1.304728,-0.004935,0,0,0
0,-3.755082,1.304728,-0.004935,0,0,0
0,-3.755082,1.304728,-0.004935,0,0,0
0,-3.755092,1.304728,-0.004935,0,0,0
0,-3.755092,1.304728,-0.004935,0,0,0
0,-3.755092,1.304728,-0.004935,0,0,0
0,-3.755117,1.304728,-0.004935,0,0,0
0,-3.755117,1.304728,-0.004935,0,0,0
0,-3.755117,1.304728,-0.004935,0,0,0
0,-3.755117,1.304728,-0.004935,0,0,0
0,-3.755145,1.304728,-0.004935,0,0,0
0,-3.755145,1.304728,-0.004935,0,0,0
0,-3.755145,1.304728,-0.004935,0,0,0
0,-3.755183,1.304728,-0.004935,0,0,0
0,-3.755183,1.304728,-0.004935,0,0,0
0,-3.755183,1.304728,-0.004935,0,0,0
0,-3.75523,1.304728,-0.004935,0,0,0
0,-3.75523,1.304728,-0.004935,0,0,0
0,-3.75523,1.304728,-0.004935,0,0,0
0,-3.75523,1.304728,-0.004935,0,0,0
0,-3.755303,1.304728,-0.004935,0,0,0
0,-3.755303,1.304728,-0.004935,0,0,0
0,-3.755303,1.304728,-0.004935,0,0,0
0,-3.755358,1.304728,-0.004935,0,0,0
0,-3.755358,1.304728,-0.004935,0,0,0
0,-3.755358,1.304728,-0.004935,0,0,0
0,-3.755406,1.304728,-0.004935,0,0,0
0,-3.755406,1.304728,-0.004935,0,0,0
0,-3.755406,1.304728,-0.004935,0,0,0
0,-3.755406,1.304728,-0.004935,0,0,0
0,-3.755435,1.304728,-0.004935,0,0,0
0,-3.755435,1.304728,-0.004935,0,0,0
0,-3.755435,1.304728,-0.004935,0,0,0
0,-3.755451,1.304728,-0.004935,0,0,0
0,-3.755451,1.304728,-0.004935,0,0,0
0,-3.755451,1.304728,-0.004935,0,0,0
0,-3.755455,1.304728,-0.004935,0,0,0
0,-3.755455,1.304728,-0.004935,0,0,0
0,-3.755455,1.304728,-0.004935,0,0,0
0,-3.755455,1.304728,-0.004935,0,0,0
0,-3.755453,1.304728,-0.004935,0,0,0
0,-3.755453,1.304728,-0.004935,0,0,0
0,-3.755453,1.304728,-0.004935,0,0,0
0,-3.755436,1.304728,-0.004935,0,0,0
0,-3.755436,1.304728,-0.004935,0,0,0
0,-3.755436,1.304728,-0.004935,0,0,0
0,-3.755428,1.304728,-0.004935,0,0,0
0,-3.755428,1.304728,-0.004935,0,0,0
0,-3.755428,1.304728,-0.004935,0,0,0
0,-3.755428,1.304728,-0.004935,0,0,0
0,-3.755414,1.304728,-0.004935,0,0,0
0,-3.755414,1.304728,-0.004935,0,0,0
0,-3.755414,1.304728,-0.004935,0,0,0
0,-3.755399,1.304728,-0.004935,0,0,0
0,-3.755399,1.304728,-0.004935,0,0,0
0,-3.755399,1.304728,-0.004935,0,0,0
0,-3.755371,1.304728,-0.004935,0,0,0
0,-3.755371,1.304728,-0.004935,0,0,0
0,-3.755371,1.304728,-0.004935,0,0,0
0,-3.755371,1.304728,-0.004935,0,0,0
0,-3.755314,1.304728,-0.004935,0,0,0
0,-3.755314,1.304728,-0.004935,0,0,0
0,-3.755314,1.304728,-0.004935,0,0,0
0,-3.755276,1.304728,-0.004935,0,0,0
0,-3.755276,1.304728,-0.004935,0,0,0
0,-3.755276,1.304728,-0.004935,0,0,0
0,-3.755259,1.304728,-0.004935,0,0,0
0,-3.755259,1.304728,-0.004935,0,0,0
0,-3.755259,1.304728,-0.004935,0,0,0
0,-3.755259,1.304728,-0.004935,0,0,0
0,-3.755257,1.304728,-0.004935,0,0,0
0,-3.755257,1.304728,-0.004935,0,0,0
0,-3.755257,1.304728,-0.004935,0,0,0
0,-3.755254,1.304728,-0.004935,0,0,0
0,-3.755254,1.304728,-0.004935,0,0,0
0,-3.755254,1.304728,-0.004935,0,0,0
0,-3.755302,1.304728,-0.004935,0,0,0
0,-3.755302,1.304728,-0.004935,0,0,0
0,-3.755302,1.304728,-0.004935,0,0,0
0,-3.755302,1.304728,-0.004935,0,0,0
0,-3.755338,1.304728,-0.004935,0,0,0
0,-3.755338,1.304728,-0.004935,0,0,0
0,-3.755338,1.304728,-0.004935,0,0,0
0,-3.755369,1.304728,-0.004935,0,0,0
0,-3.755369,1.304728,-0.004935,0,0,0
0,-3.755369,1.304728,-0.004935,0,0,0
0,-3.755369,1.304728,-0.004935,0,0,0
0,-3.755369,1.304728,-0.004935,0,0,0
0,-3.755369,1.304728,-0.004935,0,0,0
0,-3.755369,1.304728,-0.004935,0,0,0
0,-3.755399,1.304728,-0.004935,0,0,0
0,-3.755399,1.304728,-0.004935,0,0,0
0,-3.755399,1.304728,-0.004935,0,0,0
0,-3.755446,1.304728,-0.004935,0,0,0
0,-3.755446,1.304728,-0.004935,0,0,0
0,-3.755446,1.304728,-0.004935,0,0,0
0,-3.755468,1.304728,-0.004935,0,0,0
0,-3.755468,1.304728,-0.004935,0,0,0
0,-3.755468,1.304728,-0.004935,0,0,0
0,-3.755468,1.304728,-0.004935,0,0,0
0,-3.75548,1.304728,-0.004935,0,0,0
0,-3.75548,1.304728,-0.004935,0,0,0
0,-3.75548,1.304728,-0.004935,0,0,0
0,-3.755488,1.304728,-0.004935,0,0,0
0,-3.755488,1.304728,-0.004935,0,0,0
0,-3.755488,1.304728,-0.004935,0,0,0
0,-3.755496,1.304728,-0.004935,0,0,0
0,-3.755496,1.304728,-0.004935,0,0,0
0,-3.755496,1.304728,-0.004935,0,0,0
0,-3.755496,1.304728,-0.004935,0,0,0
0,-3.755507,1.304728,-0.004935,0,0,0
0,-3.755507,1.304728,-0.004935,0,0,0
0,-3.755507,1.304728,-0.004935,0,0,0
0,-3.7555,1.304728,-0.004935,0,0,0
0,-3.7555,1.304728,-0.004935,0,0,0
0,-3.7555,1.304728,-0.004935,0,0,0
0,-3.755464,1.304728,-0.004935,0,0,0
0,-3.755464,1.304728,-0.004935,0,0,0
0,-3.755464,1.304728,-0.004935,0,0,0
0,-3.755464,1.304728,-0.004935,0,0,0
0,-3.755423,1.304728,-0.004935,0,0,0
0,-3.755423,1.304728,-0.004935,0,0,0
0,-3.755423,1.304728,-0.004935,0,0,0
0,-3.755387,1.304728,-0.004935,0,0,0
0,-3.755387,1.304728,-0.004935,0,0,0
0,-3.755387,1.304728,-0.004935,0,0,0
0,-3.755378,1.304728,-0.004935,0,0,0
0,-3.755378,1.304728,-0.004935,0,0,0
0,-3.755378,1.304728,-0.004935,0,0,0
0,-3.755378,1.304728,-0.004935,0,0,0
0,-3.755394,1.304728,-0.004935,0,0,0
0,-3.755394,1.304728,-0.004935,0,0,0
0,-3.755394,1.304728,-0.004935,0,0,0
0,-3.755413,1.304728,-0.004935,0,0,0
0,-3.755413,1.304728,-0.004935,0,0,0
0,-3.755413,1.304728,-0.004935,0,0,0
0,-3.755429,1.304728,-0.004935,0,0,0
0,-3.755429,1.304728,-0.004935,0,0,0
0,-3.755429,1.304728,-0.004935,0,0,0
0,-3.755429,1.304728,-0.004935,0,0,0
0,-3.755419,1.304728,-0.004935,0,0,0
0,-3.755419,1.304728,-0.004935,0,0,0
0,-3.755419,1.304728,-0.004935,0,0,0
0,-3.755394,1.304728,-0.004935,0,0,0
0,-3.755394,1.304728,-0.004935,0,0,0
0,-3.755394,1.304728,-0.004935,0,0,0
0,-3.755342,1.304728,-0.004935,0,0,0
0,-3.755342,1.304728,-0.004935,0,0,0
0,-3.755342,1.304728,-0.004935,0,0,0
0,-3.755342,1.304728,-0.004935,0,0,0
0,-3.755294,1.304728,-0.004935,0,0,0
0,-3.755294,1.304728,-0.004935,0,0,0
0,-3.755294,1.304728,-0.004935,0,0,0
0,-3.755267,1.304728,-0.004935,0,0,0
0,-3.755267,1.304728,-0.004935,0,0,0
0,-3.755267,1.304728,-0.004935,0,0,0
0,-3.755256,1.304728,-0.004935,0,0,0
0,-3.755256,1.304728,-0.004935,0,0,0
0,-3.755256,1.304728,-0.004935,0,0,0
0,-3.755256,1.304728,-0.004935,0,0,0
0,-3.755219,1.304728,-0.004935,0,0,0
0,-3.755219,1.304728,-0.004935,0,0,0
0,-3.755219,1.304728,-0.004935,0,0,0
0,-3.755214,1.304728,-0.004935,0,0,0
0,-3.755214,1.304728,-0.004935,0,0,0
0,-3.755214,1.304728,-0.004935,0,0,0
0,-3.755206,1.304728,-0.004935,0,0,0
0,-3.755206,1.304728,-0.004935,0,0,0
0,-3.755206,1.304728,-0.004935,0,0,0
0,-3.755206,1.304728,-0.004935,0,0,0
0,-3.755225,1.304728,-0.004935,0,0,0
0,-3.755225,1.304728,-0.004935,0,0,0
0,-3.755225,1.304728,-0.004935,0,0,0
0,-3.755238,1.304728,-0.004935,0,0,0
0,-3.755238,1.304728,-0.004935,0,0,0
0,-3.755238,1.304728,-0.004935,0,0,0
0,-3.755259,1.304728,-0.004935,0,0,0
0,-3.755259,1.304728,-0.004935,0,0,0
0,-3.755259,1.304728,-0.004935,0,0,0
0,-3.755259,1.304728,-0.004935,0,0,0
0,-3.755304,1.304728,-0.004935,0,0,0
0,-3.755304,1.304728,-0.004935,0,0,0
0,-3.755304,1.304728,-0.004935,0,0,0
0,-3.755358,1.304728,-0.004935,0,0,0
0,-3.755358,1.304728,-0.004935,0,0,0
0,-3.755358,1.304728,-0.004935,0,0,0
0,-3.755459,1.304728,-0.004935,0,0,0
0,-3.755459,1.304728,-0.004935,0,0,0
0,-3.755459,1.304728,-0.004935,0,0,0
0,-3.755459,1.304728,-0.004935,0,0,0
0,-3.755571,1.304728,-0.004935,0,0,0
0,-3.755571,1.304728,-0.004935,0,0,0
0,-3.755571,1.304728,-0.004935,0,0,0
0,-3.755681,1.304728,-0.004935,0,0,0
0,-3.755681,1.304728,-0.004935,0,0,0
0,-3.755681,1.304728,-0.004935,0,0,0
0,-3.755779,1.304728,-0.004935,0,0,0
0,-3.755779,1.304728,-0.004935,0,0,0
0,-3.755779,1.304728,-0.004935,0,0,0
0,-3.755779,1.304728,-0.004935,0,0,0
0,-3.755827,1.304728,-0.004935,0,0,0
0,-3.755827,1.304728,-0.004935,0,0,0
0,-3.755827,1.304728,-0.004935,0,0,0
0,-3.755838,1.304728,-0.004935,0,0,0
0,-3.755838,1.304728,-0.004935,0,0,0
0,-3.755838,1.304728,-0.004935,0,0,0
0,-3.75582,1.304728,-0.004935,0,0,0
0,-3.75582,1.304728,-0.004935,0,0,0
0,-3.75582,1.304728,-0.004935,0,0,0
0,-3.75582,1.304728,-0.004935,0,0,0
0,-3.755764,1.304728,-0.004935,0,0,0
0,-3.755764,1.304728,-0.004935,0,0,0
0,-3.755764,1.304728,-0.004935,0,0,0
0,-3.755635,1.304728,-0.004935,0,0,0
0,-3.755635,1.304728,-0.004935,0,0,0
0,-3.755635,1.304728,-0.004935,0,0,0
0,-3.755454,1.304728,-0.004935,0,0,0
0,-3.755454,1.304728,-0.004935,0,0,0
0,-3.755454,1.304728,-0.004935,0,0,0
0,-3.755454,1.304728,-0.004935,0,0,0
0,-3.755237,1.304728,-0.004935,0,0,0
0,-3.755237,1.304728,-0.004935,0,0,0
0,-3.755237,1.304728,-0.004935,0,0,0
0,-3.755021,1.304728,-0.004935,0,0,0
0,-3.755021,1.304728,-0.004935,0,0,0
0,-3.755021,1.304728,-0.004935,0,0,0
0,-3.754821,1.304728,-0.004935,0,0,0
0,-3.754821,1.304728,-0.004935,0,0,0
0,-3.754821,1.304728,-0.004935,0,0,0
0,-3.754821,1.304728,-0.004935,0,0,0
0,-3.754672,1.304728,-0.004935,0,0,0
0,-3.754672,1.304728,-0.004935,0,0,0
0,-3.754672,1.304728,-0.004935,0,0,0
0,-3.754623,1.304728,-0.004935,0,0,0
0,-3.754623,1.304728,-0.004935,0,0,0
0,-3.754623,1.304728,-0.004935,0,0,0
0,-3.754675,1.304728,-0.004935,0,0,0
0,-3.754675,1.304728,-0.004935,0,0,0
0,-3.754729,1.304728,-0.004935,0,0,0
0,-3.754729,1.304728,-0.004935,0,0,0
0,-3.755171,1.304728,-0.004935,0,0,0
0,-3.755069,1.304728,-0.004935,0,0,0
0,-3.755069,1.304728,-0.004935,0,0,0
0,-3.754674,1.304728,-0.004935,0,0,0
0,-3.754674,1.304728,-0.004935,0,0,0
0,-3.754144,1.304728,-0.004935,0,0,0
0,-3.754049,1.304728,-0.004935,0,0,0
0,-3.754049,1.304728,-0.004935,0,0,0
0,-3.754282,1.304728,-0.004935,0,0,0
0,-3.754282,1.304728,-0.004935,0,0,0
0,-3.754361,1.304728,-0.004935,0,0,0
0,-3.754322,1.304728,-0.004935,0,0,0
0,-3.754322,1.304728,-0.004935,0,0,0
0,-3.754255,1.304728,-0.004935,0,0,0
0,-3.754255,1.304728,-0.004935,0,0,0
0,-3.753731,1.304728,-0.004935,0,0,0
0,-3.753257,1.304728,-0.004935,0,0,0
0,-3.753257,1.304728,-0.004935,0,0,0
0,-3.752732,1.304728,-0.004935,0,0,0
0,-3.752732,1.304728,-0.004935,0,0,0
0,-3.752434,1.304728,-0.004935,0,0,0
0,-3.752517,1.304728,-0.004935,0,0,0
0,-3.752517,1.304728,-0.004935,0,0,0
0,-3.752122,1.304728,-0.004935,0,0,0
0,-3.752122,1.304728,-0.004935,0,0,0
0,-3.751506,1.304728,-0.004935,0,0,0
0,-3.750842,1.304728,-0.004935,0,0,0
0,-3.750842,1.304728,-0.004935,0,0,0
0,-3.75041,1.304728,-0.004935,0,0,0
0,-3.75041,1.304728,-0.004935,0,0,0
0,-3.749212,1.304728,-0.004935,0,0,0
0,-3.748415,1.304728,-0.004935,0,0,0
0,-3.748415,1.304728,-0.004935,0,0,0
0,-3.747376,1.304728,-0.004935,0,0,0
0,-3.747376,1.304728,-0.004935,0,0,0
0,-3.746793,1.304728,-0.004935,0,0,0
0,-3.745814,1.304728,-0.004935,0,0,0
0,-3.745814,1.304728,-0.004935,0,0,0
0,-3.745475,1.304728,-0.004935,0,0,0
0,-3.745475,1.304728,-0.004935,0,0,0
0,-3.745156,1.304728,-0.004935,0,0,0
0,-3.745456,1.304728,-0.004935,0,0,0
0,-3.745456,1.304728,-0.004935,0,0,0
0,-3.745679,1.304728,-0.004935,0,0,0
0,-3.745679,1.304728,-0.004935,0,0,0
0,-3.745887,1.304728,-0.004935,0,0,0
0,-3.746142,1.304728,-0.004935,0,0,0
0,-3.746142,1.304728,-0.004935,0,0,0
0,-3.7465,1.304728,-0.004935,0,0,0
0,-3.7465,1.304728,-0.004935,0,0,0
0,-3.746824,1.304728,-0.004935,0,0,0
0,-3.74721,1.304728,-0.004935,0,0,0
0,-3.74721,1.304728,-0.004935,0,0,0
0,-3.747464,1.304728,-0.004935,0,0,0
0,-3.747464,1.304728,-0.004935,0,0,0
0,-3.747027,1.304728,-0.004935,0,0,0
0,-3.746154,1.304728,-0.004935,0,0,0
0,-3.746154,1.304728,-0.004935,0,0,0
0,-3.74584,1.304728,-0.004935,0,0,0
0,-3.74584,1.304728,-0.004935,0,0,0
0,-3.74584,1.304728,-0.004935,0,0,0
0,-3.745709,1.304728,-0.004935,0,0,0
0,-3.745709,1.304728,-0.004935,0,0,0
0,-3.745218,1.304728,-0.004935,0,0,0
0,-3.745218,1.304728,-0.004935,0,0,0
0,-3.744844,1.304728,-0.004935,0,0,0
0,-3.745204,1.304728,-0.004935,0,0,0
0,-3.745204,1.304728,-0.004935,0,0,0
0,-3.745589,1.304728,-0.004935,0,0,0
0,-3.745589,1.304728,-0.004935,0,0,0
0,-3.746427,1.304728,-0.004935,0,0,0
0,-3.746567,1.304728,-0.004935,0,0,0
0,-3.746567,1.304728,-0.004935,0,0,0
0,-3.746742,1.304728,-0.004935,0,0,0
0,-3.746742,1.304728,-0.004935,0,0,0
0,-3.746609,1.304728,-0.004935,0,0,0
0,-3.747479,1.304728,-0.004935,0,0,0
0,-3.747479,1.304728,-0.004935,0,0,0
0,-3.7475,1.304728,-0.004935,0,0,0
0,-3.7475,1.304728,-0.004935,0,0,0
0,-3.74757,1.304728,-0.004935,0,0,0
0,-3.747314,1.304728,-0.004935,0,0,0
0,-3.747314,1.304728,-0.004935,0,0,0
0,-3.747382,1.304728,-0.004935,0,0,0
0,-3.747382,1.304728,-0.004935,0,0,0
0,-3.747369,1.304728,-0.004935,0,0,0
0,-3.748482,1.304728,-0.004935,0,0,0
0,-3.748482,1.304728,-0.004935,0,0,0
0,-3.748771,1.304728,-0.004935,0,0,0
0,-3.748771,1.304728,-0.004935,0,0,0
0,-3.749405,1.304728,-0.004935,0,0,0
0,-3.749938,1.304728,-0.004935,0,0,0
0,-3.749938,1.304728,-0.004935,0,0,0
0,-3.751169,1.304728,-0.004935,0,0,0
0,-3.751169,1.304728,-0.004935,0,0,0
0,-3.75176,1.304728,-0.004935,0,0,0
0,-3.752863,1.304728,-0.004935,0,0,0
0,-3.752863,1.304728,-0.004935,0,0,0
0,-3.752997,1.304728,-0.004935,0,0,0
0,-3.752997,1.304728,-0.004935,0,0,0
0,-3.753857,1.304728,-0.004935,0,0,0
0,-3.754751,1.304728,-0.004935,0,0,0
0,-3.754751,1.304728,-0.004935,0,0,0
0,-3.756793,1.304728,-0.004935,0,0,0
0,-3.756793,1.304728,-0.004935,0,0,0
0,-3.75769,1.304728,-0.004935,0,0,0
0,-3.759052,1.304728,-0.004935,0,0,0
0,-3.759052,1.304728,-0.004935,0,0,0
0,-3.759767,1.304728,-0.004935,0,0,0
0,-3.759767,1.304728,-0.004935,0,0,0
0,-3.760363,1.304728,-0.004935,0,0,0
0,-3.759923,1.304728,-0.004935,0,0,0
0,-3.759923,1.304728,-0.004935,0,0,0
0,-3.757921,1.304728,-0.004935,0,0,0
0,-3.757921,1.304728,-0.004935,0,0,0
0,-3.755781,1.304728,-0.004935,0,0,0
0,-3.75176,1.304728,-0.004935,0,0,0
0,-3.75176,1.304728,-0.004935,0,0,0
0,-3.748681,1.304728,-0.004935,0,0,0
0,-3.748681,1.304728,-0.004935,0,0,0
0,-3.744044,1.304728,-0.004935,0,0,0
0,-3.741519,1.304728,-0.004935,0,0,0
0,-3.741519,1.304728,-0.004935,0,0,0
0,-3.738672,1.304728,-0.004935,0,0,0
0,-3.738672,1.304728,-0.004935,0,0,0
0,-3.738309,1.304728,-0.004935,0,0,0
0,-3.738585,1.304728,-0.004935,0,0,0
0,-3.738585,1.304728,-0.004935,0,0,0
0,-3.740445,1.304728,-0.004935,0,0,0
0,-3.740445,1.304728,-0.004935,0,0,0
0,-3.743947,1.304728,-0.004935,0,0,0
0,-3.747329,1.304728,-0.004935,0,0,0
0,-3.747329,1.304728,-0.004935,0,0,0
0,-3.751706,1.304728,-0.004935,0,0,0
0,-3.751706,1.304728,-0.004935,0,0,0
0,-3.754723,1.304728,-0.004935,0,0,0
0,-3.757975,1.304728,-0.004935,0,0,0
0,-3.757975,1.304728,-0.004935,0,0,0
0,-3.75962,1.304728,-0.004935,0,0,0
0,-3.75962,1.304728,-0.004935,0,0,0
0,-3.760405,1.304728,-0.004935,0,0,0
0,-3.760251,1.304728,-0.004935,0,0,0
0,-3.760251,1.304728,-0.004935,0,0,0
0,-3.758947,1.304728,-0.004935,0,0,0
0,-3.758947,1.304728,-0.004935,0,0,0
0,-3.757571,1.304728,-0.004935,0,0,0
0,-3.754651,1.304728,-0.004935,0,0,0
0,-3.754651,1.304728,-0.004935,0,0,0
0,-3.752662,1.304728,-0.004935,0,0,0
0,-3.752662,1.304728,-0.004935,0,0,0
0,-3.750001,1.304728,-0.004935,0,0,0
0,-3.748925,1.304728,-0.004935,0,0,0
0,-3.748925,1.304728,-0.004935,0,0,0
0,-3.748581,1.304728,-0.004935,0,0,0
0,-3.748581,1.304728,-0.004935,0,0,0
0,-3.749208,1.304728,-0.004935,0,0,0
0,-3.751279,1.304728,-0.004935,0,0,0
0,-3.751279,1.304728,-0.004935,0,0,0
0,-3.753433,1.304728,-0.004935,0,0,0
0,-3.753433,1.304728,-0.004935,0,0,0
0,-3.757035,1.304728,-0.004935,0,0,0
0,-3.759494,1.304728,-0.004935,0,0,0
0,-3.759494,1.304728,-0.004935,0,0,0
0,-3.762781,1.304728,-0.004935,0,0,0
0,-3.762781,1.304728,-0.004935,0,0,0
0,-3.764055,1.304728,-0.004935,0,0,0
0,-3.764892,1.304728,-0.004935,0,0,0
0,-3.764892,1.304728,-0.004935,0,0,0
0,-3.764644,1.304728,-0.004935,0,0,0
0,-3.764644,1.304728,-0.004935,0,0,0
0,-3.763824,1.304728,-0.004935,0,0,0
0,-3.762359,1.304728,-0.004935,0,0,0
0,-3.762359,1.304728,-0.004935,0,0,0
0,-3.759923,1.304728,-0.004935,0,0,0
0,-3.759923,1.304728,-0.004935,0,0,0
0,-3.757999,1.304728,-0.004935,0,0,0
0,-3.755278,1.304728,-0.004935,0,0,0
0,-3.755278,1.304728,-0.004935,0,0,0
0,-3.753444,1.304728,-0.004935,0,0,0
0,-3.753444,1.304728,-0.004935,0,0,0
0,-3.751197,1.304728,-0.004935,0,0,0
0,-3.750061,1.304728,-0.004935,0,0,0
0,-3.750061,1.304728,-0.004935,0,0,0
0,-3.74938,1.304728,-0.004935,0,0,0
0,-3.74938,1.304728,-0.004935,0,0,0
0,-3.749676,1.304728,-0.004935,0,0,0
0,-3.750914,1.304728,-0.004935,0,0,0
0,-3.750914,1.304728,-0.004935,0,0,0
0,-3.752186,1.304728,-0.004935,0,0,0
0,-3.752186,1.304728,-0.004935,0,0,0
0,-3.754255,1.304728,-0.004935,0,0,0
0,-3.755466,1.304728,-0.004935,0,0,0
0,-3.755466,1.304728,-0.004935,0,0,0
0,-3.756496,1.304728,-0.004935,0,0,0
0,-3.756496,1.304728,-0.004935,0,0,0
0,-3.756796,1.304728,-0.004935,0,0,0
0,-3.756782,1.304728,-0.004935,0,0,0
0,-3.756782,1.304728,-0.004935,0,0,0
0,-3.756079,1.304728,-0.004935,0,0,0
0,-3.756079,1.304728,-0.004935,0,0,0
0,-3.753828,1.304728,-0.004935,0,0,0
0,-3.75203,1.304728,-0.004935,0,0,0
0,-3.75203,1.304728,-0.004935,0,0,0
0,-3.750094,1.304728,-0.004935,0,0,0
0,-3.750094,1.304728,-0.004935,0,0,0
0,-3.748936,1.304728,-0.004935,0,0,0
0,-3.747335,1.304728,-0.004935,0,0,0
0,-3.747335,1.304728,-0.004935,0,0,0
0,-3.746875,1.304728,-0.004935,0,0,0
0,-3.746875,1.304728,-0.004935,0,0,0
0,-3.746964,1.304728,-0.004935,0,0,0
0,-3.747782,1.304728,-0.004935,0,0,0
0,-3.747782,1.304728,-0.004935,0,0,0
0,-3.749113,1.304728,-0.004935,0,0,0
0,-3.749113,1.304728,-0.004935,0,0,0
0,-3.750568,1.304728,-0.004935,0,0,0
0,-3.752445,1.304728,-0.004935,0,0,0
0,-3.752445,1.304728,-0.004935,0,0,0
0,-3.753412,1.304728,-0.004935,0,0,0
0,-3.753412,1.304728,-0.004935,0,0,0
0,-3.754853,1.304728,-0.004935,0,0,0
0,-3.756154,1.304728,-0.004935,0,0,0
0,-3.756154,1.304728,-0.004935,0,0,0
0,-3.757385,1.304728,-0.004935,0,0,0
0,-3.757385,1.304728,-0.004935,0,0,0
0,-3.757225,1.304728,-0.004935,0,0,0
0,-3.756427,1.304728,-0.004935,0,0,0
0,-3.756427,1.304728,-0.004935,0,0,0
0,-3.755841,1.304728,-0.004935,0,0,0
0,-3.755841,1.304728,-0.004935,0,0,0
0,-3.754911,1.304728,-0.004935,0,0,0
0,-3.754236,1.304728,-0.004935,0,0,0
0,-3.754236,1.304728,-0.004935,0,0,0
0,-3.753595,1.304728,-0.004935,0,0,0
0,-3.753595,1.304728,-0.004935,0,0,0
0,-3.753041,1.304728,-0.004935,0,0,0
0,-3.75239,1.304728,-0.004935,0,0,0
0,-3.75239,1.304728,-0.004935,0,0,0
0,-3.752568,1.304728,-0.004935,0,0,0
0,-3.752568,1.304728,-0.004935,0,0,0
0,-3.75329,1.304728,-0.004935,0,0,0
0,-3.753588,1.304728,-0.004935,0,0,0
0,-3.753588,1.304728,-0.004935,0,0,0
0,-3.754147,1.304728,-0.004935,0,0,0
0,-3.754147,1.304728,-0.004935,0,0,0
0,-3.754233,1.304728,-0.004935,0,0,0
0,-3.754058,1.304728,-0.004935,0,0,0
0,-3.754058,1.304728,-0.004935,0,0,0
0,-3.753961,1.304728,-0.004935,0,0,0
0,-3.753961,1.304728,-0.004935,0,0,0
0,-3.753507,1.304728,-0.004935,0,0,0
0,-3.752923,1.304728,-0.004935,0,0,0
0,-3.752923,1.304728,-0.004935,0,0,0
0,-3.751974,1.304728,-0.004935,0,0,0
0,-3.751974,1.304728,-0.004935,0,0,0
0,-3.751178,1.304728,-0.004935,0,0,0
0,-3.749784,1.304728,-0.004935,0,0,0
0,-3.749784,1.304728,-0.004935,0,0,0
0,-3.749292,1.304728,-0.004935,0,0,0
0,-3.749292,1.304728,-0.004935,0,0,0
0,-3.748745,1.304728,-0.004935,0,0,0
0,-3.748588,1.304728,-0.004935,0,0,0
0,-3.748588,1.304728,-0.004935,0,0,0
0,-3.74888,1.304728,-0.004935,0,0,0
0,-3.74888,1.304728,-0.004935,0,0,0
0,-3.749425,1.304728,-0.004935,0,0,0
0,-3.750053,1.304728,-0.004935,0,0,0
0,-3.750053,1.304728,-0.004935,0,0,0
0,-3.750383,1.304728,-0.004935,0,0,0
0,-3.750383,1.304728,-0.004935,0,0,0
0,-3.750749,1.304728,-0.004935,0,0,0
0,-3.751292,1.304728,-0.004935,0,0,0
0,-3.751292,1.304728,-0.004935,0,0,0
0,-3.752073,1.304728,-0.004935,0,0,0
0,-3.752073,1.304728,-0.004935,0,0,0
0,-3.752311,1.304728,-0.004935,0,0,0
0,-3.752241,1.304728,-0.004935,0,0,0
0,-3.752241,1.304728,-0.004935,0,0,0
0,-3.752235,1.304728,-0.004935,0,0,0
0,-3.752235,1.304728,-0.004935,0,0,0
0,-3.75173,1.304728,-0.004935,0,0,0
0,-3.75151,1.304728,-0.004935,0,0,0
0,-3.75151,1.304728,-0.004935,0,0,0
0,-3.751333,1.304728,-0.004935,0,0,0
0,-3.751333,1.304728,-0.004935,0,0,0
0,-3.751449,1.304728,-0.004935,0,0,0
0,-3.751702,1.304728,-0.004935,0,0,0
0,-3.751702,1.304728,-0.004935,0,0,0
0,-3.751908,1.304728,-0.004935,0,0,0
0,-3.751908,1.304728,-0.004935,0,0,0
0,-3.751984,1.304728,-0.004935,0,0,0
0,-3.7521,1.304728,-0.004935,0,0,0
0,-3.7521,1.304728,-0.004935,0,0,0
0,-3.752278,1.304728,-0.004935,0,0,0
0,-3.752278,1.304728,-0.004935,0,0,0
0,-3.752241,1.304728,-0.004935,0,0,0
0,-3.752028,1.304728,-0.004935,0,0,0
0,-3.752028,1.304728,-0.004935,0,0,0
0,-3.751687,1.304728,-0.004935,0,0,0
0,-3.751687,1.304728,-0.004935,0,0,0
0,-3.75119,1.304728,-0.004935,0,0,0
0,-3.750972,1.304728,-0.004935,0,0,0
0,-3.750972,1.304728,-0.004935,0,0,0
0,-3.750523,1.304728,-0.004935,0,0,0
0,-3.750523,1.304728,-0.004935,0,0,0
0,-3.750184,1.304728,-0.004935,0,0,0
0,-3.749642,1.304728,-0.004935,0,0,0
0,-3.749642,1.304728,-0.004935,0,0,0
0,-3.749332,1.304728,-0.004935,0,0,0
0,-3.749332,1.304728,-0.004935,0,0,0
0,-3.749326,1.304728,-0.004935,0,0,0
0,-3.749566,1.304728,-0.004935,0,0,0
0,-3.749566,1.304728,-0.004935,0,0,0
0,-3.74996,1.304728,-0.004935,0,0,0
0,-3.74996,1.304728,-0.004935,0,0,0
0,-3.750229,1.304728,-0.004935,0,0,0
0,-3.75039,1.304728,-0.004935,0,0,0
0,-3.75039,1.304728,-0.004935,0,0,0
0,-3.75069,1.304728,-0.004935,0,0,0
0,-3.75069,1.304728,-0.004935,0,0,0
0,-3.751491,1.304728,-0.004935,0,0,0
0,-3.75173,1.304728,-0.004935,0,0,0
0,-3.75173,1.304728,-0.004935,0,0,0
0,-3.751847,1.304728,-0.004935,0,0,0
0,-3.751847,1.304728,-0.004935,0,0,0
0,-3.75181,1.304728,-0.004935,0,0,0
0,-3.751765,1.304728,-0.004935,0,0,0
0,-3.751765,1.304728,-0.004935,0,0,0
0,-3.751486,1.304728,-0.004935,0,0,0
0,-3.751486,1.304728,-0.004935,0,0,0
0,-3.750854,1.304728,-0.004935,0,0,0
0,-3.750665,1.304728,-0.004935,0,0,0
0,-3.750665,1.304728,-0.004935,0,0,0
0,-3.751033,1.304728,-0.004935,0,0,0
0,-3.751033,1.304728,-0.004935,0,0,0
0,-3.75118,1.304728,-0.004935,0,0,0
0,-3.751235,1.304728,-0.004935,0,0,0
0,-3.751235,1.304728,-0.004935,0,0,0
0,-3.751199,1.304728,-0.004935,0,0,0
0,-3.751199,1.304728,-0.004935,0,0,0
0,-3.751392,1.304728,-0.004935,0,0,0
0,-3.751813,1.304728,-0.004935,0,0,0
0,-3.751813,1.304728,-0.004935,0,0,0
0,-3.752344,1.304728,-0.004935,0,0,0
0,-3.752344,1.304728,-0.004935,0,0,0
0,-3.752582,1.304728,-0.004935,0,0,0
0,-3.752766,1.304728,-0.004935,0,0,0
0,-3.752766,1.304728,-0.004935,0,0,0
0,-3.752883,1.304728,-0.004935,0,0,0
0,-3.752883,1.304728,-0.004935,0,0,0
0,-3.752816,1.304728,-0.004935,0,0,0
0,-3.752415,1.304728,-0.004935,0,0,0
0,-3.752415,1.304728,-0.004935,0,0,0
0,-3.752,1.304728,-0.004935,0,0,0
0,-3.752,1.304728,-0.004935,0,0,0
0,-3.751751,1.304728,-0.004935,0,0,0
0,-3.751307,1.304728,-0.004935,0,0,0
0,-3.751307,1.304728,-0.004935,0,0,0
0,-3.751179,1.304728,-0.004935,0,0,0
0,-3.751179,1.304728,-0.004935,0,0,0
0,-3.751009,1.304728,-0.004935,0,0,0
0,-3.750913,1.304728,-0.004935,0,0,0
0,-3.750913,1.304728,-0.004935,0,0,0
0,-3.751053,1.304728,-0.004935,0,0,0
0,-3.751053,1.304728,-0.004935,0,0,0
0,-3.751261,1.304728,-0.004935,0,0,0
0,-3.751504,1.304728,-0.004935,0,0,0
0,-3.751504,1.304728,-0.004935,0,0,0
0,-3.751651,1.304728,-0.004935,0,0,0
0,-3.751651,1.304728,-0.004935,0,0,0
0,-3.751952,1.304728,-0.004935,0,0,0
0,-3.752008,1.304728,-0.004935,0,0,0
0,-3.752008,1.304728,-0.004935,0,0,0
0,-3.751982,1.304728,-0.004935,0,0,0
0,-3.751982,1.304728,-0.004935,0,0,0
0,-3.751916,1.304728,-0.004935,0,0,0
0,-3.751756,1.304728,-0.004935,0,0,0
0,-3.751756,1.304728,-0.004935,0,0,0
0,-3.75166,1.304728,-0.004935,0,0,0
0,-3.75166,1.304728,-0.004935,0,0,0
0,-3.75159,1.304728,-0.004935,0,0,0
0,-3.7514,1.304728,-0.004935,0,0,0
0,-3.7514,1.304728,-0.004935,0,0,0
0,-3.751122,1.304728,-0.004935,0,0,0
0,-3.751122,1.304728,-0.004935,0,0,0
0,-3.750445,1.304728,-0.004935,0,0,0
0,-3.749598,1.304728,-0.004935,0,0,0
0,-3.749598,1.304728,-0.004935,0,0,0
0,-3.749135,1.304728,-0.004935,0,0,0
0,-3.749135,1.304728,-0.004935,0,0,0
0,-3.748888,1.304728,-0.004935,0,0,0
0,-3.748549,1.304728,-0.004935,0,0,0
0,-3.748549,1.304728,-0.004935,0,0,0
0,-3.748321,1.304728,-0.004935,0,0,0
0,-3.748321,1.304728,-0.004935,0,0,0
0,-3.747921,1.304728,-0.004935,0,0,0
0,-3.747441,1.304728,-0.004935,0,0,0
0,-3.747441,1.304728,-0.004935,0,0,0
0,-3.74701,1.304728,-0.004935,0,0,0
0,-3.74701,1.304728,-0.004935,0,0,0
0,-3.745833,1.304728,-0.004935,0,0,0
0,-3.744641,1.304728,-0.004935,0,0,0
0,-3.744641,1.304728,-0.004935,0,0,0
0,-3.742892,1.304728,-0.004935,0,0,0
0,-3.742892,1.304728,-0.004935,0,0,0
0,-3.741819,1.304728,-0.004935,0,0,0
0,-3.73987,1.304728,-0.004935,0,0,0
0,-3.73987,1.304728,-0.004935,0,0,0
0,-3.738464,1.304728,-0.004935,0,0,0
0,-3.738464,1.304728,-0.004935,0,0,0
0,-3.736382,1.304728,-0.004935,0,0,0
0,-3.734825,1.304728,-0.004935,0,0,0
0,-3.734825,1.304728,-0.004935,0,0,0
0,-3.732813,1.304728,-0.004935,0,0,0
0,-3.732813,1.304728,-0.004935,0,0,0
0,-3.73229,1.304728,-0.004935,0,0,0
0,-3.731067,1.304728,-0.004935,0,0,0
0,-3.731067,1.304728,-0.004935,0,0,0
0,-3.730666,1.304728,-0.004935,0,0,0
0,-3.730666,1.304728,-0.004935,0,0,0
0,-3.730147,1.304728,-0.004935,0,0,0
0,-3.730751,1.304728,-0.004935,0,0,0
0,-3.730751,1.304728,-0.004935,0,0,0
0,-3.731414,1.304728,-0.004935,0,0,0
0,-3.731414,1.304728,-0.004935,0,0,0
0,-3.732107,1.304728,-0.004935,0,0,0
0,-3.732221,1.304728,-0.004935,0,0,0
0,-3.732221,1.304728,-0.004935,0,0,0
0,-3.731939,1.304728,-0.004935,0,0,0
0,-3.731939,1.304728,-0.004935,0,0,0
0,-3.731056,1.304728,-0.004935,0,0,0
0,-3.730405,1.304728,-0.004935,0,0,0
0,-3.730405,1.304728,-0.004935,0,0,0
0,-3.729059,1.304728,-0.004935,0,0,0
0,-3.729059,1.304728,-0.004935,0,0,0
0,-3.727705,1.304728,-0.004935,0,0,0
0,-3.72578,1.304728,-0.004935,0,0,0
0,-3.72578,1.304728,-0.004935,0,0,0
0,-3.724545,1.304632,-0.004935,0,0,0
0,-3.724545,1.304632,-0.004935,0,0,0
0,-3.722945,1.304632,-0.004935,0,0,0
0,-3.722255,1.304632,-0.004935,0,0,0
0,-3.722255,1.304632,-0.004935,0,0,0
0,-3.721271,1.304632,-0.004935,0,0,0
0,-3.721271,1.304632,-0.004935,0,0,0
0,-3.720458,1.304632,-0.004935,0,0,0
0,-3.71901,1.304632,-0.004935,0,0,0
0,-3.71901,1.304632,-0.004935,0,0,0
0,-3.717591,1.304632,-0.004935,0,0,0
0,-3.717591,1.304632,-0.004935,0,0,0
0,-3.715219,1.304632,-0.004935,0,0,0
0,-3.712861,1.304632,-0.004935,0,0,0
0,-3.712861,1.304632,-0.004935,0,0,0
0,-3.709575,1.304632,-0.004935,0,0,0
0,-3.709575,1.304536,-0.004935,0,0,0
0,-3.707009,1.304536,-0.004935,0,0,0
0,-3.703368,1.304536,-0.004935,0,0,0
0,-3.703368,1.304536,-0.004935,0,0,0
0,-3.700596,1.304536,-0.004935,0,0,0
0,-3.700596,1.304536,-0.004935,0,0,0
0,-3.697461,1.304536,-0.004935,0,0,0
0,-3.695882,1.304536,-0.004935,0,0,0
0,-3.695882,1.304536,-0.004935,0,0,0
0,-3.694327,1.304536,-0.004935,0,0,0
0,-3.694327,1.304536,-0.004935,0,0,0
0,-3.693452,1.304536,-0.004935,0,0,0
0,-3.692065,1.304536,-0.004935,0,0,0
0,-3.692065,1.304536,-0.004935,0,0,0
0,-3.691012,1.304536,-0.004935,0,0,0
0,-3.691012,1.304536,-0.004935,0,0,0
0,-3.689883,1.304536,-0.004935,0,0,0
0,-3.688862,1.304536,-0.004935,0,0,0
0,-3.688862,1.304536,-0.004935,0,0,0
0,-3.687417,1.304536,-0.004935,0,0,0
0,-3.687417,1.304536,-0.004935,0,0,0
0,-3.68667,1.304536,-0.004935,0,0,0
0,-3.685733,1.304536,-0.004935,0,0,0
0,-3.685733,1.304536,-0.004935,0,0,0
0,-3.684772,1.304536,-0.004935,0,0,0
0,-3.684772,1.304536,-0.004935,0,0,0
0,-3.682787,1.304536,-0.004935,0,0,0
0,-3.681823,1.304536,-0.004935,0,0,0
0,-3.681823,1.304536,-0.004935,0,0,0
0,-3.680941,1.304536,-0.004935,0,0,0
0,-3.680941,1.304536,-0.004935,0,0,0
0,-3.68016,1.304536,-0.004935,0,0,0
0,-3.678098,1.304536,-0.004935,0,0,0
0,-3.678098,1.304536,-0.004935,0,0,0
0,-3.676583,1.304536,-0.004935,0,0,0
0,-3.676583,1.304536,-0.004935,0,0,0
0,-3.674113,1.30444,-0.004935,0,0,0
0,-3.67223,1.30444,-0.004935,0,0,0
0,-3.67223,1.30444,-0.004935,0,0,0
0,-3.669094,1.30444,-0.004935,0,0,0
0,-3.669094,1.30444,-0.004935,0,0,0
0,-3.666723,1.30444,-0.004935,0,0,0
0,-3.662696,1.30444,-0.004935,0,0,0
0,-3.662696,1.30444,-0.004935,0,0,0
0,-3.659262,1.304344,-0.004935,0,0,0
0,-3.659262,1.304344,-0.004935,0,0,0
0,-3.654317,1.304344,-0.004935,0,0,0
0,-3.650338,1.304249,-0.004935,0,0,0
0,-3.650338,1.304249,-0.004935,0,0,0
0,-3.644369,1.304249,-0.004839,0,0,0
0,-3.644369,1.304249,-0.004839,0,0,0
0,-3.64076,1.304249,-0.004839,0,0,0
0,-3.636028,1.304249,-0.004839,0,0,0
0,-3.636028,1.304249,-0.004839,0,0,0
0,-3.633457,1.304249,-0.004839,0,0,0
0,-3.633457,1.304249,-0.004839,0,0,0
0,-3.631216,1.304249,-0.004839,0,0,0
0,-3.631052,1.304249,-0.004839,0,0,0
0,-3.631052,1.304249,-0.004839,0,0,0
0,-3.63155,1.304249,-0.004839,0,0,0
0,-3.63155,1.304249,-0.004839,0,0,0
0,-3.632205,1.304249,-0.004839,0,0,0
0,-3.633391,1.304249,-0.004839,0,0,0
0,-3.633391,1.304249,-0.004839,0,0,0
0,-3.634859,1.304249,-0.004839,0,0,0
0,-3.634859,1.304249,-0.004839,0,0,0
0,-3.637057,1.304249,-0.004839,0,0,0
0,-3.638636,1.304249,-0.004839,0,0,0
0,-3.638636,1.304249,-0.004839,0,0,0
0,-3.639785,1.304249,-0.004839,0,0,0
0,-3.639785,1.304249,-0.004839,0,0,0
0,-3.640349,1.304249,-0.004839,0,0,0
0,-3.640567,1.304249,-0.004839,0,0,0
0,-3.640567,1.304249,-0.004839,0,0,0
0,-3.640514,1.304249,-0.004839,0,0,0
0,-3.640514,1.304249,-0.004839,0,0,0
0,-3.639692,1.304249,-0.004839,0,0,0
0,-3.639571,1.304249,-0.004839,0,0,0
0,-3.639571,1.304249,-0.004839,0,0,0
0,-3.639959,1.304249,-0.004839,0,0,0
0,-3.639959,1.304249,-0.004839,0,0,0
0,-3.64084,1.304249,-0.004839,0,0,0
0,-3.642034,1.304249,-0.004839,0,0,0
0,-3.642034,1.304249,-0.004839,0,0,0
0,-3.643704,1.304249,-0.004839,0,0,0
0,-3.643704,1.304249,-0.004839,0,0,0
0,-3.647276,1.304249,-0.004839,0,0,0
0,-3.650561,1.304249,-0.004839,0,0,0
0,-3.650561,1.304249,-0.004839,0,0,0
0,-3.655117,1.304249,-0.004839,0,0,0
0,-3.655117,1.304249,-0.004839,0,0,0
0,-3.657858,1.304249,-0.004839,0,0,0
0,-3.661875,1.304249,-0.004839,0,0,0
0,-3.661875,1.304249,-0.004839,0,0,0
0,-3.664953,1.304249,-0.004839,0,0,0
0,-3.664953,1.304249,-0.004839,0,0,0
0,-3.668733,1.304249,-0.004839,0,0,0
0,-3.670565,1.304249,-0.004839,0,0,0
0,-3.670565,1.304249,-0.004839,0,0,0
0,-3.672854,1.304249,-0.004839,0,0,0
0,-3.672854,1.304249,-0.004839,0,0,0
0,-3.673958,1.304249,-0.004839,0,0,0
0,-3.675146,1.304249,-0.004839,0,0,0
0,-3.675146,1.304249,-0.004839,0,0,0
0,-3.675764,1.304249,-0.004839,0,0,0
0,-3.675764,1.304249,-0.004839,0,0,0
0,-3.676601,1.304249,-0.004839,0,0,0
0,-3.677039,1.304249,-0.004839,0,0,0
0,-3.677039,1.304249,-0.004839,0,0,0
0,-3.677672,1.304249,-0.004839,0,0,0
0,-3.677672,1.304249,-0.004839,0,0,0
0,-3.677899,1.304249,-0.004839,0,0,0
0,-3.678259,1.304249,-0.004839,0,0,0
0,-3.678259,1.304249,-0.004839,0,0,0
0,-3.678644,1.304249,-0.004839,0,0,0
0,-3.678644,1.304249,-0.004839,0,0,0
0,-3.679394,1.304249,-0.004839,0,0,0
0,-3.679357,1.304249,-0.004839,0,0,0
0,-3.679357,1.304249,-0.004839,0,0,0
0,-3.679754,1.304249,-0.004839,0,0,0
0,-3.679754,1.304249,-0.004839,0,0,0
0,-3.679966,1.304249,-0.004839,0,0,0
0,-3.680039,1.304249,-0.004839,0,0,0
0,-3.680039,1.304249,-0.004839,0,0,0
0,-3.679283,1.304249,-0.004839,0,0,0
0,-3.679283,1.304249,-0.004839,0,0,0
0,-3.67765,1.304249,-0.004839,0,0,0
0,-3.675983,1.304249,-0.004839,0,0,0
0,-3.675983,1.304249,-0.004839,0,0,0
0,-3.672839,1.304249,-0.004839,0,0,0
0,-3.672839,1.304249,-0.004839,0,0,0
0,-3.669924,1.304249,-0.004839,0,0,0
0,-3.666411,1.304249,-0.004839,0,0,0
0,-3.666411,1.304249,-0.004839,0,0,0
0,-3.664254,1.304249,-0.004839,0,0,0
0,-3.664254,1.304249,-0.004839,0,0,0
0,-3.660994,1.304249,-0.004839,0,0,0
0,-3.658526,1.304249,-0.004839,0,0,0
0,-3.658526,1.304249,-0.004839,0,0,0
0,-3.65613,1.304249,-0.004839,0,0,0
0,-3.65613,1.304249,-0.004839,0,0,0
0,-3.655056,1.304249,-0.004839,0,0,0
0,-3.654101,1.304249,-0.004839,0,0,0
0,-3.654101,1.304249,-0.004839,0,0,0
0,-3.654053,1.304249,-0.004839,0,0,0
0,-3.654053,1.304249,-0.004839,0,0,0
0,-3.654202,1.304249,-0.004839,0,0,0
0,-3.654115,1.304249,-0.004839,0,0,0
0,-3.654115,1.304249,-0.004839,0,0,0
0,-3.653534,1.304249,-0.004839,0,0,0
0,-3.653534,1.304249,-0.004839,0,0,0
0,-3.653197,1.304249,-0.004839,0,0,0
0,-3.652334,1.304249,-0.004839,0,0,0
0,-3.652334,1.304249,-0.004839,0,0,0
0,-3.651387,1.304249,-0.004839,0,0,0
0,-3.651387,1.304249,-0.004839,0,0,0
0,-3.649053,1.304249,-0.004839,0,0,0
0,-3.647129,1.304249,-0.004839,0,0,0
0,-3.647129,1.304249,-0.004839,0,0,0
0,-3.643515,1.304249,-0.004839,0,0,0
0,-3.643515,1.304249,-0.004839,0,0,0
0,-3.640952,1.304249,-0.004839,0,0,0
0,-3.637848,1.304249,-0.004839,0,0,0
0,-3.637848,1.304249,-0.004839,0,0,0
0,-3.636868,1.304249,-0.004839,0,0,0
0,-3.636868,1.304249,-0.004839,0,0,0
0,-3.635828,1.304249,-0.004839,0,0,0
0,-3.635065,1.304249,-0.004839,0,0,0
0,-3.635065,1.304249,-0.004839,0,0,0
0,-3.633382,1.304249,-0.004839,0,0,0
0,-3.633382,1.304153,-0.004839,0,0,0
0,-3.63192,1.304153,-0.004839,0,0,0
0,-3.628689,1.304153,-0.004839,0,0,0
0,-3.628689,1.304153,-0.004839,0,0,0
0,-3.626198,1.304153,-0.004839,0,0,0
0,-3.626198,1.304057,-0.004839,0,0,0
0,-3.622305,1.304057,-0.004839,0,0,0
0,-3.619517,1.304057,-0.004839,0,0,0
0,-3.619517,1.303961,-0.004839,0,0,0
0,-3.614949,1.303961,-0.004839,0,0,0
0,-3.614949,1.303865,-0.004839,0,0,0
0,-3.611345,1.303865,-0.004839,0,0,0
0,-3.605299,1.303769,-0.004839,0,0,0
0,-3.605299,1.303769,-0.004839,0,0,0
0,-3.600787,1.303578,-0.004839,0,0,0
0,-3.600787,1.303578,-0.004839,0,0,0
0,-3.594058,1.303386,-0.004839,0,0,0
0,-3.589127,1.303291,-0.004743,0,0,0
0,-3.589127,1.303099,-0.004743,0,0,0
0,-3.580541,1.302907,-0.004743,0,0,0
0,-3.580541,1.30262,-0.004743,0,0,0
0,-3.571869,1.302428,-0.004743,0,0,0
0,-3.555032,1.302045,-0.004743,0,0,0
0,-3.555032,1.301853,-0.004743,0,0,0
0,-3.540304,1.30147,-0.004743,0,0,0
0,-3.540304,1.301374,-0.004743,0,0,0
0,-3.513679,1.301087,-0.004743,0,0,0
0,-3.490827,1.300991,-0.004743,0,0,0
0,-3.490827,1.300512,-0.004743,0,0,0
0,-3.453364,1.300224,-0.004743,0,0,0
0,-3.453364,1.299649,-0.004743,0,0,0
0,-3.426279,1.299266,-0.004743,0,0,0
0,-3.383559,1.298786,-0.004743,0,0,0
0,-3.383559,1.298595,-0.004743,0,0,0
0,-3.350698,1.298212,-0.004743,0,0,0
0,-3.350698,1.29802,-0.004743,0,0,0
0,-3.297522,1.297541,-0.004743,0,0,0
0,-3.26159,1.297253,-0.004743,0,0,0
0,-3.26159,1.296678,-0.004743,0,0,0
0,-3.211835,1.296391,-0.004743,0,0,0
0,-3.211835,1.296008,-0.004743,0,0,0
0,-3.179161,1.295912,-0.004743,0,0,0
0,-3.13037,1.295624,-0.004743,0,0,0
0,-3.13037,1.295433,-0.004743,0,0,0
0,-3.099006,1.295145,-0.004743,0,0,0
0,-3.099006,1.294954,-0.004743,0,0,0
0,-3.058264,1.294474,-0.004743,0,0,0
0,-3.034509,1.294187,-0.004743,0,0,0
0,-3.034509,1.293708,-0.004743,0,0,0
0,-3.001371,1.293612,-0.004743,0,0,0
0,-3.001371,1.293325,-0.004743,0,0,0
0,-2.978495,1.293229,-0.004743,0,0,0
0,-2.942836,1.293037,-0.004743,0,0,0
0,-2.942836,1.292941,-0.004743,0,0,0
0,-2.919952,1.29275,-0.004743,0,0,0
0,-2.919952,1.292558,-0.004743,0,0,0
0,-2.888987,1.29227,-0.004743,0,0,0
0,-2.86996,1.292079,-0.004743,0,0,0
0,-2.86996,1.291695,-0.004743,0,0,0
0,-2.842626,1.291504,-0.004743,0,0,0
0,-2.842626,1.291121,-0.004743,0,0,0
0,-2.824656,1.290929,-0.004743,0,0,0
0,-2.796383,1.290737,-0.004743,0,0,0
0,-2.796383,1.290642,-0.004743,0,0,0
0,-2.776608,1.290546,-0.004743,0,0,0
0,-2.776608,1.29045,-0.004743,0,0,0
0,-2.747504,1.290258,-0.004743,0,0,0
0,-2.729395,1.290162,-0.004743,0,0,0
0,-2.729395,1.289875,-0.004743,0,0,0
0,-2.704854,1.289779,-0.004743,0,0,0
0,-2.704854,1.289491,-0.004743,0,0,0
0,-2.690484,1.2893,-0.004743,0,0,0
0,-2.670133,1.289013,-0.004743,0,0,0
0,-2.670133,1.288821,-0.004743,0,0,0
0,-2.65731,1.288438,-0.004743,0,0,0
0,-2.65731,1.288246,-0.004743,0,0,0
0,-2.637149,1.287958,-0.004743,0,0,0
0,-2.622617,1.287863,-0.004743,0,0,0
0,-2.622617,1.287671,-0.004743,0,0,0
0,-2.598767,1.287575,-0.004743,0,0,0
0,-2.598767,1.287287,-0.004743,0,0,0
0,-2.582433,1.287192,-0.004743,0,0,0
0,-2.558259,1.286904,-0.004743,0,0,0
0,-2.558259,1.286713,-0.004743,0,0,0
0,-2.542802,1.28633,-0.004743,0,0,0
0,-2.542802,1.286138,-0.004743,0,0,0
0,-2.520226,1.285659,-0.004743,0,0,0
0,-2.50543,1.285467,-0.004743,0,0,0
0,-2.50543,1.285179,-0.004743,0,0,0
0,-2.481092,1.285084,-0.004743,0,0,0
0,-2.481092,1.284892,-0.004743,0,0,0
0,-2.463368,1.2847,-0.004743,0,0,0
0,-2.436018,1.284508,-0.004743,0,0,0
0,-2.436018,1.284413,-0.004743,0,0,0
0,-2.418595,1.28403,-0.004743,0,0,0
0,-2.418595,1.283838,-0.004743,0,0,0
0,-2.394142,1.283359,-0.004743,0,0,0
0,-2.37879,1.283167,-0.004743,0,0,0
0,-2.37879,1.282688,-0.004743,0,0,0
0,-2.355079,1.282496,-0.004743,0,0,0
0,-2.355079,1.282209,-0.004743,0,0,0
0,-2.337902,1.282209,-0.004743,0,0,0
0,-2.309792,1.282017,-0.004743,0,0,0
0,-2.309792,1.281922,-0.004743,0,0,0
0,-2.290461,1.281729,-0.004743,0,0,0
0,-2.290461,1.281634,-0.004743,0,0,0
0,-2.263295,1.281346,-0.004743,0,0,0
0,-2.246924,1.28125,-0.004743,0,0,0
0,-2.246924,1.280963,-0.004743,0,0,0
0,-2.224724,1.280867,-0.004743,0,0,0
0,-2.224724,1.280579,-0.004743,0,0,0
0,-2.211067,1.280483,-0.004743,0,0,0
0,-2.192404,1.280292,-0.004743,0,0,0
0,-2.192404,1.280196,-0.004743,0,0,0
0,-2.181186,1.2801,-0.004743,0,0,0
0,-2.181186,1.280004,-0.004743,0,0,0
0,-2.165975,1.280004,-0.004743,0,0,0
0,-2.1575,1.279908,-0.004743,0,0,0
0,-2.1575,1.279908,-0.004743,0,0,0
0,-2.147631,1.279908,-0.004743,0,0,0
0,-2.147631,1.279908,-0.004743,0,0,0
0,-2.143418,1.279908,-0.004743,0,0,0
0,-2.140179,1.279908,-0.004743,0,0,0
0,-2.140179,1.279908,-0.004743,0,0,0
0,-2.141077,1.279908,-0.004743,0,0,0
0,-2.141077,1.279908,-0.004743,0,0,0
0,-2.144488,1.279908,-0.004743,0,0,0
0,-2.147268,1.279908,-0.004743,0,0,0
0,-2.147268,1.279908,-0.004743,0,0,0
0,-2.150524,1.279908,-0.004743,0,0,0
0,-2.150524,1.279908,-0.004743,0,0,0
0,-2.152387,1.279908,-0.004743,0,0,0
0,-2.154137,1.279908,-0.004743,0,0,0
0,-2.154137,1.279908,-0.004743,0,0,0
0,-2.15542,1.279908,-0.004743,0,0,0
0,-2.15542,1.279908,-0.004743,0,0,0
0,-2.157831,1.279908,-0.004743,0,0,0
0,-2.160667,1.279908,-0.004743,0,0,0
0,-2.160667,1.279908,-0.004743,0,0,0
0,-2.165991,1.279908,-0.004743,0,0,0
0,-2.165991,1.279908,-0.004743,0,0,0
0,-2.170349,1.279908,-0.004743,0,0,0
0,-2.176768,1.279908,-0.004743,0,0,0
0,-2.176768,1.279908,-0.004743,0,0,0
0,-2.180273,1.279908,-0.004743,0,0,0
0,-2.180273,1.279908,-0.004743,0,0,0
0,-2.183944,1.279908,-0.004743,0,0,0
0,-2.185871,1.279908,-0.004743,0,0,0
0,-2.185871,1.279908,-0.004743,0,0,0
0,-2.187339,1.279908,-0.004743,0,0,0
0,-2.187339,1.279908,-0.004743,0,0,0
0,-2.187751,1.279908,-0.004743,0,0,0
0,-2.188138,1.279908,-0.004743,0,0,0
0,-2.188138,1.279908,-0.004743,0,0,0
0,-2.188259,1.279908,-0.004743,0,0,0
0,-2.188259,1.279908,-0.004743,0,0,0
0,-2.18955,1.279908,-0.004743,0,0,0
0,-2.19072,1.279908,-0.004743,0,0,0
0,-2.19072,1.279908,-0.004743,0,0,0
0,-2.193054,1.279908,-0.004743,0,0,0
0,-2.193054,1.279908,-0.004743,0,0,0
0,-2.195088,1.279908,-0.004743,0,0,0
0,-2.199649,1.279908,-0.004743,0,0,0
0,-2.199649,1.279908,-0.004743,0,0,0
0,-2.203305,1.279908,-0.004743,0,0,0
0,-2.203305,1.279908,-0.004743,0,0,0
0,-2.208415,1.279908,-0.004743,0,0,0
0,-2.211982,1.279908,-0.004743,0,0,0
0,-2.211982,1.279908,-0.004743,0,0,0
0,-2.217042,1.279908,-0.004743,0,0,0
0,-2.217042,1.279908,-0.004743,0,0,0
0,-2.219843,1.279908,-0.004743,0,0,0
0,-2.223451,1.279908,-0.004743,0,0,0
0,-2.223451,1.279908,-0.004743,0,0,0
0,-2.225636,1.279908,-0.004743,0,0,0
0,-2.225636,1.279908,-0.004743,0,0,0
0,-2.227847,1.279908,-0.004743,0,0,0
0,-2.227923,1.279908,-0.004743,0,0,0
0,-2.227923,1.279908,-0.004743,0,0,0
0,-2.225794,1.279908,-0.004743,0,0,0
0,-2.225794,1.279908,-0.004743,0,0,0
0,-2.223369,1.279908,-0.004743,0,0,0
0,-2.219452,1.279908,-0.004743,0,0,0
0,-2.219452,1.279908,-0.004743,0,0,0
0,-2.216628,1.279908,-0.004743,0,0,0
0,-2.216628,1.279908,-0.004743,0,0,0
0,-2.212692,1.279908,-0.004743,0,0,0
0,-2.209953,1.279908,-0.004743,0,0,0
0,-2.209953,1.279908,-0.004743,0,0,0
0,-2.206297,1.279908,-0.004743,0,0,0
0,-2.206297,1.279908,-0.004743,0,0,0
0,-2.204306,1.279908,-0.004743,0,0,0
0,-2.203394,1.279908,-0.004743,0,0,0
0,-2.203394,1.279908,-0.004743,0,0,0
0,-2.204713,1.279908,-0.004743,0,0,0
0,-2.204713,1.279908,-0.004743,0,0,0
0,-2.209403,1.279908,-0.004743,0,0,0
0,-2.213277,1.279908,-0.004743,0,0,0
0,-2.213277,1.279908,-0.004743,0,0,0
0,-2.21916,1.279908,-0.004743,0,0,0
0,-2.21916,1.279908,-0.004743,0,0,0
0,-2.222579,1.279908,-0.004743,0,0,0
0,-2.2251,1.279908,-0.004743,0,0,0
0,-2.2251,1.279908,-0.004743,0,0,0
0,-2.224593,1.279908,-0.004743,0,0,0
0,-2.224593,1.279908,-0.004743,0,0,0
0,-2.221393,1.279908,-0.004743,0,0,0
0,-2.218026,1.279908,-0.004743,0,0,0
0,-2.218026,1.279908,-0.004743,0,0,0
0,-2.211948,1.279908,-0.004743,0,0,0
0,-2.211948,1.279908,-0.004743,0,0,0
0,-2.207554,1.279908,-0.004743,0,0,0
0,-2.20204,1.279908,-0.004743,0,0,0
0,-2.20204,1.279813,-0.004743,0,0,0
0,-2.198264,1.279813,-0.004743,0,0,0
0,-2.198264,1.279813,-0.004743,0,0,0
0,-2.192437,1.279717,-0.004743,0,0,0
0,-2.188786,1.279717,-0.004743,0,0,0
0,-2.188786,1.279717,-0.004743,0,0,0
0,-2.184439,1.279717,-0.004743,0,0,0
0,-2.184439,1.279717,-0.004743,0,0,0
0,-2.181965,1.279717,-0.004743,0,0,0
0,-2.179284,1.279717,-0.004743,0,0,0
0,-2.179284,1.279717,-0.004743,0,0,0
0,-2.178412,1.279717,-0.004743,0,0,0
0,-2.178412,1.279717,-0.004743,0,0,0
0,-2.179341,1.279717,-0.004743,0,0,0
0,-2.181007,1.279717,-0.004743,0,0,0
0,-2.181007,1.279717,-0.004743,0,0,0
0,-2.184261,1.279717,-0.004743,0,0,0
0,-2.184261,1.279717,-0.004743,0,0,0
0,-2.186492,1.279717,-0.004743,0,0,0
0,-2.189403,1.279717,-0.004743,0,0,0
0,-2.189403,1.279717,-0.004743,0,0,0
0,-2.190674,1.279717,-0.004743,0,0,0
0,-2.190674,1.279717,-0.004743,0,0,0
0,-2.191349,1.279717,-0.004743,0,0,0
0,-2.190984,1.279717,-0.004743,0,0,0
0,-2.190984,1.279717,-0.004743,0,0,0
0,-2.189928,1.279717,-0.004743,0,0,0
0,-2.189928,1.279717,-0.004743,0,0,0
0,-2.188683,1.279717,-0.004743,0,0,0
0,-2.186109,1.279621,-0.004743,0,0,0
0,-2.186109,1.279621,-0.004743,0,0,0
0,-2.18362,1.279621,-0.004743,0,0,0
0,-2.18362,1.279621,-0.004743,0,0,0
0,-2.179656,1.279621,-0.004743,0,0,0
0,-2.176915,1.279621,-0.004743,0,0,0
0,-2.176915,1.279621,-0.004743,0,0,0
0,-2.17304,1.279621,-0.004743,0,0,0
0,-2.17304,1.279526,-0.004743,0,0,0
0,-2.170443,1.279526,-0.004743,0,0,0
0,-2.166869,1.279526,-0.004743,0,0,0
0,-2.166869,1.279526,-0.004743,0,0,0
0,-2.165059,1.279526,-0.004743,0,0,0
0,-2.165059,1.279526,-0.004743,0,0,0
0,-2.164177,1.279526,-0.004743,0,0,0
0,-2.164169,1.279526,-0.004743,0,0,0
0,-2.164169,1.279526,-0.004743,0,0,0
0,-2.164459,1.279526,-0.004743,0,0,0
0,-2.164459,1.279526,-0.004743,0,0,0
0,-2.164766,1.27943,-0.004743,0,0,0
0,-2.164656,1.27943,-0.004743,0,0,0
0,-2.164656,1.27943,-0.004743,0,0,0
0,-2.164001,1.27943,-0.004743,0,0,0
0,-2.164001,1.27943,-0.004743,0,0,0
0,-2.161387,1.279334,-0.004743,0,0,0
0,-2.158803,1.279334,-0.004743,0,0,0
0,-2.158803,1.279334,-0.004743,0,0,0
0,-2.155499,1.279238,-0.004743,0,0,0
0,-2.155499,1.279238,-0.004743,0,0,0
0,-2.154242,1.279142,-0.004743,0,0,0
0,-2.152672,1.279142,-0.004743,0,0,0
0,-2.152672,1.279046,-0.004743,0,0,0
0,-2.15193,1.279046,-0.004743,0,0,0
0,-2.15193,1.27895,-0.004743,0,0,0
0,-2.150561,1.27895,-0.004743,0,0,0
0,-2.148907,1.278855,-0.004743,0,0,0
0,-2.148907,1.278855,-0.004743,0,0,0
0,-2.14488,1.278759,-0.004743,0,0,0
0,-2.14488,1.278663,-0.004743,0,0,0
0,-2.14115,1.278567,-0.004743,0,0,0
0,-2.134603,1.278471,-0.004743,0,0,0
0,-2.134603,1.278375,-0.004743,0,0,0
0,-2.129774,1.27828,-0.004743,0,0,0
0,-2.129774,1.278184,-0.004743,0,0,0
0,-2.121426,1.277992,-0.004743,0,0,0
0,-2.115748,1.277896,-0.004743,0,0,0
0,-2.115748,1.277704,-0.004743,0,0,0
0,-2.107338,1.277513,-0.004743,0,0,0
0,-2.107338,1.277417,-0.004743,0,0,0
0,-2.101541,1.277321,-0.004743,0,0,0
0,-2.092171,1.277225,-0.004743,0,0,0
0,-2.092171,1.27713,-0.004743,0,0,0
0,-2.08564,1.277034,-0.004743,0,0,0
0,-2.08564,1.277034,-0.004743,0,0,0
0,-2.0768,1.276938,-0.004743,0,0,0
0,-2.072231,1.276938,-0.004743,0,0,0
0,-2.072231,1.276938,-0.004743,0,0,0
0,-2.066626,1.276842,-0.004743,0,0,0
0,-2.066626,1.276842,-0.004743,0,0,0
0,-2.063838,1.276842,-0.004743,0,0,0
0,-2.061232,1.276842,-0.004743,0,0,0
0,-2.061232,1.276842,-0.004743,0,0,0
0,-2.06036,1.276842,-0.004743,0,0,0
0,-2.06036,1.276842,-0.004743,0,0,0
0,-2.059068,1.276842,-0.004743,0,0,0
0,-2.058108,1.276842,-0.004743,0,0,0
0,-2.058108,1.276842,-0.004743,0,0,0
0,-2.055798,1.276747,-0.004743,0,0,0
0,-2.055798,1.276747,-0.004743,0,0,0
0,-2.053524,1.276651,-0.004743,0,0,0
0,-2.048797,1.276651,-0.004743,0,0,0
0,-2.048797,1.276555,-0.004743,0,0,0
0,-2.045149,1.276459,-0.004743,0,0,0
0,-2.045149,1.276459,-0.004743,0,0,0
0,-2.040351,1.276363,-0.004743,0,0,0
0,-2.037306,1.276363,-0.004743,0,0,0
0,-2.037306,1.276267,-0.004743,0,0,0
0,-2.032027,1.276267,-0.004743,0,0,0
0,-2.032027,1.276076,-0.004743,0,0,0
0,-2.02719,1.276076,-0.004743,0,0,0
0,-2.018042,1.275884,-0.004743,0,0,0
0,-2.018042,1.275788,-0.004743,0,0,0
0,-2.010503,1.275596,-0.004743,0,0,0
0,-2.010503,1.275501,-0.004743,0,0,0
0,-1.997949,1.275309,-0.004743,0,0,0
0,-1.988673,1.275213,-0.004743,0,0,0
0,-1.988673,1.275021,-0.004743,0,0,0
0,-1.974392,1.27483,-0.004743,0,0,0
0,-1.974392,1.274734,-0.004743,0,0,0
0,-1.965347,1.274638,-0.004743,0,0,0
0,-1.953496,1.274543,-0.004743,0,0,0
0,-1.953496,1.274447,-0.004743,0,0,0
0,-1.947269,1.274447,-0.004743,0,0,0
0,-1.947269,1.274447,-0.004743,0,0,0
0,-1.940442,1.274447,-0.004743,0,0,0
0,-1.937328,1.274351,-0.004743,0,0,0
0,-1.937328,1.274351,-0.004743,0,0,0
0,-1.934011,1.274351,-0.004743,0,0,0
0,-1.934011,1.274351,-0.004743,0,0,0
0,-1.933484,1.274351,-0.004743,0,0,0
0,-1.934513,1.274351,-0.004743,0,0,0
0,-1.934513,1.274351,-0.004743,0,0,0
0,-1.936526,1.274351,-0.004743,0,0,0
0,-1.936526,1.274351,-0.004743,0,0,0
0,-1.939184,1.274351,-0.004743,0,0,0
0,-1.940231,1.274351,-0.004743,0,0,0
0,-1.940231,1.274351,-0.004743,0,0,0
0,-1.941287,1.274351,-0.004743,0,0,0
0,-1.941287,1.274351,-0.004743,0,0,0
0,-1.941807,1.274351,-0.004743,0,0,0
0,-1.94281,1.274351,-0.004743,0,0,0
0,-1.94281,1.274351,-0.004743,0,0,0
0,-1.945148,1.274351,-0.004743,0,0,0
0,-1.945148,1.274351,-0.004743,0,0,0
0,-1.952419,1.274447,-0.004743,0,0,0
0,-1.95918,1.274447,-0.004743,0,0,0
0,-1.95918,1.274543,-0.004743,0,0,0
0,-1.966932,1.274543,-0.004743,0,0,0
0,-1.966932,1.274543,-0.004743,0,0,0
0,-1.973053,1.274543,-0.004743,0,0,0
0,-1.988917,1.274543,-0.004743,0,0,0
0,-1.988917,1.274543,-0.004743,0,0,0
0,-2.005226,1.274543,-0.004743,0,0,0
0,-2.005226,1.274543,-0.004743,0,0,0
0,-2.032328,1.274543,-0.004743,0,0,0
0,-2.049806,1.274543,-0.004743,0,0,0
0,-2.049806,1.274543,-0.004743,0,0,0
0,-2.073008,1.274543,-0.004743,0,0,0
0,-2.073008,1.274543,-0.004743,0,0,0
0,-2.086113,1.274543,-0.004743,0,0,0
0,-2.104037,1.274543,-0.004743,0,0,0
0,-2.104037,1.274543,-0.004743,0,0,0
0,-2.117349,1.274543,-0.004743,0,0,0
0,-2.117349,1.274543,-0.004743,0,0,0
0,-2.139316,1.274543,-0.004743,0,0,0
0,-2.152597,1.274543,-0.004743,0,0,0
0,-2.152597,1.274543,-0.004743,0,0,0
0,-2.170824,1.274543,-0.004743,0,0,0
0,-2.170824,1.274543,-0.004743,0,0,0
0,-2.18177,1.274543,-0.004743,0,0,0
0,-2.195665,1.274543,-0.004743,0,0,0
0,-2.195665,1.274543,-0.004743,0,0,0
0,-2.201444,1.274543,-0.004743,0,0,0
0,-2.201444,1.274543,-0.004743,0,0,0
0,-2.206714,1.274543,-0.004743,0,0,0
0,-2.207098,1.274543,-0.004743,0,0,0
0,-2.207098,1.274543,-0.004743,0,0,0
0,-2.203861,1.274543,-0.004743,0,0,0
0,-2.203861,1.274543,-0.004743,0,0,0
0,-2.199409,1.274543,-0.004743,0,0,0
0,-2.192471,1.274543,-0.004743,0,0,0
0,-2.192471,1.274543,-0.004743,0,0,0
0,-2.186749,1.274543,-0.004743,0,0,0
0,-2.186749,1.274543,-0.004743,0,0,0
0,-2.176336,1.274543,-0.004743,0,0,0
0,-2.168226,1.274543,-0.004743,0,0,0
0,-2.168226,1.274543,-0.004743,0,0,0
0,-2.156902,1.274543,-0.004743,0,0,0
0,-2.156902,1.274543,-0.004743,0,0,0
0,-2.150416,1.274543,-0.004743,0,0,0
0,-2.141721,1.274543,-0.004743,0,0,0
0,-2.141721,1.274543,-0.004743,0,0,0
0,-2.136671,1.274543,-0.004743,0,0,0
0,-2.136671,1.274543,-0.004743,0,0,0
0,-2.129968,1.274543,-0.004743,0,0,0
0,-2.125559,1.274543,-0.004743,0,0,0
0,-2.125559,1.274543,-0.004743,0,0,0
0,-2.118976,1.274543,-0.004743,0,0,0
0,-2.118976,1.274543,-0.004743,0,0,0
0,-2.114269,1.274543,-0.004743,0,0,0
0,-2.107928,1.274543,-0.004743,0,0,0
0,-2.107928,1.274543,-0.004743,0,0,0
0,-2.104227,1.274543,-0.004743,0,0,0
0,-2.104227,1.274543,-0.004743,0,0,0
0,-2.099699,1.274543,-0.004743,0,0,0
0,-2.09656,1.274543,-0.004743,0,0,0
0,-2.09656,1.274543,-0.004743,0,0,0
0,-2.09103,1.274543,-0.004743,0,0,0
0,-2.09103,1.274543,-0.004743,0,0,0
0,-2.086955,1.274543,-0.004743,0,0,0
0,-2.081247,1.274543,-0.004743,0,0,0
0,-2.081247,1.274543,-0.004743,0,0,0
0,-2.077134,1.274543,-0.004743,0,0,0
0,-2.077134,1.274543,-0.004743,0,0,0
0,-2.071025,1.274543,-0.004743,0,0,0
0,-2.066488,1.274543,-0.004743,0,0,0
0,-2.066488,1.274543,-0.004743,0,0,0
0,-2.058827,1.274543,-0.004743,0,0,0
0,-2.058827,1.274543,-0.004743,0,0,0
0,-2.052064,1.274543,-0.004743,0,0,0
0,-2.040513,1.274543,-0.004743,0,0,0
0,-2.040513,1.274543,-0.004743,0,0,0
0,-2.032585,1.274447,-0.004743,0,0,0
0,-2.032585,1.274447,-0.004743,0,0,0
0,-2.021686,1.274447,-0.004743,0,0,0
0,-2.015532,1.274447,-0.004743,0,0,0
0,-2.015532,1.274447,-0.004743,0,0,0
0,-2.008276,1.274447,-0.004743,0,0,0
0,-2.008276,1.274447,-0.004743,0,0,0
0,-2.005752,1.274447,-0.004743,0,0,0
0,-2.004541,1.274447,-0.004743,0,0,0
0,-2.004541,1.274447,-0.004743,0,0,0
0,-2.005643,1.274447,-0.004743,0,0,0
0,-2.005643,1.274447,-0.004743,0,0,0
0,-2.008534,1.274447,-0.004743,0,0,0
0,-2.011523,1.274447,-0.004743,0,0,0
0,-2.011523,1.274447,-0.004743,0,0,0
0,-2.016571,1.274351,-0.004743,0,0,0
0,-2.016571,1.274351,-0.004743,0,0,0
0,-2.020287,1.274351,-0.004743,0,0,0
0,-2.026175,1.274351,-0.004743,0,0,0
0,-2.026175,1.274351,-0.004743,0,0,0
0,-2.030376,1.274351,-0.004743,0,0,0
0,-2.030376,1.274351,-0.004743,0,0,0
0,-2.036661,1.274255,-0.004743,0,0,0
0,-2.041164,1.274255,-0.004743,0,0,0
0,-2.041164,1.274255,-0.004743,0,0,0
0,-2.048116,1.274159,-0.004743,0,0,0
0,-2.048116,1.274159,-0.004743,0,0,0
0,-2.052135,1.274159,-0.004743,0,0,0
0,-2.056427,1.274063,-0.004743,0,0,0
0,-2.056427,1.274063,-0.004743,0,0,0
0,-2.057721,1.273968,-0.004743,0,0,0
0,-2.057721,1.273968,-0.004743,0,0,0
0,-2.062887,1.273872,-0.004743,0,0,0
0,-2.067645,1.273872,-0.004743,0,0,0
0,-2.067645,1.27368,-0.004743,0,0,0
0,-2.075279,1.27368,-0.004743,0,0,0
0,-2.075279,1.273488,-0.004743,0,0,0
0,-2.080649,1.273488,-0.004743,0,0,0
0,-2.087389,1.273297,-0.004743,0,0,0
0,-2.087389,1.273201,-0.004743,0,0,0
0,-2.08994,1.272913,-0.004743,0,0,0
0,-2.08994,1.272817,-0.004743,0,0,0
0,-2.091395,1.272434,-0.004743,0,0,0
0,-2.091152,1.272147,-0.004743,0,0,0
0,-2.091152,1.271572,-0.004743,0,0,0
0,-2.086765,1.27138,-0.004743,0,0,0
0,-2.086765,1.270997,-0.004743,0,0,0
0,-2.079377,1.270901,-0.004743,0,0,0
0,-2.063758,1.270613,-0.004743,0,0,0
0,-2.063758,1.270518,-0.004743,0,0,0
0,-2.052752,1.270038,-0.004743,0,0,0
0,-2.052752,1.269847,-0.004743,0,0,0
0,-2.037682,1.269272,-0.004743,0,0,0
0,-2.028443,1.268889,-0.004743,0,0,0
0,-2.028443,1.268505,-0.004743,0,0,0
0,-2.012889,1.268409,-0.004743,0,0,0
0,-2.012889,1.268122,-0.004743,0,0,0
0,-2.000856,1.268122,-0.004743,0,0,0
0,-1.983467,1.267834,-0.004743,0,0,0
0,-1.983467,1.267739,-0.004743,0,0,0
0,-1.973922,1.267356,-0.004743,0,0,0
0,-1.973922,1.267164,-0.004743,0,0,0
0,-1.960755,1.266493,-0.004743,0,0,0
0,-1.951993,1.266206,-0.004743,0,0,0
0,-1.951993,1.265726,-0.004743,0,0,0
0,-1.935075,1.265439,-0.004743,0,0,0
0,-1.935075,1.265152,-0.004743,0,0,0
0,-1.91859,1.26496,-0.004743,0,0,0
0,-1.890775,1.264577,-0.004743,0,0,0
0,-1.890775,1.264385,-0.004743,0,0,0
0,-1.873409,1.263906,-0.004743,0,0,0
0,-1.873409,1.263714,-0.004743,0,0,0
0,-1.849878,1.263139,-0.004743,0,0,0
0,-1.834071,1.262947,-0.004743,0,0,0
0,-1.834071,1.26266,-0.004743,0,0,0
0,-1.807818,1.262564,-0.004743,0,0,0
0,-1.807818,1.262277,-0.004743,0,0,0
0,-1.788692,1.262181,-0.004743,0,0,0
0,-1.761285,1.261798,-0.004743,0,0,0
0,-1.761285,1.261606,-0.004743,0,0,0
0,-1.743778,1.260935,-0.004743,0,0,0
0,-1.743778,1.260648,-0.004743,0,0,0
0,-1.716869,1.260169,-0.004743,0,0,0
0,-1.695874,1.259977,-0.004743,0,0,0
0,-1.695874,1.25969,-0.004743,0,0,0
0,-1.658124,1.259498,-0.004743,0,0,0
0,-1.658124,1.259115,-0.004743,0,0,0
0,-1.632504,1.258923,-0.004743,0,0,0
0,-1.596856,1.258252,-0.004743,0,0,0
0,-1.596856,1.257965,-0.004743,0,0,0
0,-1.573014,1.25739,-0.004743,0,0,0
0,-1.573014,1.257198,-0.004743,0,0,0
0,-1.533321,1.256815,-0.004743,0,0,0
0,-1.503912,1.256623,-0.004743,0,0,0
0,-1.503912,1.25624,-0.004743,0,0,0
0,-1.459373,1.255952,-0.004743,0,0,0
0,-1.459373,1.255186,-0.004743,0,0,0
0,-1.430944,1.254802,-0.004743,0,0,0
0,-1.388285,1.254227,-0.004743,0,0,0
0,-1.388285,1.254036,-0.004743,0,0,0
0,-1.358633,1.253748,-0.004743,0,0,0
0,-1.358633,1.253556,-0.004743,0,0,0
0,-1.314047,1.253174,-0.004743,0,0,0
0,-1.286986,1.252982,-0.004743,0,0,0
0,-1.286986,1.252311,-0.004743,0,0,0
0,-1.251752,1.251928,-0.004743,0,0,0
0,-1.251752,1.251353,-0.004743,0,0,0
0,-1.229604,1.251161,-0.004743,0,0,0
0,-1.193213,1.250586,-0.004743,0,0,0
0,-1.193213,1.250298,-0.004743,0,0,0
0,-1.166685,1.249532,-0.004743,0,0,0
0,-1.166685,1.249052,-0.004743,0,0,0
0,-1.125602,1.248286,-0.004743,0,0,0
0,-1.094469,1.247903,-0.004743,0,0,0
0,-1.094469,1.247136,-0.004743,0,0,0
0,-1.038525,1.246657,-0.004743,0,0,0
0,-1.038525,1.245986,-0.004743,0,0,0
0,-0.996521,1.245603,-0.004743,0,0,0
0,-0.92877,1.244836,-0.004743,0,0,0
0,-0.92877,1.244453,-0.004743,0,0,0
0,-0.88163,1.243686,-0.004743,0,0,0
0,-0.88163,1.243399,-0.004743,0,0,0
0,-0.810655,1.242728,-0.004743,0,0,0
0,-0.762645,1.24244,-0.004743,0,0,0
0,-0.762645,1.241865,-0.004743,0,0,0
0,-0.691311,1.241482,-0.004743,0,0,0
0,-0.691311,1.240812,-0.004743,0,0,0
0,-0.645559,1.240428,-0.004743,0,0,0
0,-0.578445,1.239757,-0.004743,0,0,0
0,-0.578445,1.23947,-0.004743,0,0,0
0,-0.532894,1.238703,-0.004743,0,0,0
0,-0.532894,1.238224,-0.004743,0,0,0
0,-0.463428,1.237362,-0.004743,0,0,0
0,-0.417216,1.237074,-0.004743,0,0,0
0,-0.417216,1.236212,-0.004743,0,0,0
0,-0.343748,1.235733,-0.004743,0,0,0
0,-0.343748,1.23487,-0.004743,0,0,0
0,-0.292742,1.234487,-0.004743,0,0,0
0,-0.216972,1.233625,-0.004743,0,0,0
0,-0.216972,1.233145,-0.004743,0,0,0
0,-0.166725,1.232187,-0.004743,0,0,0
0,-0.166725,1.231708,-0.004743,0,0,0
0,-0.092969,1.230846,-0.004743,0,0,0
0,-0.042476,1.230271,-0.004743,0,0,0
0,-0.042476,1.229312,-0.004743,0,0,0
0,0.036963,1.228929,-0.004743,0,0,0
0,0.036963,1.228067,-0.004743,0,0,0
0,0.09254,1.227587,-0.004743,0,0,0
0,0.180804,1.226534,-0.004743,0,0,0
0,0.180804,1.225959,-0.004743,0,0,0
0,0.242273,1.224904,-0.004743,0,0,0
0,0.242273,1.224426,-0.004743,0,0,0
0,0.343599,1.223467,-0.004743,0,0,0
0,0.416361,1.222988,-0.004647,0,0,0
0,0.416361,1.221934,-0.004647,0,0,0
0,0.528686,1.221359,-0.004647,0,0,0
0,0.528686,1.220209,-0.004647,0,0,0
0,0.606951,1.219634,-0.004647,0,0,0
0,0.726403,1.218292,-0.004647,0,0,0
0,0.726403,1.217621,-0.004552,0,0,0
0,0.809693,1.21628,-0.004552,0,0,0
0,0.809693,1.215513,-0.004552,0,0,0
0,0.936906,1.214076,-0.004552,0,0,0
0,1.024261,1.213309,-0.004552,0,0,0
0,1.024261,1.211968,-0.004456,0,0,0
0,1.157825,1.211297,-0.004456,0,0,0
0,1.157825,1.209764,-0.004456,0,0,0
0,1.247715,1.209093,-0.004264,0,0,0
0,1.380079,1.207656,-0.004264,0,0,0
0,1.380079,1.206889,-0.004168,0,0,0
0,1.467483,1.205451,-0.004168,0,0,0
0,1.467483,1.204685,-0.004073,0,0,0
0,1.597947,1.203151,-0.003977,0,0,0
0,1.687427,1.202385,-0.003785,0,0,0
0,1.687427,1.200756,-0.003689,0,0,0
0,1.826573,1.200085,-0.003306,0,0,0
0,1.826573,1.19836,-0.003114,0,0,0
0,1.923568,1.197498,-0.002539,0,0,0
0,2.074141,1.195773,-0.002252,0,0,0
0,2.074141,1.195007,-0.001868,0,0,0
0,2.179128,1.193377,-0.001773,0,0,0
0,2.179128,1.192515,-0.001677,0,0,0
0,2.341217,1.19079,-0.001581,0,0,0
0,2.450678,1.190024,-0.001581,0,0,0
0,2.450678,1.188395,-0.001485,0,0,0
0,2.613044,1.187532,-0.001485,0,0,0
0,2.613044,1.185807,-0.001485,0,0,0
0,2.719518,1.184944,-0.00139,0,0,0
0,2.87453,1.18322,-0.001294,0,0,0
0,2.87453,1.182357,-0.001198,0,0,0
0,2.977664,1.180632,-0.001102,0,0,0
0,2.977664,1.17977,-0.000814,0,0,0
0,3.130937,1.178237,-0.000623,0,0,0
0,3.23411,1.177374,-0.00024,0,0,0
0,3.23411,1.175649,0.000048,0,0,0
0,3.388352,1.174883,0.000527,0,0,0
0,3.388352,1.173158,0.000719,0,0,0
0,3.490047,1.172391,0.00091,0,0,0
0,3.642909,1.170571,0.001006,0,0,0
0,3.642909,1.169708,0.001006,0,0,0
0,3.747094,1.167792,0.001006,0,0,0
0,3.747094,1.166834,0.001102,0,0,0
0,3.90672,1.164821,0.001102,0,0,0
0,4.017513,1.163863,0.001198,0,0,0
0,4.017513,1.162042,0.001198,0,0,0
0,4.186941,1.161276,0.00139,0,0,0
0,4.186941,1.159455,0.001485,0,0,0
0,4.301541,1.158592,0.001868,0,0,0
0,4.4704,1.156771,0.002156,0,0,0
0,4.4704,1.156005,0.002923,0,0,0
0,4.581773,1.154184,0.003402,0,0,0
0,4.581773,1.153322,0.004264,0,0,0
0,4.743991,1.151597,0.004647,0,0,0
0,4.848053,1.15083,0.005797,0,0,0
0,4.848053,1.149009,0.006468,0,0,0
0,4.998537,1.148147,0.007618,0,0,0
0,4.998537,1.146422,0.008385,0,0,0
0,5.096627,1.145655,0.009918,0,0,0
0,5.24008,1.144122,0.010589,0,0,0
0,5.24008,1.143451,0.012122,0,0,0
0,5.333996,1.141918,0.012793,0,0,0
0,5.333996,1.141152,0.014039,0,0,0
0,5.468061,1.139714,0.014709,0,0,0
0,5.554763,1.138852,0.015764,0,0,0
0,5.554763,1.137319,0.016338,0,0,0
0,5.681339,1.136552,0.017488,0,0,0
0,5.681339,1.135019,0.018063,0,0,0
0,5.764817,1.134252,0.019022,0,0,0
0,5.891426,1.132623,0.019597,0,0,0
0,5.891426,1.131857,0.020842,0,0,0
0,5.977802,1.130228,0.021321,0,0,0
0,5.977802,1.129461,0.022663,0,0,0
0,6.111018,1.127928,0.023429,0,0,0
0,6.202817,1.127161,0.024867,0,0,0
0,6.202817,1.12582,0.02573,0,0,0
0,6.341971,1.125053,0.027263,0,0,0
0,6.341971,1.123711,0.028029,0,0,0
0,6.434685,1.12304,0.029467,0,0,0
0,6.569268,1.121603,0.030138,0,0,0
0,6.569268,1.120932,0.031479,0,0,0
0,6.655255,1.119495,0.032054,0,0,0
0,6.655255,1.118824,0.033108,0,0,0
0,6.776225,1.117482,0.033779,0,0,0
0,6.854208,1.116812,0.034929,0,0,0
0,6.854208,1.115374,0.035408,0,0,0
0,6.968667,1.114703,0.036749,0,0,0
0,6.968667,1.113266,0.037324,0,0,0
0,7.044793,1.112595,0.03857,0,0,0
0,7.159516,1.11135,0.039241,0,0,0
0,7.159516,1.110679,0.040583,0,0,0
0,7.236127,1.109338,0.041254,0,0,0
0,7.236127,1.108667,0.042787,0,0,0
0,7.347935,1.107421,0.043553,0,0,0
0,7.4218,1.106846,0.045086,0,0,0
0,7.4218,1.1056,0.045757,0,0,0
0,7.534218,1.104929,0.047003,0,0,0
0,7.534218,1.103684,0.047674,0,0,0
0,7.609785,1.103013,0.048919,0,0,0
0,7.72163,1.101671,0.049495,0,0,0
0,7.72163,1.101096,0.050644,0,0,0
0,7.796013,1.099755,0.051219,0,0,0
0,7.796013,1.099084,0.052082,0,0,0
0,7.907743,1.097838,0.052657,0,0,0
0,7.981795,1.097168,0.053902,0,0,0
0,7.981795,1.096018,0.054477,0,0,0
0,8.092051,1.095443,0.055723,0,0,0
0,8.092051,1.094101,0.056394,0,0,0
0,8.164274,1.093526,0.057832,0,0,0
0,8.268974,1.092376,0.058598,0,0,0
0,8.268974,1.091705,0.05994,0,0,0
0,8.336633,1.090651,0.06061,0,0,0
0,8.336633,1.090076,0.061856,0,0,0
0,8.437444,1.08883,0.062431,0,0,0
0,8.504431,1.088255,0.063485,0,0,0
0,8.504431,1.087201,0.06406,0,0,0
0,8.60454,1.08653,0.06521,0,0,0
0,8.60454,1.085381,0.065689,0,0,0
0,8.671734,1.084806,0.066743,0,0,0
0,8.773021,1.08356,0.067414,0,0,0
0,8.773021,1.082889,0.068468,0,0,0
0,8.841613,1.081643,0.069043,0,0,0
0,8.841613,1.081068,0.070289,0,0,0
0,8.946389,1.079823,0.070864,0,0,0
0,9.01842,1.079344,0.072014,0,0,0
0,9.01842,1.078194,0.072685,0,0,0
0,9.127871,1.077619,0.074026,0,0,0
0,9.127871,1.076469,0.074601,0,0,0
0,9.199964,1.075894,0.076134,0,0,0
0,9.304495,1.074648,0.076805,0,0,0
0,9.304495,1.074169,0.078147,0,0,0
0,9.372907,1.073019,0.078722,0,0,0
0,9.372907,1.072444,0.079776,0,0,0
0,9.474377,1.071294,0.080351,0,0,0
0,9.540326,1.070719,0.081405,0,0,0
0,9.540326,1.069378,0.08198,0,0,0
0,9.636878,1.068803,0.082842,0,0,0
0,9.636878,1.067653,0.083417,0,0,0
0,9.701916,1.067078,0.084471,0,0,0
0,9.800878,1.065832,0.08495,0,0,0
0,9.800878,1.065257,0.086004,0,0,0
0,9.867349,1.063915,0.086675,0,0,0
0,9.867349,1.063341,0.087921,0,0,0
0,9.968839,1.06219,0.088592,0,0,0
0,10.038386,1.061519,0.090029,0,0,0
0,10.038386,1.060274,0.090604,0,0,0
0,10.144971,1.059699,0.092137,0,0,0
0,10.144971,1.058357,0.092808,0,0,0
0,10.21741,1.057782,0.09415,0,0,0
0,10.328115,1.056633,0.094725,0,0,0
0,10.328115,1.055962,0.095875,0,0,0
0,10.402594,1.05462,0.09645,0,0,0
0,10.402594,1.054045,0.0976,0,0,0
0,10.513951,1.052608,0.098174,0,0,0
0,10.588156,1.051937,0.099037,0,0,0
0,10.588156,1.050691,0.099516,0,0,0
0,10.699413,1.05002,0.100762,0,0,0
0,10.699413,1.048775,0.101241,0,0,0
0,10.773164,1.0482,0.102391,0,0,0
0,10.880874,1.04705,0.102966,0,0,0
0,10.880874,1.046571,0.104212,0,0,0
0,10.950542,1.045517,0.104787,0,0,0
0,10.950542,1.044942,0.106128,0,0,0
0,11.049557,1.043888,0.106799,0,0,0
0,11.11219,1.043409,0.108236,0,0,0
0,11.11219,1.042354,0.108907,0,0,0
0,11.202141,1.04178,0.110249,0,0,0
0,11.202141,1.040821,0.110824,0,0,0
0,11.261208,1.040342,0.112069,0,0,0
0,11.348597,1.039192,0.112548,0,0,0
0,11.348597,1.038617,0.113507,0,0,0
0,11.40659,1.037468,0.114082,0,0,0
0,11.40659,1.036797,0.11504,0,0,0
0,11.495491,1.035551,0.115423,0,0,0
0,11.559152,1.034976,0.116381,0,0,0
0,11.559152,1.03373,0.11686,0,0,0
0,11.661126,1.033059,0.117819,0,0,0
0,11.661126,1.031813,0.118298,0,0,0
0,11.732792,1.031142,0.119352,0,0,0
0,11.841675,1.029993,0.119927,0,0,0
0,11.841675,1.029514,0.121173,0,0,0
0,11.916206,1.028268,0.121844,0,0,0
0,11.916206,1.027693,0.123281,0,0,0
0,12.026592,1.026543,0.124048,0,0,0
0,12.098445,1.025968,0.125581,0,0,0
0,12.098445,1.024818,0.126348,0,0,0
0,12.203789,1.024339,0.127689,0,0,0
0,12.203789,1.023189,0.12836,0,0,0
0,12.272899,1.022614,0.129414,0,0,0
0,12.374476,1.021368,0.129893,0,0,0
0,12.374476,1.020793,0.130947,0,0,0
0,12.44081,1.019452,0.131426,0,0,0
0,12.44081,1.018781,0.132289,0,0,0
0,12.541122,1.017535,0.132768,0,0,0
0,12.609192,1.016769,0.133918,0,0,0
0,12.609192,1.015523,0.134397,0,0,0
0,12.712657,1.014948,0.135451,0,0,0
0,12.712657,1.013606,0.136026,0,0,0
0,12.782857,1.013128,0.137272,0,0,0
0,12.889757,1.011977,0.137751,0,0,0
0,12.889757,1.011307,0.139092,0,0,0
0,12.960839,1.010253,0.139763,0,0,0
0,12.960839,1.009773,0.141105,0,0,0
0,13.064366,1.008624,0.141871,0,0,0
0,13.132708,1.008049,0.143309,0,0,0
0,13.132708,1.00709,0.14398,0,0,0
0,13.233323,1.006515,0.145417,0,0,0
0,13.233323,1.005366,0.145992,0,0,0
0,13.299445,1.004791,0.147142,0,0,0
0,13.396018,1.003641,0.147717,0,0,0
0,13.396018,1.00297,0.148579,0,0,0
0,13.460432,1.001916,0.148962,0,0,0
0,13.460432,1.001341,0.149825,0,0,0
0,13.557662,0.999999,0.1504,0,0,0
0,13.62387,0.999424,0.151263,0,0,0
0,13.62387,0.998178,0.151646,0,0,0
0,13.723456,0.997507,0.152796,0,0,0
0,13.723456,0.996454,0.153371,0,0,0
0,13.790942,0.995878,0.154521,0,0,0
0,13.891531,0.994632,0.155191,0,0,0
0,13.891531,0.994058,0.156533,0,0,0
0,13.957888,0.992908,0.157204,0,0,0
0,13.957888,0.992333,0.158641,0,0,0
0,14.056215,0.991279,0.159408,0,0,0
0,14.123052,0.9908,0.160749,0,0,0
0,14.123052,0.989745,0.16142,0,0,0
0,14.223405,0.989267,0.162474,0,0,0
0,14.223405,0.988117,0.162953,0,0,0
0,14.288743,0.987541,0.164199,0,0,0
0,14.382712,0.986392,0.164774,0,0,0
0,14.382712,0.985913,0.165637,0,0,0
0,14.444949,0.984858,0.166211,0,0,0
0,14.444949,0.984284,0.16717,0,0,0
0,14.536917,0.983134,0.167649,0,0,0
0,14.597202,0.982654,0.168415,0,0,0
0,14.597202,0.981601,0.168799,0,0,0
0,14.685078,0.981025,0.169949,0,0,0
0,14.685078,0.980067,0.170524,0,0,0
0,14.744212,0.979588,0.171482,0,0,0
0,14.831756,0.978534,0.171961,0,0,0
0,14.831756,0.978055,0.173111,0,0,0
0,14.888488,0.977097,0.173686,0,0,0
0,14.888488,0.976618,0.174932,0,0,0
0,14.971514,0.975563,0.175602,0,0,0
0,15.027966,0.975085,0.176752,0,0,0
0,15.027966,0.974222,0.177327,0,0,0
0,15.112789,0.973743,0.178477,0,0,0
0,15.112789,0.972593,0.178956,0,0,0
0,15.169854,0.972114,0.179819,0,0,0
0,15.256805,0.97106,0.180394,0,0,0
0,15.256805,0.970484,0.181352,0,0,0
0,15.317072,0.969334,0.181735,0,0,0
0,15.317072,0.968855,0.182598,0,0,0
0,15.410517,0.967705,0.183173,0,0,0
0,15.473893,0.967035,0.184131,0,0,0
0,15.473893,0.96598,0.18461,0,0,0
0,15.569798,0.965406,0.185568,0,0,0
0,15.569798,0.96416,0.186143,0,0,0
0,15.634031,0.963681,0.187293,0,0,0
0,15.731337,0.962627,0.187772,0,0,0
0,15.731337,0.962052,0.189018,0,0,0
0,15.79685,0.960901,0.189689,0,0,0
0,15.79685,0.960327,0.190935,0,0,0
0,15.894178,0.959081,0.191605,0,0,0
0,15.958935,0.958506,0.192947,0,0,0
0,15.958935,0.957644,0.193522,0,0,0
0,16.057072,0.957069,0.194767,0,0,0
0,16.057072,0.955919,0.195247,0,0,0
0,16.122505,0.955344,0.196109,0,0,0
0,16.217566,0.954098,0.196493,0,0,0
0,16.217566,0.953428,0.197643,0,0,0
0,16.280226,0.952373,0.198122,0,0,0
0,16.280226,0.951894,0.198984,0,0,0
0,16.376337,0.950744,0.199559,0,0,0
0,16.441381,0.950169,0.200709,0,0,0
0,16.441381,0.949019,0.201188,0,0,0
0,16.537977,0.948445,0.202242,0,0,0
0,16.537977,0.94739,0.202913,0,0,0
0,16.602654,0.946911,0.204159,0,0,0
0,16.700056,0.945857,0.204734,0,0,0
0,16.700056,0.945282,0.206075,0,0,0
0,16.764893,0.944228,0.20665,0,0,0
0,16.764893,0.943749,0.2078,0,0,0
0,16.859163,0.942695,0.208567,0,0,0
0,16.920527,0.94212,0.209812,0,0,0
0,16.920527,0.941162,0.210387,0,0,0
0,17.011431,0.940683,0.211537,0,0,0
0,17.011431,0.939628,0.212112,0,0,0
0,17.07118,0.939054,0.212975,0,0,0
0,17.159695,0.937903,0.213454,0,0,0
0,17.159695,0.937424,0.214508,0,0,0
0,17.219076,0.936274,0.214796,0,0,0
0,17.219076,0.935795,0.215466,0,0,0
0,17.310131,0.934645,0.215945,0,0,0
0,17.370729,0.93407,0.216904,0,0,0
0,17.370729,0.933016,0.217383,0,0,0
0,17.462397,0.932537,0.218149,0,0,0
0,17.462397,0.931483,0.218724,0,0,0
0,17.524233,0.930908,0.219874,0,0,0
0,17.617828,0.930045,0.220449,0,0,0
0,17.617828,0.929567,0.221599,0,0,0
0,17.679607,0.928416,0.22227,0,0,0
0,17.679607,0.927937,0.223611,0,0,0
0,17.771086,0.926979,0.224282,0,0,0
0,17.831278,0.926404,0.22572,0,0,0
0,17.831278,0.92535,0.226295,0,0,0
0,17.922245,0.924871,0.227445,0,0,0
0,17.922245,0.923913,0.22802,0,0,0
0,17.983318,0.923434,0.228882,0,0,0
0,18.075609,0.922284,0.229265,0,0,0
0,18.075609,0.921709,0.230128,0,0,0
0,18.136135,0.920559,0.230607,0,0,0
0,18.136135,0.919984,0.231469,0,0,0
0,18.226519,0.91893,0.231853,0,0,0
0,18.286894,0.918451,0.232811,0,0,0
0,18.286894,0.917301,0.23329,0,0,0
0,18.376488,0.916726,0.234153,0,0,0
0,18.376488,0.915672,0.234536,0,0,0
0,18.435217,0.915097,0.235494,0,0,0
0,18.523207,0.914139,0.236069,0,0,0
0,18.523207,0.913755,0.237123,0,0,0
0,18.582909,0.912988,0.237602,0,0,0
0,18.582909,0.91251,0.238848,0,0,0
0,18.669664,0.911551,0.239423,0,0,0
0,18.723923,0.911072,0.240573,0,0,0
0,18.723923,0.91021,0.241244,0,0,0
0,18.802008,0.909827,0.242585,0,0,0
0,18.802008,0.908964,0.24316,0,0,0
0,18.854958,0.908485,0.244406,0,0,0
0,18.934162,0.907718,0.244981,0,0,0
0,18.934162,0.907239,0.245652,0,0,0
0,18.987139,0.906184,0.246035,0,0,0
0,18.987139,0.905706,0.246897,0,0,0
0,19.066542,0.904651,0.247377,0,0,0
0,19.119974,0.904172,0.248143,0,0,0
0,19.119974,0.903118,0.248431,0,0,0
0,19.203735,0.902639,0.249101,0,0,0
0,19.203735,0.901489,0.249581,0,0,0
0,19.261307,0.900914,0.250539,0,0,0
0,19.349493,0.89986,0.250922,0,0,0
0,19.349493,0.899285,0.251689,0,0,0
0,19.408766,0.898231,0.252264,0,0,0
0,19.408766,0.897656,0.253318,0,0,0
0,19.498184,0.896698,0.253893,0,0,0
0,19.558744,0.896219,0.254947,0,0,0
0,19.558744,0.895069,0.255618,0,0,0
0,19.648916,0.89459,0.256959,0,0,0
0,19.648916,0.893632,0.25763,0,0,0
0,19.709509,0.893152,0.259068,0,0,0
0,19.799995,0.892194,0.259642,0,0,0
0,19.799995,0.891715,0.260888,0,0,0
0,19.860189,0.890853,0.261463,0,0,0
0,19.860189,0.890373,0.262421,0,0,0
0,19.948355,0.889319,0.262805,0,0,0
0,20.006905,0.888745,0.263859,0,0,0
0,20.006905,0.88769,0.264338,0,0,0
0,20.09409,0.887115,0.265009,0,0,0
0,20.09409,0.885966,0.265392,0,0,0
0,20.154129,0.885486,0.266254,0,0,0
0,20.244253,0.884336,0.266733,0,0,0
0,20.244253,0.883762,0.267596,0,0,0
0,20.306028,0.882612,0.268075,0,0,0
0,20.306028,0.882036,0.269033,0,0,0
0,20.397816,0.880791,0.269608,0,0,0
0,20.46069,0.880312,0.270566,0,0,0
0,20.46069,0.879354,0.271142,0,0,0
0,20.555714,0.878875,0.272387,0,0,0
0,20.555714,0.877724,0.273058,0,0,0
0,20.619352,0.877149,0.274112,0,0,0
0,20.711332,0.876,0.274879,0,0,0
0,20.711332,0.87552,0.276125,0,0,0
0,20.771711,0.874657,0.276795,0,0,0
0,20.771711,0.874274,0.278041,0,0,0
0,20.861586,0.87322,0.278616,0,0,0
0,20.920925,0.872741,0.279574,0,0,0
0,20.920925,0.871687,0.280149,0,0,0
0,21.007509,0.871112,0.281203,0,0,0
0,21.007509,0.870058,0.281587,0,0,0
0,21.065811,0.869579,0.282449,0,0,0
0,21.155241,0.868621,0.282928,0,0,0
0,21.155241,0.868046,0.283791,0,0,0
0,21.216072,0.866896,0.284174,0,0,0
0,21.216072,0.866321,0.284845,0,0,0
0,21.307779,0.865171,0.285324,0,0,0
0,21.369949,0.864596,0.286378,0,0,0
0,21.369949,0.863638,0.286953,0,0,0
0,21.4657,0.863158,0.288007,0,0,0
0,21.4657,0.862009,0.288678,0,0,0
0,21.529915,0.861434,0.29002,0,0,0
0,21.624575,0.860379,0.29069,0,0,0
0,21.624575,0.859805,0.292128,0,0,0
0,21.686806,0.858751,0.292703,0,0,0
0,21.686806,0.858272,0.293853,0,0,0
0,21.780376,0.857218,0.294427,0,0,0
0,21.843281,0.856642,0.295481,0,0,0
0,21.843281,0.855588,0.295961,0,0,0
0,21.936489,0.855013,0.297015,0,0,0
0,21.936489,0.854055,0.29759,0,0,0
0,21.997719,0.85348,0.298452,0,0,0
0,22.089159,0.852426,0.298931,0,0,0
0,22.089159,0.851947,0.299985,0,0,0
0,22.149321,0.850797,0.30056,0,0,0
0,22.149321,0.850222,0.301518,0,0,0
0,22.239809,0.849168,0.301998,0,0,0
0,22.300707,0.848593,0.303148,0,0,0
0,22.300707,0.847539,0.303627,0,0,0
0,22.393904,0.84706,0.304585,0,0,0
0,22.393904,0.846102,0.30516,0,0,0
0,22.457691,0.845526,0.30631,0,0,0
0,22.552639,0.844472,0.306885,0,0,0
0,22.552639,0.843898,0.308131,0,0,0
0,22.614904,0.842652,0.308801,0,0,0
0,22.614904,0.842173,0.309951,0,0,0
0,22.708153,0.841214,0.310622,0,0,0
0,22.772058,0.840639,0.311676,0,0,0
0,22.772058,0.839585,0.31206,0,0,0
0,22.867466,0.83901,0.312922,0,0,0
0,22.867466,0.837765,0.313497,0,0,0
0,22.930244,0.83719,0.314455,0,0,0
0,23.024065,0.836135,0.314838,0,0,0
0,23.024065,0.835656,0.315797,0,0,0
0,23.088064,0.834506,0.316372,0,0,0
0,23.088064,0.833931,0.31733,0,0,0
0,23.183996,0.832877,0.317713,0,0,0
0,23.247324,0.832302,0.318671,0,0,0
0,23.247324,0.831248,0.319342,0,0,0
0,23.341356,0.830769,0.320492,0,0,0
0,23.341356,0.829811,0.321163,0,0,0
0,23.404747,0.829236,0.322409,0,0,0
0,23.498396,0.828086,0.32308,0,0,0
0,23.498396,0.827607,0.324325,0,0,0
0,23.560623,0.826553,0.324996,0,0,0
0,23.560623,0.825978,0.326242,0,0,0
0,23.654018,0.824924,0.326721,0,0,0
0,23.718319,0.824349,0.327871,0,0,0
0,23.718319,0.823199,0.32835,0,0,0
0,23.814005,0.822624,0.329212,0,0,0
0,23.814005,0.821474,0.329787,0,0,0
0,23.878309,0.820803,0.330746,0,0,0
0,23.974556,0.819653,0.331225,0,0,0
0,23.974556,0.819078,0.332087,0,0,0
0,24.040958,0.817832,0.332662,0,0,0
0,24.040958,0.817162,0.333716,0,0,0
0,24.14052,0.816012,0.334195,0,0,0
0,24.208355,0.815533,0.335249,0,0,0
0,24.208355,0.814383,0.33592,0,0,0
0,24.309484,0.813904,0.337166,0,0,0
0,24.309484,0.812945,0.337741,0,0,0
0,24.375864,0.812371,0.339083,0,0,0
0,24.472538,0.811221,0.339753,0,0,0
0,24.472538,0.810741,0.341191,0,0,0
0,24.535536,0.809687,0.341862,0,0,0
0,24.535536,0.809113,0.343107,0,0,0
0,24.629175,0.808154,0.343778,0,0,0
0,24.691803,0.807675,0.344928,0,0,0
0,24.691803,0.806525,0.345311,0,0,0
0,24.784908,0.80595,0.34627,0,0,0
0,24.784908,0.8048,0.346749,0,0,0
0,24.8458,0.804225,0.347611,0,0,0
0,24.936949,0.802979,0.347995,0,0,0
0,24.936949,0.8025,0.348857,0,0,0
0,24.999725,0.80135,0.349336,0,0,0
0,24.999725,0.80068,0.350199,0,0,0
0,25.0959,0.79953,0.350582,0,0,0
0,25.160778,0.798955,0.351444,0,0,0
0,25.160778,0.797805,0.351923,0,0,0
0,25.257307,0.797326,0.353169,0,0,0
0,25.257307,0.796463,0.353744,0,0,0
0,25.322187,0.795984,0.35499,0,0,0
0,25.417736,0.794834,0.355757,0,0,0
0,25.417736,0.794355,0.357098,0,0,0
0,25.478815,0.793397,0.357865,0,0,0
0,25.478815,0.792822,0.359206,0,0,0
0,25.568357,0.79196,0.359877,0,0,0
0,25.628157,0.79148,0.361123,0,0,0
0,25.628157,0.790522,0.361506,0,0,0
0,25.717379,0.790043,0.362273,0,0,0
0,25.717379,0.788893,0.362752,0,0,0
0,25.776293,0.788414,0.36371,0,0,0
0,25.863415,0.787264,0.364093,0,0,0
0,25.863415,0.786689,0.36486,0,0,0
0,25.923609,0.785539,0.365243,0,0,0
0,25.923609,0.784964,0.366297,0,0,0
0,26.014372,0.783814,0.366776,0,0,0
0,26.077065,0.783239,0.367543,0,0,0
0,26.077065,0.782089,0.368022,0,0,0
0,26.171503,0.78161,0.369172,0,0,0
0,26.171503,0.780556,0.369747,0,0,0
0,26.236172,0.780077,0.370706,0,0,0
0,26.331627,0.779023,0.37128,0,0,0
0,26.331627,0.778544,0.372526,0,0,0
0,26.393957,0.777586,0.373101,0,0,0
0,26.393957,0.777106,0.374443,0,0,0
0,26.484539,0.776244,0.375209,0,0,0
0,26.54364,0.775765,0.376455,0,0,0
0,26.54364,0.774902,0.377126,0,0,0
0,26.62911,0.774519,0.378276,0,0,0
0,26.62911,0.773561,0.378755,0,0,0
0,26.684469,0.772986,0.379713,0,0,0
0,26.76689,0.771932,0.380192,0,0,0
0,26.76689,0.771452,0.380959,0,0,0
0,26.822914,0.770303,0.381246,0,0,0
0,26.822914,0.769823,0.382013,0,0,0
0,26.910444,0.768769,0.382492,0,0,0
0,26.970604,0.768194,0.383354,0,0,0
0,26.970604,0.767045,0.383738,0,0,0
0,27.06135,0.766469,0.384505,0,0,0
0,27.06135,0.765224,0.38508,0,0,0
0,27.122305,0.764649,0.38623,0,0,0
0,27.215528,0.763787,0.386708,0,0,0
0,27.215528,0.763211,0.387954,0,0,0
0,27.279247,0.762157,0.388625,0,0,0
0,27.279247,0.761582,0.389775,0,0,0
0,27.373539,0.760528,0.390446,0,0,0
0,27.434006,0.759953,0.391787,0,0,0
0,27.434006,0.758995,0.392458,0,0,0
0,27.525095,0.758612,0.393704,0,0,0
0,27.525095,0.757749,0.394279,0,0,0
0,27.586905,0.75727,0.395141,0,0,0
0,27.678255,0.756216,0.39562,0,0,0
0,27.678255,0.755641,0.396674,0,0,0
0,27.736191,0.754587,0.397249,0,0,0
0,27.736191,0.754012,0.398112,0,0,0
0,27.822853,0.752958,0.398495,0,0,0
0,27.88167,0.752479,0.399549,0,0,0
0,27.88167,0.751329,0.399933,0,0,0
0,27.971079,0.750754,0.400699,0,0,0
0,27.971079,0.749604,0.401083,0,0,0
0,28.032581,0.749029,0.402137,0,0,0
0,28.125723,0.747975,0.402712,0,0,0
0,28.125723,0.747496,0.40367,0,0,0
0,28.189415,0.746442,0.404245,0,0,0
0,28.189415,0.745867,0.405491,0,0,0
0,28.282709,0.744813,0.406065,0,0,0
0,28.343292,0.744334,0.407311,0,0,0
0,28.343292,0.743376,0.407982,0,0,0
0,28.431963,0.742896,0.409132,0,0,0
0,28.431963,0.741938,0.409707,0,0,0
0,28.490993,0.741459,0.410857,0,0,0
0,28.57814,0.7405,0.411336,0,0,0
0,28.57814,0.740021,0.412294,0,0,0
0,28.635441,0.738967,0.412773,0,0,0
0,28.635441,0.738488,0.413827,0,0,0
0,28.718952,0.737434,0.414211,0,0,0
0,28.775335,0.736955,0.414978,0,0,0
0,28.775335,0.735901,0.415457,0,0,0
0,28.86072,0.735422,0.416511,0,0,0
0,28.86072,0.734272,0.416894,0,0,0
0,28.92024,0.733697,0.417756,0,0,0
0,29.01001,0.732643,0.418331,0,0,0
0,29.01001,0.732068,0.419385,0,0,0
0,29.071966,0.731014,0.41996,0,0,0
0,29.071966,0.73063,0.421015,0,0,0
0,29.16514,0.729481,0.421685,0,0,0
0,29.227793,0.729002,0.422931,0,0,0
0,29.227793,0.727852,0.423506,0,0,0
0,29.320606,0.727277,0.424943,0,0,0
0,29.320606,0.726222,0.425518,0,0,0
0,29.38302,0.725743,0.426668,0,0,0
0,29.477699,0.724881,0.427243,0,0,0
0,29.477699,0.724401,0.428106,0,0,0
0,29.540876,0.723252,0.428489,0,0,0
0,29.540876,0.722677,0.429351,0,0,0
0,29.631796,0.721623,0.42983,0,0,0
0,29.690126,0.721048,0.430789,0,0,0
0,29.690126,0.720089,0.431172,0,0,0
0,29.778458,0.71961,0.43213,0,0,0
0,29.778458,0.718652,0.432705,0,0,0
0,29.838129,0.718077,0.433568,0,0,0
0,29.927891,0.717023,0.434047,0,0,0
0,29.927891,0.716448,0.435005,0,0,0
0,29.987259,0.715394,0.435676,0,0,0
0,29.987259,0.714915,0.43673,0,0,0
0,30.077356,0.714052,0.437209,0,0,0
0,30.138552,0.713573,0.438455,0,0,0
0,30.138552,0.712519,0.43903,0,0,0
0,30.230005,0.711944,0.440084,0,0,0
0,30.230005,0.710986,0.440755,0,0,0
0,30.290676,0.710507,0.442,0,0,0
0,30.380199,0.709453,0.442575,0,0,0
0,30.380199,0.708973,0.443725,0,0,0
0,30.440508,0.708015,0.444204,0,0,0
0,30.440508,0.707536,0.445067,0,0,0
0,30.529936,0.706386,0.44545,0,0,0
0,30.589781,0.705811,0.446504,0,0,0
0,30.589781,0.704757,0.446888,0,0,0
0,30.679428,0.704182,0.447558,0,0,0
0,30.679428,0.703224,0.447846,0,0,0
0,30.74062,0.702745,0.448709,0,0,0
0,30.83119,0.701691,0.449188,0,0,0
0,30.83119,0.701116,0.45005,0,0,0
0,30.891045,0.700158,0.450433,0,0,0
0,30.891045,0.699678,0.451391,0,0,0
0,30.979605,0.69872,0.451967,0,0,0
0,31.038904,0.698241,0.453021,0,0,0
0,31.038904,0.697379,0.4535,0,0,0
0,31.127289,0.696995,0.454745,0,0,0
0,31.127289,0.696037,0.455416,0,0,0
0,31.185562,0.695462,0.456662,0,0,0
0,31.272369,0.694504,0.457333,0,0,0
0,31.272369,0.694025,0.458578,0,0,0
0,31.329699,0.693066,0.459058,0,0,0
0,31.329699,0.692587,0.460207,0,0,0
0,31.418095,0.691725,0.460687,0,0,0
0,31.477705,0.691246,0.461453,0,0,0
0,31.477705,0.690192,0.461837,0,0,0
0,31.56772,0.689616,0.462699,0,0,0
0,31.56772,0.688562,0.463178,0,0,0
0,31.62657,0.687988,0.464041,0,0,0
0,31.713928,0.686934,0.464328,0,0,0
0,31.713928,0.686454,0.465191,0,0,0
0,31.772774,0.6854,0.46567,0,0,0
0,31.772774,0.684825,0.466628,0,0,0
0,31.86142,0.683675,0.467011,0,0,0
0,31.921087,0.6831,0.467778,0,0,0
0,31.921087,0.682046,0.468353,0,0,0
0,32.010674,0.681567,0.469503,0,0,0
0,32.010674,0.680705,0.469982,0,0,0
0,32.071865,0.680321,0.471228,0,0,0
0,32.161751,0.679363,0.471802,0,0,0
0,32.161751,0.678788,0.473048,0,0,0
0,32.219723,0.67783,0.473719,0,0,0
0,32.219723,0.677351,0.475156,0,0,0
0,32.303261,0.676392,0.475731,0,0,0
0,32.360039,0.675913,0.476977,0,0,0
0,32.360039,0.675051,0.477552,0,0,0
0,32.445316,0.674572,0.478319,0,0,0
0,32.445316,0.673422,0.478702,0,0,0
0,32.502792,0.672847,0.479565,0,0,0
0,32.587971,0.671793,0.480044,0,0,0
0,32.587971,0.671218,0.48081,0,0,0
0,32.645782,0.670164,0.481098,0,0,0
0,32.645782,0.669589,0.481864,0,0,0
0,32.734097,0.668439,0.482439,0,0,0
0,32.7948,0.667768,0.483302,0,0,0
0,32.7948,0.666714,0.483589,0,0,0
0,32.886169,0.666139,0.484548,0,0,0
0,32.886169,0.665085,0.485122,0,0,0
0,32.947479,0.664606,0.486176,0,0,0
0,33.038357,0.663552,0.486656,0,0,0
0,33.038357,0.662977,0.487901,0,0,0
0,33.09827,0.661923,0.488572,0,0,0
0,33.09827,0.661443,0.489818,0,0,0
0,33.18671,0.660581,0.490585,0,0,0
0,33.246044,0.660102,0.491926,0,0,0
0,33.246044,0.659144,0.492501,0,0,0
0,33.333836,0.65876,0.493747,0,0,0
0,33.333836,0.657898,0.494322,0,0,0
0,33.391071,0.657323,0.495184,0,0,0
0,33.475697,0.656269,0.495568,0,0,0
0,33.475697,0.65579,0.496526,0,0,0
0,33.530994,0.65464,0.497005,0,0,0
0,33.530994,0.654065,0.49758,0,0,0
0,33.615757,0.653011,0.497963,0,0,0
0,33.673832,0.652532,0.498826,0,0,0
0,33.673832,0.651382,0.499401,0,0,0
0,33.761879,0.650711,0.500167,0,0,0
0,33.761879,0.649657,0.500646,0,0,0
0,33.821053,0.648986,0.501605,0,0,0
0,33.910057,0.648028,0.50218,0,0,0
0,33.910057,0.647549,0.503234,0,0,0
0,33.971645,0.646494,0.503809,0,0,0
0,33.971645,0.64592,0.505054,0,0,0
0,34.06292,0.644961,0.505629,0,0,0
0,34.122581,0.644386,0.506779,0,0,0
0,34.122581,0.643428,0.50745,0,0,0
0,34.20969,0.642949,0.508696,0,0,0
0,34.20969,0.642087,0.509367,0,0,0
0,34.268074,0.641703,0.510612,0,0,0
0,34.355003,0.640649,0.511187,0,0,0
0,34.355003,0.64017,0.51205,0,0,0
0,34.412361,0.63902,0.512625,0,0,0
0,34.412361,0.638541,0.513679,0,0,0
0,34.497669,0.637391,0.514062,0,0,0
0,34.556789,0.636912,0.514925,0,0,0
0,34.556789,0.635762,0.515404,0,0,0
0,34.647427,0.635187,0.516266,0,0,0
0,34.647427,0.633941,0.516649,0,0,0
0,34.709412,0.633366,0.517416,0,0,0
0,34.802299,0.63212,0.517895,0,0,0
0,34.802299,0.631641,0.519045,0,0,0
0,34.866684,0.630587,0.51962,0,0,0
0,34.866684,0.630012,0.52077,0,0,0
0,34.963905,0.628767,0.521441,0,0,0
0,35.02869,0.628288,0.522686,0,0,0
0,35.02869,0.627233,0.523357,0,0,0
0,35.124039,0.626658,0.524699,0,0,0
0,35.124039,0.625604,0.525274,0,0,0
0,35.188129,0.625125,0.526328,0,0,0
0,35.28368,0.623975,0.526999,0,0,0
0,35.28368,0.6234,0.527957,0,0,0
0,35.347614,0.622442,0.52834,0,0,0
0,35.347614,0.621867,0.529394,0,0,0
0,35.442944,0.620717,0.529969,0,0,0
0,35.507034,0.620238,0.530832,0,0,0
0,35.507034,0.619184,0.531311,0,0,0
0,35.602573,0.618513,0.532461,0,0,0
0,35.602573,0.617363,0.533036,0,0,0
0,35.666969,0.616788,0.533994,0,0,0
0,35.76387,0.615542,0.534569,0,0,0
0,35.76387,0.615063,0.535719,0,0,0
0,35.830212,0.614105,0.536198,0,0,0
0,35.830212,0.61353,0.537348,0,0,0
0,35.930183,0.61238,0.537923,0,0,0
0,35.996918,0.611805,0.539169,0,0,0
0,35.996918,0.610751,0.53984,0,0,0
0,36.093697,0.61008,0.541181,0,0,0
0,36.093697,0.609122,0.541852,0,0,0
0,36.158638,0.608643,0.543098,0,0,0
0,36.256454,0.607589,0.543768,0,0,0
0,36.256454,0.606918,0.544727,0,0,0
0,36.321228,0.605768,0.545206,0,0,0
0,36.321228,0.605193,0.54626,0,0,0
0,36.415989,0.604043,0.546739,0,0,0
0,36.480827,0.603564,0.547601,0,0,0
0,36.480827,0.60251,0.548081,0,0,0
0,36.579964,0.601935,0.549135,0,0,0
0,36.579964,0.600785,0.54971,0,0,0
0,36.646904,0.60021,0.550572,0,0,0
0,36.745903,0.59906,0.551147,0,0,0
0,36.745903,0.598485,0.552393,0,0,0
0,36.813187,0.597431,0.552968,0,0,0
0,36.813187,0.596952,0.554309,0,0,0
0,36.914719,0.595706,0.55498,0,0,0
0,36.982613,0.595227,0.556226,0,0,0
0,36.982613,0.594077,0.556897,0,0,0
0,37.082546,0.593407,0.558334,0,0,0
0,37.082546,0.592353,0.558909,0,0,0
0,37.150108,0.591873,0.560155,0,0,0
0,37.251953,0.590724,0.560634,0,0,0
0,37.251953,0.590053,0.561592,0,0,0
0,37.320583,0.588903,0.562071,0,0,0
0,37.320583,0.588328,0.563125,0,0,0
0,37.42144,0.587178,0.563605,0,0,0
0,37.488491,0.586603,0.564371,0,0,0
0,37.488491,0.585357,0.56485,0,0,0
0,37.588409,0.584686,0.565904,0,0,0
0,37.588409,0.583632,0.566383,0,0,0
0,37.657043,0.583057,0.567342,0,0,0
0,37.761326,0.581811,0.567917,0,0,0
0,37.761326,0.581332,0.569162,0,0,0
0,37.83218,0.580374,0.569737,0,0,0
0,37.83218,0.579799,0.570983,0,0,0
0,37.936787,0.578649,0.571654,0,0,0
0,38.003925,0.578074,0.572996,0,0,0
0,38.003925,0.576924,0.573858,0,0,0
0,38.101639,0.576445,0.5752,0,0,0
0,38.101639,0.575391,0.57587,0,0,0
0,38.167946,0.57472,0.577116,0,0,0
0,38.268562,0.573475,0.577691,0,0,0
0,38.268562,0.5729,0.578649,0,0,0
0,38.336792,0.571558,0.579129,0,0,0
0,38.336792,0.570791,0.580183,0,0,0
0,38.43911,0.569642,0.580566,0,0,0
0,38.508305,0.568971,0.581428,0,0,0
0,38.508305,0.567629,0.582003,0,0,0
0,38.612881,0.567054,0.583057,0,0,0
0,38.612881,0.565713,0.583441,0,0,0
0,38.683472,0.565138,0.584495,0,0,0
0,38.788692,0.564084,0.58507,0,0,0
0,38.788692,0.563605,0.586315,0,0,0
0,38.859077,0.562455,0.58689,0,0,0
0,38.859077,0.56188,0.588328,0,0,0
0,38.960926,0.56073,0.588999,0,0,0
0,39.026371,0.560155,0.590532,0,0,0
0,39.026371,0.559196,0.591298,0,0,0
0,39.122574,0.558717,0.59264,0,0,0
0,39.122574,0.557663,0.593311,0,0,0
0,39.186687,0.556993,0.594365,0,0,0
0,39.281769,0.555843,0.594748,0,0,0
0,39.281769,0.555268,0.595706,0,0,0
0,39.344452,0.554022,0.596185,0,0,0
0,39.344452,0.553447,0.597144,0,0,0
0,39.439701,0.552297,0.597527,0,0,0
0,39.504185,0.55153,0.598485,0,0,0
0,39.504185,0.55038,0.59906,0,0,0
0,39.601482,0.549805,0.600019,0,0,0
0,39.601482,0.54856,0.600498,0,0,0
0,39.666691,0.548081,0.601743,0,0,0
0,39.765144,0.547026,0.602319,0,0,0
0,39.765144,0.546452,0.603373,0,0,0
0,39.830418,0.545398,0.603948,0,0,0
0,39.830418,0.544918,0.605289,0,0,0
0,39.92408,0.54396,0.60596,0,0,0
0,39.984501,0.543481,0.607301,0,0,0
0,39.984501,0.542523,0.607972,0,0,0
0,40.07346,0.542044,0.609218,0,0,0
0,40.07346,0.541085,0.609889,0,0,0
0,40.132332,0.540606,0.611039,0,0,0
0,40.220043,0.539456,0.611422,0,0,0
0,40.220043,0.538881,0.612476,0,0,0
0,40.277668,0.537731,0.612955,0,0,0
0,40.277668,0.537252,0.613722,0,0,0
0,40.367058,0.536102,0.614105,0,0,0
0,40.42852,0.535527,0.614872,0,0,0
0,40.42852,0.534281,0.615351,0,0,0
0,40.523136,0.533707,0.616309,0,0,0
0,40.523136,0.532461,0.616692,0,0,0
0,40.586876,0.531886,0.617651,0,0,0
0,40.682804,0.530928,0.618226,0,0,0
0,40.682804,0.530353,0.619376,0,0,0
0,40.747307,0.529299,0.619951,0,0,0
0,40.747307,0.528724,0.621292,0,0,0
0,40.841938,0.527574,0.621867,0,0,0
0,40.903553,0.527095,0.623113,0,0,0
0,40.903553,0.526136,0.623784,0,0,0
0,40.995956,0.525657,0.625125,0,0,0
0,40.995956,0.524795,0.6257,0,0,0
0,41.058182,0.524316,0.62685,0,0,0
0,41.148613,0.523165,0.627425,0,0,0
0,41.148613,0.522591,0.628288,0,0,0
0,41.206539,0.521537,0.628767,0,0,0
0,41.206539,0.520962,0.629821,0,0,0
0,41.292778,0.519907,0.6303,0,0,0
0,41.351463,0.519428,0.631162,0,0,0
0,41.351463,0.518278,0.631641,0,0,0
0,41.440975,0.517704,0.6326,0,0,0
0,41.440975,0.516554,0.632983,0,0,0
0,41.501736,0.515979,0.633846,0,0,0
0,41.593243,0.514925,0.634325,0,0,0
0,41.593243,0.514446,0.635475,0,0,0
0,41.655136,0.513391,0.635954,0,0,0
0,41.655136,0.512816,0.637104,0,0,0
0,41.746197,0.511762,0.637679,0,0,0
0,41.806408,0.511283,0.638924,0,0,0
0,41.806408,0.510229,0.639499,0,0,0
0,41.896568,0.50975,0.640841,0,0,0
0,41.896568,0.508696,0.641512,0,0,0
0,41.957973,0.508217,0.642662,0,0,0
0,42.048409,0.507067,0.643332,0,0,0
0,42.048409,0.506588,0.64429,0,0,0
0,42.10807,0.505533,0.64477,0,0,0
0,42.10807,0.504959,0.64592,0,0,0
0,42.197376,0.503809,0.646494,0,0,0
0,42.259296,0.50333,0.647261,0,0,0
0,42.259296,0.50218,0.64774,0,0,0
0,42.3531,0.501509,0.648699,0,0,0
0,42.3531,0.500455,0.649274,0,0,0
0,42.416512,0.49988,0.650136,0,0,0
0,42.510399,0.49873,0.650615,0,0,0
0,42.510399,0.498251,0.651765,0,0,0
0,42.573559,0.497197,0.65234,0,0,0
0,42.573559,0.496622,0.653298,0,0,0
0,42.667313,0.495568,0.653873,0,0,0
0,42.730083,0.494993,0.655119,0,0,0
0,42.730083,0.493843,0.655694,0,0,0
0,42.822613,0.493268,0.657036,0,0,0
0,42.822613,0.492309,0.657706,0,0,0
0,42.883923,0.491926,0.658856,0,0,0
0,42.974854,0.490872,0.659335,0,0,0
0,42.974854,0.490297,0.660389,0,0,0
0,43.034611,0.489147,0.660773,0,0,0
0,43.034611,0.488572,0.661539,0,0,0
0,43.12281,0.487518,0.662018,0,0,0
0,43.182659,0.487039,0.663073,0,0,0
0,43.182659,0.485985,0.663456,0,0,0
0,43.273533,0.485506,0.664318,0,0,0
0,43.273533,0.484356,0.664893,0,0,0
0,43.334415,0.483781,0.665947,0,0,0
0,43.423634,0.482727,0.666331,0,0,0
0,43.423634,0.482248,0.667289,0,0,0
0,43.483944,0.481289,0.66796,0,0,0
0,43.483944,0.48081,0.66911,0,0,0
0,43.575062,0.479852,0.669589,0,0,0
0,43.635803,0.479277,0.670835,0,0,0
0,43.635803,0.478223,0.67141,0,0,0
0,43.724171,0.477744,0.672464,0,0,0
0,43.724171,0.476785,0.673134,0,0,0
0,43.78228,0.476211,0.67438,0,0,0
0,43.869217,0.475348,0.674955,0,0,0
0,43.869217,0.474773,0.676105,0,0,0
0,43.926968,0.473623,0.67668,0,0,0
0,43.926968,0.473048,0.677542,0,0,0
0,44.013775,0.471994,0.677926,0,0,0
0,44.071045,0.471419,0.67898,0,0,0
0,44.071045,0.470365,0.679459,0,0,0
0,44.158447,0.46979,0.680225,0,0,0
0,44.158447,0.468736,0.680513,0,0,0
0,44.216724,0.468161,0.68128,0,0,0
0,44.304146,0.467203,0.681855,0,0,0
0,44.304146,0.466724,0.682717,0,0,0
0,44.362091,0.465765,0.6831,0,0,0
0,44.362091,0.465286,0.684059,0,0,0
0,44.449169,0.46452,0.684634,0,0,0
0,44.50584,0.464041,0.685688,0,0,0
0,44.50584,0.463178,0.686167,0,0,0
0,44.589031,0.462603,0.687413,0,0,0
0,44.589031,0.461741,0.688083,0,0,0
0,44.642426,0.461262,0.689329,0,0,0
0,44.721603,0.460303,0.69,0,0,0
0,44.721603,0.459824,0.69115,0,0,0
0,44.776325,0.458962,0.691725,0,0,0
0,44.776325,0.458483,0.692779,0,0,0
0,44.859673,0.457428,0.693258,0,0,0
0,44.91703,0.456854,0.694025,0,0,0
0,44.91703,0.4558,0.694312,0,0,0
0,45.000599,0.455225,0.695079,0,0,0
0,45.000599,0.45417,0.695558,0,0,0
0,45.05629,0.453691,0.69642,0,0,0
0,45.141296,0.452637,0.696708,0,0,0
0,45.141296,0.452062,0.69757,0,0,0
0,45.199783,0.450912,0.698049,0,0,0
0,45.199783,0.450337,0.699008,0,0,0
0,45.288097,0.449283,0.699391,0,0,0
0,45.347546,0.448804,0.700158,0,0,0
0,45.347546,0.448038,0.700637,0,0,0
0,45.436478,0.447654,0.701691,0,0,0
0,45.436478,0.446792,0.702266,0,0,0
0,45.495625,0.446217,0.70332,0,0,0
0,45.580841,0.445258,0.703895,0,0,0
0,45.580841,0.444875,0.705045,0,0,0
0,45.635403,0.444013,0.70562,0,0,0
0,45.635403,0.44363,0.706961,0,0,0
0,45.718105,0.442671,0.707632,0,0,0
0,45.773556,0.442288,0.708782,0,0,0
0,45.773556,0.44133,0.709357,0,0,0
0,45.856087,0.440755,0.710315,0,0,0
0,45.856087,0.439701,0.710698,0,0,0
0,45.910717,0.439126,0.711465,0,0,0
0,45.992729,0.438071,0.711944,0,0,0
0,45.992729,0.437401,0.712903,0,0,0
0,46.051098,0.436347,0.713286,0,0,0
0,46.051098,0.435772,0.713957,0,0,0
0,46.140915,0.434622,0.714436,0,0,0
0,46.202003,0.434047,0.71549,0,0,0
0,46.202003,0.432993,0.715873,0,0,0
0,46.293011,0.432418,0.716736,0,0,0
0,46.293011,0.43146,0.717215,0,0,0
0,46.354767,0.43098,0.718364,0,0,0
0,46.445911,0.429926,0.718844,0,0,0
0,46.445911,0.429447,0.719994,0,0,0
0,46.506977,0.428489,0.720569,0,0,0
0,46.506977,0.428106,0.721814,0,0,0
0,46.597408,0.427243,0.722485,0,0,0
0,46.657681,0.426764,0.723827,0,0,0
0,46.657681,0.425806,0.724401,0,0,0
0,46.745884,0.425422,0.725647,0,0,0
0,46.745884,0.424464,0.726222,0,0,0
0,46.804085,0.423985,0.727277,0,0,0
0,46.891037,0.422835,0.72766,0,0,0
0,46.891037,0.42226,0.728714,0,0,0
0,46.949406,0.421206,0.729193,0,0,0
0,46.949406,0.420631,0.72996,0,0,0
0,47.040436,0.419481,0.730343,0,0,0
0,47.102608,0.418906,0.731301,0,0,0
0,47.102608,0.41766,0.731876,0,0,0
0,47.196594,0.417086,0.732738,0,0,0
0,47.196594,0.41584,0.733122,0,0,0
0,47.259495,0.415265,0.734272,0,0,0
0,47.354519,0.414306,0.734847,0,0,0
0,47.354519,0.413732,0.735805,0,0,0
0,47.41927,0.412582,0.73638,0,0,0
0,47.41927,0.412102,0.737721,0,0,0
0,47.514256,0.410953,0.738201,0,0,0
0,47.576263,0.410473,0.739351,0,0,0
0,47.576263,0.409611,0.740021,0,0,0
0,47.668228,0.409132,0.741363,0,0,0
0,47.668228,0.408174,0.741938,0,0,0
0,47.729897,0.407599,0.74328,0,0,0
0,47.82122,0.406545,0.743759,0,0,0
0,47.82122,0.405874,0.744717,0,0,0
0,47.880852,0.404724,0.745292,0,0,0
0,47.880852,0.404245,0.746442,0,0,0
0,47.971851,0.403095,0.746825,0,0,0
0,48.034454,0.40252,0.747688,0,0,0
0,48.034454,0.401274,0.748262,0,0,0
0,48.129005,0.400699,0.749029,0,0,0
0,48.129005,0.399454,0.749413,0,0,0
0,48.19231,0.398878,0.750275,0,0,0
0,48.288494,0.39792,0.75085,0,0,0
0,48.288494,0.397249,0.752,0,0,0
0,48.353745,0.396099,0.752575,0,0,0
0,48.353745,0.39562,0.75382,0,0,0
0,48.449177,0.39447,0.754491,0,0,0
0,48.51099,0.393991,0.755833,0,0,0
0,48.51099,0.393033,0.756504,0,0,0
0,48.602573,0.392554,0.757749,0,0,0
0,48.602573,0.3915,0.758324,0,0,0
0,48.663662,0.390925,0.759474,0,0,0
0,48.755295,0.389871,0.760049,0,0,0
0,48.755295,0.389392,0.760912,0,0,0
0,48.815952,0.388242,0.761391,0,0,0
0,48.815952,0.387763,0.762445,0,0,0
0,48.907509,0.386708,0.762924,0,0,0
0,48.968784,0.386134,0.763787,0,0,0
0,48.968784,0.384984,0.764361,0,0,0
0,49.060402,0.384409,0.765415,0,0,0
0,49.060402,0.383259,0.76599,0,0,0
0,49.12191,0.382684,0.767045,0,0,0
0,49.215664,0.381725,0.767619,0,0,0
0,49.215664,0.38115,0.768673,0,0,0
0,49.280434,0.380001,0.769153,0,0,0
0,49.280434,0.379426,0.770398,0,0,0
0,49.37669,0.378371,0.770973,0,0,0
0,49.439911,0.377797,0.772219,0,0,0
0,49.439911,0.376647,0.77289,0,0,0
0,49.533409,0.376168,0.774232,0,0,0
0,49.533409,0.375113,0.774902,0,0,0
0,49.596291,0.374538,0.776148,0,0,0
0,49.690475,0.373293,0.776723,0,0,0
0,49.690475,0.372718,0.777681,0,0,0
0,49.752724,0.371472,0.778161,0,0,0
0,49.752724,0.370897,0.779215,0,0,0
0,49.845997,0.369939,0.779694,0,0,0
0,49.910622,0.369268,0.780556,0,0,0
0,49.910622,0.368118,0.781131,0,0,0
0,50.008091,0.367543,0.782089,0,0,0
0,50.008091,0.366393,0.782568,0,0,0
0,50.072899,0.365818,0.783527,0,0,0
0,50.169834,0.36486,0.784197,0,0,0
0,50.169834,0.364285,0.785347,0,0,0
0,50.235741,0.363135,0.786018,0,0,0
0,50.235741,0.36256,0.787264,0,0,0
0,50.333439,0.361506,0.787935,0,0,0
0,50.397518,0.360931,0.78918,0,0,0
0,50.397518,0.359877,0.789947,0,0,0
0,50.493126,0.359398,0.791193,0,0,0
0,50.493126,0.358152,0.791864,0,0,0
0,50.557449,0.357577,0.793014,0,0,0
0,50.653481,0.356332,0.793493,0,0,0
0,50.653481,0.355757,0.794355,0,0,0
0,50.71841,0.354511,0.79493,0,0,0
0,50.71841,0.353936,0.795984,0,0,0
0,50.816429,0.35269,0.796463,0,0,0
0,50.880535,0.352019,0.797326,0,0,0
0,50.880535,0.350869,0.797901,0,0,0
0,50.975056,0.350294,0.798955,0,0,0
0,50.975056,0.34924,0.799434,0,0,0
0,51.041691,0.348761,0.800584,0,0,0
0,51.141998,0.347707,0.801255,0,0,0
0,51.141998,0.347228,0.802309,0,0,0
0,51.208122,0.346078,0.802979,0,0,0
0,51.208122,0.345599,0.804321,0,0,0
0,51.30283,0.344545,0.804896,0,0,0
0,51.363186,0.344066,0.806334,0,0,0
0,51.363186,0.343107,0.807004,0,0,0
0,51.454102,0.342532,0.808154,0,0,0
0,51.454102,0.341478,0.808825,0,0,0
0,51.515266,0.340903,0.809975,0,0,0
0,51.607845,0.339658,0.810454,0,0,0
0,51.607845,0.339083,0.811412,0,0,0
0,51.669102,0.337837,0.811987,0,0,0
0,51.669102,0.337262,0.812945,0,0,0
0,51.762024,0.336112,0.813329,0,0,0
0,51.825443,0.335441,0.814287,0,0,0
0,51.825443,0.334291,0.814862,0,0,0
0,51.920918,0.333621,0.815724,0,0,0
0,51.920918,0.332566,0.816108,0,0,0
0,51.984585,0.332087,0.817162,0,0,0
0,52.079494,0.331225,0.817737,0,0,0
0,52.079494,0.33065,0.818887,0,0,0
0,52.141434,0.329596,0.819557,0,0,0
0,52.141434,0.329117,0.820899,0,0,0
0,52.230278,0.328158,0.82157,0,0,0
0,52.287434,0.327679,0.822912,0,0,0
0,52.287434,0.326721,0.823678,0,0,0
0,52.373905,0.326242,0.824828,0,0,0
0,52.373905,0.325284,0.825499,0,0,0
0,52.432308,0.324709,0.826553,0,0,0
0,52.520756,0.323559,0.82684,0,0,0
0,52.520756,0.322984,0.827607,0,0,0
0,52.579861,0.321834,0.828182,0,0,0
0,52.579861,0.321259,0.82914,0,0,0
0,52.671341,0.320109,0.829524,0,0,0
0,52.734676,0.319342,0.830386,0,0,0
0,52.734676,0.318192,0.830961,0,0,0
0,52.830132,0.317617,0.832015,0,0,0
0,52.830132,0.316468,0.832494,0,0,0
0,52.895035,0.315892,0.833452,0,0,0
0,52.992657,0.314838,0.834027,0,0,0
0,52.992657,0.314359,0.835177,0,0,0
0,53.05714,0.313305,0.835656,0,0,0
0,53.05714,0.312826,0.836902,0,0,0
0,53.149208,0.311868,0.837573,0,0,0
0,53.208504,0.311389,0.838723,0,0,0
0,53.208504,0.310431,0.839394,0,0,0
0,53.29702,0.309951,0.840735,0,0,0
0,53.29702,0.309089,0.841406,0,0,0
0,53.356098,0.308514,0.842652,0,0,0
0,53.444611,0.307364,0.843227,0,0,0
0,53.444611,0.306789,0.844185,0,0,0
0,53.503479,0.305639,0.84476,0,0,0
0,53.503479,0.305064,0.845718,0,0,0
0,53.593536,0.303914,0.846102,0,0,0
0,53.657444,0.303243,0.846772,0,0,0
0,53.657444,0.301998,0.847251,0,0,0
0,53.757439,0.301423,0.848305,0,0,0
0,53.757439,0.300081,0.848689,0,0,0
0,53.827518,0.299506,0.849551,0,0,0
0,53.929466,0.298452,0.850126,0,0,0
0,53.929466,0.297973,0.851372,0,0,0
0,53.996807,0.296727,0.851851,0,0,0
0,53.996807,0.296248,0.853193,0,0,0
0,54.095413,0.295098,0.853863,0,0,0
0,54.15942,0.294523,0.855205,0,0,0
0,54.15942,0.293565,0.855876,0,0,0
0,54.25428,0.293182,0.857313,0,0,0
0,54.25428,0.292223,0.857888,0,0,0
0,54.317158,0.291649,0.85923,0,0,0
0,54.409328,0.290499,0.859805,0,0,0
0,54.409328,0.289924,0.860763,0,0,0
0,54.469952,0.288678,0.861242,0,0,0
0,54.469952,0.288103,0.862392,0,0,0
0,54.562424,0.287049,0.862871,0,0,0
0,54.627419,0.286378,0.863925,0,0,0
0,54.627419,0.285036,0.8645,0,0,0
0,54.727013,0.284461,0.865458,0,0,0
0,54.727013,0.283216,0.865937,0,0,0
0,54.794445,0.282641,0.866992,0,0,0
0,54.895962,0.281491,0.867566,0,0,0
0,54.895962,0.280916,0.868716,0,0,0
0,54.964989,0.27967,0.869292,0,0,0
0,54.964989,0.279191,0.870537,0,0,0
0,55.06662,0.278041,0.871208,0,0,0
0,55.133347,0.277466,0.872549,0,0,0
0,55.133347,0.276412,0.87322,0,0,0
0,55.232056,0.275933,0.874466,0,0,0
0,55.232056,0.274687,0.875137,0,0,0
0,55.297077,0.274112,0.876383,0,0,0
0,55.392796,0.272962,0.876862,0,0,0
0,55.392796,0.272387,0.877916,0,0,0
0,55.45681,0.271237,0.878491,0,0,0
0,55.45681,0.270662,0.879545,0,0,0
0,55.555019,0.269417,0.879928,0,0,0
0,55.622078,0.268842,0.880983,0,0,0
0,55.622078,0.267596,0.881558,0,0,0
0,55.722298,0.266925,0.882612,0,0,0
0,55.722298,0.265871,0.883091,0,0,0
0,55.789421,0.265296,0.884336,0,0,0
0,55.890175,0.264146,0.884911,0,0,0
0,55.890175,0.263571,0.886061,0,0,0
0,55.958363,0.262421,0.886828,0,0,0
0,55.958363,0.261751,0.888074,0,0,0
0,56.059166,0.260696,0.888745,0,0,0
0,56.126446,0.260217,0.890182,0,0,0
0,56.126446,0.259163,0.890853,0,0,0
0,56.226326,0.258588,0.892098,0,0,0
0,56.226326,0.257342,0.892673,0,0,0
0,56.292873,0.256768,0.893536,0,0,0
0,56.390827,0.255426,0.894015,0,0,0
0,56.390827,0.254851,0.895069,0,0,0
0,56.4575,0.253797,0.895644,0,0,0
0,56.4575,0.253126,0.896602,0,0,0
0,56.559071,0.251976,0.897177,0,0,0
0,56.626949,0.251401,0.898327,0,0,0
0,56.626949,0.250155,0.898902,0,0,0
0,56.726101,0.249581,0.899956,0,0,0
0,56.726101,0.248622,0.900723,0,0,0
0,56.792732,0.248047,0.901968,0,0,0
0,56.89415,0.246802,0.902543,0,0,0
0,56.89415,0.246322,0.903885,0,0,0
0,56.961922,0.245173,0.904556,0,0,0
0,56.961922,0.244598,0.905897,0,0,0
0,57.062222,0.243544,0.906568,0,0,0
0,57.129017,0.242969,0.90791,0,0,0
0,57.129017,0.241723,0.908581,0,0,0
0,57.229126,0.241148,0.909731,0,0,0
0,57.229126,0.239806,0.910306,0,0,0
0,57.295986,0.239135,0.91136,0,0,0
0,57.398247,0.23789,0.911935,0,0,0
0,57.398247,0.237219,0.912797,0,0,0
0,57.468857,0.235877,0.913276,0,0,0
0,57.468857,0.235207,0.91433,0,0,0
0,57.575695,0.234057,0.914905,0,0,0
0,57.647144,0.233386,0.915863,0,0,0
0,57.647144,0.232332,0.916438,0,0,0
0,57.754517,0.231757,0.91778,0,0,0
0,57.754517,0.230511,0.918355,0,0,0
0,57.826233,0.229936,0.919697,0,0,0
0,57.930153,0.228882,0.920463,0,0,0
0,57.930153,0.228211,0.921901,0,0,0
0,57.99815,0.227157,0.922763,0,0,0
0,57.99815,0.226678,0.924104,0,0,0
0,58.098473,0.225528,0.92468,0,0,0
0,58.164909,0.224857,0.926021,0,0,0
0,58.164909,0.223611,0.9265,0,0,0
0,58.264015,0.222941,0.927458,0,0,0
0,58.264015,0.221599,0.928033,0,0,0
0,58.331093,0.220928,0.929087,0,0,0
0,58.433887,0.219587,0.929567,0,0,0
0,58.433887,0.218916,0.930716,0,0,0
0,58.505009,0.217574,0.931291,0,0,0
0,58.505009,0.216904,0.932345,0,0,0
0,58.610802,0.215754,0.932824,0,0,0
0,58.681065,0.215275,0.93407,0,0,0
0,58.681065,0.214221,0.934645,0,0,0
0,58.784222,0.213646,0.935795,0,0,0
0,58.784222,0.212592,0.936466,0,0,0
0,58.850674,0.212112,0.937807,0,0,0
0,58.945229,0.211058,0.938383,0,0,0
0,58.945229,0.210675,0.939916,0,0,0
0,59.005985,0.209717,0.940587,0,0,0
0,59.005985,0.209237,0.941928,0,0,0
0,59.096012,0.207992,0.942599,0,0,0
0,59.156017,0.207417,0.943558,0,0,0
0,59.156017,0.206267,0.944037,0,0,0
0,59.246006,0.205692,0.945091,0,0,0
0,59.246006,0.204542,0.94557,0,0,0
0,59.307503,0.203967,0.946337,0,0,0
0,59.40239,0.202626,0.946815,0,0,0
0,59.40239,0.201955,0.947774,0,0,0
0,59.466763,0.200805,0.948349,0,0,0
0,59.466763,0.200134,0.949115,0,0,0
0,59.564259,0.199176,0.94969,0,0,0
0,59.62878,0.198601,0.95084,0,0,0
0,59.62878,0.197547,0.951319,0,0,0
0,59.723598,0.196972,0.952469,0,0,0
0,59.723598,0.196109,0.953044,0,0,0
0,59.784332,0.195534,0.954386,0,0,0
0,59.872231,0.194576,0.954961,0,0,0
0,59.872231,0.194193,0.956398,0,0,0
0,59.930233,0.193234,0.957069,0,0,0
0,59.930233,0.192755,0.958219,0,0,0
0,60.017139,0.191701,0.958793,0,0,0
0,60.075291,0.191126,0.959848,0,0,0
0,60.075291,0.190072,0.960327,0,0,0
0,60.162582,0.189497,0.961285,0,0,0
0,60.162582,0.188347,0.961764,0,0,0
0,60.222736,0.187772,0.962627,0,0,0
0,60.314983,0.186527,0.962914,0,0,0
0,60.314983,0.185856,0.963872,0,0,0
0,60.377594,0.18461,0.964447,0,0,0
0,60.377594,0.183939,0.965406,0,0,0
0,60.472008,0.182789,0.965884,0,0,0
0,60.53611,0.18231,0.966939,0,0,0
0,60.53611,0.18116,0.967514,0,0,0
0,60.632534,0.180585,0.968568,0,0,0
0,60.632534,0.179435,0.969143,0,0,0
0,60.696362,0.178956,0.970389,0,0,0
0,60.78746,0.177806,0.970964,0,0,0
0,60.78746,0.177423,0.97221,0,0,0
0,60.846767,0.176561,0.97288,0,0,0
0,60.846767,0.176081,0.974222,0,0,0
0,60.934494,0.174932,0.974797,0,0,0
0,60.993214,0.174357,0.976043,0,0,0
0,60.993214,0.173207,0.976522,0,0,0
0,61.079678,0.172632,0.977576,0,0,0
0,61.079678,0.171482,0.978151,0,0,0
0,61.13945,0.170907,0.979205,0,0,0
0,61.234619,0.169565,0.979684,0,0,0
0,61.234619,0.168895,0.980642,0,0,0
0,61.300312,0.167745,0.981217,0,0,0
0,61.300312,0.16717,0.981984,0,0,0
0,61.395588,0.166116,0.982463,0,0,0
0,61.459957,0.165541,0.983421,0,0,0
0,61.459957,0.164391,0.983996,0,0,0
0,61.55978,0.163815,0.98505,0,0,0
0,61.55978,0.162666,0.985625,0,0,0
0,61.626945,0.162091,0.986967,0,0,0
0,61.723587,0.161037,0.987637,0,0,0
0,61.723587,0.160558,0.988979,0,0,0
0,61.78717,0.159503,0.98965,0,0,0
0,61.78717,0.158928,0.990896,0,0,0
0,61.880367,0.157779,0.991471,0,0,0
0,61.942883,0.157204,0.99262,0,0,0
0,61.942883,0.156054,0.993099,0,0,0
0,62.038193,0.155479,0.994058,0,0,0
0,62.038193,0.154329,0.994728,0,0,0
0,62.103291,0.153754,0.995783,0,0,0
0,62.201481,0.152412,0.996166,0,0,0
0,62.201481,0.151837,0.99722,0,0,0
0,62.26807,0.150592,0.997891,0,0,0
0,62.26807,0.150017,0.998945,0,0,0
0,62.368118,0.148962,0.99952,0,0,0
0,62.436508,0.148387,1.000766,0,0,0
0,62.436508,0.147142,1.001245,0,0,0
0,62.539104,0.146567,1.002299,0,0,0
0,62.539104,0.145321,1.002874,0,0,0
0,62.606178,0.144746,1.004215,0,0,0
0,62.703083,0.143692,1.004791,0,0,0
0,62.703083,0.143213,1.006132,0,0,0
0,62.766647,0.142063,1.006803,0,0,0
0,62.766647,0.141488,1.008049,0,0,0
0,62.861618,0.140242,1.00872,0,0,0
0,62.924492,0.139572,1.009773,0,0,0
0,62.924492,0.138422,1.010253,0,0,0
0,63.017342,0.137847,1.011402,0,0,0
0,63.017342,0.136697,1.011977,0,0,0
0,63.080288,0.136026,1.01284,0,0,0
0,63.176361,0.134876,1.013319,0,0,0
0,63.176361,0.134301,1.014469,0,0,0
0,63.241043,0.133151,1.014948,0,0,0
0,63.241043,0.132672,1.015811,0,0,0
0,63.337738,0.131618,1.016385,0,0,0
0,63.400951,0.131043,1.017631,0,0,0
0,63.400951,0.129989,1.018206,0,0,0
0,63.493999,0.12951,1.019452,0,0,0
0,63.493999,0.128456,1.020123,0,0,0
0,63.554611,0.127976,1.021272,0,0,0
0,63.644638,0.127018,1.021847,0,0,0
0,63.644638,0.126539,1.023189,0,0,0
0,63.703312,0.125485,1.023764,0,0,0
0,63.703312,0.125006,1.024818,0,0,0
0,63.790607,0.123856,1.025393,0,0,0
0,63.846088,0.123377,1.026255,0,0,0
0,63.846088,0.122227,1.026639,0,0,0
0,63.930611,0.121748,1.027597,0,0,0
0,63.930611,0.120598,1.028076,0,0,0
0,63.989059,0.120023,1.028939,0,0,0
0,64.079987,0.118969,1.029322,0,0,0
0,64.079987,0.11849,1.030185,0,0,0
0,64.140533,0.117531,1.030759,0,0,0
0,64.140533,0.117052,1.031718,0,0,0
0,64.230598,0.116094,1.032101,0,0,0
0,64.290161,0.11571,1.033155,0,0,0
0,64.290161,0.114848,1.03373,0,0,0
0,64.377258,0.114465,1.034785,0,0,0
0,64.377258,0.113507,1.035263,0,0,0
0,64.433311,0.113123,1.036413,0,0,0
0,64.513084,0.112261,1.037084,0,0,0
0,64.513084,0.111878,1.038234,0,0,0
0,64.565781,0.110919,1.038809,0,0,0
0,64.565781,0.11044,1.040055,0,0,0
0,64.644768,0.109578,1.040534,0,0,0
0,64.697701,0.109099,1.041684,0,0,0
0,64.697701,0.107949,1.042163,0,0,0
0,64.777283,0.10747,1.042929,0,0,0
0,64.777283,0.106224,1.043313,0,0,0
0,64.829338,0.105649,1.044175,0,0,0
0,64.912056,0.104691,1.044655,0,0,0
0,64.912056,0.104212,1.045421,0,0,0
0,64.969795,0.102966,1.045804,0,0,0
0,64.969795,0.102487,1.046571,0,0,0
0,65.057915,0.101432,1.04705,0,0,0
0,65.116135,0.100857,1.047912,0,0,0
0,65.116135,0.099899,1.048296,0,0,0
0,65.202087,0.099516,1.048967,0,0,0
0,65.202087,0.098749,1.049446,0,0,0
0,65.259628,0.098366,1.0505,0,0,0
0,65.345604,0.097408,1.050979,0,0,0
0,65.345604,0.096929,1.052033,0,0,0
0,65.400429,0.096162,1.052704,0,0,0
0,65.400429,0.095779,1.05395,0,0,0
0,65.478699,0.094916,1.054524,0,0,0
0,65.532013,0.094437,1.055866,0,0,0
0,65.532013,0.093575,1.056537,0,0,0
0,65.613113,0.093191,1.057687,0,0,0
0,65.613113,0.092137,1.058166,0,0,0
0,65.667854,0.091563,1.059124,0,0,0
0,65.748108,0.090508,1.059507,0,0,0
0,65.748108,0.089933,1.060178,0,0,0
0,65.802818,0.088784,1.060561,0,0,0
0,65.802818,0.088304,1.061519,0,0,0
0,65.890533,0.087154,1.061999,0,0,0
0,65.949944,0.086483,1.062765,0,0,0
0,65.949944,0.085429,1.063149,0,0,0
0,66.037544,0.084854,1.064203,0,0,0
0,66.037544,0.0838,1.064586,0,0,0
0,66.095474,0.083225,1.065449,0,0,0
0,66.182922,0.082363,1.065928,0,0,0
0,66.182922,0.081884,1.067078,0,0,0
0,66.242027,0.080925,1.067557,0,0,0
0,66.242027,0.080446,1.06842,0,0,0
0,66.328751,0.07968,1.068994,0,0,0
0,66.384354,0.079201,1.070144,0,0,0
0,66.384354,0.078434,1.070719,0,0,0
0,66.467506,0.077955,1.071965,0,0,0
0,66.467506,0.077093,1.072636,0,0,0
0,66.522575,0.076805,1.073786,0,0,0
0,66.603775,0.075847,1.074361,0,0,0
0,66.603775,0.075272,1.075511,0,0,0
0,66.657623,0.074218,1.075989,0,0,0
0,66.657623,0.073643,1.076948,0,0,0
0,66.738419,0.072493,1.077427,0,0,0
0,66.795815,0.071918,1.078289,0,0,0
0,66.795815,0.070768,1.078673,0,0,0
0,66.8862,0.070097,1.079344,0,0,0
0,66.8862,0.068947,1.079823,0,0,0
0,66.949104,0.068372,1.080781,0,0,0
0,67.043045,0.067127,1.08126,0,0,0
0,67.043045,0.066551,1.082027,0,0,0
0,67.105171,0.065689,1.082602,0,0,0
0,67.105171,0.06521,1.083656,0,0,0
0,67.196342,0.06406,1.084231,0,0,0
0,67.256943,0.063581,1.085285,0,0,0
0,67.256943,0.062623,1.085955,0,0,0
0,67.343475,0.062144,1.087201,0,0,0
0,67.343475,0.061281,1.087681,0,0,0
0,67.400475,0.060898,1.088926,0,0,0
0,67.485321,0.060035,1.089597,0,0,0
0,67.485321,0.059652,1.090651,0,0,0
0,67.541519,0.058598,1.091226,0,0,0
0,67.541519,0.058023,1.09228,0,0,0
0,67.622612,0.056969,1.092663,0,0,0
0,67.676086,0.05649,1.093334,0,0,0
0,67.676086,0.05534,1.093813,0,0,0
0,67.761887,0.054861,1.094964,0,0,0
0,67.761887,0.053711,1.095347,0,0,0
0,67.821823,0.05304,1.096209,0,0,0
0,67.912567,0.051986,1.096689,0,0,0
0,67.912567,0.051507,1.097742,0,0,0
0,67.972321,0.050357,1.098126,0,0,0
0,67.972321,0.049878,1.098892,0,0,0
0,68.061607,0.048919,1.099372,0,0,0
0,68.121803,0.048345,1.100521,0,0,0
0,68.121803,0.047386,1.101001,0,0,0
0,68.209747,0.046907,1.101959,0,0,0
0,68.209747,0.045949,1.102534,0,0,0
0,68.265511,0.045566,1.103684,0,0,0
0,68.346634,0.044607,1.104259,0,0,0
0,68.346634,0.044128,1.105504,0,0,0
0,68.400124,0.043266,1.106079,0,0,0
0,68.400124,0.042787,1.107133,0,0,0
0,68.479576,0.041733,1.107612,0,0,0
0,68.532211,0.041254,1.108763,0,0,0
0,68.532211,0.040295,1.109146,0,0,0
0,68.612068,0.039816,1.109912,0,0,0
0,68.612068,0.038762,1.110487,0,0,0
0,68.667946,0.038283,1.111446,0,0,0
0,68.754929,0.037229,1.111829,0,0,0
0,68.754929,0.036654,1.112595,0,0,0
0,68.814117,0.035599,1.113075,0,0,0
0,68.814117,0.03512,1.114129,0,0,0
0,68.900803,0.034066,1.114608,0,0,0
0,68.957977,0.033587,1.11547,0,0,0
0,68.957977,0.032725,1.115949,0,0,0
0,69.042969,0.032341,1.117003,0,0,0
0,69.042969,0.031383,1.117482,0,0,0
0,69.099129,0.030808,1.118441,0,0,0
0,69.179199,0.02985,1.119015,0,0,0
0,69.179199,0.029467,1.120261,0,0,0
0,69.230453,0.028508,1.120741,0,0,0
0,69.230453,0.028029,1.121986,0,0,0
0,69.306305,0.027263,1.122561,0,0,0
0,69.355751,0.02688,1.123616,0,0,0
0,69.355751,0.025825,1.124094,0,0,0
0,69.429573,0.025346,1.125053,0,0,0
0,69.429573,0.024292,1.125436,0,0,0
0,69.478722,0.023813,1.126012,0,0,0
0,69.553658,0.022759,1.126395,0,0,0
0,69.553658,0.02228,1.127161,0,0,0
0,69.607071,0.021417,1.12764,0,0,0
0,69.607071,0.020938,1.128503,0,0,0
0,69.690407,0.019884,1.128886,0,0,0
0,69.746605,0.019309,1.129749,0,0,0
0,69.746605,0.018351,1.130228,0,0,0
0,69.827293,0.017967,1.131186,0,0,0
0,69.827293,0.017009,1.131473,0,0,0
0,69.88121,0.016626,1.132336,0,0,0
0,69.962936,0.015764,1.132815,0,0,0
0,69.962936,0.01538,1.133965,0,0,0
0,70.01725,0.014422,1.134444,0,0,0
0,70.01725,0.013943,1.135402,0,0,0
0,70.094528,0.01308,1.135977,0,0,0
0,70.142708,0.012697,1.137031,0,0,0
0,70.142708,0.011835,1.137415,0,0,0
0,70.216393,0.011356,1.138564,0,0,0
0,70.216393,0.010493,1.139235,0,0,0
0,70.265739,0.01011,1.140194,0,0,0
0,70.339806,0.009056,1.140672,0,0,0
0,70.339806,0.008577,1.141727,0,0,0
0,70.388412,0.007618,1.14211,0,0,0
0,70.388412,0.007043,1.142781,0,0,0
0,70.461174,0.005989,1.143164,0,0,0
0,70.513206,0.00551,1.144027,0,0,0
0,70.513206,0.004552,1.144506,0,0,0
0,70.594879,0.003977,1.145177,0,0,0
0,70.594879,0.002923,1.145464,0,0,0
0,70.65023,0.002444,1.14623,0,0,0
0,70.731567,0.001581,1.14671,0,0,0
0,70.731567,0.001102,1.147668,0,0,0
0,70.786499,0.00024,1.148051,0,0,0
0,70.786499,-0.00024,1.148818,0,0,0
0,70.868378,-0.001006,1.149393,0,0,0
0,70.922104,-0.00139,1.150447,0,0,0
0,70.922104,-0.002444,1.150926,0,0,0
0,71.00016,-0.002827,1.15198,0,0,0
0,71.00016,-0.003689,1.152651,0,0,0
0,71.050163,-0.004168,1.153897,0,0,0
0,71.126572,-0.005127,1.154472,0,0,0
0,71.126572,-0.005606,1.155813,0,0,0
0,71.178505,-0.006468,1.156292,0,0,0
0,71.178505,-0.007043,1.157347,0,0,0
0,71.258667,-0.008097,1.157826,0,0,0
0,71.313934,-0.008672,1.158784,0,0,0
0,71.313934,-0.009822,1.159168,0,0,0
0,71.396049,-0.010397,1.159934,0,0,0
0,71.396049,-0.011451,1.160317,0,0,0
0,71.452782,-0.012026,1.161371,0,0,0
0,71.541321,-0.013176,1.161755,0,0,0
0,71.541321,-0.013751,1.162521,0,0,0
0,71.602097,-0.014805,1.163,0,0,0
0,71.602097,-0.01538,1.164055,0,0,0
0,71.69207,-0.016338,1.164534,0,0,0
0,71.752853,-0.016722,1.1653,0,0,0
0,71.752853,-0.017488,1.165779,0,0,0
0,71.84211,-0.017967,1.166834,0,0,0
0,71.84211,-0.018926,1.167312,0,0,0
0,71.900055,-0.019309,1.168367,0,0,0
0,71.979912,-0.020076,1.168942,0,0,0
0,71.979912,-0.020459,1.170091,0,0,0
0,72.030312,-0.021321,1.170571,0,0,0
0,72.030312,-0.021801,1.171816,0,0,0
0,72.105698,-0.022567,1.172391,0,0,0
0,72.156822,-0.022951,1.173541,0,0,0
0,72.156822,-0.024101,1.174116,0,0,0
0,72.236351,-0.024675,1.17517,0,0,0
0,72.236351,-0.025729,1.175554,0,0,0
0,72.288712,-0.026304,1.176129,0,0,0
0,72.368805,-0.027454,1.176607,0,0,0
0,72.368805,-0.028029,1.17747,0,0,0
0,72.425598,-0.029179,1.177949,0,0,0
0,72.425598,-0.029754,1.178716,0,0,0
0,72.513702,-0.030904,1.179099,0,0,0
0,72.573654,-0.031383,1.179961,0,0,0
0,72.573654,-0.032533,1.180537,0,0,0
0,72.662514,-0.032916,1.181303,0,0,0
0,72.662514,-0.033875,1.181686,0,0,0
0,72.721275,-0.034354,1.182645,0,0,0
0,72.805023,-0.035312,1.18322,0,0,0
0,72.805023,-0.035695,1.184082,0,0,0
0,72.858734,-0.036558,1.184561,0,0,0
0,72.858734,-0.036941,1.185711,0,0,0
0,72.935623,-0.037803,1.186286,0,0,0
0,72.986313,-0.038283,1.187436,0,0,0
0,72.986313,-0.039049,1.188011,0,0,0
0,73.061462,-0.039433,1.189353,0,0,0
0,73.061462,-0.040391,1.189832,0,0,0
0,73.112343,-0.040966,1.190886,0,0,0
0,73.190353,-0.041924,1.191461,0,0,0
0,73.190353,-0.042499,1.192323,0,0,0
0,73.24218,-0.043553,1.192707,0,0,0
0,73.24218,-0.044128,1.193569,0,0,0
0,73.322655,-0.045182,1.194048,0,0,0
0,73.378197,-0.045853,1.194911,0,0,0
0,73.378197,-0.047003,1.195198,0,0,0
0,73.46524,-0.047578,1.195965,0,0,0
0,73.46524,-0.048728,1.196444,0,0,0
0,73.525024,-0.049303,1.197498,0,0,0
0,73.615425,-0.050165,1.197881,0,0,0
0,73.615425,-0.050644,1.198744,0,0,0
0,73.675499,-0.051603,1.199319,0,0,0
0,73.675499,-0.052177,1.200373,0,0,0
0,73.764122,-0.053136,1.200852,0,0,0
0,73.821602,-0.053615,1.201906,0,0,0
0,73.821602,-0.054477,1.202481,0,0,0
0,73.905319,-0.054957,1.203535,0,0,0
0,73.905319,-0.055723,1.20411,0,0,0
0,73.962006,-0.056202,1.205355,0,0,0
0,74.049744,-0.057161,1.20593,0,0,0
0,74.049744,-0.057736,1.207081,0,0,0
0,74.109177,-0.058886,1.207751,0,0,0
0,74.109177,-0.05946,1.208901,0,0,0
0,74.19445,-0.06061,1.209285,0,0,0
0,74.252197,-0.061185,1.210338,0,0,0
0,74.252197,-0.062335,1.210913,0,0,0
0,74.342659,-0.063006,1.211968,0,0,0
0,74.342659,-0.064252,1.212351,0,0,0
0,74.4067,-0.064827,1.213405,0,0,0
0,74.502586,-0.066072,1.213884,0,0,0
0,74.502586,-0.066551,1.214747,0,0,0
0,74.566109,-0.067701,1.21513,0,0,0
0,74.566109,-0.068276,1.216184,0,0,0
0,74.656593,-0.06933,1.216759,0,0,0
0,74.715538,-0.06981,1.217813,0,0,0
0,74.715538,-0.070864,1.218292,0,0,0
0,74.799889,-0.071343,1.219538,0,0,0
0,74.799889,-0.072301,1.220113,0,0,0
0,74.854088,-0.07278,1.221263,0,0,0
0,74.933258,-0.073834,1.221934,0,0,0
0,74.933258,-0.074314,1.222988,0,0,0
0,74.986404,-0.075368,1.223563,0,0,0
0,74.986404,-0.075943,1.224617,0,0,0
0,75.065514,-0.076997,1.225096,0,0,0
0,75.119537,-0.077572,1.225863,0,0,0
0,75.119537,-0.078626,1.226342,0,0,0
0,75.202698,-0.079201,1.2273,0,0,0
0,75.202698,-0.080351,1.227779,0,0,0
0,75.260017,-0.080925,1.228642,0,0,0
0,75.345703,-0.082075,1.229121,0,0,0
0,75.345703,-0.08265,1.230271,0,0,0
0,75.403557,-0.083513,1.23075,0,0,0
0,75.403557,-0.084088,1.231708,0,0,0
0,75.489441,-0.085142,1.232187,0,0,0
0,75.545868,-0.085621,1.233241,0,0,0
0,75.545868,-0.08658,1.233721,0,0,0
0,75.626671,-0.087154,1.234583,0,0,0
0,75.626671,-0.088113,1.235158,0,0,0
0,75.679611,-0.088496,1.236212,0,0,0
0,75.756775,-0.089358,1.236787,0,0,0
0,75.756775,-0.089838,1.237841,0,0,0
0,75.807823,-0.090892,1.238416,0,0,0
0,75.807823,-0.091467,1.239566,0,0,0
0,75.881676,-0.092521,1.240045,0,0,0
0,75.928696,-0.093096,1.241195,0,0,0
0,75.928696,-0.094054,1.241674,0,0,0
0,76.001312,-0.094533,1.24244,0,0,0
0,76.001312,-0.095587,1.242824,0,0,0
0,76.052505,-0.096162,1.243782,0,0,0
0,76.133781,-0.09712,1.244261,0,0,0
0,76.133781,-0.097599,1.245028,0,0,0
0,76.188271,-0.098558,1.245411,0,0,0
0,76.188271,-0.099037,1.246273,0,0,0
0,76.266785,-0.099708,1.246753,0,0,0
0,76.315407,-0.100091,1.247519,0,0,0
0,76.315407,-0.100857,1.247807,0,0,0
0,76.383965,-0.101241,1.248477,0,0,0
0,76.383965,-0.102199,1.248956,0,0,0
0,76.428123,-0.102582,1.250011,0,0,0
0,76.491211,-0.103158,1.25049,0,0,0
0,76.491211,-0.103541,1.251353,0,0,0
0,76.532516,-0.104307,1.251832,0,0,0
0,76.532516,-0.104691,1.252886,0,0,0
0,76.594887,-0.105457,1.253269,0,0,0
0,76.635078,-0.105841,1.254132,0,0,0
0,76.635078,-0.106511,1.254707,0,0,0
0,76.694313,-0.106895,1.25576,0,0,0
0,76.694313,-0.107853,1.256144,0,0,0
0,76.731514,-0.108236,1.256815,0,0,0
0,76.786926,-0.108907,1.257198,0,0,0
0,76.786926,-0.10929,1.25806,0,0,0
0,76.825439,-0.110153,1.258348,0,0,0
0,76.825439,-0.110632,1.258731,0,0,0
0,76.884445,-0.111398,1.259019,0,0,0
0,76.923332,-0.111686,1.259498,0,0,0
0,76.923332,-0.112548,1.259881,0,0,0
0,76.983452,-0.112932,1.260743,0,0,0
0,76.983452,-0.113602,1.261031,0,0,0
0,77.021065,-0.11389,1.26151,0,0,0
0,77.077133,-0.114465,1.261702,0,0,0
0,77.077133,-0.114752,1.262181,0,0,0
0,77.114975,-0.115423,1.262469,0,0,0
0,77.114975,-0.11571,1.263235,0,0,0
0,77.168076,-0.11619,1.263522,0,0,0
0,77.200745,-0.116381,1.264002,0,0,0
0,77.200745,-0.116765,1.264193,0,0,0
0,77.247276,-0.116956,1.264481,0,0,0
0,77.247276,-0.117532,1.264673,0,0,0
0,77.276291,-0.117819,1.265247,0,0,0
0,77.31987,-0.11849,1.26563,0,0,0
0,77.31987,-0.118777,1.266397,0,0,0
0,77.347984,-0.11916,1.266781,0,0,0
0,77.347984,-0.119352,1.26726,0,0,0
0,77.391884,-0.119735,1.267452,0,0,0
0,77.422874,-0.120023,1.268122,0,0,0
0,77.422874,-0.12079,1.268601,0,0,0
0,77.470749,-0.121173,1.26956,0,0,0
0,77.470749,-0.121748,1.269847,0,0,0
0,77.501419,-0.121939,1.270613,0,0,0
0,77.546768,-0.122323,1.270997,0,0,0
0,77.546768,-0.12261,1.271955,0,0,0
0,77.578545,-0.123377,1.272339,0,0,0
0,77.578545,-0.12376,1.272817,0,0,0
0,77.627754,-0.124623,1.273105,0,0,0
0,77.660553,-0.125006,1.273776,0,0,0
0,77.660553,-0.125581,1.274159,0,0,0
0,77.711098,-0.125964,1.27483,0,0,0
0,77.711098,-0.126922,1.275117,0,0,0
0,77.747856,-0.127402,1.275405,0,0,0
0,77.806511,-0.128072,1.275692,0,0,0
0,77.806511,-0.128456,1.276076,0,0,0
0,77.848892,-0.129318,1.276459,0,0,0
0,77.848892,-0.129797,1.277321,0,0,0
0,77.907982,-0.130468,1.277704,0,0,0
0,77.944641,-0.130851,1.278184,0,0,0
0,77.944641,-0.131618,1.278375,0,0,0
0,78.000069,-0.132001,1.27895,0,0,0
0,78.000069,-0.132672,1.279334,0,0,0
0,78.037491,-0.133055,1.2801,0,0,0
0,78.093697,-0.133534,1.280388,0,0,0
0,78.093697,-0.133918,1.280771,0,0,0
0,78.13456,-0.134685,1.280867,0,0,0
0,78.13456,-0.135068,1.28125,0,0,0
0,78.191772,-0.135834,1.281538,0,0,0
0,78.226837,-0.136026,1.282305,0,0,0
0,78.226837,-0.136697,1.282784,0,0,0
0,78.279037,-0.136984,1.283551,0,0,0
0,78.279037,-0.137751,1.283838,0,0,0
0,78.31356,-0.138134,1.284604,0,0,0
0,78.362007,-0.138709,1.285084,0,0,0
0,78.362007,-0.138997,1.286138,0,0,0
0,78.39415,-0.139667,1.286521,0,0,0
0,78.39415,-0.140146,1.287479,0,0,0
0,78.440628,-0.141105,1.288054,0,0,0
0,78.470703,-0.141488,1.289204,0,0,0
0,78.470703,-0.14235,1.289683,0,0,0
0,78.519875,-0.142734,1.290546,0,0,0
0,78.519875,-0.143692,1.291025,0,0,0
0,78.556358,-0.144267,1.291791,0,0,0
0,78.615646,-0.145225,1.291983,0,0,0
0,78.615646,-0.145704,1.292462,0,0,0
0,78.660561,-0.146758,1.29275,0,0,0
0,78.660561,-0.147238,1.293612,0,0,0
0,78.730545,-0.148004,1.294091,0,0,0
0,78.779327,-0.148484,1.294858,0,0,0
0,78.779327,-0.149346,1.295145,0,0,0
0,78.85215,-0.149633,1.29572,0,0,0
0,78.85215,-0.150304,1.2962,0,0,0
0,78.898491,-0.150687,1.296966,0,0,0
0,78.966118,-0.151454,1.297253,0,0,0
0,78.966118,-0.151837,1.297733,0,0,0
0,79.008202,-0.152508,1.29802,0,0,0
0,79.008202,-0.1527,1.298691,0,0,0
0,79.067566,-0.153179,1.299074,0,0,0
0,79.107719,-0.153466,1.299841,0,0,0
0,79.107719,-0.154233,1.300128,0,0,0
0,79.162949,-0.154616,1.300607,0,0,0
0,79.162949,-0.155191,1.300895,0,0,0
0,79.19735,-0.155479,1.301757,0,0,0
0,79.254074,-0.155958,1.302236,0,0,0
0,79.254074,-0.156341,1.303003,0,0,0
0,79.292343,-0.157204,1.303386,0,0,0
0,79.292343,-0.157779,1.304249,0,0,0
0,79.347206,-0.158545,1.304728,0,0,0
0,79.385155,-0.158928,1.305782,0,0,0
0,79.385155,-0.159791,1.306165,0,0,0
0,79.446564,-0.160366,1.307028,0,0,0
0,79.446564,-0.161324,1.307603,0,0,0
0,79.488548,-0.161803,1.308561,0,0,0
0,79.559158,-0.162953,1.308944,0,0,0
0,79.559158,-0.163432,1.309615,0,0,0
0,79.611099,-0.164487,1.310094,0,0,0
0,79.611099,-0.164966,1.310956,0,0,0
0,79.689117,-0.165924,1.311244,0,0,0
0,79.743248,-0.166307,1.311819,0,0,0
0,79.743248,-0.167074,1.312202,0,0,0
0,79.825386,-0.167553,1.312969,0,0,0
0,79.825386,-0.168415,1.313448,0,0,0
0,79.880379,-0.168799,1.314119,0,0,0
0,79.956413,-0.169565,1.314311,0,0,0
0,79.956413,-0.169949,1.314886,0,0,0
0,80.004494,-0.170619,1.315269,0,0,0
0,80.004494,-0.171003,1.316227,0,0,0
0,80.077248,-0.171769,1.316611,0,0,0
0,80.124733,-0.172057,1.317377,0,0,0
0,80.124733,-0.172632,1.317665,0,0,0
0,80.191895,-0.172919,1.318719,0,0,0
0,80.191895,-0.173782,1.319198,0,0,0
0,80.234222,-0.174261,1.32006,0,0,0
0,80.294518,-0.175123,1.320443,0,0,0
0,80.294518,-0.175506,1.321498,0,0,0
0,80.335495,-0.176465,1.322073,0,0,0
0,80.335495,-0.176944,1.322935,0,0,0
0,80.39959,-0.177998,1.323414,0,0,0
0,80.444138,-0.178477,1.324373,0,0,0
0,80.444138,-0.179531,1.324852,0,0,0
0,80.516052,-0.180106,1.325522,0,0,0
0,80.516052,-0.18116,1.325906,0,0,0
0,80.564659,-0.181639,1.326768,0,0,0
0,80.637764,-0.182598,1.327343,0,0,0
0,80.637764,-0.183077,1.328205,0,0,0
0,80.687965,-0.183939,1.328589,0,0,0
0,80.687965,-0.184323,1.329355,0,0,0
0,80.760651,-0.185281,1.329835,0,0,0
0,80.807709,-0.185664,1.330601,0,0,0
0,80.807709,-0.186335,1.330793,0,0,0
0,80.874954,-0.186718,1.331368,0,0,0
0,80.874954,-0.187389,1.331751,0,0,0
0,80.920395,-0.187868,1.332613,0,0,0
0,80.986671,-0.188635,1.333092,0,0,0
0,80.986671,-0.188922,1.333763,0,0,0
0,81.029755,-0.189593,1.334051,0,0,0
0,81.029755,-0.190072,1.334913,0,0,0
0,81.092056,-0.190935,1.335392,0,0,0
0,81.130226,-0.191414,1.336255,0,0,0
0,81.130226,-0.19218,1.336734,0,0,0
0,81.187347,-0.192564,1.337692,0,0,0
0,81.187347,-0.193522,1.338267,0,0,0
0,81.227531,-0.194001,1.339226,0,0,0
0,81.286201,-0.194864,1.339608,0,0,0
0,81.286201,-0.195343,1.340567,0,0,0
0,81.32663,-0.196397,1.341142,0,0,0
0,81.32663,-0.196876,1.341908,0,0,0
0,81.388451,-0.19793,1.342292,0,0,0
0,81.430038,-0.198409,1.343058,0,0,0
0,81.430038,-0.199368,1.343538,0,0,0
0,81.496941,-0.199847,1.3444,0,0,0
0,81.496941,-0.200709,1.344688,0,0,0
0,81.543839,-0.201188,1.345359,0,0,0
0,81.616669,-0.202242,1.345838,0,0,0
0,81.616669,-0.202721,1.3467,0,0,0
0,81.667381,-0.203584,1.347083,0,0,0
0,81.667381,-0.204063,1.347754,0,0,0
0,81.743553,-0.205021,1.348042,0,0,0
0,81.794502,-0.205309,1.349,0,0,0
0,81.794502,-0.206171,1.349383,0,0,0
0,81.873032,-0.206554,1.350246,0,0,0
0,81.873032,-0.207608,1.350533,0,0,0
0,81.928612,-0.208183,1.351491,0,0,0
0,82.007149,-0.209141,1.352066,0,0,0
0,82.007149,-0.209621,1.353121,0,0,0
0,82.058784,-0.210675,1.3536,0,0,0
0,82.058784,-0.211154,1.354845,0,0,0
0,82.136955,-0.212304,1.35542,0,0,0
0,82.191605,-0.212879,1.356378,0,0,0
0,82.191605,-0.214029,1.356953,0,0,0
0,82.276787,-0.214604,1.357912,0,0,0
0,82.276787,-0.215754,1.358391,0,0,0
0,82.334427,-0.216233,1.359061,0,0,0
0,82.417336,-0.217095,1.359445,0,0,0
0,82.417336,-0.21767,1.360403,0,0,0
0,82.470146,-0.218628,1.360883,0,0,0
0,82.470146,-0.219108,1.361553,0,0,0
0,82.545921,-0.21997,1.361936,0,0,0
0,82.592926,-0.220449,1.362799,0,0,0
0,82.592926,-0.221312,1.363278,0,0,0
0,82.65963,-0.221791,1.363949,0,0,0
0,82.65963,-0.222557,1.364236,0,0,0
0,82.702728,-0.223037,1.364907,0,0,0
0,82.770653,-0.223995,1.36529,0,0,0
0,82.770653,-0.22457,1.366344,0,0,0
0,82.816696,-0.225528,1.366823,0,0,0
0,82.816696,-0.226007,1.367686,0,0,0
0,82.886574,-0.226966,1.368261,0,0,0
0,82.934685,-0.22754,1.369315,0,0,0
0,82.934685,-0.228595,1.369698,0,0,0
0,83.006897,-0.22917,1.370752,0,0,0
0,83.006897,-0.230224,1.371327,0,0,0
0,83.056183,-0.230703,1.372381,0,0,0
0,83.129616,-0.231661,1.372861,0,0,0
0,83.129616,-0.232236,1.373914,0,0,0
0,83.179161,-0.233194,1.374394,0,0,0
0,83.179161,-0.233577,1.37516,0,0,0
0,83.254478,-0.234632,1.375543,0,0,0
0,83.307014,-0.235111,1.376311,0,0,0
0,83.307014,-0.236069,1.376694,0,0,0
0,83.386215,-0.236452,1.377461,0,0,0
0,83.386215,-0.237315,1.377748,0,0,0
0,83.438614,-0.237794,1.378131,0,0,0
0,83.513489,-0.23856,1.378419,0,0,0
0,83.513489,-0.238944,1.37909,0,0,0
0,83.561378,-0.239806,1.379569,0,0,0
0,83.561378,-0.240285,1.380144,0,0,0
0,83.631973,-0.241244,1.380431,0,0,0
0,83.67588,-0.241723,1.38091,0,0,0
0,83.67588,-0.242681,1.381198,0,0,0
0,83.738258,-0.24316,1.38206,0,0,0
0,83.738258,-0.244214,1.38254,0,0,0
0,83.781082,-0.244789,1.383306,0,0,0
0,83.848793,-0.245843,1.383689,0,0,0
0,83.848793,-0.246514,1.384648,0,0,0
0,83.897629,-0.247568,1.385318,0,0,0
0,83.897629,-0.248143,1.386372,0,0,0
0,83.970757,-0.249197,1.386947,0,0,0
0,84.019997,-0.249676,1.388193,0,0,0
0,84.019997,-0.250635,1.388768,0,0,0
0,84.092926,-0.251209,1.389631,0,0,0
0,84.092926,-0.252264,1.390109,0,0,0
0,84.141907,-0.252647,1.391068,0,0,0
0,84.212143,-0.253605,1.391355,0,0,0
0,84.212143,-0.254084,1.391834,0,0,0
0,84.259506,-0.255043,1.392122,0,0,0
0,84.259506,-0.25533,1.392792,0,0,0
0,84.328773,-0.256288,1.393176,0,0,0
0,84.377197,-0.256863,1.393847,0,0,0
0,84.377197,-0.257918,1.394134,0,0,0
0,84.448555,-0.258397,1.394613,0,0,0
0,84.448555,-0.259451,1.394805,0,0,0
0,84.494896,-0.260026,1.395476,0,0,0
0,84.568146,-0.261176,1.395859,0,0,0
0,84.568146,-0.26175,1.396626,0,0,0
0,84.618492,-0.262996,1.396913,0,0,0
0,84.618492,-0.263571,1.397488,0,0,0
0,84.697746,-0.264817,1.397775,0,0,0
0,84.750923,-0.265392,1.398638,0,0,0
0,84.750923,-0.266446,1.399117,0,0,0
0,84.831444,-0.267021,1.399979,0,0,0
0,84.831444,-0.268171,1.400459,0,0,0
0,84.883751,-0.268746,1.401609,0,0,0
0,84.956436,-0.269704,1.402183,0,0,0
0,84.956436,-0.270183,1.403142,0,0,0
0,85.003242,-0.271237,1.403717,0,0,0
0,85.003242,-0.271812,1.404962,0,0,0
0,85.070267,-0.27277,1.405537,0,0,0
0,85.113625,-0.273346,1.406591,0,0,0
0,85.113625,-0.274591,1.407167,0,0,0
0,85.180191,-0.27507,1.408029,0,0,0
0,85.180191,-0.276316,1.408317,0,0,0
0,85.2239,-0.276987,1.408987,0,0,0
0,85.292778,-0.278137,1.409371,0,0,0
0,85.292778,-0.278808,1.410329,0,0,0
0,85.340569,-0.280149,1.410617,0,0,0
0,85.340569,-0.280724,1.411192,0,0,0
0,85.413734,-0.282066,1.411479,0,0,0
0,85.461235,-0.282641,1.41215,0,0,0
0,85.461235,-0.283695,1.412533,0,0,0
0,85.531105,-0.28427,1.4133,0,0,0
0,85.531105,-0.285516,1.413491,0,0,0
0,85.577682,-0.28609,1.413874,0,0,0
0,85.643166,-0.28724,1.414162,0,0,0
0,85.643166,-0.287719,1.414833,0,0,0
0,85.68618,-0.288678,1.415312,0,0,0
0,85.68618,-0.289157,1.416079,0,0,0
0,85.749207,-0.290307,1.416366,0,0,0
0,85.790573,-0.290882,1.416941,0,0,0
0,85.790573,-0.292032,1.417228,0,0,0
0,85.850304,-0.292703,1.418187,0,0,0
0,85.850304,-0.293948,1.418666,0,0,0
0,85.890213,-0.294523,1.419624,0,0,0
0,85.945625,-0.295865,1.420103,0,0,0
0,85.945625,-0.296535,1.421253,0,0,0
0,85.983421,-0.297877,1.421828,0,0,0
0,85.983421,-0.298548,1.422786,0,0,0
0,86.04261,-0.299794,1.423266,0,0,0
0,86.083557,-0.300464,1.424224,0,0,0
0,86.083557,-0.301902,1.424703,0,0,0
0,86.143646,-0.302477,1.425374,0,0,0
0,86.143646,-0.303722,1.425661,0,0,0
0,86.18528,-0.304298,1.426523,0,0,0
0,86.246216,-0.305352,1.426907,0,0,0
0,86.246216,-0.305927,1.427386,0,0,0
0,86.285225,-0.307077,1.427578,0,0,0
0,86.285225,-0.307652,1.427961,0,0,0
0,86.340256,-0.308706,1.428248,0,0,0
0,86.376343,-0.309281,1.428823,0,0,0
0,86.376343,-0.310526,1.429207,0,0,0
0,86.431046,-0.311101,1.429782,0,0,0
0,86.431046,-0.312443,1.429973,0,0,0
0,86.466415,-0.313114,1.430357,0,0,0
0,86.521484,-0.314455,1.430453,0,0,0
0,86.521484,-0.315126,1.430931,0,0,0
0,86.560013,-0.316372,1.431315,0,0,0
0,86.560013,-0.316947,1.432177,0,0,0
0,86.620056,-0.318192,1.432561,0,0,0
0,86.659821,-0.318863,1.433231,0,0,0
0,86.659821,-0.320109,1.433519,0,0,0
0,86.715508,-0.32078,1.434381,0,0,0
0,86.715508,-0.321834,1.43486,0,0,0
0,86.751801,-0.322505,1.435627,0,0,0
0,86.803337,-0.323846,1.435914,0,0,0
0,86.803337,-0.324421,1.436681,0,0,0
0,86.837891,-0.325859,1.43716,0,0,0
0,86.837891,-0.326529,1.438215,0,0,0
0,86.892021,-0.327775,1.438694,0,0,0
0,86.930969,-0.328542,1.439556,0,0,0
0,86.930969,-0.329883,1.440036,0,0,0
0,86.98877,-0.330554,1.440994,0,0,0
0,86.98877,-0.331991,1.441377,0,0,0
0,87.028442,-0.332662,1.441952,0,0,0
0,87.089699,-0.3341,1.44224,0,0,0
0,87.089699,-0.33477,1.443102,0,0,0
0,87.128838,-0.336112,1.443581,0,0,0
0,87.128838,-0.336783,1.444156,0,0,0
0,87.185112,-0.338029,1.444348,0,0,0
0,87.223083,-0.338603,1.444827,0,0,0
0,87.223083,-0.340041,1.445114,0,0,0
0,87.279816,-0.340712,1.445785,0,0,0
0,87.279816,-0.342053,1.446072,0,0,0
0,87.319199,-0.342724,1.446552,0,0,0
0,87.380058,-0.344066,1.446647,0,0,0
0,87.380058,-0.344832,1.446935,0,0,0
0,87.421982,-0.34627,1.447127,0,0,0
0,87.421982,-0.34694,1.447701,0,0,0
0,87.48735,-0.348282,1.448085,0,0,0
0,87.531837,-0.348857,1.449043,0,0,0
0,87.531837,-0.350103,1.449426,0,0,0
0,87.594833,-0.350773,1.450001,0,0,0
0,87.594833,-0.352019,1.450384,0,0,0
0,87.633118,-0.35269,1.451247,0,0,0
0,87.685616,-0.354032,1.451726,0,0,0
0,87.685616,-0.354607,1.452492,0,0,0
0,87.720245,-0.355852,1.452876,0,0,0
0,87.720245,-0.356523,1.453738,0,0,0
0,87.771027,-0.35796,1.454314,0,0,0
0,87.806526,-0.358631,1.455176,0,0,0
0,87.806526,-0.360164,1.455463,0,0,0
0,87.864052,-0.360835,1.45623,0,0,0
0,87.864052,-0.362368,1.456613,0,0,0
0,87.903282,-0.363039,1.457475,0,0,0
0,87.962738,-0.364477,1.457763,0,0,0
0,87.962738,-0.365147,1.458242,0,0,0
0,88.002525,-0.366297,1.45853,0,0,0
0,88.002525,-0.366968,1.459105,0,0,0
0,88.058258,-0.368214,1.459488,0,0,0
0,88.091911,-0.368693,1.460254,0,0,0
0,88.091911,-0.369939,1.460446,0,0,0
0,88.136864,-0.370418,1.460734,0,0,0
0,88.136864,-0.371472,1.460829,0,0,0
0,88.164993,-0.372047,1.461213,0,0,0
0,88.207474,-0.373197,1.461405,0,0,0
0,88.207474,-0.373868,1.461979,0,0,0
0,88.238144,-0.375113,1.462363,0,0,0
0,88.238144,-0.375784,1.463033,0,0,0
0,88.28688,-0.37703,1.463321,0,0,0
0,88.321251,-0.377701,1.463704,0,0,0
0,88.321251,-0.379234,1.463896,0,0,0
0,88.372002,-0.379905,1.464375,0,0,0
0,88.372002,-0.381246,1.464758,0,0,0
0,88.40641,-0.381917,1.465525,0,0,0
0,88.458511,-0.382971,1.465908,0,0,0
0,88.458511,-0.383642,1.466292,0,0,0
0,88.490868,-0.384792,1.466483,0,0,0
0,88.490868,-0.385271,1.466962,0,0,0
0,88.535004,-0.386325,1.467345,0,0,0
0,88.563347,-0.386804,1.468112,0,0,0
0,88.563347,-0.387763,1.468496,0,0,0
0,88.603897,-0.388242,1.468974,0,0,0
0,88.603897,-0.389296,1.469262,0,0,0
0,88.629379,-0.389871,1.469742,0,0,0
0,88.670685,-0.390925,1.470029,0,0,0
0,88.670685,-0.3915,1.470892,0,0,0
0,88.699295,-0.392841,1.471275,0,0,0
0,88.699295,-0.393416,1.471946,0,0,0
0,88.746742,-0.394566,1.472233,0,0,0
0,88.77845,-0.395237,1.472808,0,0,0
0,88.77845,-0.396483,1.473191,0,0,0
0,88.829979,-0.397153,1.473958,0,0,0
0,88.829979,-0.398399,1.474149,0,0,0
0,88.865273,-0.398879,1.474437,0,0,0
0,88.917557,-0.399933,1.474533,0,0,0
0,88.917557,-0.400508,1.474629,0,0,0
0,88.952042,-0.401466,1.474725,0,0,0
0,88.952042,-0.401945,1.475012,0,0,0
0,89.004295,-0.402807,1.475204,0,0,0
0,89.038498,-0.403286,1.475683,0,0,0
0,89.038498,-0.404149,1.476066,0,0,0
0,89.08934,-0.404436,1.476641,0,0,0
0,89.08934,-0.405203,1.476833,0,0,0
0,89.120979,-0.405586,1.47712,0,0,0
0,89.168175,-0.406545,1.47712,0,0,0
0,89.168175,-0.407024,1.477312,0,0,0
0,89.19854,-0.407886,1.477408,0,0,0
0,89.19854,-0.408269,1.477599,0,0,0
0,89.248566,-0.409228,1.477791,0,0,0
0,89.281876,-0.409707,1.478174,0,0,0
0,89.281876,-0.410473,1.478462,0,0,0
0,89.332153,-0.410953,1.479132,0,0,0
0,89.332153,-0.412007,1.479324,0,0,0
0,89.367386,-0.412486,1.479707,0,0,0
0,89.420296,-0.413252,1.479803,0,0,0
0,89.420296,-0.413636,1.479995,0,0,0
0,89.456543,-0.414498,1.480091,0,0,0
0,89.456543,-0.414882,1.480283,0,0,0
0,89.513443,-0.415552,1.480474,0,0,0
0,89.547836,-0.41584,1.480953,0,0,0
0,89.547836,-0.416511,1.481336,0,0,0
0,89.593979,-0.416798,1.482007,0,0,0
0,89.593979,-0.41766,1.482391,0,0,0
0,89.619125,-0.417948,1.48287,0,0,0
0,89.654648,-0.418427,1.483062,0,0,0
0,89.654648,-0.418715,1.48354,0,0,0
0,89.679817,-0.419194,1.483828,0,0,0
0,89.679817,-0.419577,1.484499,0,0,0
0,89.72316,-0.420344,1.484786,0,0,0
0,89.752426,-0.420631,1.485361,0,0,0
0,89.752426,-0.42111,1.485553,0,0,0
0,89.798073,-0.421302,1.48584,0,0,0
0,89.798073,-0.421781,1.486032,0,0,0
0,89.827667,-0.422069,1.486607,0,0,0
0,89.872345,-0.422739,1.48699,0,0,0
0,89.872345,-0.423027,1.487661,0,0,0
0,89.901115,-0.423506,1.487949,0,0,0
0,89.901115,-0.423602,1.488236,0,0,0
0,89.946861,-0.423889,1.488332,0,0,0
0,89.977814,-0.424081,1.488523,0,0,0
0,89.977814,-0.424464,1.488715,0,0,0
0,90.028572,-0.424656,1.489002,0,0,0
0,90.028572,-0.425135,1.489194,0,0,0
0,90.062225,-0.425327,1.489673,0,0,0
0,90.107132,-0.42571,1.489865,0,0,0
0,90.107132,-0.425901,1.490248,0,0,0
0,90.131104,-0.426093,1.490344,0,0,0
0,90.131104,-0.426189,1.490535,0,0,0
0,90.168633,-0.426476,1.490631,0,0,0
0,90.19561,-0.426572,1.490727,0,0,0
0,90.19561,-0.426764,1.490727,0,0,0
0,90.239807,-0.42686,1.490919,0,0,0
0,90.239807,-0.427051,1.490919,0,0,0
0,90.266754,-0.427147,1.491015,0,0,0
0,90.303856,-0.427435,1.491111,0,0,0
0,90.303856,-0.427531,1.491206,0,0,0
0,90.32563,-0.427818,1.491302,0,0,0
0,90.32563,-0.427914,1.491494,0,0,0
0,90.36039,-0.428106,1.49159,0,0,0
0,90.384758,-0.428297,1.491877,0,0,0
0,90.384758,-0.428393,1.492165,0,0,0
0,90.425697,-0.428489,1.492644,0,0,0
0,90.425697,-0.428585,1.492835,0,0,0
0,90.451973,-0.42868,1.493219,0,0,0
0,90.487228,-0.42868,1.493315,0,0,0
0,90.487228,-0.42868,1.49341,0,0,0
0,90.507866,-0.428776,1.49341,0,0,0
0,90.507866,-0.428776,1.49341,0,0,0
0,90.536415,-0.428776,1.49341,0,0,0
0,90.550629,-0.428776,1.493506,0,0,0
0,90.550629,-0.428776,1.493506,0,0,0
0,90.567932,-0.428776,1.493602,0,0,0
0,90.567932,-0.428776,1.493602,0,0,0
0,90.578354,-0.428776,1.493602,0,0,0
0,90.597282,-0.428776,1.493602,0,0,0
0,90.597282,-0.428776,1.493698,0,0,0
0,90.610596,-0.428776,1.493698,0,0,0
0,90.610596,-0.428776,1.493698,0,0,0
0,90.628357,-0.428776,1.493698,0,0,0
0,90.635254,-0.428776,1.493794,0,0,0
0,90.635254,-0.428776,1.493794,0,0,0
0,90.643562,-0.428776,1.493794,0,0,0
0,90.643562,-0.428776,1.493794,0,0,0
0,90.647812,-0.428776,1.49389,0,0,0
0,90.65036,-0.428776,1.49389,0,0,0
0,90.65036,-0.428776,1.493985,0,0,0
0,90.651329,-0.428776,1.493985,0,0,0
0,90.651329,-0.428776,1.494081,0,0,0
0,90.655891,-0.428776,1.494177,0,0,0
0,90.659996,-0.428776,1.494273,0,0,0
0,90.659996,-0.428776,1.494369,0,0,0
0,90.66507,-0.428776,1.494465,0,0,0
0,90.66507,-0.428776,1.494656,0,0,0
0,90.664528,-0.428776,1.494848,0,0,0
0,90.658775,-0.428776,1.49504,0,0,0
0,90.658775,-0.428776,1.495423,0,0,0
0,90.65451,-0.428776,1.495518,0,0,0
0,90.65451,-0.428776,1.495806,0,0,0
0,90.650108,-0.428776,1.495806,0,0,0
0,90.649414,-0.428776,1.495902,0,0,0
0,90.649414,-0.428776,1.495902,0,0,0
0,90.650856,-0.428776,1.495902,0,0,0
0,90.650856,-0.428776,1.495902,0,0,0
0,90.651833,-0.428776,1.495998,0,0,0
0,90.651283,-0.428776,1.495998,0,0,0
0,90.651283,-0.428776,1.495998,0,0,0
0,90.649521,-0.428776,1.495998,0,0,0
0,90.649521,-0.428776,1.495998,0,0,0
0,90.645386,-0.428776,1.495998,0,0,0
0,90.641884,-0.428776,1.495998,0,0,0
0,90.641884,-0.428776,1.495998,0,0,0
0,90.637009,-0.428776,1.495998,0,0,0
0,90.637009,-0.428776,1.496094,0,0,0
0,90.634689,-0.428776,1.496094,0,0,0
0,90.632492,-0.428776,1.496094,0,0,0
0,90.632492,-0.428776,1.496094,0,0,0
0,90.631546,-0.428776,1.496094,0,0,0
0,90.631546,-0.428776,1.496094,0,0,0
0,90.63102,-0.428776,1.496094,0,0,0
0,90.63028,-0.428776,1.496094,0,0,0
0,90.63028,-0.428776,1.496094,0,0,0
0,90.626808,-0.428776,1.496094,0,0,0
0,90.626808,-0.428776,1.496094,0,0,0
0,90.621819,-0.428776,1.496094,0,0,0
0,90.612152,-0.428776,1.496094,0,0,0
0,90.612152,-0.428776,1.496094,0,0,0
0,90.606544,-0.428776,1.496094,0,0,0
0,90.606544,-0.428776,1.496094,0,0,0
0,90.600754,-0.428776,1.496094,0,0,0
0,90.598427,-0.428776,1.496094,0,0,0
0,90.598427,-0.428776,1.496094,0,0,0
0,90.594795,-0.428776,1.496094,0,0,0
0,90.594795,-0.42868,1.496094,0,0,0
0,90.591583,-0.42868,1.496094,0,0,0
0,90.585747,-0.42868,1.496094,0,0,0
0,90.585747,-0.42868,1.496189,0,0,0
0,90.581474,-0.42868,1.496189,0,0,0
0,90.581474,-0.42868,1.496189,0,0,0
0,90.574516,-0.428585,1.496189,0,0,0
0,90.570229,-0.428585,1.496189,0,0,0
0,90.570229,-0.428585,1.496189,0,0,0
0,90.565163,-0.428489,1.496189,0,0,0
0,90.565163,-0.428489,1.496189,0,0,0
0,90.562706,-0.428489,1.496189,0,0,0
0,90.559769,-0.428489,1.496189,0,0,0
0,90.559769,-0.428489,1.496189,0,0,0
0,90.558411,-0.428489,1.496189,0,0,0
0,90.558411,-0.428489,1.496189,0,0,0
0,90.556244,-0.428393,1.496189,0,0,0
0,90.55471,-0.428393,1.496189,0,0,0
0,90.55471,-0.428393,1.496189,0,0,0
0,90.552475,-0.428393,1.496189,0,0,0
0,90.552475,-0.428393,1.496189,0,0,0
0,90.550896,-0.428393,1.496189,0,0,0
0,90.549187,-0.428297,1.496189,0,0,0
0,90.549187,-0.428297,1.496285,0,0,0
0,90.548195,-0.428297,1.496285,0,0,0
0,90.548195,-0.428297,1.496285,0,0,0
0,90.546463,-0.428201,1.496285,0,0,0
0,90.544807,-0.428201,1.496285,0,0,0
0,90.544807,-0.428201,1.496285,0,0,0
0,90.542618,-0.428106,1.496285,0,0,0
0,90.542618,-0.42801,1.496285,0,0,0
0,90.540749,-0.42801,1.496285,0,0,0
0,90.538391,-0.427914,1.496285,0,0,0
0,90.538391,-0.427914,1.496381,0,0,0
0,90.536552,-0.427818,1.496381,0,0,0
0,90.536552,-0.427722,1.496381,0,0,0
0,90.533905,-0.427626,1.496381,0,0,0
0,90.531952,-0.427626,1.496381,0,0,0
0,90.531952,-0.427435,1.496381,0,0,0
0,90.52977,-0.427339,1.496381,0,0,0
0,90.52977,-0.427147,1.496381,0,0,0
0,90.52829,-0.426956,1.496381,0,0,0
0,90.526619,-0.426668,1.496381,0,0,0
0,90.526619,-0.426476,1.496477,0,0,0
0,90.52562,-0.426285,1.496477,0,0,0
0,90.52562,-0.426189,1.496477,0,0,0
0,90.525536,-0.425997,1.496477,0,0,0
0,90.525719,-0.425901,1.496477,0,0,0
0,90.525719,-0.425806,1.496477,0,0,0
0,90.528328,-0.42571,1.496477,0,0,0
0,90.528328,-0.425614,1.496477,0,0,0
0,90.531868,-0.425614,1.496477,0,0,0
0,90.542152,-0.425518,1.496477,0,0,0
0,90.542152,-0.425518,1.496573,0,0,0
0,90.551224,-0.425422,1.496573,0,0,0
0,90.551224,-0.425327,1.496669,0,0,0
0,90.56675,-0.425231,1.496764,0,0,0
0,90.577232,-0.425231,1.49686,0,0,0
0,90.577232,-0.425135,1.496956,0,0,0
0,90.591568,-0.425039,1.497244,0,0,0
0,90.591568,-0.424943,1.497435,0,0,0
0,90.600517,-0.424847,1.497818,0,0,0
0,90.614929,-0.424656,1.498106,0,0,0
0,90.614929,-0.42456,1.498681,0,0,0
0,90.625381,-0.424368,1.498873,0,0,0
0,90.625381,-0.424273,1.49916,0,0,0
0,90.644394,-0.423985,1.499256,0,0,0
0,90.658318,-0.423793,1.499352,0,0,0
0,90.658318,-0.423506,1.499448,0,0,0
0,90.682045,-0.42341,1.499639,0,0,0
0,90.682045,-0.423123,1.499831,0,0,0
0,90.696495,-0.423027,1.500118,0,0,0
0,90.71666,-0.422835,1.500406,0,0,0
0,90.71666,-0.422835,1.500981,0,0,0
0,90.727409,-0.422643,1.501364,0,0,0
0,90.727409,-0.422643,1.50194,0,0,0
0,90.745972,-0.422548,1.502131,0,0,0
0,90.760147,-0.422548,1.502418,0,0,0
0,90.760147,-0.422452,1.50261,0,0,0
0,90.789879,-0.422356,1.503089,0,0,0
0,90.789879,-0.42226,1.503473,0,0,0
0,90.81498,-0.422164,1.504239,0,0,0
0,90.855072,-0.421973,1.504623,0,0,0
0,90.855072,-0.421781,1.505006,0,0,0
0,90.879166,-0.421494,1.505197,0,0,0
0,90.879166,-0.421206,1.505485,0,0,0
0,90.913727,-0.420823,1.505677,0,0,0
0,90.935127,-0.420535,1.50606,0,0,0
0,90.935127,-0.420152,1.506347,0,0,0
0,90.966919,-0.420056,1.506922,0,0,0
0,90.966919,-0.419769,1.507114,0,0,0
0,90.986328,-0.419673,1.507305,0,0,0
0,91.018936,-0.419385,1.507401,0,0,0
0,91.018936,-0.41929,1.507497,0,0,0
0,91.043144,-0.418906,1.507497,0,0,0
0,91.043144,-0.418715,1.507689,0,0,0
0,91.085037,-0.418331,1.507785,0,0,0
0,91.114662,-0.418044,1.507976,0,0,0
0,91.114662,-0.417565,1.508072,0,0,0
0,91.157028,-0.417469,1.50836,0,0,0
0,91.157028,-0.417086,1.508551,0,0,0
0,91.178535,-0.41699,1.509031,0,0,0
0,91.204231,-0.416798,1.509318,0,0,0
0,91.204231,-0.416702,1.509797,0,0,0
0,91.22052,-0.416415,1.509989,0,0,0
0,91.22052,-0.416223,1.51018,0,0,0
0,91.2528,-0.415936,1.510276,0,0,0
0,91.281105,-0.415648,1.510468,0,0,0
0,91.281105,-0.415265,1.510564,0,0,0
0,91.328842,-0.414978,1.510755,0,0,0
0,91.328842,-0.414594,1.510851,0,0,0
0,91.35817,-0.414402,1.511235,0,0,0
0,91.391518,-0.414019,1.511426,0,0,0
0,91.391518,-0.413923,1.51181,0,0,0
0,91.406006,-0.41354,1.512097,0,0,0
0,91.406006,-0.413348,1.512384,0,0,0
0,91.423935,-0.412965,1.51248,0,0,0
0,91.437645,-0.412677,1.512672,0,0,0
0,91.437645,-0.412294,1.512672,0,0,0
0,91.466393,-0.412198,1.512672,0,0,0
0,91.466393,-0.411815,1.512768,0,0,0
0,91.490234,-0.411719,1.512768,0,0,0
0,91.523888,-0.411527,1.512863,0,0,0
0,91.523888,-0.411432,1.512863,0,0,0
0,91.541679,-0.411336,1.512863,0,0,0
0,91.541679,-0.411336,1.512959,0,0,0
0,91.562111,-0.41124,1.512959,0,0,0
0,91.571602,-0.411144,1.512959,0,0,0
0,91.571602,-0.411048,1.512959,0,0,0
0,91.583672,-0.410953,1.512959,0,0,0
0,91.583672,-0.410761,1.513055,0,0,0
0,91.591599,-0.410569,1.513055,0,0,0
0,91.601944,-0.41009,1.513055,0,0,0
0,91.601944,-0.409899,1.513055,0,0,0
0,91.610207,-0.409323,1.513055,0,0,0
0,91.610207,-0.409132,1.513055,0,0,0
0,91.620522,-0.408749,1.513055,0,0,0
0,91.62381,-0.408557,1.513055,0,0,0
0,91.62381,-0.408174,1.513055,0,0,0
0,91.62326,-0.407982,1.513055,0,0,0
0,91.62326,-0.407407,1.513055,0,0,0
0,91.620949,-0.40712,1.513055,0,0,0
0,91.617287,-0.406545,1.513055,0,0,0
0,91.617287,-0.406257,1.513055,0,0,0
0,91.616699,-0.40597,1.513055,0,0,0
0,91.616699,-0.405778,1.513055,0,0,0
0,91.61586,-0.405395,1.513055,0,0,0
0,91.614311,-0.405203,1.513055,0,0,0
0,91.614311,-0.404532,1.513055,0,0,0
0,91.608925,-0.404245,1.513055,0,0,0
0,91.608925,-0.40367,1.513055,0,0,0
0,91.60527,-0.403478,1.513055,0,0,0
0,91.600166,-0.403095,1.513055,0,0,0
0,91.600166,-0.402999,1.513055,0,0,0
0,91.595665,-0.402807,1.513055,0,0,0
0,91.595665,-0.402616,1.513055,0,0,0
0,91.586578,-0.402328,1.513055,0,0,0
0,91.581161,-0.402137,1.513055,0,0,0
0,91.581161,-0.401753,1.513055,0,0,0
0,91.57724,-0.401562,1.513055,0,0,0
0,91.57724,-0.401274,1.513055,0,0,0
0,91.579048,-0.401083,1.513055,0,0,0
0,91.581207,-0.400891,1.513055,0,0,0
0,91.581207,-0.400795,1.513055,0,0,0
0,91.580688,-0.400604,1.513055,0,0,0
0,91.580688,-0.400508,1.513055,0,0,0
0,91.578094,-0.400412,1.513055,0,0,0
0,91.578613,-0.400316,1.513055,0,0,0
0,91.578613,-0.40022,1.513055,0,0,0
0,91.58284,-0.400124,1.513055,0,0,0
0,91.58284,-0.399933,1.513055,0,0,0
0,91.590401,-0.399837,1.513055,0,0,0
0,91.603477,-0.399645,1.513055,0,0,0
0,91.603477,-0.399549,1.513055,0,0,0
0,91.613747,-0.399262,1.513055,0,0,0
0,91.613747,-0.399166,1.513055,0,0,0
0,91.626503,-0.398783,1.513055,0,0,0
0,91.63427,-0.398687,1.513055,0,0,0
0,91.63427,-0.398399,1.513055,0,0,0
0,91.641998,-0.398399,1.513055,0,0,0
0,91.641998,-0.398208,1.513055,0,0,0
0,91.646889,-0.398208,1.513055,0,0,0
0,91.655586,-0.398112,1.513055,0,0,0
0,91.655586,-0.398112,1.513055,0,0,0
0,91.66539,-0.398112,1.513055,0,0,0
0,91.66539,-0.398016,1.513055,0,0,0
0,91.683228,-0.398016,1.513151,0,0,0
0,91.697884,-0.398016,1.513151,0,0,0
0,91.697884,-0.398016,1.513151,0,0,0
0,91.718582,-0.398016,1.513247,0,0,0
0,91.718582,-0.39792,1.513247,0,0,0
0,91.731171,-0.39792,1.513343,0,0,0
0,91.746628,-0.39792,1.513343,0,0,0
0,91.746628,-0.39792,1.513438,0,0,0
0,91.757797,-0.397825,1.513534,0,0,0
0,91.757797,-0.397825,1.513726,0,0,0
0,91.77655,-0.397825,1.513822,0,0,0
0,91.79261,-0.397825,1.514205,0,0,0
0,91.79261,-0.397825,1.514492,0,0,0
0,91.818352,-0.397825,1.515163,0,0,0
0,91.818352,-0.397825,1.515451,0,0,0
0,91.837738,-0.397825,1.51593,0,0,0
0,91.867332,-0.397825,1.516026,0,0,0
0,91.867332,-0.397825,1.516409,0,0,0
0,91.888725,-0.397825,1.516601,0,0,0
0,91.888725,-0.397825,1.517175,0,0,0
0,91.920868,-0.397825,1.517559,0,0,0
0,91.943298,-0.397825,1.518326,0,0,0
0,91.943298,-0.397825,1.518613,0,0,0
0,91.976242,-0.397825,1.519188,0,0,0
0,91.976242,-0.397825,1.519475,0,0,0
0,91.999832,-0.397825,1.520242,0,0,0
0,92.039459,-0.397825,1.520721,0,0,0
0,92.039459,-0.397825,1.521583,0,0,0
0,92.069733,-0.397825,1.521967,0,0,0
0,92.069733,-0.397825,1.522542,0,0,0
0,92.117973,-0.397825,1.522925,0,0,0
0,92.152603,-0.397825,1.523596,0,0,0
0,92.152603,-0.397825,1.523884,0,0,0
0,92.208351,-0.397825,1.524266,0,0,0
0,92.208351,-0.397825,1.524362,0,0,0
0,92.247269,-0.397825,1.52465,0,0,0
0,92.308891,-0.397825,1.524842,0,0,0
0,92.308891,-0.397825,1.525417,0,0,0
0,92.352287,-0.397825,1.5258,0,0,0
0,92.352287,-0.397825,1.526566,0,0,0
0,92.420914,-0.397825,1.526854,0,0,0
0,92.466568,-0.397825,1.527333,0,0,0
0,92.466568,-0.397825,1.527429,0,0,0
0,92.528839,-0.397825,1.527908,0,0,0
0,92.528839,-0.397825,1.528196,0,0,0
0,92.5653,-0.397825,1.529058,0,0,0
0,92.622643,-0.397825,1.529345,0,0,0
0,92.622643,-0.397825,1.529824,0,0,0
0,92.664474,-0.397825,1.530016,0,0,0
0,92.664474,-0.397825,1.530208,0,0,0
0,92.733757,-0.397825,1.530304,0,0,0
0,92.77755,-0.397825,1.530591,0,0,0
0,92.77755,-0.397825,1.530783,0,0,0
0,92.82888,-0.397825,1.531262,0,0,0
0,92.82888,-0.397825,1.531453,0,0,0
0,92.855354,-0.397825,1.531837,0,0,0
0,92.88707,-0.397825,1.532029,0,0,0
0,92.88707,-0.397825,1.532125,0,0,0
0,92.907333,-0.397825,1.532125,0,0,0
0,92.907333,-0.397825,1.532221,0,0,0
0,92.938141,-0.397825,1.532221,0,0,0
0,92.957207,-0.397825,1.532221,0,0,0
0,92.957207,-0.397825,1.532221,0,0,0
0,92.978775,-0.397825,1.532221,0,0,0
0,92.978775,-0.397825,1.532221,0,0,0
0,92.988586,-0.397825,1.532316,0,0,0
0,92.993523,-0.397825,1.532316,0,0,0
0,92.993523,-0.397825,1.532316,0,0,0
0,92.996971,-0.397825,1.532316,0,0,0
0,92.996971,-0.397825,1.532412,0,0,0
0,93.004433,-0.397825,1.532412,0,0,0
0,93.011024,-0.397825,1.532412,0,0,0
0,93.011024,-0.397825,1.532412,0,0,0
0,93.014793,-0.397825,1.532412,0,0,0
0,93.014793,-0.397825,1.532412,0,0,0
0,93.014168,-0.397825,1.532412,0,0,0
